# Blender 4.4.3
# www.blender.org
mtllib DropShip.mtl
o SM_Veh_DropShip_01
v -1.022812 3.208248 -8.596776
v -1.205781 3.118605 -8.626614
v -1.808290 4.909960 -9.162520
v -1.921769 4.854363 -9.181027
v -1.782817 5.120246 -9.950521
v -1.896296 5.064648 -9.969025
v -0.967359 3.666036 -10.312231
v -1.150329 3.576395 -10.342068
v -1.152483 3.558622 -10.275462
v -1.201198 3.156452 -8.768431
v -1.854140 4.963375 -9.923269
v -1.876518 4.778639 -9.231011
v -0.969513 3.648264 -10.245625
v -1.018229 3.246097 -8.738594
v -1.763038 4.834236 -9.212505
v -1.740660 5.018972 -9.904763
v -1.178259 3.538845 -10.251040
v -1.224220 3.159416 -8.829218
v -1.849994 4.909625 -9.906945
v -1.871107 4.735336 -9.253829
v -0.945577 3.652842 -10.213096
v -0.991539 3.273414 -8.791276
v -1.726796 4.806037 -9.230296
v -1.705683 4.980328 -9.883413
v -1.117545 3.136607 -8.511193
v -1.895179 4.914094 -9.082823
v -1.865740 5.157127 -9.993537
v -1.057331 3.633703 -10.373946
v -1.767656 4.972291 -10.039693
v -1.739161 5.037976 -9.971063
v -1.852640 4.982380 -9.989568
v -1.773498 5.197174 -10.238794
v -1.857934 5.221568 -10.235013
v -1.759851 5.036733 -10.281168
v -1.729842 5.114906 -10.259336
v -1.843322 5.059310 -10.277841
v -1.886978 5.141578 -10.257298
v -1.784977 5.191309 -10.325547
v -1.835929 5.206028 -10.323265
v -1.776741 5.094491 -10.351115
v -1.758633 5.141664 -10.337942
v -1.827111 5.108114 -10.349108
v -1.853455 5.157758 -10.336713
v 0.000000 -1.303796 2.986977
v 1.193761 -0.798718 2.986977
v 1.679682 -1.062758 0.598036
v 0.000000 -1.606730 0.598036
v 1.193761 -0.798718 2.252184
v 0.000000 -1.303796 2.252184
v 1.679682 -1.062758 1.716901
v 0.000000 -1.606730 1.716901
v 1.517105 -1.606730 0.598036
v 1.679682 -1.444154 0.598036
v 1.679682 -1.441464 1.716901
v 1.514416 -1.606730 1.716901
v 1.193761 -1.141219 2.986977
v 1.031184 -1.303796 2.986977
v 1.193761 -1.138530 2.252184
v 1.028495 -1.303796 2.252184
v 1.679682 -0.706261 1.716900
v 1.955168 -0.987670 1.716901
v 1.955168 -0.987670 0.598036
v 1.955168 -0.706261 0.598036
v 1.955168 -0.706261 1.716900
v 0.000000 -1.227377 3.077879
v 0.899763 -1.227377 3.077879
v 1.013143 -1.113996 3.077879
v 1.013143 -0.875137 3.077879
v 0.000000 -0.996841 3.077879
v -1.193761 -0.798718 2.986977
v -1.679682 -1.062758 0.598036
v -1.193761 -0.798718 2.252184
v -1.679682 -1.062758 1.716901
v -1.517105 -1.606730 0.598036
v -1.679682 -1.444154 0.598036
v -1.679682 -1.441464 1.716901
v -1.514416 -1.606730 1.716901
v -1.193761 -1.141219 2.986977
v -1.031184 -1.303796 2.986977
v -1.193761 -1.138530 2.252184
v -1.028495 -1.303796 2.252184
v -1.679682 -0.706261 1.716900
v -1.955168 -0.987670 1.716901
v -1.955168 -0.987670 0.598036
v -1.955168 -0.706261 0.598036
v -1.955168 -0.706261 1.716900
v -0.899763 -1.227377 3.077879
v -1.013143 -1.113996 3.077879
v -1.013143 -0.875137 3.077879
v -0.595371 -1.977001 1.716900
v 0.595371 -1.977001 1.716900
v -1.026745 -1.606730 1.716900
v 1.026745 -1.606730 1.716900
v -1.026745 -1.606730 0.094925
v 1.026745 -1.606730 0.094925
v -0.595371 -1.977002 0.094925
v 0.595371 -1.977002 0.094925
v -0.514563 -1.445665 2.241062
v 0.514563 -1.445665 2.241062
v 0.659549 -1.303796 2.252184
v -0.659549 -1.303796 2.252184
v -0.495630 -1.977002 0.408849
v 0.495630 -1.977002 0.408849
v 0.495630 -1.977001 1.608488
v -0.495630 -1.977001 1.608488
v -0.380046 -1.897575 0.539614
v 0.380046 -1.897575 0.539614
v 0.380046 -1.897575 1.477722
v -0.380046 -1.897575 1.477722
v -0.944896 0.107060 3.520066
v -1.284187 0.107060 3.520066
v -0.944896 0.156077 3.520066
v -1.284187 0.156077 3.520066
v -0.944896 0.168122 3.500867
v -1.284187 0.168122 3.500867
v -0.944896 0.095016 3.500867
v -1.284187 0.095016 3.500867
v -0.941142 -0.730634 3.520066
v -1.191752 -0.730634 3.520066
v -0.941142 -0.681618 3.520066
v -1.191752 -0.681618 3.520066
v -0.941142 -0.669573 3.500867
v -1.191752 -0.669573 3.500867
v -0.941142 -0.742679 3.500867
v -1.191752 -0.742679 3.500867
v -0.941142 -0.307116 3.520066
v -1.230668 -0.307116 3.520066
v -0.941142 -0.258099 3.520066
v -1.230668 -0.258099 3.520066
v -0.941142 -0.246055 3.500867
v -1.230668 -0.246055 3.500867
v -0.941142 -0.319161 3.500867
v -1.230668 -0.319161 3.500867
v -0.944896 -0.032661 3.520066
v -1.233131 -0.032661 3.520066
v -0.944896 0.016356 3.520066
v -1.233131 0.016356 3.520066
v -0.944896 0.028401 3.500867
v -1.233131 0.028401 3.500867
v -0.944896 -0.044706 3.500867
v -1.233131 -0.044706 3.500867
v -0.944896 -0.174940 3.520066
v -1.233131 -0.174940 3.520066
v -0.944896 -0.125923 3.520066
v -1.233131 -0.125923 3.520066
v -0.944896 -0.113879 3.500867
v -1.233131 -0.113879 3.500867
v -0.944896 -0.186985 3.500867
v -1.233131 -0.186985 3.500867
v -0.941142 -0.448634 3.520066
v -1.191752 -0.448634 3.520066
v -0.941142 -0.399617 3.520066
v -1.191752 -0.399617 3.520066
v -0.941142 -0.387573 3.500867
v -1.191752 -0.387573 3.500867
v -0.941142 -0.460679 3.500867
v -1.191752 -0.460679 3.500867
v -0.941142 -0.588355 3.520066
v -1.191752 -0.588355 3.520066
v -0.941142 -0.539338 3.520066
v -1.191752 -0.539338 3.520066
v -0.941142 -0.527294 3.500867
v -1.191752 -0.527294 3.500867
v -0.941142 -0.600400 3.500867
v -1.191752 -0.600400 3.500867
v -0.847729 0.968130 2.541188
v -0.760526 0.337524 3.885891
v -0.760526 -0.908773 3.719707
v -0.847729 -0.908774 2.737677
v -0.847729 -0.908774 0.602500
v -0.847729 0.968130 0.602494
v -1.284590 0.337538 3.885891
v -1.356641 0.264361 3.885891
v -2.071294 0.968130 2.541188
v -2.342545 0.702329 2.541191
v -2.593275 0.968130 0.602494
v -2.861801 0.709716 0.602495
v -2.813930 -0.796670 0.602500
v -2.695686 -0.908774 0.602500
v -2.076949 -0.908774 2.699557
v -2.179110 -0.798495 2.699557
v -1.084597 -0.907227 3.719707
v -1.221464 -0.797032 3.719707
v -0.917991 -0.842957 3.719707
v -1.069619 -0.842957 3.719707
v -1.171166 -0.750168 3.719707
v -1.277839 0.208492 3.885891
v -1.221438 0.271721 3.885891
v -0.917991 0.271710 3.885891
v -0.950037 -0.805948 3.501432
v -1.074659 -0.805948 3.501432
v -1.158119 -0.719320 3.501432
v -1.245793 0.175681 3.501432
v -1.199437 0.234711 3.501432
v -0.950037 0.234702 3.501432
v -0.868932 0.472224 3.652416
v -1.394920 0.472235 3.652416
v -1.498058 0.368998 3.658516
v -1.375167 -0.800934 3.530945
v -1.249743 -0.908773 3.525704
v -0.868932 -0.908773 3.533475
v -0.847729 0.968130 2.443313
v -2.097647 0.968130 2.443313
v -2.368760 0.702702 2.443313
v -2.262344 -0.798403 2.623125
v -2.123693 -0.908774 2.597834
v -0.847729 -0.908774 2.639802
v -0.881552 0.926051 2.489508
v -2.063545 0.926051 2.489508
v -2.322564 0.672355 2.489509
v -2.182616 -0.761315 2.644032
v -2.084947 -0.866694 2.664551
v -0.881552 -0.866694 2.685997
v -1.176128 -0.535482 3.501432
v -1.193077 -0.553254 3.753843
v -1.249242 -0.584084 3.753843
v -1.400410 -0.560625 3.557148
v -2.184303 -0.479903 2.713472
v -2.192008 -0.466832 2.644032
v -2.272177 -0.490069 2.623125
v -2.823763 -0.487250 0.602499
v -2.311232 -0.123599 2.555106
v -2.297086 -0.126469 2.489512
v -2.342086 -0.133698 2.443313
v -2.835128 -0.129625 0.602498
v -2.436000 0.846334 0.455114
v -2.549060 0.846334 0.455114
v -2.782736 0.621459 0.455114
v -2.759524 -0.108950 0.455117
v -2.749634 -0.420161 0.455117
v -2.741077 -0.689423 0.455119
v -2.638179 -0.786977 0.455119
v -2.436000 -0.786977 0.455119
v -2.450764 0.584700 0.506682
v -2.599488 0.584700 0.486149
v -2.722115 0.441036 0.503166
v -2.713401 -0.092889 0.506685
v -2.704657 -0.368043 0.506685
v -2.697091 -0.606108 0.506687
v -2.606115 -0.692360 0.506687
v -2.450764 -0.692360 0.506687
v -2.376246 0.584700 0.798512
v -2.524970 0.584700 0.777979
v -2.647597 0.441036 0.794996
v -2.638884 -0.092889 0.798515
v -2.630139 -0.368043 0.798515
v -2.622574 -0.606108 0.798516
v -2.531598 -0.692360 0.798517
v -2.376246 -0.692360 0.798517
v -2.471229 -0.132631 1.961148
v -2.451621 -0.489152 1.965769
v -2.440356 -0.797843 1.971018
v -0.868066 -0.908773 3.500965
v -1.283536 -0.908773 3.491954
v -1.408010 -0.800834 3.496983
v -1.432433 -0.557327 3.522682
v -1.532558 0.382616 3.612871
v -1.422551 0.492493 3.607021
v -0.868066 0.492483 3.607021
v -0.874766 -0.895359 3.512477
v -1.263553 -0.895359 3.504308
v -1.386136 -0.789557 3.509352
v -1.410529 -0.552471 3.534828
v -1.507388 0.363775 3.629296
v -1.403203 0.467955 3.623425
v -0.874766 0.467945 3.623425
v -0.847729 0.968130 1.082002
v -0.847729 0.968130 2.133186
v -1.884227 0.968130 1.243545
v -1.786687 0.968130 1.960002
v -1.733196 0.918688 1.915195
v -0.913622 0.918688 2.066360
v -1.818334 0.918688 1.289831
v -0.913622 0.918688 1.148828
v 0.944896 0.107060 3.520066
v 1.284187 0.107060 3.520066
v 0.944896 0.156077 3.520066
v 1.284187 0.156077 3.520066
v 0.944896 0.168122 3.500867
v 1.284187 0.168122 3.500867
v 0.944896 0.095016 3.500867
v 1.284187 0.095016 3.500867
v 0.941142 -0.730634 3.520066
v 1.191752 -0.730634 3.520066
v 0.941142 -0.681618 3.520066
v 1.191752 -0.681618 3.520066
v 0.941142 -0.669573 3.500867
v 1.191752 -0.669573 3.500867
v 0.941142 -0.742679 3.500867
v 1.191752 -0.742679 3.500867
v 0.941142 -0.307116 3.520066
v 1.230668 -0.307116 3.520066
v 0.941142 -0.258099 3.520066
v 1.230668 -0.258099 3.520066
v 0.941142 -0.246055 3.500867
v 1.230668 -0.246055 3.500867
v 0.941142 -0.319161 3.500867
v 1.230668 -0.319161 3.500867
v 0.944896 -0.032661 3.520066
v 1.233131 -0.032661 3.520066
v 0.944896 0.016356 3.520066
v 1.233131 0.016356 3.520066
v 0.944896 0.028401 3.500867
v 1.233131 0.028401 3.500867
v 0.944896 -0.044706 3.500867
v 1.233131 -0.044706 3.500867
v 0.944896 -0.174940 3.520066
v 1.233131 -0.174940 3.520066
v 0.944896 -0.125923 3.520066
v 1.233131 -0.125923 3.520066
v 0.944896 -0.113879 3.500867
v 1.233131 -0.113879 3.500867
v 0.944896 -0.186985 3.500867
v 1.233131 -0.186985 3.500867
v 0.941142 -0.448634 3.520066
v 1.191752 -0.448634 3.520066
v 0.941142 -0.399617 3.520066
v 1.191752 -0.399617 3.520066
v 0.941142 -0.387573 3.500867
v 1.191752 -0.387573 3.500867
v 0.941142 -0.460679 3.500867
v 1.191752 -0.460679 3.500867
v 0.941142 -0.588355 3.520066
v 1.191752 -0.588355 3.520066
v 0.941142 -0.539338 3.520066
v 1.191752 -0.539338 3.520066
v 0.941142 -0.527294 3.500867
v 1.191752 -0.527294 3.500867
v 0.941142 -0.600400 3.500867
v 1.191752 -0.600400 3.500867
v 0.847729 0.968130 2.541188
v 0.760526 0.337524 3.885891
v 0.760526 -0.908773 3.719707
v 0.847729 -0.908774 2.737677
v 0.847729 -0.908774 0.602500
v 0.847729 0.968130 0.602494
v 1.284590 0.337538 3.885891
v 1.356641 0.264361 3.885891
v 2.071294 0.968130 2.541188
v 2.342545 0.702329 2.541191
v 2.593275 0.968130 0.602494
v 2.861801 0.709716 0.602495
v 2.813930 -0.796670 0.602500
v 2.695686 -0.908774 0.602500
v 2.076949 -0.908774 2.699557
v 2.179110 -0.798495 2.699557
v 1.084597 -0.907227 3.719707
v 1.221464 -0.797032 3.719707
v 0.917991 -0.842957 3.719707
v 1.069619 -0.842957 3.719707
v 1.171166 -0.750168 3.719707
v 1.277839 0.208492 3.885891
v 1.221438 0.271721 3.885891
v 0.917991 0.271710 3.885891
v 0.950037 -0.805948 3.501432
v 1.074659 -0.805948 3.501432
v 1.158119 -0.719320 3.501432
v 1.245793 0.175681 3.501432
v 1.199437 0.234711 3.501432
v 0.950037 0.234702 3.501432
v 0.868932 0.472224 3.652416
v 1.394920 0.472235 3.652416
v 1.498058 0.368998 3.658516
v 1.375167 -0.800934 3.530945
v 1.249743 -0.908773 3.525704
v 0.868932 -0.908773 3.533475
v 0.847729 0.968130 2.443313
v 2.097647 0.968130 2.443313
v 2.368760 0.702702 2.443313
v 2.262344 -0.798403 2.623125
v 2.123693 -0.908774 2.597834
v 0.847729 -0.908774 2.639802
v 0.881552 0.926051 2.489508
v 2.063545 0.926051 2.489508
v 2.322564 0.672355 2.489509
v 2.182616 -0.761315 2.644032
v 2.084947 -0.866694 2.664551
v 0.881552 -0.866694 2.685997
v 1.176128 -0.535482 3.501432
v 1.193077 -0.553254 3.753843
v 1.249242 -0.584084 3.753843
v 1.400410 -0.560625 3.557148
v 2.184303 -0.479903 2.713472
v 2.192008 -0.466832 2.644032
v 2.272177 -0.490069 2.623125
v 2.823763 -0.487250 0.602499
v 2.311232 -0.123599 2.555106
v 2.297086 -0.126469 2.489512
v 2.342086 -0.133698 2.443313
v 2.835128 -0.129625 0.602498
v 2.436000 0.846334 0.455114
v 2.549060 0.846334 0.455114
v 2.782736 0.621459 0.455114
v 2.759524 -0.108950 0.455117
v 2.749634 -0.420161 0.455117
v 2.741077 -0.689423 0.455119
v 2.638179 -0.786977 0.455119
v 2.436000 -0.786977 0.455119
v 2.450764 0.584700 0.506682
v 2.599488 0.584700 0.486149
v 2.722115 0.441036 0.503166
v 2.713401 -0.092889 0.506685
v 2.704657 -0.368043 0.506685
v 2.697091 -0.606108 0.506687
v 2.606115 -0.692360 0.506687
v 2.450764 -0.692360 0.506687
v 2.376246 0.584700 0.798512
v 2.524970 0.584700 0.777979
v 2.647597 0.441036 0.794996
v 2.638884 -0.092889 0.798515
v 2.630139 -0.368043 0.798515
v 2.622574 -0.606108 0.798516
v 2.531598 -0.692360 0.798517
v 2.376246 -0.692360 0.798517
v 2.471229 -0.132631 1.961148
v 2.451621 -0.489152 1.965769
v 2.440356 -0.797843 1.971018
v 0.868066 -0.908773 3.500965
v 1.283536 -0.908773 3.491954
v 1.408010 -0.800834 3.496983
v 1.432433 -0.557327 3.522682
v 1.532558 0.382616 3.612871
v 1.422551 0.492493 3.607021
v 0.868066 0.492483 3.607021
v 0.874766 -0.895359 3.512477
v 1.263553 -0.895359 3.504308
v 1.386136 -0.789557 3.509352
v 1.410529 -0.552471 3.534828
v 1.507388 0.363775 3.629296
v 1.403203 0.467955 3.623425
v 0.874766 0.467945 3.623425
v 0.847729 0.968130 1.082002
v 0.847729 0.968130 2.133186
v 1.884227 0.968130 1.243545
v 1.786687 0.968130 1.960002
v 1.733196 0.918688 1.915195
v 0.913622 0.918688 2.066360
v 1.818334 0.918688 1.289831
v 0.913622 0.918688 1.148828
v -0.049389 1.356655 4.038501
v 0.049389 1.356655 4.038501
v -0.126795 1.435511 4.038501
v 0.126795 1.435511 4.038501
v -0.126795 1.435511 2.177987
v 0.126795 1.435511 2.177987
v -0.049389 1.356655 2.177987
v 0.049389 1.356655 2.177987
v -0.069819 1.341874 3.306458
v 0.069819 1.341874 3.306458
v -0.179245 1.435511 3.306458
v 0.179245 1.435511 3.306458
v -0.179245 1.435511 2.925514
v 0.179245 1.435511 2.925514
v -0.069819 1.341874 2.925514
v 0.069819 1.341874 2.925514
v -0.069819 1.341874 2.706225
v 0.069819 1.341874 2.706225
v -0.179245 1.435511 2.706225
v 0.179245 1.435511 2.706225
v -0.179245 1.435511 2.325281
v 0.179245 1.435511 2.325281
v -0.069819 1.341874 2.325281
v 0.069819 1.341874 2.325281
v -0.069819 1.341874 3.963082
v 0.069819 1.341874 3.963082
v -0.179245 1.435511 3.963082
v 0.179245 1.435511 3.963082
v -0.179245 1.435511 3.582138
v 0.179245 1.435511 3.582138
v -0.069819 1.341874 3.582138
v 0.069819 1.341874 3.582138
v -0.678472 1.037724 3.397343
v -0.621896 1.236008 3.401801
v -0.563319 1.322559 3.579606
v -0.561319 1.210828 3.752953
v -0.617895 1.012544 3.748495
v -0.676472 0.925993 3.570688
v -0.868129 1.091018 3.433882
v -0.811553 1.289301 3.438340
v -0.752977 1.375852 3.616145
v -0.750976 1.264121 3.789492
v -0.807552 1.065838 3.785033
v -0.866129 0.979286 3.607228
v -0.619896 1.124276 3.575148
v -0.884370 1.120230 3.474326
v -0.840214 1.274984 3.477805
v -0.838653 1.187781 3.613097
v -0.794497 1.342534 3.616576
v -0.792936 1.255331 3.751868
v -0.837092 1.100578 3.748388
v -0.882809 1.033028 3.609617
v -0.769953 1.343628 3.611124
v -0.819038 1.271101 3.462130
v -0.866447 1.104947 3.458394
v -0.864770 1.011320 3.603653
v -0.815685 1.083847 3.752647
v -0.768277 1.250001 3.756383
v 0.678472 1.037724 3.397343
v 0.621896 1.236008 3.401801
v 0.563319 1.322559 3.579606
v 0.561319 1.210828 3.752953
v 0.617895 1.012544 3.748495
v 0.676472 0.925993 3.570688
v 0.868129 1.091018 3.433882
v 0.811553 1.289301 3.438340
v 0.752977 1.375852 3.616145
v 0.750976 1.264121 3.789492
v 0.807552 1.065838 3.785033
v 0.866129 0.979286 3.607228
v 0.619896 1.124276 3.575148
v 0.884370 1.120230 3.474326
v 0.840214 1.274984 3.477805
v 0.838653 1.187781 3.613097
v 0.794497 1.342534 3.616576
v 0.792936 1.255331 3.751868
v 0.837092 1.100578 3.748388
v 0.882809 1.033028 3.609617
v 0.769953 1.343628 3.611124
v 0.819038 1.271101 3.462130
v 0.866447 1.104947 3.458394
v 0.864770 1.011320 3.603653
v 0.815685 1.083847 3.752647
v 0.768277 1.250001 3.756383
v 0.858891 -0.591283 4.188044
v 0.713723 0.628703 4.319780
v 0.713723 1.460256 -0.195585
v 0.713723 1.460256 3.424129
v 0.713723 -0.260428 4.386402
v 0.000000 1.930840 -0.195585
v 0.000000 -0.509237 4.491934
v 0.000000 -0.268322 4.869171
v 0.000000 0.871039 4.869171
v 0.000000 1.930841 3.424128
v 0.413101 1.739575 3.424128
v 0.475908 0.873426 4.708594
v 0.475908 -0.259334 4.708594
v 0.413101 -0.591282 4.491934
v 0.413101 1.739575 -0.195585
v 0.385396 1.842443 3.424128
v 0.341755 0.871039 4.869171
v 0.341755 -0.197076 4.869171
v 0.277159 -0.509237 4.491934
v 0.386636 1.842443 -0.195585
v 0.000000 1.768162 4.630249
v 0.367434 1.692763 4.567205
v 0.413101 1.460169 4.312420
v 0.713723 0.918160 4.101003
v 0.872599 -0.591283 3.679392
v 1.017862 -0.994573 3.349621
v 1.017862 -0.994573 3.679392
v 0.000000 -0.645220 4.016488
v 0.413101 -0.645220 4.491934
v 1.017862 -0.994573 4.234573
v 0.341755 -0.645220 4.491934
v 0.000000 -0.645220 4.491934
v 1.071462 0.857487 3.036803
v 0.996280 0.860019 0.102243
v 0.998201 0.593003 3.584913
v 0.872599 -0.127012 3.769344
v 0.000000 0.315108 4.949694
v 0.341755 0.315108 4.949694
v 0.475908 0.322883 4.789116
v 0.713723 0.183468 4.353745
v 0.872599 0.286442 3.769344
v 0.964157 0.425095 3.432447
v 1.012327 0.556936 3.095547
v 0.937145 0.559348 0.219733
v 0.000000 0.210793 4.944849
v 0.341755 0.210793 4.944851
v 0.475908 0.219349 4.784274
v 0.713723 0.122262 4.358394
v 0.000000 1.006612 4.932171
v 0.341755 0.986747 4.836507
v 0.480133 0.967586 4.654164
v 0.713723 0.682298 4.257030
v 1.017862 -0.994573 4.184649
v 0.000000 -0.645220 4.419747
v 0.541004 1.277447 4.166432
v 0.752282 -0.591282 4.393011
v 0.756965 -0.675506 4.385490
v 0.778265 -0.591282 4.351285
v 0.780501 -0.811101 4.347693
v 0.858891 -0.799410 4.234573
v 0.872599 -0.799816 4.184649
v 0.872599 -0.802095 3.679392
v 0.850942 -0.804782 3.349621
v 0.850942 -0.893190 3.077879
v 1.017862 -1.176985 3.349574
v 1.017862 -1.242724 3.679330
v 1.017862 -1.327448 4.184649
v 1.017862 -1.327448 4.234573
v 0.850942 -1.100814 3.077879
v 0.870725 -0.126890 4.183239
v 0.857803 0.214169 4.173835
v 0.832794 0.572488 4.156840
v 0.947052 0.657750 3.594202
v 1.027479 0.904315 3.056441
v 0.783232 1.411222 2.323248
v 0.937015 1.146356 2.473938
v 0.759849 -0.242457 4.226867
v 0.748470 0.204346 4.230302
v 0.744823 0.602079 4.234767
v 0.740566 0.656898 4.186327
v 0.852353 0.697801 3.645746
v 0.919734 0.972321 3.100141
v 0.713723 1.460256 2.370010
v 0.836698 1.198420 2.517861
v 0.606603 0.165991 4.550225
v 0.595453 -0.259884 4.546635
v 0.637157 0.228356 4.493916
v 0.713723 0.379366 4.338800
v 0.475908 0.756327 4.725721
v 0.525552 0.822335 4.627428
v 0.637899 1.061627 4.131434
v 0.713723 0.818898 4.166673
v 0.649838 0.955741 4.224056
v 0.666280 1.007929 4.120043
v 0.713723 0.866064 4.135468
v 0.678312 0.939826 4.168234
v 0.000000 0.127710 4.931726
v 0.225259 0.210793 4.944851
v 0.195452 0.126881 4.931596
v 0.000000 0.790574 4.880826
v 0.215964 0.871039 4.869171
v 0.187312 0.800128 4.879442
v 0.270702 1.006612 4.899551
v 0.301129 1.746789 4.612422
v 0.319091 1.888026 3.424128
v 0.315584 1.875309 -0.195585
v 0.270702 -0.268322 4.869171
v 0.000000 1.601968 4.773657
v 0.296381 1.601968 4.741038
v 0.367434 1.582101 4.677993
v 0.422104 1.394014 4.358316
v 0.499623 1.291853 4.247520
v 0.556707 1.671956 -0.195585
v 0.242048 0.315108 4.949694
v 0.341755 0.388477 4.939065
v 0.635277 0.970659 4.109084
v 0.667559 0.909578 4.096128
v 0.643464 0.924321 4.141872
v 0.667559 0.874132 4.119578
v 0.561364 0.145248 4.540856
v 0.551608 -0.227395 4.537714
v 0.447004 0.191939 4.745651
v 0.447004 -0.226915 4.679431
v 0.448884 0.731341 4.687846
v 0.493689 0.790915 4.599135
v 0.448884 0.340154 4.745061
v 0.594414 0.254828 4.478638
v 0.663517 0.391123 4.338644
v 0.663517 0.616155 4.321478
v 0.607301 0.947340 4.218356
v 0.664954 0.823846 4.166572
v 0.596527 1.042908 4.134770
v 0.509084 1.237666 4.166354
v 0.471739 1.250683 4.239532
v 0.454151 0.958032 4.606508
v 0.664954 0.700580 4.248115
v 0.208739 0.105126 4.885027
v 0.234879 0.178728 4.896652
v 0.000000 0.105858 4.885141
v 0.000000 -0.231858 4.830280
v 0.254349 -0.231858 4.830280
v 0.316662 -0.169376 4.830280
v 0.316662 0.178728 4.896652
v 0.199417 0.772400 4.838884
v 0.225109 0.835996 4.829675
v 0.000000 0.763838 4.840127
v 0.000000 0.337507 4.901877
v 0.234695 0.337507 4.901877
v 0.324099 0.403298 4.892348
v 0.324099 0.835996 4.829675
v 0.708590 -0.671253 4.400465
v 0.729712 -0.859618 4.347693
v 0.967073 -1.043088 4.234573
v 0.967073 -1.327448 4.234573
v 0.377428 -0.645220 4.016296
v 0.708590 -0.671253 4.016104
v 0.719151 -0.859618 4.016172
v 0.967073 -1.043088 4.016103
v 0.967073 -1.327448 4.016103
v 0.377428 -1.343124 4.016296
v 0.000000 -1.244134 4.016351
v 0.377428 -1.242448 3.679462
v 0.000000 -1.244134 3.679515
v 0.377428 -1.176708 3.349660
v 1.017862 -1.177262 3.349536
v 0.000000 -1.244134 3.349713
v 0.377428 -1.100814 3.077919
v 0.719151 -1.100814 3.077795
v 0.000000 -1.100814 3.077972
v 0.343521 -1.100814 3.077923
v 0.279141 -1.244134 3.349664
v 0.279141 -1.244134 3.679466
v 0.279141 -1.244134 4.016301
v 0.000000 1.930841 3.375753
v 0.320277 1.887878 3.375753
v 0.386636 1.842443 3.375753
v 0.413101 1.739575 3.375753
v 0.713723 1.460256 3.372132
v 0.918779 0.995789 3.055358
v 1.026439 0.927977 3.011656
v 0.882260 0.960128 3.067017
v 0.703753 1.450686 3.399321
v 0.398893 1.726273 3.397903
v 0.327547 1.829142 3.397903
v 0.275419 1.868479 3.397903
v 0.000000 1.911377 3.397903
v 0.000000 0.835996 4.829675
v 0.340691 1.296974 4.490243
v 0.228162 1.304845 4.615949
v 0.000000 1.313575 4.641215
v 0.471739 1.371154 4.118920
v 0.509084 1.358141 4.045742
v 0.340691 1.417463 4.369630
v 0.228162 1.425324 4.495337
v 0.000000 1.434065 4.520602
v 0.471739 1.371154 1.707018
v 0.509084 1.358140 1.707018
v 0.340691 1.417462 1.707018
v 0.228162 1.425324 1.707018
v 0.000000 1.434065 1.707018
v 0.635277 0.970659 1.707018
v 0.667559 0.909577 1.707018
v 0.667559 0.874132 1.707018
v 0.726788 0.263736 1.707018
v 0.686637 0.113170 1.707018
v 0.663517 0.616153 1.707018
v 0.509084 1.237666 1.707018
v 0.596527 1.042907 1.707018
v 0.664954 0.700580 1.707018
v 0.664954 0.823846 1.707018
v 0.000000 0.113658 1.707018
v 0.696394 0.263736 4.258214
v 0.686637 -0.227396 4.265763
v 0.686637 -0.227396 3.597639
v 0.686637 0.113171 2.722622
v 0.000000 -0.227396 3.597638
v 0.000000 0.113658 2.722622
v 0.886999 0.384503 3.902185
v 0.660288 -0.591283 4.204832
v 0.767623 1.422231 1.757627
v 0.954472 1.062015 1.775353
v 0.000000 1.095776 4.903849
v 0.000000 1.520040 4.790250
v 0.197498 1.090952 4.881717
v 0.197498 1.517624 4.768116
v 0.000000 1.137460 4.914059
v 0.000000 1.493018 4.819390
v 0.162586 1.132221 4.895658
v 0.162586 1.487782 4.800990
v 0.684030 0.618439 4.329688
v 0.684030 0.390879 4.347047
v 0.614151 0.253057 4.488614
v 0.466986 0.339334 4.758029
v 0.466986 0.734917 4.700171
v 0.512295 0.795160 4.610464
v 0.529210 1.235926 4.183256
v 0.611375 1.051261 4.157805
v 0.619475 0.953903 4.249821
v 0.678271 0.829381 4.194278
v 0.680638 0.714142 4.262685
v 0.478796 0.963186 4.605940
v 0.495883 1.247489 4.249422
v 0.686348 0.918725 4.103564
v 0.686348 0.883761 4.126695
v 0.662581 0.933266 4.148686
v 0.654506 0.978974 4.116343
v 0.580029 0.144348 4.552514
v 0.570250 -0.224945 4.549366
v 0.465411 -0.224464 4.691401
v 0.465411 0.191143 4.757771
v 0.000000 0.107967 4.907018
v 0.213956 0.107234 4.906903
v 0.240222 0.181184 4.918584
v 0.319161 0.181184 4.918584
v 0.319161 -0.173731 4.851893
v 0.256549 -0.236514 4.851893
v 0.000000 -0.236514 4.851893
v 0.000000 0.767768 4.861843
v 0.206618 0.776370 4.860596
v 0.232420 0.840234 4.851346
v 0.324539 0.840234 4.851346
v 0.324539 0.405665 4.914290
v 0.234748 0.339591 4.923861
v 0.000000 0.339591 4.923861
v -0.858891 -0.591283 4.188044
v -0.713723 0.628703 4.319780
v -0.713723 1.460256 -0.195585
v -0.713723 1.460256 3.424129
v -0.713723 -0.260428 4.386402
v -0.413101 1.739575 3.424128
v -0.475908 0.873426 4.708594
v -0.475908 -0.259334 4.708594
v -0.413101 -0.591282 4.491934
v -0.413101 1.739575 -0.195585
v -0.385396 1.842443 3.424128
v -0.341755 0.871039 4.869171
v -0.341755 -0.197076 4.869171
v -0.277159 -0.509237 4.491934
v -0.386636 1.842443 -0.195585
v -0.367434 1.692763 4.567205
v -0.413101 1.460169 4.312420
v -0.713723 0.918160 4.101003
v -0.872599 -0.591283 3.679392
v -1.017862 -0.994573 3.349621
v -1.017862 -0.994573 3.679392
v -0.413101 -0.645220 4.491934
v -1.017862 -0.994573 4.234573
v -0.341755 -0.645220 4.491934
v -1.071462 0.857487 3.036803
v -0.996280 0.860019 0.102243
v -0.998201 0.593003 3.584913
v -0.872599 -0.127012 3.769344
v -0.341755 0.315108 4.949694
v -0.475908 0.322883 4.789116
v -0.713723 0.183468 4.353745
v -0.872599 0.286442 3.769344
v -0.964157 0.425095 3.432447
v -1.012327 0.556936 3.095547
v -0.937145 0.559348 0.219733
v -0.341755 0.210793 4.944851
v -0.475908 0.219349 4.784274
v -0.713723 0.122262 4.358394
v -0.341755 0.986747 4.836507
v -0.480133 0.967586 4.654164
v -0.713723 0.682298 4.257030
v -1.017862 -0.994573 4.184649
v -0.541004 1.277447 4.166432
v -0.752282 -0.591282 4.393011
v -0.756965 -0.675506 4.385490
v -0.778265 -0.591282 4.351285
v -0.780501 -0.811101 4.347693
v -0.858891 -0.799410 4.234573
v -0.872599 -0.799816 4.184649
v -0.872599 -0.802095 3.679392
v -0.850942 -0.804782 3.349621
v -0.850942 -0.893190 3.077879
v -1.017862 -1.176985 3.349574
v -1.017862 -1.242724 3.679330
v -1.017862 -1.327448 4.184649
v -1.017862 -1.327448 4.234573
v -0.850942 -1.100814 3.077879
v -0.870725 -0.126890 4.183239
v -0.857803 0.214169 4.173835
v -0.832794 0.572488 4.156840
v -0.947052 0.657750 3.594202
v -1.027479 0.904315 3.056441
v -0.783232 1.411222 2.323248
v -0.937015 1.146356 2.473938
v -0.759849 -0.242457 4.226867
v -0.748470 0.204346 4.230302
v -0.744823 0.602079 4.234767
v -0.740566 0.656898 4.186327
v -0.852353 0.697801 3.645746
v -0.919734 0.972321 3.100141
v -0.713723 1.460256 2.370010
v -0.836698 1.198420 2.517861
v -0.606603 0.165991 4.550225
v -0.595453 -0.259884 4.546635
v -0.637157 0.228356 4.493916
v -0.713723 0.379366 4.338800
v -0.475908 0.756327 4.725721
v -0.525552 0.822335 4.627428
v -0.637899 1.061627 4.131434
v -0.713723 0.818898 4.166673
v -0.649838 0.955741 4.224056
v -0.666280 1.007929 4.120043
v -0.713723 0.866064 4.135468
v -0.678312 0.939826 4.168234
v -0.225259 0.210793 4.944851
v -0.195452 0.126881 4.931596
v -0.215964 0.871039 4.869171
v -0.187312 0.800128 4.879442
v -0.270702 1.006612 4.899551
v -0.301129 1.746789 4.612422
v -0.319091 1.888026 3.424128
v -0.315584 1.875309 -0.195585
v -0.270702 -0.268322 4.869171
v -0.296381 1.601968 4.741038
v -0.367434 1.582101 4.677993
v -0.422104 1.394014 4.358316
v -0.499623 1.291853 4.247520
v -0.556707 1.671956 -0.195585
v -0.242048 0.315108 4.949694
v -0.341755 0.388477 4.939065
v -0.635277 0.970659 4.109084
v -0.667559 0.909578 4.096128
v -0.643464 0.924321 4.141872
v -0.667559 0.874132 4.119578
v -0.561364 0.145248 4.540856
v -0.551608 -0.227395 4.537714
v -0.447004 0.191939 4.745651
v -0.447004 -0.226915 4.679431
v -0.448884 0.731341 4.687846
v -0.493689 0.790915 4.599135
v -0.448884 0.340154 4.745061
v -0.594414 0.254828 4.478638
v -0.663517 0.391123 4.338644
v -0.663517 0.616155 4.321478
v -0.607301 0.947340 4.218356
v -0.664954 0.823846 4.166572
v -0.596527 1.042908 4.134770
v -0.509084 1.237666 4.166354
v -0.471739 1.250683 4.239532
v -0.454151 0.958032 4.606508
v -0.664954 0.700580 4.248115
v -0.208739 0.105126 4.885027
v -0.234879 0.178728 4.896652
v -0.254349 -0.231858 4.830280
v -0.316662 -0.169376 4.830280
v -0.316662 0.178728 4.896652
v -0.199417 0.772400 4.838884
v -0.225109 0.835996 4.829675
v -0.234695 0.337507 4.901877
v -0.324099 0.403298 4.892348
v -0.324099 0.835996 4.829675
v -0.708590 -0.671253 4.400465
v -0.729712 -0.859618 4.347693
v -0.967073 -1.043088 4.234573
v -0.967073 -1.327448 4.234573
v -0.377428 -0.645220 4.016296
v -0.708590 -0.671253 4.016104
v -0.719151 -0.859618 4.016172
v -0.967073 -1.043088 4.016103
v -0.967073 -1.327448 4.016103
v -0.377428 -1.343124 4.016296
v -0.377428 -1.242448 3.679462
v -0.377428 -1.176708 3.349660
v -0.377428 -1.100814 3.077919
v -0.719151 -1.100814 3.077795
v -0.343521 -1.100814 3.077923
v -0.279141 -1.244134 3.349664
v -0.279141 -1.244134 3.679466
v -0.279141 -1.244134 4.016301
v -0.320277 1.887878 3.375753
v -0.386636 1.842443 3.375753
v -0.413101 1.739575 3.375753
v -0.713723 1.460256 3.372132
v -0.918779 0.995789 3.055358
v -1.026439 0.927977 3.011656
v -0.882260 0.960128 3.067017
v -0.703753 1.450686 3.399321
v -0.398893 1.726273 3.397903
v -0.327547 1.829142 3.397903
v -0.275419 1.868479 3.397903
v -0.340691 1.296974 4.490243
v -0.228162 1.304845 4.615949
v -0.471739 1.371154 4.118920
v -0.509084 1.358141 4.045742
v -0.340691 1.417463 4.369630
v -0.228162 1.425324 4.495337
v -0.471739 1.371154 1.707018
v -0.509084 1.358140 1.707018
v -0.340691 1.417462 1.707018
v -0.228162 1.425324 1.707018
v -0.635277 0.970659 1.707018
v -0.667559 0.909577 1.707018
v -0.667559 0.874132 1.707018
v -0.726788 0.263736 1.707018
v -0.686637 0.113170 1.707018
v -0.663517 0.616153 1.707018
v -0.509084 1.237666 1.707018
v -0.596527 1.042907 1.707018
v -0.664954 0.700580 1.707018
v -0.664954 0.823846 1.707018
v -0.696394 0.263736 4.258214
v -0.686637 -0.227396 4.265763
v -0.686637 -0.227396 3.597639
v -0.686637 0.113171 2.722622
v -0.886999 0.384503 3.902185
v -0.660288 -0.591283 4.204832
v -0.767623 1.422231 1.757627
v -0.954472 1.062015 1.775353
v -0.197498 1.090952 4.881717
v -0.197498 1.517624 4.768116
v -0.162586 1.132221 4.895658
v -0.162586 1.487782 4.800990
v -0.684030 0.618439 4.329688
v -0.684030 0.390879 4.347047
v -0.614151 0.253057 4.488614
v -0.466986 0.339334 4.758029
v -0.466986 0.734917 4.700171
v -0.512295 0.795160 4.610464
v -0.529210 1.235926 4.183256
v -0.611375 1.051261 4.157805
v -0.619475 0.953903 4.249821
v -0.678271 0.829381 4.194278
v -0.680638 0.714142 4.262685
v -0.478796 0.963186 4.605940
v -0.495883 1.247489 4.249422
v -0.686348 0.918725 4.103564
v -0.686348 0.883761 4.126695
v -0.662581 0.933266 4.148686
v -0.654506 0.978974 4.116343
v -0.580029 0.144348 4.552514
v -0.570250 -0.224945 4.549366
v -0.465411 -0.224464 4.691401
v -0.465411 0.191143 4.757771
v -0.213956 0.107234 4.906903
v -0.240222 0.181184 4.918584
v -0.319161 0.181184 4.918584
v -0.319161 -0.173731 4.851893
v -0.256549 -0.236514 4.851893
v -0.206618 0.776370 4.860596
v -0.232420 0.840234 4.851346
v -0.324539 0.840234 4.851346
v -0.324539 0.405665 4.914290
v -0.234748 0.339591 4.923861
v 0.790820 2.071114 0.806576
v 0.569701 2.061081 0.806576
v 0.420440 1.897633 0.806577
v 0.430472 1.676514 0.806577
v 0.593921 1.527253 0.806577
v 0.815040 1.537285 0.806577
v 0.964301 1.700734 0.806577
v 0.954268 1.921854 0.806577
v 0.790820 2.071114 1.384982
v 0.569701 2.061081 1.384982
v 0.420440 1.897633 1.384982
v 0.430472 1.676514 1.384982
v 0.593921 1.527253 1.384982
v 0.815040 1.537285 1.384982
v 0.964301 1.700734 1.384982
v 0.954268 1.921854 1.384982
v 0.762889 1.993965 1.443599
v 0.604503 1.986778 1.443599
v 0.497589 1.869702 1.443599
v 0.504775 1.711317 1.443599
v 0.621852 1.604403 1.443599
v 0.780237 1.611589 1.443599
v 0.887151 1.728666 1.443599
v 0.879965 1.887051 1.443599
v 0.749004 1.955615 1.443599
v 0.621803 1.949844 1.443599
v 0.535939 1.855818 1.443599
v 0.541710 1.728617 1.443599
v 0.635736 1.642752 1.443599
v 0.762938 1.648524 1.443599
v 0.848802 1.742549 1.443599
v 0.843030 1.869751 1.443599
v 0.739670 1.929831 1.411938
v 0.633434 1.925011 1.411938
v 0.692370 1.799184 1.411938
v 0.561722 1.846483 1.411938
v 0.566542 1.740248 1.411938
v 0.645071 1.668536 1.411938
v 0.751306 1.673356 1.411938
v 0.823018 1.751884 1.411938
v 0.818198 1.858120 1.411938
v 0.772288 2.019928 0.708404
v 0.592791 2.011783 0.708404
v 0.692370 1.799184 0.708404
v 0.471626 1.879101 0.708404
v 0.479770 1.699604 0.708404
v 0.612452 1.578439 0.708404
v 0.791950 1.586583 0.708404
v 0.913115 1.719265 0.708404
v 0.904970 1.898763 0.708404
v 0.304666 1.756088 1.235187
v 0.675589 1.370616 1.235187
v 0.407217 1.854769 1.235187
v 0.778141 1.469296 1.235187
v 0.407217 1.854769 0.916683
v 0.778141 1.469296 0.916683
v 0.304666 1.756088 0.916683
v 0.675589 1.370616 0.916683
v 0.710507 1.334328 1.000126
v 0.710507 1.334328 1.151744
v 0.813058 1.433008 1.000126
v 0.813058 1.433008 1.151744
v 0.269748 1.792375 1.000126
v 0.269748 1.792375 1.151744
v 0.372299 1.891056 1.151744
v 0.372299 1.891056 1.000126
v -0.245925 1.876774 1.990430
v 0.245925 1.876774 1.990430
v -0.210214 1.949656 1.936620
v 0.210214 1.949656 1.936620
v -0.210214 1.949656 0.822301
v 0.210214 1.949656 0.822301
v -0.245925 1.876774 0.768491
v 0.245925 1.876774 0.768491
v 0.000000 1.996112 0.822301
v 0.000000 1.923230 0.768491
v 0.000000 1.923230 1.990430
v 0.000000 1.996112 1.936620
v 0.245925 1.876774 1.481146
v 0.210214 1.949656 1.472190
v 0.000000 1.996112 1.472190
v -0.210214 1.949656 1.472190
v -0.245925 1.876774 1.481146
v -0.686734 -1.046051 4.161963
v -0.627432 -1.021487 4.161963
v -0.568130 -1.046051 4.161963
v -0.543567 -1.105353 4.161963
v -0.568130 -1.164655 4.161963
v -0.627432 -1.189218 4.161963
v -0.686734 -1.164655 4.161963
v -0.711298 -1.105353 4.161963
v -0.686734 -1.046051 4.255590
v -0.627432 -1.021487 4.255590
v -0.568130 -1.046051 4.255590
v -0.543567 -1.105353 4.255590
v -0.568130 -1.164655 4.255590
v -0.627432 -1.189218 4.255590
v -0.686734 -1.164655 4.255590
v -0.711298 -1.105353 4.255590
v -0.668213 -1.064573 4.272160
v -0.627432 -1.047682 4.272160
v -0.586652 -1.064573 4.272160
v -0.569760 -1.105353 4.272160
v -0.586652 -1.146133 4.272160
v -0.627432 -1.163025 4.272160
v -0.668213 -1.146133 4.272160
v -0.685104 -1.105353 4.272160
v -0.668213 -1.064573 4.457684
v -0.627432 -1.047682 4.457684
v -0.586652 -1.064573 4.457684
v -0.569760 -1.105353 4.457684
v -0.586652 -1.146133 4.457684
v -0.627432 -1.163025 4.457684
v -0.668213 -1.146133 4.457684
v -0.685104 -1.105353 4.457684
v -0.687400 -1.045385 4.494688
v -0.627432 -1.020547 4.494688
v -0.567465 -1.045385 4.494688
v -0.542625 -1.105353 4.494688
v -0.567465 -1.165320 4.494688
v -0.627432 -1.190160 4.494688
v -0.687400 -1.165320 4.494688
v -0.712240 -1.105353 4.494688
v -0.687400 -1.045385 4.780259
v -0.627432 -1.020547 4.780259
v -0.567465 -1.045385 4.780259
v -0.542625 -1.105353 4.780259
v -0.567465 -1.165320 4.780259
v -0.627432 -1.190160 4.780259
v -0.687400 -1.165320 4.780259
v -0.712240 -1.105353 4.780259
v -0.662194 -1.070591 4.807598
v -0.627432 -1.056193 4.807598
v -0.592671 -1.070591 4.807598
v -0.578272 -1.105353 4.807598
v -0.592671 -1.140115 4.807598
v -0.627432 -1.154513 4.807598
v -0.662194 -1.140115 4.807598
v -0.676593 -1.105353 4.807598
v -0.653705 -1.079081 4.802438
v -0.627432 -1.068199 4.802438
v -0.601160 -1.079081 4.802438
v -0.590278 -1.105353 4.802438
v -0.601160 -1.131626 4.802438
v -0.627432 -1.142508 4.802438
v -0.653705 -1.131626 4.802438
v -0.664587 -1.105353 4.802438
v -0.653705 -1.079081 4.666174
v -0.627432 -1.068199 4.666174
v -0.627432 -1.105353 4.666174
v -0.601160 -1.079081 4.666174
v -0.590278 -1.105353 4.666174
v -0.601160 -1.131626 4.666174
v -0.627432 -1.142508 4.666174
v -0.653705 -1.131626 4.666174
v -0.664587 -1.105353 4.666174
v -0.792173 -0.940612 4.005785
v -0.627432 -0.872375 4.005785
v -0.462692 -0.940612 4.005785
v -0.394454 -1.105353 4.005785
v -0.462692 -1.270093 4.005785
v -0.627432 -1.338331 4.005785
v -0.792173 -1.270093 4.005785
v -0.860411 -1.105353 4.005785
v -0.765950 -0.966835 4.124928
v -0.627432 -0.909459 4.124928
v -0.488914 -0.966835 4.124928
v -0.431538 -1.105353 4.124928
v -0.488914 -1.243871 4.124928
v -0.627432 -1.301247 4.124928
v -0.765950 -1.243871 4.124928
v -0.823326 -1.105353 4.124928
v -0.709550 -1.023235 4.161959
v -0.627432 -0.989221 4.161959
v -0.627432 -1.105353 4.161959
v -0.545314 -1.023235 4.161959
v -0.511300 -1.105353 4.161959
v -0.545314 -1.187471 4.161959
v -0.627432 -1.221485 4.161959
v -0.709550 -1.187471 4.161959
v -0.743565 -1.105353 4.161959
v 0.025456 -0.768104 4.079055
v -0.025456 -0.768104 4.079055
v -0.025456 -1.112596 4.079055
v 0.025456 -1.112596 4.079055
v -0.040187 -0.740280 4.100965
v 0.040187 -0.740280 4.100965
v 0.040187 -1.140420 4.100965
v -0.040187 -1.140420 4.100965
v 0.259674 -0.940350 4.100965
v 0.210081 -0.787717 4.100965
v 0.210081 -1.092982 4.100965
v 0.080244 -1.187315 4.100965
v -0.080244 -1.187315 4.100965
v -0.210081 -1.092983 4.100965
v -0.259674 -0.940350 4.100965
v -0.210081 -0.787717 4.100965
v -0.080244 -0.693385 4.100965
v 0.080244 -0.693385 4.100965
v 0.237848 -0.767544 4.016302
v 0.293996 -0.940350 4.016302
v 0.237848 -1.113156 4.016302
v 0.090850 -1.219957 4.016302
v -0.090850 -1.219957 4.016302
v -0.237848 -1.113156 4.016302
v -0.293996 -0.940350 4.016302
v -0.237848 -0.767544 4.016302
v -0.090850 -0.660743 4.016302
v 0.090850 -0.660743 4.016302
v 0.686734 -1.046051 4.172479
v 0.627432 -1.021487 4.172479
v 0.568130 -1.046051 4.172479
v 0.543567 -1.105353 4.172479
v 0.568130 -1.164655 4.172479
v 0.627432 -1.189218 4.172479
v 0.686734 -1.164655 4.172479
v 0.711298 -1.105353 4.172479
v 0.686734 -1.046051 4.264075
v 0.627432 -1.021487 4.264075
v 0.568130 -1.046051 4.264075
v 0.543567 -1.105353 4.264075
v 0.568130 -1.164655 4.264075
v 0.627432 -1.189218 4.264075
v 0.686734 -1.164655 4.264075
v 0.711298 -1.105353 4.264075
v 0.668213 -1.064573 4.282676
v 0.627432 -1.047682 4.282676
v 0.586652 -1.064573 4.282676
v 0.569760 -1.105353 4.282676
v 0.586652 -1.146133 4.282676
v 0.627432 -1.163025 4.282676
v 0.668213 -1.146133 4.282676
v 0.685104 -1.105353 4.282676
v 0.668213 -1.064573 4.468199
v 0.627432 -1.047682 4.468199
v 0.586652 -1.064573 4.468199
v 0.569760 -1.105353 4.468199
v 0.586652 -1.146133 4.468199
v 0.627432 -1.163025 4.468199
v 0.668213 -1.146133 4.468199
v 0.685104 -1.105353 4.468199
v 0.687400 -1.045385 4.505203
v 0.627432 -1.020547 4.505203
v 0.567465 -1.045385 4.505203
v 0.542625 -1.105353 4.505203
v 0.567465 -1.165320 4.505203
v 0.627432 -1.190160 4.505203
v 0.687400 -1.165320 4.505203
v 0.712240 -1.105353 4.505203
v 0.687400 -1.045385 4.790775
v 0.627432 -1.020547 4.790775
v 0.567465 -1.045385 4.790775
v 0.542625 -1.105353 4.790775
v 0.567465 -1.165320 4.790775
v 0.627432 -1.190160 4.790775
v 0.687400 -1.165320 4.790775
v 0.712240 -1.105353 4.790775
v 0.662194 -1.070591 4.818114
v 0.627432 -1.056193 4.818114
v 0.592671 -1.070591 4.818114
v 0.578272 -1.105353 4.818114
v 0.592671 -1.140115 4.818114
v 0.627432 -1.154513 4.818114
v 0.662194 -1.140115 4.818114
v 0.676593 -1.105353 4.818114
v 0.653705 -1.079081 4.812953
v 0.627432 -1.068199 4.812953
v 0.601160 -1.079081 4.812953
v 0.590278 -1.105353 4.812953
v 0.601160 -1.131626 4.812953
v 0.627432 -1.142508 4.812953
v 0.653705 -1.131626 4.812953
v 0.664587 -1.105353 4.812953
v 0.653705 -1.079081 4.676691
v 0.627432 -1.068199 4.676691
v 0.627432 -1.105353 4.676691
v 0.601160 -1.079081 4.676691
v 0.590278 -1.105353 4.676691
v 0.601160 -1.131626 4.676691
v 0.627432 -1.142508 4.676691
v 0.653705 -1.131626 4.676691
v 0.664587 -1.105353 4.676691
v 0.792173 -0.940612 4.016301
v 0.627432 -0.872375 4.016301
v 0.462692 -0.940612 4.016301
v 0.394454 -1.105353 4.016301
v 0.462692 -1.270093 4.016301
v 0.627432 -1.338331 4.016301
v 0.792173 -1.270093 4.016301
v 0.860411 -1.105353 4.016301
v 0.765950 -0.966835 4.135444
v 0.627432 -0.909459 4.135444
v 0.488914 -0.966835 4.135444
v 0.431538 -1.105353 4.135444
v 0.488914 -1.243871 4.135444
v 0.627432 -1.301247 4.135444
v 0.765950 -1.243871 4.135444
v 0.823326 -1.105353 4.135444
v 0.709550 -1.023235 4.172474
v 0.627432 -0.989221 4.172474
v 0.627432 -1.105353 4.172474
v 0.545314 -1.023235 4.172474
v 0.511300 -1.105353 4.172474
v 0.545314 -1.187471 4.172474
v 0.627432 -1.221485 4.172474
v 0.709550 -1.187471 4.172474
v 0.743565 -1.105353 4.172474
v -0.856193 -1.626034 2.690784
v -0.929644 -1.626034 2.690784
v -0.856193 -1.262989 2.889702
v -0.929644 -1.262989 2.889702
v -0.856193 -1.262989 2.543272
v -0.929644 -1.262989 2.543272
v -0.856193 -1.626034 2.543272
v -0.929644 -1.626034 2.543272
v -0.877453 -1.691195 2.543272
v -0.908384 -1.691195 2.543272
v -0.908384 -1.691195 2.690784
v -0.877453 -1.691195 2.690784
v -0.870442 -1.638674 2.690784
v -0.915396 -1.638674 2.690784
v -0.883453 -1.678555 2.690784
v -0.902384 -1.678555 2.690784
v -0.870442 -1.638674 2.881088
v -0.915396 -1.638674 2.881088
v -0.883453 -1.678555 2.881088
v -0.902384 -1.678555 2.881088
v -0.878235 -1.645588 2.913725
v -0.907602 -1.645588 2.913725
v -0.886735 -1.671641 2.913725
v -0.899102 -1.671641 2.913725
v 0.856193 -1.626034 2.690784
v 0.929644 -1.626034 2.690784
v 0.856193 -1.262989 2.889702
v 0.929644 -1.262989 2.889702
v 0.856193 -1.262989 2.543272
v 0.929644 -1.262989 2.543272
v 0.856193 -1.626034 2.543272
v 0.929644 -1.626034 2.543272
v 0.877453 -1.691195 2.543272
v 0.908384 -1.691195 2.543272
v 0.908384 -1.691195 2.690784
v 0.877453 -1.691195 2.690784
v 0.870442 -1.638674 2.690784
v 0.915396 -1.638674 2.690784
v 0.883453 -1.678555 2.690784
v 0.902384 -1.678555 2.690784
v 0.870442 -1.638674 2.881088
v 0.915396 -1.638674 2.881088
v 0.883453 -1.678555 2.881088
v 0.902384 -1.678555 2.881088
v 0.878235 -1.645588 2.913725
v 0.907602 -1.645588 2.913725
v 0.886735 -1.671641 2.913725
v 0.899102 -1.671641 2.913725
v 4.352752 0.336948 -1.205135
v 4.426203 0.336948 -1.205135
v 4.352752 0.699993 -1.006216
v 4.426203 0.699993 -1.006216
v 4.352752 0.699993 -1.352647
v 4.426203 0.699993 -1.352647
v 4.352752 0.336948 -1.352647
v 4.426203 0.336948 -1.352647
v 4.374012 0.271787 -1.352647
v 4.404943 0.271787 -1.352647
v 4.404943 0.271787 -1.205135
v 4.374012 0.271787 -1.205135
v 4.367001 0.324307 -1.205135
v 4.411954 0.324307 -1.205135
v 4.380012 0.284427 -1.205135
v 4.398943 0.284427 -1.205135
v 4.367001 0.324307 -1.014831
v 4.411954 0.324307 -1.014831
v 4.380012 0.284427 -1.014831
v 4.398943 0.284427 -1.014831
v 4.374794 0.317393 -0.982194
v 4.404161 0.317393 -0.982194
v 4.383294 0.291341 -0.982194
v 4.395661 0.291341 -0.982194
v -0.365522 -1.673813 -0.016910
v 0.365522 -1.673813 -0.016910
v -0.365522 -1.639348 -0.016910
v 0.365522 -1.639348 -0.016910
v -0.328682 -1.639348 -0.042257
v 0.328682 -1.639348 -0.042257
v -0.328682 -1.673813 -0.042257
v 0.328682 -1.673813 -0.042257
v -0.365522 -1.673813 0.087335
v 0.365522 -1.673813 0.087335
v 0.365522 -1.639348 0.087335
v -0.365522 -1.639348 0.087335
v -0.327899 -1.639348 -0.009146
v 0.327899 -1.639348 -0.009146
v 0.294851 -1.639348 -0.029504
v -0.294851 -1.639348 -0.029504
v -0.327899 -1.639348 0.074583
v 0.327899 -1.639348 0.074583
v -0.365522 -1.452529 -0.016910
v 0.365522 -1.452529 -0.016910
v -0.365522 -1.418063 -0.016910
v 0.365522 -1.418063 -0.016910
v -0.328682 -1.418063 -0.042257
v 0.328682 -1.418063 -0.042257
v -0.328682 -1.452529 -0.042257
v 0.328682 -1.452529 -0.042257
v -0.365522 -1.452529 0.087335
v 0.365522 -1.452529 0.087335
v 0.365522 -1.418063 0.087335
v -0.365522 -1.418063 0.087335
v -0.327899 -1.418063 -0.009146
v 0.327899 -1.418063 -0.009146
v 0.294851 -1.418063 -0.029504
v -0.294851 -1.418063 -0.029504
v -0.327899 -1.418063 0.074583
v 0.327899 -1.418063 0.074583
v -0.365522 -1.242020 -0.016910
v 0.365522 -1.242020 -0.016910
v -0.365522 -1.207555 -0.016910
v 0.365522 -1.207555 -0.016910
v -0.328682 -1.207555 -0.042257
v 0.328682 -1.207555 -0.042257
v -0.328682 -1.242020 -0.042257
v 0.328682 -1.242020 -0.042257
v -0.365522 -1.242020 0.087335
v 0.365522 -1.242020 0.087335
v 0.365522 -1.207555 0.087335
v -0.365522 -1.207555 0.087335
v -0.327899 -1.207555 -0.009146
v 0.327899 -1.207555 -0.009146
v 0.294851 -1.207555 -0.029504
v -0.294851 -1.207555 -0.029504
v -0.327899 -1.207555 0.074583
v 0.327899 -1.207555 0.074583
v -0.365522 -1.024506 -0.016910
v 0.365522 -1.024506 -0.016910
v -0.365522 -0.990040 -0.016910
v 0.365522 -0.990040 -0.016910
v -0.328682 -0.990040 -0.042257
v 0.328682 -0.990040 -0.042257
v -0.328682 -1.024506 -0.042257
v 0.328682 -1.024506 -0.042257
v -0.365522 -1.024506 0.087335
v 0.365522 -1.024506 0.087335
v 0.365522 -0.990040 0.087335
v -0.365522 -0.990040 0.087335
v -0.327899 -0.990040 -0.009146
v 0.327899 -0.990040 -0.009146
v 0.294851 -0.990040 -0.029504
v -0.294851 -0.990040 -0.029504
v -0.327899 -0.990040 0.074583
v 0.327899 -0.990040 0.074583
v -0.900862 0.998201 0.795480
v -2.549728 0.998201 0.795480
v -0.900862 0.998201 0.468569
v -2.621049 0.998201 0.468569
v -0.900862 0.955779 0.795480
v -2.549728 0.955779 0.795480
v -2.792513 0.757973 0.795480
v -2.863834 0.757973 0.468569
v -2.792513 0.715551 0.795480
v -2.863834 0.715551 0.468569
v -2.530178 0.715551 0.788905
v -2.601499 0.715551 0.461994
v -0.491120 -1.452953 0.025186
v -0.491120 -1.442259 -0.007728
v -0.491120 -1.414260 -0.028070
v -0.491120 -0.074533 -0.028070
v -0.491120 -0.046535 -0.007728
v -0.491120 -0.035840 0.006309
v -0.470914 -1.464619 0.025186
v -0.470914 -1.451697 -0.014585
v -0.470914 -1.417865 -0.039165
v -0.470914 -0.070928 -0.039165
v -0.470914 -0.037097 -0.014585
v -0.470914 -0.024174 0.006309
v -0.470914 -1.487951 0.025186
v -0.470914 -1.470573 -0.028299
v -0.470914 -1.425075 -0.061355
v -0.470914 -0.063718 -0.061355
v -0.470914 -0.018221 -0.028299
v -0.470914 -0.000842 0.006309
v -0.491120 -1.499617 0.025186
v -0.491120 -1.480011 -0.035156
v -0.491120 -1.428680 -0.072450
v -0.491120 -0.060113 -0.072450
v -0.491120 -0.008783 -0.035156
v -0.491120 0.010824 0.006309
v -0.511327 -1.487951 0.025186
v -0.511327 -1.470573 -0.028299
v -0.511327 -1.425075 -0.061355
v -0.511327 -0.063718 -0.061355
v -0.511327 -0.018221 -0.028299
v -0.511327 -0.000842 0.006309
v -0.511327 -1.464619 0.025186
v -0.511327 -1.451697 -0.014585
v -0.511327 -1.417865 -0.039165
v -0.511327 -0.070928 -0.039165
v -0.511327 -0.037097 -0.014585
v -0.511327 -0.024174 0.006309
v -0.491120 -1.452953 0.060305
v -0.470914 -1.464619 0.060305
v -0.491120 -0.035840 0.014812
v -0.470914 -0.024174 0.014812
v -0.470914 -1.487951 0.060305
v -0.470914 -0.000842 0.014812
v -0.491120 -1.499617 0.060305
v -0.491120 0.010824 0.014812
v -0.511327 -1.487951 0.060305
v -0.511327 -0.000842 0.014812
v -0.511327 -1.464619 0.060305
v -0.511327 -0.024174 0.014812
v -0.491120 -1.438079 0.060305
v -0.458033 -1.457182 0.060305
v -0.491120 -0.050714 0.014812
v -0.458033 -0.031611 0.014812
v -0.458033 -1.495388 0.060305
v -0.458033 0.006595 0.014812
v -0.491120 -1.514491 0.060305
v -0.491120 0.025698 0.014812
v -0.524208 -1.495388 0.060305
v -0.524208 0.006595 0.014812
v -0.524208 -1.457182 0.060305
v -0.524208 -0.031611 0.014812
v -0.491120 -1.438079 0.091382
v -0.458033 -1.457182 0.091382
v -0.491120 -0.050714 0.045889
v -0.458033 -0.031611 0.045889
v -0.458033 -1.495388 0.091382
v -0.458033 0.006595 0.045889
v -0.491120 -1.514491 0.091382
v -0.491120 0.025698 0.045889
v -0.524208 -1.495388 0.091382
v -0.524208 0.006595 0.045889
v -0.524208 -1.457182 0.091382
v -0.524208 -0.031611 0.045889
v -0.470914 -0.262334 -0.039165
v -0.491120 -0.262334 -0.028070
v -0.511327 -0.262334 -0.039165
v -0.511327 -0.262334 -0.061355
v -0.491120 -0.262334 -0.072450
v -0.470914 -0.262334 -0.061355
v -0.470914 -1.226459 -0.039165
v -0.491120 -1.226459 -0.028070
v -0.511327 -1.226459 -0.039165
v -0.511327 -1.226459 -0.061355
v -0.491120 -1.226459 -0.072450
v -0.470914 -1.226459 -0.061355
v -0.491120 -1.210208 -0.019894
v -0.491120 -0.278585 -0.019894
v -0.463470 -1.210208 -0.035077
v -0.463470 -0.278585 -0.035077
v -0.518771 -1.210208 -0.035077
v -0.518771 -0.278585 -0.035077
v -0.518771 -1.210208 -0.065443
v -0.518771 -0.278585 -0.065443
v -0.491120 -1.210208 -0.080625
v -0.491120 -0.278585 -0.080626
v -0.463470 -1.210208 -0.065443
v -0.463470 -0.278585 -0.065443
v -4.352752 0.336948 -1.205135
v -4.426203 0.336948 -1.205135
v -4.352752 0.699993 -1.006216
v -4.426203 0.699993 -1.006216
v -4.352752 0.699993 -1.352647
v -4.426203 0.699993 -1.352647
v -4.352752 0.336948 -1.352647
v -4.426203 0.336948 -1.352647
v -4.374012 0.271787 -1.352647
v -4.404943 0.271787 -1.352647
v -4.404943 0.271787 -1.205135
v -4.374012 0.271787 -1.205135
v -4.367001 0.324307 -1.205135
v -4.411954 0.324307 -1.205135
v -4.380012 0.284427 -1.205135
v -4.398943 0.284427 -1.205135
v -4.367001 0.324307 -1.014831
v -4.411954 0.324307 -1.014831
v -4.380012 0.284427 -1.014831
v -4.398943 0.284427 -1.014831
v -4.374794 0.317393 -0.982194
v -4.404161 0.317393 -0.982194
v -4.383294 0.291341 -0.982194
v -4.395661 0.291341 -0.982194
v 0.499905 -1.452953 0.025186
v 0.499905 -1.442259 -0.007728
v 0.499905 -1.414260 -0.028070
v 0.499905 -0.074533 -0.028070
v 0.499905 -0.046535 -0.007728
v 0.499905 -0.035840 0.006309
v 0.520111 -1.464619 0.025186
v 0.520111 -1.451697 -0.014585
v 0.520111 -1.417865 -0.039165
v 0.520111 -0.070928 -0.039165
v 0.520111 -0.037097 -0.014585
v 0.520111 -0.024174 0.006309
v 0.520111 -1.487951 0.025186
v 0.520111 -1.470573 -0.028299
v 0.520111 -1.425075 -0.061355
v 0.520111 -0.063718 -0.061355
v 0.520111 -0.018221 -0.028299
v 0.520111 -0.000842 0.006309
v 0.499905 -1.499617 0.025186
v 0.499905 -1.480011 -0.035156
v 0.499905 -1.428680 -0.072450
v 0.499905 -0.060113 -0.072450
v 0.499905 -0.008783 -0.035156
v 0.499905 0.010824 0.006309
v 0.479699 -1.487951 0.025186
v 0.479699 -1.470573 -0.028299
v 0.479699 -1.425075 -0.061355
v 0.479699 -0.063718 -0.061355
v 0.479699 -0.018221 -0.028299
v 0.479699 -0.000842 0.006309
v 0.479699 -1.464619 0.025186
v 0.479699 -1.451697 -0.014585
v 0.479699 -1.417865 -0.039165
v 0.479699 -0.070928 -0.039165
v 0.479699 -0.037097 -0.014585
v 0.479699 -0.024174 0.006309
v 0.499905 -1.452953 0.060305
v 0.520111 -1.464619 0.060305
v 0.499905 -0.035840 0.014812
v 0.520111 -0.024174 0.014812
v 0.520111 -1.487951 0.060305
v 0.520111 -0.000842 0.014812
v 0.499905 -1.499617 0.060305
v 0.499905 0.010824 0.014812
v 0.479699 -1.487951 0.060305
v 0.479699 -0.000842 0.014812
v 0.479699 -1.464619 0.060305
v 0.479699 -0.024174 0.014812
v 0.499905 -1.438079 0.060305
v 0.532992 -1.457182 0.060305
v 0.499905 -0.050714 0.014812
v 0.532992 -0.031611 0.014812
v 0.532992 -1.495388 0.060305
v 0.532992 0.006595 0.014812
v 0.499905 -1.514491 0.060305
v 0.499905 0.025698 0.014812
v 0.466817 -1.495388 0.060305
v 0.466817 0.006595 0.014812
v 0.466817 -1.457182 0.060305
v 0.466817 -0.031611 0.014812
v 0.499905 -1.438079 0.091382
v 0.532992 -1.457182 0.091382
v 0.499905 -0.050714 0.045889
v 0.532992 -0.031611 0.045889
v 0.532992 -1.495388 0.091382
v 0.532992 0.006595 0.045889
v 0.499905 -1.514491 0.091382
v 0.499905 0.025698 0.045889
v 0.466817 -1.495388 0.091382
v 0.466817 0.006595 0.045889
v 0.466817 -1.457182 0.091382
v 0.466817 -0.031611 0.045889
v 0.520111 -0.262334 -0.039165
v 0.499905 -0.262334 -0.028070
v 0.479699 -0.262334 -0.039165
v 0.479699 -0.262334 -0.061355
v 0.499905 -0.262334 -0.072450
v 0.520111 -0.262334 -0.061355
v 0.520111 -1.226459 -0.039165
v 0.499905 -1.226459 -0.028070
v 0.479699 -1.226459 -0.039165
v 0.479699 -1.226459 -0.061355
v 0.499905 -1.226459 -0.072450
v 0.520111 -1.226459 -0.061355
v 0.499905 -1.210208 -0.019894
v 0.499905 -0.278585 -0.019894
v 0.527556 -1.210208 -0.035077
v 0.527556 -0.278585 -0.035077
v 0.472254 -1.210208 -0.035077
v 0.472254 -0.278585 -0.035077
v 0.472254 -1.210208 -0.065443
v 0.472254 -0.278585 -0.065443
v 0.499905 -1.210208 -0.080625
v 0.499905 -0.278585 -0.080626
v 0.527556 -1.210208 -0.065443
v 0.527556 -0.278585 -0.065443
v -1.622399 1.427979 -1.886000
v -2.143207 1.427979 -1.886000
v -1.622399 1.643920 -1.886000
v -2.143207 1.486739 -1.886000
v -1.622399 1.643920 -1.998293
v -2.143207 1.486739 -1.998293
v -1.622399 1.427979 -1.998293
v -2.143207 1.427979 -1.998293
v -1.761411 1.447817 -3.722327
v -2.282219 1.447817 -3.722327
v -1.761411 1.663759 -3.722328
v -2.282219 1.506578 -3.722327
v -1.761411 1.663759 -3.834621
v -2.282219 1.506578 -3.834621
v -1.761411 1.447817 -3.834621
v -2.282219 1.447817 -3.834621
v 0.905586 2.054298 -3.225718
v 0.905586 2.054298 -2.612047
v 0.964749 2.128917 -3.055612
v 0.964749 2.128917 -2.661954
v 1.138354 2.128917 -3.055612
v 1.138354 2.128917 -2.661954
v 1.197517 2.054298 -3.225718
v 1.197517 2.054298 -2.612047
v 1.113810 -2.186900 -5.094917
v 1.174974 -2.186900 -5.040616
v 1.031501 -2.089655 -5.008604
v 1.092665 -2.089655 -4.954303
v 2.031815 -2.186900 -5.094917
v 1.970650 -2.186900 -5.040616
v 2.052961 -2.089655 -4.954303
v 2.114124 -2.089655 -5.008604
v 1.092665 -2.089655 -5.348997
v 1.031501 -2.089655 -5.294696
v 1.113810 -2.186900 -5.208383
v 1.174974 -2.186900 -5.262684
v 2.114124 -2.089655 -5.294696
v 2.052961 -2.089655 -5.348997
v 2.031815 -2.186900 -5.208383
v 1.970650 -2.186900 -5.262684
v 1.204240 -2.186900 -5.242488
v 1.147576 -2.186900 -5.198063
v 1.941385 -2.186900 -5.242488
v 1.998049 -2.186900 -5.198063
v 1.998049 -2.186900 -5.105236
v 1.941385 -2.186900 -5.060812
v 1.204240 -2.186900 -5.060812
v 1.147576 -2.186900 -5.105236
v 1.231533 -2.214396 -5.225832
v 1.179065 -2.214396 -5.189553
v 1.914091 -2.214396 -5.225832
v 1.966559 -2.214396 -5.189553
v 1.966559 -2.214396 -5.113747
v 1.914091 -2.214396 -5.077468
v 1.231533 -2.214396 -5.077468
v 1.179065 -2.214396 -5.113747
v 1.903560 -2.089655 -5.348997
v 1.870770 -2.145893 -5.299082
v 1.242065 -2.089655 -5.348997
v 1.274854 -2.145893 -5.299082
v 1.870770 -2.145893 -5.004219
v 1.903560 -2.089655 -4.954303
v 1.274854 -2.145893 -5.004219
v 1.242065 -2.089655 -4.954303
v 1.364957 -2.145893 -5.334356
v 1.780667 -2.145893 -5.334356
v 1.342084 -2.089655 -5.396214
v 1.803541 -2.089655 -5.396214
v 1.364957 -2.145893 -4.968944
v 1.342084 -2.089655 -4.907086
v 1.780667 -2.145893 -4.968944
v 1.803541 -2.089655 -4.907086
v 2.285065 -1.997697 -4.465244
v 2.285065 -1.997697 -3.801059
v 2.612564 -0.253428 -4.465244
v 2.612564 -0.253428 -3.801059
v 2.612561 -1.631809 -3.801059
v 2.612561 -1.631809 -4.465244
v 2.657677 -1.683540 -3.883857
v 2.657677 -1.683540 -4.382446
v 2.687201 -0.253428 -4.382446
v 2.687201 -0.253428 -3.883858
v 2.315702 -2.092408 -4.382446
v 2.315702 -2.092408 -3.883857
v -2.288405 -1.997697 -4.465244
v -2.288405 -1.997697 -3.801059
v -2.612564 -0.253428 -4.465244
v -2.612564 -0.253428 -3.801059
v -2.612561 -1.631809 -3.801059
v -2.612561 -1.631809 -4.465244
v -2.657677 -1.683540 -3.883857
v -2.657677 -1.683540 -4.382446
v -2.687201 -0.253428 -4.382446
v -2.687201 -0.253428 -3.883858
v -2.319100 -2.092408 -4.382446
v -2.319100 -2.092408 -3.883857
v -2.281723 -1.997697 -3.208455
v -2.281723 -1.997697 -2.544270
v -2.612564 -0.253428 -3.208456
v -2.612564 -0.253428 -2.544270
v -2.612561 -1.631809 -2.544270
v -2.612561 -1.631809 -3.208455
v -2.657677 -1.683540 -2.627068
v -2.657677 -1.683540 -3.125657
v -2.687201 -0.253428 -3.125657
v -2.687201 -0.253428 -2.627069
v -2.312419 -2.092408 -3.125657
v -2.312419 -2.092408 -2.627068
v 2.285065 -1.997697 -3.208455
v 2.285065 -1.997697 -2.544270
v 2.612564 -0.253428 -3.208456
v 2.612564 -0.253428 -2.544270
v 2.612561 -1.631809 -2.544270
v 2.612561 -1.631809 -3.208455
v 2.657677 -1.683540 -2.627068
v 2.657677 -1.683540 -3.125657
v 2.687201 -0.253428 -3.125657
v 2.687201 -0.253428 -2.627069
v 2.315702 -2.092408 -3.125657
v 2.315702 -2.092408 -2.627068
v 2.285065 -1.997697 -1.876354
v 2.285065 -1.997697 -1.212169
v 2.612564 -0.253428 -1.876355
v 2.612564 -0.253428 -1.212170
v 2.612561 -1.631809 -1.212169
v 2.612561 -1.631809 -1.876354
v 2.657677 -1.683540 -1.294967
v 2.657677 -1.683540 -1.793556
v 2.687201 -0.253428 -1.793556
v 2.687201 -0.253428 -1.294968
v 2.315702 -2.092408 -1.793556
v 2.315702 -2.092408 -1.294967
v -2.283064 -1.997697 -1.876354
v -2.283064 -1.997697 -1.212169
v -2.612564 -0.253428 -1.876355
v -2.612564 -0.253428 -1.212170
v -2.612561 -1.631809 -1.212169
v -2.612561 -1.631809 -1.876354
v -2.657677 -1.683540 -1.294967
v -2.657677 -1.683540 -1.793556
v -2.687201 -0.253428 -1.793556
v -2.687201 -0.253428 -1.294968
v -2.313759 -2.092408 -1.793556
v -2.313759 -2.092408 -1.294967
v -1.980411 -2.186900 -5.094917
v -1.919247 -2.186900 -5.040616
v -2.062720 -2.089655 -5.008604
v -2.001556 -2.089655 -4.954303
v -1.062406 -2.186900 -5.094917
v -1.123571 -2.186900 -5.040616
v -1.041261 -2.089655 -4.954303
v -0.980098 -2.089655 -5.008604
v -2.001556 -2.089655 -5.348997
v -2.062720 -2.089655 -5.294696
v -1.980411 -2.186900 -5.208383
v -1.919247 -2.186900 -5.262684
v -0.980098 -2.089655 -5.294696
v -1.041261 -2.089655 -5.348997
v -1.062406 -2.186900 -5.208383
v -1.123571 -2.186900 -5.262684
v -1.889981 -2.186900 -5.242488
v -1.946646 -2.186900 -5.198063
v -1.152837 -2.186900 -5.242488
v -1.096172 -2.186900 -5.198063
v -1.096172 -2.186900 -5.105236
v -1.152837 -2.186900 -5.060812
v -1.889981 -2.186900 -5.060812
v -1.946646 -2.186900 -5.105236
v -1.862688 -2.214396 -5.225832
v -1.915156 -2.214396 -5.189553
v -1.180130 -2.214396 -5.225832
v -1.127662 -2.214396 -5.189553
v -1.127662 -2.214396 -5.113747
v -1.180130 -2.214396 -5.077468
v -1.862688 -2.214396 -5.077468
v -1.915156 -2.214396 -5.113747
v -1.190661 -2.089655 -5.348997
v -1.223451 -2.145893 -5.299082
v -1.852156 -2.089655 -5.348997
v -1.819367 -2.145893 -5.299082
v -1.223451 -2.145893 -5.004219
v -1.190661 -2.089655 -4.954303
v -1.819367 -2.145893 -5.004219
v -1.852156 -2.089655 -4.954303
v -1.729264 -2.145893 -5.334356
v -1.313554 -2.145893 -5.334356
v -1.752137 -2.089655 -5.396214
v -1.290680 -2.089655 -5.396214
v -1.729264 -2.145893 -4.968944
v -1.752137 -2.089655 -4.907086
v -1.313554 -2.145893 -4.968944
v -1.290680 -2.089655 -4.907086
v -1.980411 -2.186900 -0.361456
v -1.919247 -2.186900 -0.307155
v -2.062720 -2.089655 -0.275143
v -2.001556 -2.089655 -0.220842
v -1.062406 -2.186900 -0.361456
v -1.123571 -2.186900 -0.307155
v -1.041261 -2.089655 -0.220842
v -0.980098 -2.089655 -0.275143
v -2.001556 -2.089655 -0.615536
v -2.062720 -2.089655 -0.561235
v -1.980411 -2.186900 -0.474922
v -1.919247 -2.186900 -0.529223
v -0.980098 -2.089655 -0.561235
v -1.041261 -2.089655 -0.615536
v -1.062406 -2.186900 -0.474922
v -1.123571 -2.186900 -0.529223
v -1.889981 -2.186900 -0.509027
v -1.946646 -2.186900 -0.464603
v -1.152837 -2.186900 -0.509027
v -1.096172 -2.186900 -0.464603
v -1.096172 -2.186900 -0.371776
v -1.152837 -2.186900 -0.327351
v -1.889981 -2.186900 -0.327351
v -1.946646 -2.186900 -0.371776
v -1.862688 -2.214396 -0.492371
v -1.915156 -2.214396 -0.456093
v -1.180130 -2.214396 -0.492371
v -1.127662 -2.214396 -0.456093
v -1.127662 -2.214396 -0.380286
v -1.180130 -2.214396 -0.344007
v -1.862688 -2.214396 -0.344007
v -1.915156 -2.214396 -0.380286
v -1.190661 -2.089655 -0.615536
v -1.223451 -2.145892 -0.565621
v -1.852156 -2.089655 -0.615536
v -1.819367 -2.145892 -0.565621
v -1.223451 -2.145892 -0.270758
v -1.190661 -2.089655 -0.220842
v -1.819367 -2.145892 -0.270758
v -1.852156 -2.089655 -0.220842
v -1.729264 -2.145892 -0.600895
v -1.313554 -2.145892 -0.600895
v -1.752137 -2.089655 -0.662753
v -1.290680 -2.089655 -0.662753
v -1.729264 -2.145892 -0.235484
v -1.752137 -2.089655 -0.173625
v -1.313554 -2.145892 -0.235484
v -1.290680 -2.089655 -0.173625
v 1.113810 -2.186900 -0.361456
v 1.174974 -2.186900 -0.307155
v 1.031501 -2.089655 -0.275143
v 1.092665 -2.089655 -0.220842
v 2.031815 -2.186900 -0.361456
v 1.970650 -2.186900 -0.307155
v 2.052961 -2.089655 -0.220842
v 2.114124 -2.089655 -0.275143
v 1.092665 -2.089655 -0.615536
v 1.031501 -2.089655 -0.561235
v 1.113810 -2.186900 -0.474922
v 1.174974 -2.186900 -0.529223
v 2.114124 -2.089655 -0.561235
v 2.052961 -2.089655 -0.615536
v 2.031815 -2.186900 -0.474922
v 1.970650 -2.186900 -0.529223
v 1.204240 -2.186900 -0.509027
v 1.147576 -2.186900 -0.464603
v 1.941385 -2.186900 -0.509027
v 1.998049 -2.186900 -0.464603
v 1.998049 -2.186900 -0.371776
v 1.941385 -2.186900 -0.327351
v 1.204240 -2.186900 -0.327351
v 1.147576 -2.186900 -0.371776
v 1.231533 -2.214396 -0.492371
v 1.179065 -2.214396 -0.456093
v 1.914091 -2.214396 -0.492371
v 1.966559 -2.214396 -0.456093
v 1.966559 -2.214396 -0.380286
v 1.914091 -2.214396 -0.344007
v 1.231533 -2.214396 -0.344007
v 1.179065 -2.214396 -0.380286
v 1.903560 -2.089655 -0.615536
v 1.870770 -2.145892 -0.565621
v 1.242065 -2.089655 -0.615536
v 1.274854 -2.145892 -0.565621
v 1.870770 -2.145892 -0.270758
v 1.903560 -2.089655 -0.220842
v 1.274854 -2.145892 -0.270758
v 1.242065 -2.089655 -0.220842
v 1.364957 -2.145892 -0.600895
v 1.780667 -2.145892 -0.600895
v 1.342084 -2.089655 -0.662753
v 1.803541 -2.089655 -0.662753
v 1.364957 -2.145892 -0.235484
v 1.342084 -2.089655 -0.173625
v 1.780667 -2.145892 -0.235484
v 1.803541 -2.089655 -0.173625
v -0.513004 -0.942451 0.084806
v -0.353460 -0.855919 0.084806
v -0.373106 -0.876236 0.041544
v -0.513004 -0.942451 0.041544
v -0.000000 -0.942451 0.041544
v -0.000000 -0.942451 0.084806
v -0.000000 -0.855919 0.084806
v -0.000000 -0.876236 0.041544
v -0.335054 0.366236 0.084805
v -0.354700 0.386553 0.041544
v -0.000000 0.366236 0.084805
v -0.000000 0.386553 0.041544
v -0.000000 0.464848 0.084805
v -0.000000 0.464848 0.041544
v -0.446117 0.267834 0.041544
v -0.513004 0.218399 0.041544
v -0.513004 0.218399 0.084806
v -0.426471 0.246663 0.084806
v -0.446117 -0.806401 0.041544
v -0.513004 -0.696002 0.041544
v -0.513004 -0.696002 0.084806
v -0.426471 -0.769859 0.084806
v -0.557947 -0.561710 0.041544
v -0.557947 -0.561710 0.084806
v -0.557947 0.084107 0.041544
v -0.557947 0.084107 0.084806
v -0.513004 0.428254 0.084805
v -0.476410 0.464848 0.084805
v -0.513004 0.428254 0.041544
v -0.476410 0.464848 0.041544
v 0.513004 -0.942451 0.084806
v 0.353460 -0.855919 0.084806
v 0.373106 -0.876236 0.041544
v 0.513004 -0.942451 0.041544
v 0.000000 -0.942451 0.041544
v 0.000000 -0.942451 0.084806
v 0.000000 -0.855919 0.084806
v 0.000000 -0.876236 0.041544
v 0.335054 0.366236 0.084805
v 0.354700 0.386553 0.041544
v 0.000000 0.366236 0.084805
v 0.000000 0.386553 0.041544
v 0.000000 0.464848 0.084805
v 0.000000 0.464848 0.041544
v 0.446117 0.267834 0.041544
v 0.513004 0.218399 0.041544
v 0.513004 0.218399 0.084806
v 0.426471 0.246663 0.084806
v 0.446117 -0.806401 0.041544
v 0.513004 -0.696002 0.041544
v 0.513004 -0.696002 0.084806
v 0.426471 -0.769859 0.084806
v 0.557947 -0.561710 0.041544
v 0.557947 -0.561710 0.084806
v 0.557947 0.084107 0.041544
v 0.557947 0.084107 0.084806
v 0.513004 0.428254 0.084805
v 0.476410 0.464848 0.084805
v 0.513004 0.428254 0.041544
v 0.476410 0.464848 0.041544
v 2.172560 -1.792357 0.598036
v 2.319772 1.276819 0.598036
v 2.723453 1.210478 -6.334565
v 2.326530 -2.089655 -5.410852
v 0.000000 -1.792357 0.598036
v 0.000000 1.276819 0.598036
v 0.000000 1.210478 -6.334565
v 0.000000 -2.089655 -5.410852
v 2.723453 1.207432 -0.909205
v 2.326530 -2.089655 -0.838179
v 0.000000 -2.089655 -0.838179
v 0.000000 1.163539 -5.144712
v 2.723453 1.210478 -5.144712
v 2.326530 -2.089655 -4.865781
v 0.000000 -2.089655 -4.865781
v 2.723453 0.825377 -6.210874
v 2.723453 -0.434467 -4.865784
v 2.723453 -0.434467 -0.838182
v 2.319772 -0.519528 0.598036
v 2.285064 -1.997697 -4.792933
v 2.285064 -1.997697 -0.909200
v 2.612564 -0.519528 -4.792935
v 2.612564 -0.519528 -0.909203
v 0.000000 -1.997696 -4.792933
v 0.000000 -1.997696 -0.909200
v 0.000000 -1.300611 0.598036
v 2.319772 -1.495426 0.598036
v 2.723453 -1.631810 -0.838181
v 2.612564 -1.631810 -0.909202
v 2.612564 -1.631810 -4.792933
v 2.723453 -1.631811 -4.865782
v 2.723453 -1.631811 -5.582319
v 2.723453 1.276819 -0.004556
v 2.723453 -0.519528 -0.004553
v 2.723453 -1.631810 -0.004553
v 2.326530 -2.089655 -0.004553
v 0.000000 -2.089655 -0.004553
v 0.000000 1.414947 -5.144712
v 0.000000 1.414947 -6.334565
v 2.285053 1.414947 -5.144712
v 2.285053 1.414947 -6.334565
v 0.000000 1.429204 -4.486104
v 2.285053 1.429204 -4.486104
v 0.000000 0.791009 0.598036
v 2.319772 0.791009 0.598036
v 2.723453 0.791009 -0.004556
v 2.723453 0.825378 -0.909205
v 2.723453 0.825377 -5.144712
v 0.000000 0.825377 -6.210874
v 0.090451 1.207790 -6.326319
v 0.093018 0.921957 -6.227366
v 2.595852 1.207790 -6.326319
v 2.598418 0.921957 -6.227366
v 0.087883 1.337291 -6.334565
v 2.193191 1.337291 -6.334565
v 0.090451 1.207790 -6.072163
v 0.093018 0.921957 -6.072163
v 2.595852 1.207790 -6.072163
v 2.598418 0.921957 -6.072163
v 0.087883 1.337291 -6.072163
v 2.193191 1.337291 -6.072163
v 2.628053 0.790283 -6.310579
v 2.625641 -1.620340 -5.693581
v 0.000000 -2.073267 -5.530096
v 2.258107 -2.073267 -5.530096
v 0.000000 0.790283 -6.310579
v 2.482149 0.661062 -6.303695
v 2.479780 -1.639760 -5.696533
v 0.000000 -1.917068 -5.631962
v 2.218529 -1.917068 -5.631962
v 0.000000 0.661062 -6.303695
v 0.000000 -1.569431 0.084811
v 2.482149 -0.525229 0.084809
v 2.479780 -1.639759 0.084811
v 0.000000 -1.917067 0.084814
v 2.218529 -1.917067 0.084814
v 0.000000 0.661062 0.084805
v 2.482149 0.661062 0.084805
v 0.956500 1.276819 0.598036
v 0.965878 1.276819 -0.004556
v 0.987962 1.293846 -0.909205
v 0.000000 1.749100 0.138743
v 0.956500 1.749100 0.138743
v 0.000000 1.876859 -0.049636
v 0.788863 1.876859 -0.049636
v 0.000000 2.056847 -0.033297
v 0.233273 2.056847 -0.033297
v 0.262429 1.994958 -0.038916
v 0.000000 1.994958 -0.038916
v 0.000000 0.425314 0.084805
v 2.482149 0.052467 0.084806
v 0.000000 -0.899185 0.084811
v 2.480373 -1.360622 0.084811
v 0.469737 0.425314 0.084805
v 0.469737 -0.525229 0.084809
v 0.469738 -0.899185 0.084811
v 0.000000 1.310789 1.584830
v 0.469737 1.310789 1.584830
v 0.000000 0.132719 1.584835
v 0.469738 0.132719 1.584835
v 0.469737 0.780019 1.584835
v 0.000000 1.310789 1.913354
v 0.469737 1.310789 1.913354
v 0.000000 0.132719 1.913360
v 0.469738 0.132719 1.913360
v 0.469737 0.780019 1.913360
v 0.794269 0.791009 0.598034
v 0.815931 -0.519528 0.598036
v 0.000000 -1.011559 0.598036
v 0.823637 -0.985664 0.598034
v 0.652445 1.369887 1.913354
v 0.797077 0.780019 1.913360
v 0.797077 0.045388 1.913360
v 0.000000 1.444286 1.913354
v 0.469737 1.444286 1.913354
v 0.000000 0.010916 1.913360
v 0.469738 0.010916 1.913360
v 0.797077 0.010915 1.913360
v 2.723452 -0.254969 -1.062872
v 2.612564 -0.340030 -1.124966
v 2.723452 -0.254969 -4.641095
v 2.612564 -0.340031 -4.574081
v 0.000000 -2.089655 -0.741734
v 2.723453 -1.631810 -0.741734
v 2.723453 -0.363549 -0.759384
v 2.723454 -0.153111 -1.060987
v 2.723453 -0.343486 -4.965253
v 2.723453 -1.631811 -4.965253
v 2.326530 -2.089655 -4.979403
v 0.000000 -2.089655 -4.985073
v 2.723454 -0.155946 -4.768298
v 2.326530 -2.089655 -0.741734
v 2.723452 -0.254969 -2.475874
v 2.723454 -0.154403 -2.591012
v 2.723453 0.403761 -3.225082
v 2.723453 0.825377 -3.717487
v 2.723453 1.236739 -4.162837
v 2.723452 -0.254969 -2.615301
v 2.723454 -0.154503 -2.730046
v 2.723453 0.446148 -3.401988
v 2.723453 0.825377 -3.853680
v 2.723453 1.233217 -4.294521
v 2.285053 1.429204 -4.560923
v 2.668417 -0.290886 -2.534384
v 2.668418 -0.154453 -2.660529
v 2.668418 0.424954 -3.313535
v 2.668417 0.825377 -3.785583
v 2.668417 1.234978 -4.228679
v 2.285053 1.429204 -4.523513
v 2.612564 -0.340031 -2.536299
v 2.723453 0.243252 -0.004556
v 2.723452 0.231484 -0.834368
v 2.257656 -1.477246 0.598036
v 2.257656 -0.553610 0.598036
v 0.000000 -1.724657 0.598036
v 2.118847 -1.724657 0.598036
v 0.000000 -1.824936 0.532001
v 2.189433 -1.824936 0.532001
v 2.364010 -1.510372 0.532001
v 2.364010 -0.519528 0.532001
v -2.172560 -1.792357 0.598036
v -2.319772 1.276819 0.598036
v -2.723453 1.210478 -6.334565
v -2.326530 -2.089655 -5.410852
v -2.723453 1.207432 -0.909205
v -2.326530 -2.089655 -0.838179
v -2.723453 1.210478 -5.144712
v -2.326530 -2.089655 -4.865781
v -2.723453 0.825377 -6.210874
v -2.723453 -0.434467 -4.865784
v -2.723453 -0.434467 -0.838182
v -2.319772 -0.519528 0.598036
v -2.285064 -1.997697 -4.792933
v -2.285064 -1.997697 -0.909200
v -2.612564 -0.519528 -4.792935
v -2.612564 -0.519528 -0.909203
v -2.319772 -1.495426 0.598036
v -2.723453 -1.631810 -0.838181
v -2.612564 -1.631810 -0.909202
v -2.612564 -1.631810 -4.792933
v -2.723453 -1.631811 -4.865782
v -2.723453 -1.631811 -5.582319
v -2.723453 1.276819 -0.004556
v -2.723453 -0.519528 -0.004553
v -2.723453 -1.631810 -0.004553
v -2.326530 -2.089655 -0.004553
v -2.285053 1.414947 -5.144712
v -2.285053 1.414947 -6.334565
v -2.285053 1.429204 -4.486104
v -2.319772 0.791009 0.598036
v -2.723453 0.791009 -0.004556
v -2.723453 0.825378 -0.909205
v -2.723453 0.825377 -5.144712
v -0.090451 1.207790 -6.326319
v -0.093018 0.921957 -6.227366
v -2.595852 1.207790 -6.326319
v -2.598418 0.921957 -6.227366
v -0.087883 1.337291 -6.334565
v -2.193191 1.337291 -6.334565
v -0.090451 1.207790 -6.072163
v -0.093018 0.921957 -6.072163
v -2.595852 1.207790 -6.072163
v -2.598418 0.921957 -6.072163
v -0.087883 1.337291 -6.072163
v -2.193191 1.337291 -6.072163
v -2.628053 0.790283 -6.310579
v -2.625641 -1.620340 -5.693581
v -2.258107 -2.073267 -5.530096
v -2.482149 0.661062 -6.303695
v -2.479780 -1.639760 -5.696533
v -2.218529 -1.917068 -5.631962
v -2.482149 -0.525229 0.084809
v -2.479780 -1.639759 0.084811
v -2.218529 -1.917067 0.084814
v -2.482149 0.661062 0.084805
v -0.956500 1.276819 0.598036
v -0.965878 1.276819 -0.004556
v -0.987962 1.293846 -0.909205
v -0.956500 1.749100 0.138743
v -0.788863 1.876859 -0.049636
v -0.233273 2.056847 -0.033297
v -0.262429 1.994958 -0.038916
v -2.482149 0.052467 0.084806
v -2.480373 -1.360622 0.084811
v -0.469737 0.425314 0.084805
v -0.469737 -0.525229 0.084809
v -0.469738 -0.899185 0.084811
v -0.469737 1.310789 1.584830
v -0.469738 0.132719 1.584835
v -0.469737 0.780019 1.584835
v -0.469737 1.310789 1.913354
v -0.469738 0.132719 1.913360
v -0.469737 0.780019 1.913360
v -0.794269 0.791009 0.598034
v -0.815931 -0.519528 0.598036
v -0.823637 -0.985664 0.598034
v -0.652445 1.369887 1.913354
v -0.797077 0.780019 1.913360
v -0.797077 0.045388 1.913360
v -0.469737 1.444286 1.913354
v -0.469738 0.010916 1.913360
v -0.797077 0.010915 1.913360
v -2.723452 -0.254969 -1.062872
v -2.612564 -0.340030 -1.124966
v -2.723452 -0.254969 -4.641095
v -2.612564 -0.340031 -4.574081
v -2.723453 -1.631810 -0.741734
v -2.723453 -0.363549 -0.759384
v -2.723454 -0.153111 -1.060987
v -2.723453 -0.343486 -4.965253
v -2.723453 -1.631811 -4.965253
v -2.326530 -2.089655 -4.979403
v -2.723454 -0.155946 -4.768298
v -2.326530 -2.089655 -0.741734
v -2.723452 -0.254969 -2.475874
v -2.723454 -0.154403 -2.591012
v -2.723453 0.403761 -3.225082
v -2.723453 0.825377 -3.717487
v -2.723453 1.236739 -4.162837
v -2.723452 -0.254969 -2.615301
v -2.723454 -0.154503 -2.730046
v -2.723453 0.446148 -3.401988
v -2.723453 0.825377 -3.853680
v -2.723453 1.233217 -4.294521
v -2.285053 1.429204 -4.560923
v -2.668417 -0.290886 -2.534384
v -2.668418 -0.154453 -2.660529
v -2.668418 0.424954 -3.313535
v -2.668417 0.825377 -3.785583
v -2.668417 1.234978 -4.228679
v -2.285053 1.429204 -4.523513
v -2.612564 -0.340031 -2.536299
v -2.723453 0.243252 -0.004556
v -2.723452 0.231484 -0.834368
v -2.257656 -1.477246 0.598036
v -2.257656 -0.553610 0.598036
v -2.118847 -1.724657 0.598036
v -2.189433 -1.824936 0.532001
v -2.364010 -1.510372 0.532001
v -2.364010 -0.519528 0.532001
v 0.900862 0.998201 0.795480
v 2.549728 0.998201 0.795480
v 0.900862 0.998201 0.468569
v 2.621049 0.998201 0.468569
v 0.900862 0.955779 0.795480
v 2.549728 0.955779 0.795480
v 2.792513 0.757973 0.795480
v 2.863834 0.757973 0.468569
v 2.792513 0.715551 0.795480
v 2.863834 0.715551 0.468569
v 2.530178 0.715551 0.788905
v 2.601499 0.715551 0.461994
v -1.140086 1.912808 -6.513120
v 1.140086 1.912808 -6.513120
v -1.117637 2.421830 -6.745747
v 1.117637 2.421830 -6.745747
v 0.819193 2.421830 -6.745747
v 0.819193 1.912808 -6.513120
v 0.585138 2.421830 -6.745747
v 0.585138 1.912808 -6.513120
v 0.351083 2.421830 -6.745747
v 0.351083 1.912808 -6.513120
v 0.117027 2.421830 -6.745747
v 0.117027 1.912808 -6.513120
v -0.117027 2.421830 -6.745747
v -0.117027 1.912808 -6.513120
v -0.351083 2.421830 -6.745747
v -0.351083 1.912808 -6.513120
v -0.585138 2.421830 -6.745747
v -0.585138 1.912808 -6.513120
v -0.819193 2.421830 -6.745747
v -0.819193 1.912808 -6.513120
v -1.002937 1.998411 -6.552241
v -0.869503 1.998411 -6.552241
v -0.869503 2.336228 -6.706625
v -1.002937 2.336228 -6.706625
v 0.869503 1.998411 -6.552241
v 0.869503 2.336228 -6.706625
v 1.002937 1.998411 -6.552241
v 1.002937 2.336228 -6.706625
v 0.635448 1.998411 -6.552241
v 0.635448 2.336228 -6.706625
v 0.768882 1.998411 -6.552241
v 0.768882 2.336228 -6.706625
v 0.401393 1.998411 -6.552241
v 0.401393 2.336228 -6.706625
v 0.534827 1.998411 -6.552241
v 0.534827 2.336228 -6.706625
v 0.167338 1.998411 -6.552241
v 0.167338 2.336228 -6.706625
v 0.300772 1.998411 -6.552241
v 0.300772 2.336228 -6.706625
v -0.066717 1.998411 -6.552241
v -0.066717 2.336228 -6.706625
v 0.066717 1.998411 -6.552241
v 0.066717 2.336228 -6.706625
v -0.300772 1.998411 -6.552241
v -0.300772 2.336228 -6.706625
v -0.167338 1.998411 -6.552241
v -0.167338 2.336228 -6.706625
v -0.534827 1.998411 -6.552241
v -0.534827 2.336228 -6.706625
v -0.401393 1.998411 -6.552241
v -0.401393 2.336228 -6.706625
v -0.768882 1.998411 -6.552241
v -0.768882 2.336228 -6.706625
v -0.635448 1.998411 -6.552241
v -0.635448 2.336228 -6.706625
v -0.978771 2.023329 -6.600661
v -0.893669 2.023329 -6.600661
v -0.893669 2.283310 -6.719475
v -0.978771 2.283310 -6.719475
v 0.893669 2.023329 -6.600661
v 0.893669 2.283310 -6.719475
v 0.978771 2.023329 -6.600661
v 0.978771 2.283310 -6.719475
v 0.659614 2.023329 -6.600661
v 0.659614 2.283310 -6.719475
v 0.744716 2.023329 -6.600661
v 0.744716 2.283310 -6.719475
v 0.425559 2.023329 -6.600661
v 0.425559 2.283310 -6.719475
v 0.510661 2.023329 -6.600661
v 0.510661 2.283310 -6.719475
v 0.191504 2.023329 -6.600661
v 0.191504 2.283310 -6.719475
v 0.276606 2.023329 -6.600661
v 0.276606 2.283310 -6.719475
v -0.042551 2.023329 -6.600661
v -0.042551 2.283309 -6.719474
v 0.042551 2.023329 -6.600661
v 0.042551 2.283309 -6.719474
v -0.276606 2.023329 -6.600661
v -0.276606 2.283310 -6.719475
v -0.191504 2.023329 -6.600661
v -0.191504 2.283310 -6.719475
v -0.510661 2.023329 -6.600661
v -0.510661 2.283309 -6.719474
v -0.425559 2.023329 -6.600661
v -0.425559 2.283309 -6.719474
v -0.744716 2.023329 -6.600661
v -0.744716 2.283310 -6.719475
v -0.659614 2.023329 -6.600661
v -0.659614 2.283310 -6.719475
v -1.433947 2.071686 -4.430871
v -1.496121 2.036986 -4.430871
v -1.860440 2.421890 -5.428646
v -1.878602 2.402449 -5.428646
v -1.860440 2.421890 -5.533890
v -1.878602 2.402449 -5.533890
v -1.433947 2.071686 -5.128747
v -1.496121 2.036986 -5.128747
v -1.394324 2.083412 -4.333222
v -1.518749 2.014965 -4.333222
v -1.394324 2.083411 -5.226396
v -1.518749 2.014964 -5.226396
v -1.334862 2.029393 -4.333222
v -1.436455 1.939236 -4.333222
v -1.334862 2.029393 -5.226396
v -1.436455 1.939236 -5.226396
v 1.761411 1.447817 -3.722327
v 2.282219 1.447817 -3.722327
v 1.761411 1.663759 -3.722328
v 2.282219 1.506578 -3.722327
v 1.761411 1.663759 -3.834621
v 2.282219 1.506578 -3.834621
v 1.761411 1.447817 -3.834621
v 2.282219 1.447817 -3.834621
v 1.622399 1.427979 -1.886000
v 2.143207 1.427979 -1.886000
v 1.622399 1.643920 -1.886000
v 2.143207 1.486739 -1.886000
v 1.622399 1.643920 -1.998293
v 2.143207 1.486739 -1.998293
v 1.622399 1.427979 -1.998293
v 2.143207 1.427979 -1.998293
v -0.764337 2.066552 -7.358362
v 0.764337 2.066552 -7.358362
v -0.526835 2.206700 -7.771247
v 0.526835 2.206700 -7.771247
v -0.364331 1.909388 -7.627895
v 0.364331 1.909388 -7.627895
v 0.528575 1.769239 -7.358362
v -0.528575 1.769239 -7.358362
v -2.478858 2.595566 -7.928206
v -2.945678 2.595566 -7.928206
v -2.478858 2.651041 -7.928206
v -2.945678 2.651041 -7.928206
v -2.478858 2.664673 -7.941287
v -2.945678 2.664673 -7.941287
v -2.478858 2.581935 -7.941287
v -2.945678 2.581935 -7.941287
v -2.478858 2.756590 -7.928206
v -2.945678 2.756590 -7.928206
v -2.478858 2.812065 -7.928206
v -2.945678 2.812065 -7.928206
v -2.478858 2.825697 -7.941287
v -2.945678 2.825697 -7.941287
v -2.478858 2.742959 -7.941287
v -2.945678 2.742959 -7.941287
v -2.478858 2.437438 -7.928206
v -2.945678 2.437438 -7.928206
v -2.478858 2.492913 -7.928206
v -2.945678 2.492913 -7.928206
v -2.478858 2.506544 -7.941287
v -2.945678 2.506544 -7.941287
v -2.478858 2.423806 -7.941287
v -2.945678 2.423806 -7.941287
v -2.478858 3.233011 -7.928207
v -2.945678 3.233011 -7.928207
v -2.478858 3.288486 -7.928207
v -2.945678 3.288486 -7.928207
v -2.478858 3.302117 -7.941287
v -2.945678 3.302117 -7.941287
v -2.478858 3.219379 -7.941287
v -2.945678 3.219379 -7.941287
v -2.478858 3.074882 -7.928206
v -2.945678 3.074882 -7.928206
v -2.478858 3.130356 -7.928206
v -2.945678 3.130356 -7.928206
v -2.478858 3.143988 -7.941287
v -2.945678 3.143988 -7.941287
v -2.478858 3.061250 -7.941287
v -2.945678 3.061250 -7.941287
v -3.295461 2.629708 -8.518027
v -4.026703 2.694357 -8.518027
v -3.295461 3.062163 -8.518027
v -4.026703 2.997514 -8.518027
v -3.295461 3.062163 -9.763514
v -4.026703 2.997514 -9.763514
v -3.295461 2.629708 -9.763513
v -4.026703 2.694357 -9.763513
v -4.026703 2.845935 -8.331401
v -3.295461 2.845935 -8.331401
v -4.026703 2.845935 -9.950138
v -3.295461 2.845935 -9.950138
v -3.259777 2.580034 -8.445436
v -3.259777 2.845935 -8.240024
v -3.259777 3.111838 -8.445436
v -3.259777 3.111838 -9.836103
v -3.259777 2.845935 -10.041515
v -3.259777 2.580034 -9.836102
v -3.182242 2.552635 -8.405641
v -3.182242 2.845935 -8.189930
v -3.182242 3.139236 -8.405641
v -3.182242 3.139236 -9.875898
v -3.182242 2.845935 -10.091610
v -3.182242 2.552635 -9.875897
v -4.062376 2.655389 -8.442424
v -4.062376 2.845935 -8.236231
v -4.062376 3.036483 -8.442424
v -4.062376 3.036483 -9.839118
v -4.062376 2.845935 -10.045308
v -4.062376 2.655389 -9.839115
v -4.160375 2.582207 -8.411547
v -4.160375 2.845935 -8.197364
v -4.160375 3.109664 -8.411547
v -4.160375 3.109664 -9.869993
v -4.160375 2.845935 -10.084175
v -4.160375 2.582207 -9.869992
v -4.160376 3.094086 -7.967196
v -4.294447 3.094086 -7.967196
v -4.294447 3.094086 -10.147948
v -4.160376 3.094086 -10.147948
v -4.160376 1.358078 -10.147943
v -4.160376 1.358078 -9.026329
v -4.294447 1.358078 -10.147943
v -4.294447 1.358078 -9.026329
v -4.160376 4.178152 -8.661280
v -4.294447 4.178152 -8.661280
v -4.160376 3.949326 -10.147947
v -4.160376 4.178151 -9.945203
v -4.294447 4.178151 -9.945203
v -4.294447 3.949326 -10.147947
v -4.352139 3.085079 -8.060521
v -4.352139 3.085079 -10.054623
v -4.352139 1.458302 -9.081653
v -4.352139 1.458302 -10.054618
v -4.352139 3.866411 -10.054622
v -4.352139 4.077927 -9.875181
v -4.352139 4.077927 -8.736688
v -4.102684 3.085079 -10.054623
v -4.102684 3.085079 -8.060521
v -4.102684 1.458302 -10.054618
v -4.102684 1.458302 -9.081653
v -4.102684 4.077927 -8.736688
v -4.102684 4.077927 -9.875181
v -4.102684 3.866411 -10.054622
v -4.352139 3.066389 -8.156290
v -4.352139 3.066389 -9.982213
v -4.352139 1.563968 -9.109798
v -4.352139 1.563968 -9.982207
v -4.352139 3.820741 -9.982212
v -4.352139 4.017953 -9.823768
v -4.352139 4.017954 -8.763323
v -4.391046 3.052465 -8.207893
v -4.391046 3.052465 -9.930610
v -4.391046 1.619236 -9.139171
v -4.391046 1.619236 -9.930605
v -4.391046 3.797776 -9.930608
v -4.391046 3.973332 -9.785049
v -4.391046 3.973332 -8.772500
v -4.102684 3.071984 -9.996873
v -4.102684 3.071984 -8.136925
v -4.102684 1.512414 -9.996869
v -4.102684 1.512414 -9.089360
v -4.102684 4.023815 -8.767602
v -4.102684 4.023815 -9.829504
v -4.102684 3.821037 -9.996873
v -2.478858 2.914719 -7.928206
v -2.945678 2.914719 -7.928206
v -2.478858 2.970194 -7.928206
v -2.945678 2.970194 -7.928206
v -2.478858 2.983826 -7.941287
v -2.945678 2.983826 -7.941287
v -2.478858 2.901088 -7.941287
v -2.945678 2.901088 -7.941287
v -2.223224 3.456609 -7.877286
v -2.406669 3.696029 -7.877286
v -2.223224 3.194712 -11.577215
v -2.406669 3.434132 -11.577217
v -3.019867 3.696029 -7.877286
v -3.182242 3.440400 -7.877286
v -3.203314 3.194712 -11.577215
v -3.019867 3.434132 -11.577217
v -2.409275 2.032850 -7.886842
v -2.223224 2.272270 -7.877286
v -2.223224 2.498727 -11.577213
v -2.406669 2.259305 -11.577212
v -3.182242 2.288478 -7.877286
v -3.017261 2.032850 -7.886842
v -3.019867 2.259305 -11.577212
v -3.203314 2.498727 -11.577213
v -2.518589 2.246714 -7.522676
v -2.438876 2.352640 -7.522676
v -2.907948 2.246714 -7.522676
v -2.987662 2.352640 -7.522676
v -2.987662 3.376238 -7.522676
v -2.907948 3.482164 -7.522676
v -2.518589 3.482164 -7.522676
v -2.438876 3.376238 -7.522676
v -2.607052 3.144861 -11.555658
v -2.543117 3.057122 -11.555658
v -2.819485 3.144861 -11.555658
v -2.883422 3.057122 -11.555658
v -2.883422 2.636318 -11.555658
v -2.819485 2.548578 -11.555656
v -2.607052 2.548578 -11.555656
v -2.543117 2.636318 -11.555658
v -2.518589 2.246714 -7.649341
v -2.438876 2.352640 -7.649341
v -2.907948 2.246714 -7.649341
v -2.987662 2.352640 -7.649341
v -2.987662 3.376238 -7.649341
v -2.907948 3.482164 -7.649341
v -2.518589 3.482164 -7.649341
v -2.438876 3.376238 -7.649341
v -2.557579 2.282259 -7.662585
v -2.476565 2.373613 -7.662585
v -2.868958 2.282259 -7.662585
v -2.949975 2.373613 -7.662585
v -2.949975 3.355265 -7.662586
v -2.868958 3.446620 -7.662586
v -2.557579 3.446620 -7.662586
v -2.476565 3.355265 -7.662586
v -2.613081 2.352733 -7.941287
v -2.541438 2.427978 -7.941287
v -2.813457 2.352733 -7.941287
v -2.885101 2.427978 -7.941287
v -2.885101 3.300900 -7.941287
v -2.813457 3.376145 -7.941287
v -2.613081 3.376145 -7.941287
v -2.541438 3.300900 -7.941287
v -2.607052 3.144861 -11.062536
v -2.543117 3.057122 -11.062533
v -2.819485 3.144861 -11.062536
v -2.883422 3.057122 -11.062533
v -2.883422 2.636318 -11.062532
v -2.819485 2.548578 -11.062531
v -2.607052 2.548578 -11.062531
v -2.543117 2.636318 -11.062532
v -2.650240 3.095718 -11.062536
v -2.585229 3.021941 -11.062533
v -2.776296 3.095718 -11.062536
v -2.841311 3.021941 -11.062533
v -2.841311 2.671498 -11.062532
v -2.776296 2.597721 -11.062532
v -2.650240 2.597721 -11.062532
v -2.585229 2.671498 -11.062532
v -2.678493 3.028625 -10.907708
v -2.637107 2.968097 -10.907708
v -2.748046 3.028625 -10.907708
v -2.789435 2.968097 -10.907708
v -2.789435 2.692079 -10.907705
v -2.748046 2.631552 -10.907705
v -2.678493 2.631552 -10.907705
v -2.637107 2.692079 -10.907705
v -2.924774 3.522222 -7.522676
v -3.017778 3.396725 -7.522676
v -3.017778 2.332153 -7.522676
v -2.924774 2.206657 -7.522676
v -2.501763 2.206657 -7.522676
v -2.408761 2.332153 -7.522676
v -2.408761 3.396725 -7.522676
v -2.501763 3.522222 -7.522676
v -3.019867 3.696029 -10.125406
v -2.406669 3.696029 -10.125406
v -2.223224 3.456609 -10.125406
v -2.223224 2.272269 -10.125404
v -2.409275 2.032850 -10.115848
v -3.017261 2.032850 -10.115848
v -3.182242 2.288478 -10.125404
v -3.182242 3.440400 -10.125406
v -3.019867 3.434132 -10.529651
v -2.406669 3.434132 -10.529651
v -2.223224 3.194712 -10.529651
v -2.223224 2.498727 -10.529648
v -2.406669 2.259306 -10.529648
v -3.019867 2.259306 -10.529647
v -3.203314 2.498727 -10.529648
v -3.203314 3.194712 -10.529651
v -2.997087 3.655121 -7.839221
v -3.144758 3.419920 -7.839221
v -3.144758 2.308959 -7.839221
v -2.997087 2.073757 -7.839221
v -2.430323 2.073757 -7.839221
v -2.264212 2.294730 -7.839221
v -2.264212 3.434149 -7.839221
v -2.430323 3.655121 -7.839221
v -2.994693 3.387737 -11.607558
v -2.431843 3.387737 -11.607558
v -2.267402 3.172541 -11.607557
v -2.267402 2.520898 -11.607554
v -2.431843 2.305701 -11.607554
v -2.994693 2.305701 -11.607554
v -3.159136 2.520898 -11.607554
v -3.159136 3.172541 -11.607557
v -2.537918 3.213055 -11.790438
v -2.505850 3.257932 -11.796646
v -2.461189 3.110016 -11.793686
v -2.414092 3.129532 -11.800159
v -2.888619 3.213055 -11.790438
v -2.920686 3.257932 -11.796646
v -2.965349 3.110016 -11.793686
v -3.012446 3.129532 -11.800159
v -2.965349 2.583423 -11.793683
v -3.012446 2.563907 -11.800156
v -2.888619 2.480384 -11.790433
v -2.920686 2.435507 -11.796643
v -2.537918 2.480384 -11.790433
v -2.505851 2.435507 -11.796643
v -2.461189 2.583423 -11.793683
v -2.414092 2.563907 -11.800156
v -2.406669 3.696029 -8.400564
v -3.019867 3.696029 -8.400564
v -2.406669 3.696029 -9.434095
v -3.019867 3.696029 -9.434095
v -3.019867 3.434132 -10.632612
v -2.406669 3.434132 -10.632612
v -2.223224 3.194712 -10.632612
v -2.223224 2.498726 -10.632609
v -2.406669 2.259306 -10.632609
v -3.019867 2.259306 -10.632608
v -3.203314 2.498727 -10.632609
v -3.203314 3.194712 -10.632610
v -1.640334 2.387105 -8.359508
v -2.136949 2.555473 -8.359508
v -1.526370 2.946652 -8.381807
v -2.136949 3.024553 -8.359508
v -1.579888 3.207233 -9.901378
v -2.136949 3.153457 -9.901378
v -1.652405 2.899870 -9.901375
v -2.136949 2.958786 -9.901375
v -2.136949 2.790013 -8.159988
v -1.584086 2.721679 -8.159988
v -2.136949 3.055666 -10.100895
v -1.631673 3.080669 -10.100895
v -1.600293 2.291351 -8.281902
v -1.521018 2.702785 -8.062297
v -1.440276 3.004619 -8.304201
v -1.493794 3.265200 -9.978984
v -1.568607 3.061775 -10.198586
v -1.612363 2.804115 -9.978981
v -1.558370 2.232592 -8.239357
v -1.466395 2.686421 -8.008741
v -1.372952 3.030649 -8.261656
v -1.426469 3.291230 -10.021527
v -1.513985 3.045411 -10.252141
v -1.570441 2.745357 -10.021524
v -2.223224 2.507076 -8.306616
v -2.223224 2.779580 -8.093408
v -2.223224 3.052084 -8.306616
v -2.223224 3.201854 -9.954269
v -2.223224 3.088234 -10.167476
v -2.223224 2.975672 -9.954268
v -5.825900 1.319402 -1.084129
v -5.825900 0.947470 -1.238189
v -5.825900 0.575538 -1.084129
v -5.825900 0.421478 -0.712197
v -5.825900 0.575538 -0.340264
v -5.825900 0.947470 -0.186205
v -5.825900 1.319402 -0.340264
v -5.825900 1.473461 -0.712197
v -5.578125 1.249734 -1.014461
v -5.578125 0.947470 -1.139663
v -5.578125 0.645206 -1.014461
v -5.578125 0.520004 -0.712197
v -5.578125 0.645206 -0.409933
v -5.578125 0.947470 -0.284731
v -5.578125 1.249735 -0.409933
v -5.578125 1.374936 -0.712197
v -5.672482 1.436447 -0.712197
v -5.672482 1.293229 -0.366438
v -5.672482 0.947470 -0.223220
v -5.672482 0.601710 -0.366438
v -5.672482 0.458493 -0.712197
v -5.672482 0.601710 -1.057956
v -5.672482 0.947470 -1.201174
v -5.672482 1.293229 -1.057956
v -5.578125 1.140165 -0.904892
v -5.578125 0.947470 -0.984709
v -5.578125 0.947470 -0.712197
v -5.578125 0.754775 -0.904892
v -5.578125 0.674958 -0.712197
v -5.578125 0.754775 -0.519502
v -5.578125 0.947470 -0.439686
v -5.578125 1.140165 -0.519502
v -5.578125 1.219981 -0.712197
v -5.724616 1.302123 -0.357544
v -5.724616 0.947470 -0.210642
v -5.724616 0.592816 -0.357544
v -5.724616 0.445914 -0.712197
v -5.724616 0.592816 -1.066850
v -5.724616 0.947470 -1.213752
v -5.724616 1.302123 -1.066850
v -5.724616 1.449025 -0.712197
v -5.699748 1.278958 -0.380709
v -5.699748 0.947470 -0.243402
v -5.699748 0.615981 -0.380709
v -5.699748 0.478675 -0.712197
v -5.699748 0.615981 -1.043685
v -5.699748 0.947470 -1.180991
v -5.699748 1.278958 -1.043685
v -5.699748 1.416265 -0.712197
v 5.825900 1.319402 -1.084129
v 5.825900 0.947470 -1.238189
v 5.825900 0.575538 -1.084129
v 5.825900 0.421478 -0.712197
v 5.825900 0.575538 -0.340264
v 5.825900 0.947470 -0.186205
v 5.825900 1.319402 -0.340264
v 5.825900 1.473461 -0.712197
v 5.578125 1.249734 -1.014461
v 5.578125 0.947470 -1.139663
v 5.578125 0.645206 -1.014461
v 5.578125 0.520004 -0.712197
v 5.578125 0.645206 -0.409933
v 5.578125 0.947470 -0.284731
v 5.578125 1.249735 -0.409933
v 5.578125 1.374936 -0.712197
v 5.672482 1.436447 -0.712197
v 5.672482 1.293229 -0.366438
v 5.672482 0.947470 -0.223220
v 5.672482 0.601710 -0.366438
v 5.672482 0.458493 -0.712197
v 5.672482 0.601710 -1.057956
v 5.672482 0.947470 -1.201174
v 5.672482 1.293229 -1.057956
v 5.578125 1.140165 -0.904892
v 5.578125 0.947470 -0.984709
v 5.578125 0.947470 -0.712197
v 5.578125 0.754775 -0.904892
v 5.578125 0.674958 -0.712197
v 5.578125 0.754775 -0.519502
v 5.578125 0.947470 -0.439686
v 5.578125 1.140165 -0.519502
v 5.578125 1.219981 -0.712197
v 5.724616 1.302123 -0.357544
v 5.724616 0.947470 -0.210642
v 5.724616 0.592816 -0.357544
v 5.724616 0.445914 -0.712197
v 5.724616 0.592816 -1.066850
v 5.724616 0.947470 -1.213752
v 5.724616 1.302123 -1.066850
v 5.724616 1.449025 -0.712197
v 5.699748 1.278958 -0.380709
v 5.699748 0.947470 -0.243402
v 5.699748 0.615981 -0.380709
v 5.699748 0.478675 -0.712197
v 5.699748 0.615981 -1.043685
v 5.699748 0.947470 -1.180991
v 5.699748 1.278958 -1.043685
v 5.699748 1.416265 -0.712197
v 2.478858 2.595566 -7.928206
v 2.945678 2.595566 -7.928206
v 2.478858 2.651041 -7.928206
v 2.945678 2.651041 -7.928206
v 2.478858 2.664673 -7.941287
v 2.945678 2.664673 -7.941287
v 2.478858 2.581935 -7.941287
v 2.945678 2.581935 -7.941287
v 2.478858 2.756590 -7.928206
v 2.945678 2.756590 -7.928206
v 2.478858 2.812065 -7.928206
v 2.945678 2.812065 -7.928206
v 2.478858 2.825697 -7.941287
v 2.945678 2.825697 -7.941287
v 2.478858 2.742959 -7.941287
v 2.945678 2.742959 -7.941287
v 2.478858 2.437438 -7.928206
v 2.945678 2.437438 -7.928206
v 2.478858 2.492913 -7.928206
v 2.945678 2.492913 -7.928206
v 2.478858 2.506544 -7.941287
v 2.945678 2.506544 -7.941287
v 2.478858 2.423806 -7.941287
v 2.945678 2.423806 -7.941287
v 2.478858 3.233011 -7.928207
v 2.945678 3.233011 -7.928207
v 2.478858 3.288486 -7.928207
v 2.945678 3.288486 -7.928207
v 2.478858 3.302117 -7.941287
v 2.945678 3.302117 -7.941287
v 2.478858 3.219379 -7.941287
v 2.945678 3.219379 -7.941287
v 2.478858 3.074882 -7.928206
v 2.945678 3.074882 -7.928206
v 2.478858 3.130356 -7.928206
v 2.945678 3.130356 -7.928206
v 2.478858 3.143988 -7.941287
v 2.945678 3.143988 -7.941287
v 2.478858 3.061250 -7.941287
v 2.945678 3.061250 -7.941287
v 3.295461 2.629708 -8.518027
v 4.026703 2.694357 -8.518027
v 3.295461 3.062163 -8.518027
v 4.026703 2.997514 -8.518027
v 3.295461 3.062163 -9.763514
v 4.026703 2.997514 -9.763514
v 3.295461 2.629708 -9.763513
v 4.026703 2.694357 -9.763513
v 4.026703 2.845935 -8.331401
v 3.295461 2.845935 -8.331401
v 4.026703 2.845935 -9.950138
v 3.295461 2.845935 -9.950138
v 3.259777 2.580034 -8.445436
v 3.259777 2.845935 -8.240024
v 3.259777 3.111838 -8.445436
v 3.259777 3.111838 -9.836103
v 3.259777 2.845935 -10.041515
v 3.259777 2.580034 -9.836102
v 3.182242 2.552635 -8.405641
v 3.182242 2.845935 -8.189930
v 3.182242 3.139236 -8.405641
v 3.182242 3.139236 -9.875898
v 3.182242 2.845935 -10.091610
v 3.182242 2.552635 -9.875897
v 4.062376 2.655389 -8.442424
v 4.062376 2.845935 -8.236231
v 4.062376 3.036483 -8.442424
v 4.062376 3.036483 -9.839118
v 4.062376 2.845935 -10.045308
v 4.062376 2.655389 -9.839115
v 4.160375 2.582207 -8.411547
v 4.160375 2.845935 -8.197364
v 4.160375 3.109664 -8.411547
v 4.160375 3.109664 -9.869993
v 4.160375 2.845935 -10.084175
v 4.160375 2.582207 -9.869992
v 4.160376 3.094086 -7.967196
v 4.294447 3.094086 -7.967196
v 4.294447 3.094086 -10.147948
v 4.160376 3.094086 -10.147948
v 4.160376 1.358078 -10.147943
v 4.160376 1.358078 -9.026329
v 4.294447 1.358078 -10.147943
v 4.294447 1.358078 -9.026329
v 4.160376 4.178152 -8.661280
v 4.294447 4.178152 -8.661280
v 4.160376 3.949326 -10.147947
v 4.160376 4.178151 -9.945203
v 4.294447 4.178151 -9.945203
v 4.294447 3.949326 -10.147947
v 4.352139 3.085079 -8.060521
v 4.352139 3.085079 -10.054623
v 4.352139 1.458302 -9.081653
v 4.352139 1.458302 -10.054618
v 4.352139 3.866411 -10.054622
v 4.352139 4.077927 -9.875181
v 4.352139 4.077927 -8.736688
v 4.102684 3.085079 -10.054623
v 4.102684 3.085079 -8.060521
v 4.102684 1.458302 -10.054618
v 4.102684 1.458302 -9.081653
v 4.102684 4.077927 -8.736688
v 4.102684 4.077927 -9.875181
v 4.102684 3.866411 -10.054622
v 4.352139 3.066389 -8.156290
v 4.352139 3.066389 -9.982213
v 4.352139 1.563968 -9.109798
v 4.352139 1.563968 -9.982207
v 4.352139 3.820741 -9.982212
v 4.352139 4.017953 -9.823768
v 4.352139 4.017954 -8.763323
v 4.391046 3.052465 -8.207893
v 4.391046 3.052465 -9.930610
v 4.391046 1.619236 -9.139171
v 4.391046 1.619236 -9.930605
v 4.391046 3.797776 -9.930608
v 4.391046 3.973332 -9.785049
v 4.391046 3.973332 -8.772500
v 4.102684 3.071984 -9.996873
v 4.102684 3.071984 -8.136925
v 4.102684 1.512414 -9.996869
v 4.102684 1.512414 -9.089360
v 4.102684 4.023815 -8.767602
v 4.102684 4.023815 -9.829504
v 4.102684 3.821037 -9.996873
v 2.478858 2.914719 -7.928206
v 2.945678 2.914719 -7.928206
v 2.478858 2.970194 -7.928206
v 2.945678 2.970194 -7.928206
v 2.478858 2.983826 -7.941287
v 2.945678 2.983826 -7.941287
v 2.478858 2.901088 -7.941287
v 2.945678 2.901088 -7.941287
v 2.223224 3.456609 -7.877286
v 2.406669 3.696029 -7.877286
v 2.223224 3.194712 -11.577215
v 2.406669 3.434132 -11.577217
v 3.019867 3.696029 -7.877286
v 3.182242 3.440400 -7.877286
v 3.203314 3.194712 -11.577215
v 3.019867 3.434132 -11.577217
v 2.409275 2.032850 -7.886842
v 2.223224 2.272270 -7.877286
v 2.223224 2.498727 -11.577213
v 2.406669 2.259305 -11.577212
v 3.182242 2.288478 -7.877286
v 3.017261 2.032850 -7.886842
v 3.019867 2.259305 -11.577212
v 3.203314 2.498727 -11.577213
v 2.518589 2.246714 -7.522676
v 2.438876 2.352640 -7.522676
v 2.907948 2.246714 -7.522676
v 2.987662 2.352640 -7.522676
v 2.987662 3.376238 -7.522676
v 2.907948 3.482164 -7.522676
v 2.518589 3.482164 -7.522676
v 2.438876 3.376238 -7.522676
v 2.607052 3.144861 -11.555658
v 2.543117 3.057122 -11.555658
v 2.819485 3.144861 -11.555658
v 2.883422 3.057122 -11.555658
v 2.883422 2.636318 -11.555658
v 2.819485 2.548578 -11.555656
v 2.607052 2.548578 -11.555656
v 2.543117 2.636318 -11.555658
v 2.518589 2.246714 -7.649341
v 2.438876 2.352640 -7.649341
v 2.907948 2.246714 -7.649341
v 2.987662 2.352640 -7.649341
v 2.987662 3.376238 -7.649341
v 2.907948 3.482164 -7.649341
v 2.518589 3.482164 -7.649341
v 2.438876 3.376238 -7.649341
v 2.557579 2.282259 -7.662585
v 2.476565 2.373613 -7.662585
v 2.868958 2.282259 -7.662585
v 2.949975 2.373613 -7.662585
v 2.949975 3.355265 -7.662586
v 2.868958 3.446620 -7.662586
v 2.557579 3.446620 -7.662586
v 2.476565 3.355265 -7.662586
v 2.613081 2.352733 -7.941287
v 2.541438 2.427978 -7.941287
v 2.813457 2.352733 -7.941287
v 2.885101 2.427978 -7.941287
v 2.885101 3.300900 -7.941287
v 2.813457 3.376145 -7.941287
v 2.613081 3.376145 -7.941287
v 2.541438 3.300900 -7.941287
v 2.607052 3.144861 -11.062536
v 2.543117 3.057122 -11.062533
v 2.819485 3.144861 -11.062536
v 2.883422 3.057122 -11.062533
v 2.883422 2.636318 -11.062532
v 2.819485 2.548578 -11.062531
v 2.607052 2.548578 -11.062531
v 2.543117 2.636318 -11.062532
v 2.650240 3.095718 -11.062536
v 2.585229 3.021941 -11.062533
v 2.776296 3.095718 -11.062536
v 2.841311 3.021941 -11.062533
v 2.841311 2.671498 -11.062532
v 2.776296 2.597721 -11.062532
v 2.650240 2.597721 -11.062532
v 2.585229 2.671498 -11.062532
v 2.678493 3.028625 -10.907708
v 2.637107 2.968097 -10.907708
v 2.748046 3.028625 -10.907708
v 2.789435 2.968097 -10.907708
v 2.789435 2.692079 -10.907705
v 2.748046 2.631552 -10.907705
v 2.678493 2.631552 -10.907705
v 2.637107 2.692079 -10.907705
v 2.924774 3.522222 -7.522676
v 3.017778 3.396725 -7.522676
v 3.017778 2.332153 -7.522676
v 2.924774 2.206657 -7.522676
v 2.501763 2.206657 -7.522676
v 2.408761 2.332153 -7.522676
v 2.408761 3.396725 -7.522676
v 2.501763 3.522222 -7.522676
v 3.019867 3.696029 -10.125406
v 2.406669 3.696029 -10.125406
v 2.223224 3.456609 -10.125406
v 2.223224 2.272269 -10.125404
v 2.409275 2.032850 -10.115848
v 3.017261 2.032850 -10.115848
v 3.182242 2.288478 -10.125404
v 3.182242 3.440400 -10.125406
v 3.019867 3.434132 -10.529651
v 2.406669 3.434132 -10.529651
v 2.223224 3.194712 -10.529651
v 2.223224 2.498727 -10.529648
v 2.406669 2.259306 -10.529648
v 3.019867 2.259306 -10.529647
v 3.203314 2.498727 -10.529648
v 3.203314 3.194712 -10.529651
v 2.997087 3.655121 -7.839221
v 3.144758 3.419920 -7.839221
v 3.144758 2.308959 -7.839221
v 2.997087 2.073757 -7.839221
v 2.430323 2.073757 -7.839221
v 2.264212 2.294730 -7.839221
v 2.264212 3.434149 -7.839221
v 2.430323 3.655121 -7.839221
v 2.994693 3.387737 -11.607558
v 2.431843 3.387737 -11.607558
v 2.267402 3.172541 -11.607557
v 2.267402 2.520898 -11.607554
v 2.431843 2.305701 -11.607554
v 2.994693 2.305701 -11.607554
v 3.159136 2.520898 -11.607554
v 3.159136 3.172541 -11.607557
v 2.537918 3.213055 -11.790438
v 2.505850 3.257932 -11.796646
v 2.461189 3.110016 -11.793686
v 2.414092 3.129532 -11.800159
v 2.888619 3.213055 -11.790438
v 2.920686 3.257932 -11.796646
v 2.965349 3.110016 -11.793686
v 3.012446 3.129532 -11.800159
v 2.965349 2.583423 -11.793683
v 3.012446 2.563907 -11.800156
v 2.888619 2.480384 -11.790433
v 2.920686 2.435507 -11.796643
v 2.537918 2.480384 -11.790433
v 2.505851 2.435507 -11.796643
v 2.461189 2.583423 -11.793683
v 2.414092 2.563907 -11.800156
v 2.406669 3.696029 -8.400564
v 3.019867 3.696029 -8.400564
v 2.406669 3.696029 -9.434095
v 3.019867 3.696029 -9.434095
v 3.019867 3.434132 -10.632612
v 2.406669 3.434132 -10.632612
v 2.223224 3.194712 -10.632612
v 2.223224 2.498726 -10.632609
v 2.406669 2.259306 -10.632609
v 3.019867 2.259306 -10.632608
v 3.203314 2.498727 -10.632609
v 3.203314 3.194712 -10.632610
v 1.640334 2.387105 -8.359508
v 2.136949 2.555473 -8.359508
v 1.526370 2.946652 -8.381807
v 2.136949 3.024553 -8.359508
v 1.579888 3.207233 -9.901378
v 2.136949 3.153457 -9.901378
v 1.652405 2.899870 -9.901375
v 2.136949 2.958786 -9.901375
v 2.136949 2.790013 -8.159988
v 1.584086 2.721679 -8.159988
v 2.136949 3.055666 -10.100895
v 1.631673 3.080669 -10.100895
v 1.600293 2.291351 -8.281902
v 1.521018 2.702785 -8.062297
v 1.440276 3.004619 -8.304201
v 1.493794 3.265200 -9.978984
v 1.568607 3.061775 -10.198586
v 1.612363 2.804115 -9.978981
v 1.558370 2.232592 -8.239357
v 1.466395 2.686421 -8.008741
v 1.372952 3.030649 -8.261656
v 1.426469 3.291230 -10.021527
v 1.513985 3.045411 -10.252141
v 1.570441 2.745357 -10.021524
v 2.223224 2.507076 -8.306616
v 2.223224 2.779580 -8.093408
v 2.223224 3.052084 -8.306616
v 2.223224 3.201854 -9.954269
v 2.223224 3.088234 -10.167476
v 2.223224 2.975672 -9.954268
v 1.583130 1.931976 -6.459646
v 0.000000 2.832663 -7.004407
v 1.334784 2.832663 -7.004407
v 0.000000 3.512401 -10.459949
v 1.589357 2.915863 -10.662192
v 0.000000 3.127090 -10.590579
v 0.000000 2.425017 -6.717014
v 1.450918 2.465990 -6.732026
v 1.153009 1.931976 -6.459646
v 1.067560 2.425017 -6.717014
v 0.982110 2.832663 -7.004407
v 0.703199 3.512402 -10.459949
v -0.000001 1.931976 -6.556524
v 1.090130 1.931976 -6.556524
v 1.004680 2.349962 -6.781288
v 0.000000 2.349962 -6.781288
v 0.485189 3.512401 -10.459949
v 0.381880 2.955571 -7.588213
v 0.000000 2.912749 -7.091795
v 0.270521 3.048052 -7.495943
v 0.373829 3.636340 -10.417930
v 0.000000 3.745712 -10.380848
v 0.000000 3.161893 -7.455845
v 0.510358 3.133319 -8.432504
v 0.398999 3.264186 -8.399082
v 0.000000 3.378464 -8.361056
v 0.846184 3.219463 -8.841681
v 0.944071 3.419094 -8.799652
v 0.801087 3.701463 -10.395851
v 1.334784 3.701463 -10.395851
v 1.334784 3.020075 -7.707767
v 1.485542 2.598660 -7.743010
v 1.589850 1.931976 -7.759475
v 0.000000 2.155012 -7.759475
v 0.904234 2.915863 -10.662192
v 0.904515 1.931976 -7.759475
v 0.811582 3.127090 -10.590579
v 0.811833 2.155012 -7.759475
v 0.173138 3.127090 -10.590579
v 0.173138 2.155012 -7.759475
v 0.119117 3.045084 -10.507065
v 0.119117 2.178361 -7.959292
v 0.000000 2.178361 -7.959292
v 0.000000 3.045084 -10.507065
v 0.906376 3.231409 -10.673354
v 0.828690 3.507591 -10.579721
v 1.463867 3.080006 -10.724685
v 0.972787 3.080006 -10.724685
v 0.898854 3.643106 -10.533778
v 1.281394 3.643105 -10.533778
v 0.949706 3.254915 -10.665384
v 0.886051 3.481215 -10.588663
v 1.406506 3.130858 -10.707444
v 1.004122 3.130858 -10.707444
v 0.943542 3.592253 -10.551018
v 1.256991 3.592253 -10.551018
v 1.034116 3.211958 -10.442118
v 0.997795 3.341083 -10.398341
v 1.294761 3.141173 -10.466117
v 1.065166 3.141173 -10.466117
v 1.030599 3.404440 -10.376862
v 1.209449 3.404439 -10.376862
v 1.051769 2.306006 -6.757651
v 1.115519 2.368143 -6.687325
v 0.489314 2.349962 -6.781288
v 0.489314 2.425017 -6.717014
v 0.489314 2.832663 -7.004407
v 0.530338 2.349962 -6.781288
v 0.535344 2.425017 -6.717014
v 0.528542 2.832663 -7.004407
v 0.509759 2.373014 -6.789791
v 0.512925 2.426321 -6.738918
v 0.508668 2.788783 -7.005162
v 0.929544 3.389467 -8.805890
v 0.786560 3.673406 -10.405364
v 0.888441 3.622994 -10.540595
v 0.935010 3.575775 -10.556603
v 1.025731 3.395038 -10.380049
v 1.222110 3.365369 -10.390107
v 1.279179 3.523780 -10.574232
v 1.308474 3.559539 -10.562109
v 1.389307 3.584876 -10.435377
v 1.373901 2.957534 -7.712998
v 1.368762 2.796340 -6.925377
v 0.994792 2.790259 -6.923148
v 0.529551 2.790259 -6.923148
v 0.509300 2.753085 -6.927043
v 0.489314 2.790259 -6.923148
v 0.000000 2.790259 -6.923148
v 0.935745 2.964604 -7.631117
v 1.163427 2.968317 -7.648756
v 1.203849 3.029186 -7.606026
v 1.022812 3.208248 -8.596776
v 1.205781 3.118605 -8.626614
v 1.808290 4.909960 -9.162520
v 1.921769 4.854363 -9.181027
v 1.782817 5.120246 -9.950521
v 1.896296 5.064648 -9.969025
v 0.967359 3.666036 -10.312231
v 1.150329 3.576395 -10.342068
v 1.152483 3.558622 -10.275462
v 1.201198 3.156452 -8.768431
v 1.854140 4.963375 -9.923269
v 1.876518 4.778639 -9.231011
v 0.969513 3.648264 -10.245625
v 1.018229 3.246097 -8.738594
v 1.763038 4.834236 -9.212505
v 1.740660 5.018972 -9.904763
v 1.178259 3.538845 -10.251040
v 1.224220 3.159416 -8.829218
v 1.849994 4.909625 -9.906945
v 1.871107 4.735336 -9.253829
v 0.945577 3.652842 -10.213096
v 0.991539 3.273414 -8.791276
v 1.726796 4.806037 -9.230296
v 1.705683 4.980328 -9.883413
v 1.117545 3.136607 -8.511193
v 1.895179 4.914094 -9.082823
v 1.865740 5.157127 -9.993537
v 1.057331 3.633703 -10.373946
v 1.767656 4.972291 -10.039693
v 1.739161 5.037976 -9.971063
v 1.852640 4.982380 -9.989568
v 1.773498 5.197174 -10.238794
v 1.857934 5.221568 -10.235013
v 1.759851 5.036733 -10.281168
v 1.729842 5.114906 -10.259336
v 1.843322 5.059310 -10.277841
v 1.886978 5.141578 -10.257298
v 1.784977 5.191309 -10.325547
v 1.835929 5.206028 -10.323265
v 1.776741 5.094491 -10.351115
v 1.758633 5.141664 -10.337942
v 1.827111 5.108114 -10.349108
v 1.853455 5.157758 -10.336713
v -1.583130 1.931976 -6.459646
v 0.000000 2.832663 -7.004407
v -1.334784 2.832663 -7.004407
v 0.000000 3.512401 -10.459949
v -1.589357 2.915863 -10.662192
v 0.000000 3.127090 -10.590579
v 0.000000 2.425017 -6.717014
v -1.450918 2.465990 -6.732026
v -1.153009 1.931976 -6.459646
v -1.067560 2.425017 -6.717014
v -0.982110 2.832663 -7.004407
v -0.703199 3.512402 -10.459949
v 0.000001 1.931976 -6.556524
v -1.090130 1.931976 -6.556524
v -1.004680 2.349962 -6.781288
v 0.000000 2.349962 -6.781288
v -0.485189 3.512401 -10.459949
v -0.381880 2.955571 -7.588213
v 0.000000 2.912749 -7.091795
v -0.270521 3.048052 -7.495943
v -0.373829 3.636340 -10.417930
v 0.000000 3.745712 -10.380848
v 0.000000 3.161893 -7.455845
v -0.510358 3.133319 -8.432504
v -0.398999 3.264186 -8.399082
v 0.000000 3.378464 -8.361056
v -0.846184 3.219463 -8.841681
v -0.944071 3.419094 -8.799652
v -0.801087 3.701463 -10.395851
v -1.334784 3.701463 -10.395851
v -1.334784 3.020075 -7.707767
v -1.485542 2.598660 -7.743010
v -1.589850 1.931976 -7.759475
v 0.000000 2.155012 -7.759475
v -0.904234 2.915863 -10.662192
v -0.904515 1.931976 -7.759475
v -0.811582 3.127090 -10.590579
v -0.811833 2.155012 -7.759475
v -0.173138 3.127090 -10.590579
v -0.173138 2.155012 -7.759475
v -0.119117 3.045084 -10.507065
v -0.119117 2.178361 -7.959292
v 0.000000 2.178361 -7.959292
v 0.000000 3.045084 -10.507065
v -0.906376 3.231409 -10.673354
v -0.828690 3.507591 -10.579721
v -1.463867 3.080006 -10.724685
v -0.972787 3.080006 -10.724685
v -0.898854 3.643106 -10.533778
v -1.281394 3.643105 -10.533778
v -0.949706 3.254915 -10.665384
v -0.886051 3.481215 -10.588663
v -1.406506 3.130858 -10.707444
v -1.004122 3.130858 -10.707444
v -0.943542 3.592253 -10.551018
v -1.256991 3.592253 -10.551018
v -1.034116 3.211958 -10.442118
v -0.997795 3.341083 -10.398341
v -1.294761 3.141173 -10.466117
v -1.065166 3.141173 -10.466117
v -1.030599 3.404440 -10.376862
v -1.209449 3.404439 -10.376862
v -1.051769 2.306006 -6.757651
v -1.115519 2.368143 -6.687325
v -0.489314 2.349962 -6.781288
v -0.489314 2.425017 -6.717014
v -0.489314 2.832663 -7.004407
v -0.530338 2.349962 -6.781288
v -0.535344 2.425017 -6.717014
v -0.528542 2.832663 -7.004407
v -0.509759 2.373014 -6.789791
v -0.512925 2.426321 -6.738918
v -0.508668 2.788783 -7.005162
v -0.929544 3.389467 -8.805890
v -0.786560 3.673406 -10.405364
v -0.888441 3.622994 -10.540595
v -0.935010 3.575775 -10.556603
v -1.025731 3.395038 -10.380049
v -1.222110 3.365369 -10.390107
v -1.279179 3.523780 -10.574232
v -1.308474 3.559539 -10.562109
v -1.389307 3.584876 -10.435377
v -1.373901 2.957534 -7.712998
v -1.368762 2.796340 -6.925377
v -0.994792 2.790259 -6.923148
v -0.529551 2.790259 -6.923148
v -0.509300 2.753085 -6.927043
v -0.489314 2.790259 -6.923148
v 0.000000 2.790259 -6.923148
v -0.935745 2.964604 -7.631117
v -1.163427 2.968317 -7.648756
v -1.203849 3.029186 -7.606026
v 1.433947 2.071686 -4.430871
v 1.496121 2.036986 -4.430871
v 1.860440 2.421890 -5.428646
v 1.878602 2.402449 -5.428646
v 1.860440 2.421890 -5.533890
v 1.878602 2.402449 -5.533890
v 1.433947 2.071686 -5.128747
v 1.496121 2.036986 -5.128747
v 1.394324 2.083412 -4.333222
v 1.518749 2.014965 -4.333222
v 1.394324 2.083411 -5.226396
v 1.518749 2.014964 -5.226396
v 1.334862 2.029393 -4.333222
v 1.436455 1.939236 -4.333222
v 1.334862 2.029393 -5.226396
v 1.436455 1.939236 -5.226396
v 1.836753 0.986249 0.677555
v 2.094119 0.986249 0.677555
v 1.836753 1.186543 0.677554
v 2.094119 1.186543 0.677554
v 1.836753 1.186543 0.391973
v 2.094119 1.186543 0.391973
v 1.836753 0.986249 0.391973
v 2.094119 0.986249 0.391973
v 2.172571 1.086396 0.677555
v 1.758301 1.086396 0.677555
v 1.758301 1.086396 0.391973
v 2.172571 1.086396 0.391973
v 1.859845 1.010906 0.677555
v 2.071026 1.010906 0.677555
v 2.135400 1.086396 0.677555
v 1.795472 1.086396 0.677555
v 2.071026 1.161885 0.677555
v 1.859845 1.161885 0.677555
v 1.875995 1.029935 0.706953
v 2.054877 1.029935 0.706953
v 2.103045 1.086396 0.706953
v 1.827827 1.086396 0.706953
v 2.054877 1.142856 0.706953
v 1.875995 1.142856 0.706953
v -1.541945 0.986249 0.677555
v -1.284579 0.986249 0.677555
v -1.541945 1.186543 0.677554
v -1.284579 1.186543 0.677554
v -1.541945 1.186543 0.391973
v -1.284579 1.186543 0.391973
v -1.541945 0.986249 0.391973
v -1.284579 0.986249 0.391973
v -1.206127 1.086396 0.677555
v -1.620397 1.086396 0.677555
v -1.620397 1.086396 0.391973
v -1.206127 1.086396 0.391973
v -1.518853 1.010906 0.677555
v -1.307671 1.010906 0.677555
v -1.243298 1.086396 0.677555
v -1.583226 1.086396 0.677555
v -1.307671 1.161885 0.677555
v -1.518853 1.161885 0.677555
v -1.502703 1.029935 0.706953
v -1.323821 1.029935 0.706953
v -1.275653 1.086396 0.706953
v -1.550871 1.086396 0.706953
v -1.323821 1.142856 0.706953
v -1.502703 1.142856 0.706953
v 1.281782 0.986249 0.677555
v 1.539148 0.986249 0.677555
v 1.281782 1.186543 0.677554
v 1.539148 1.186543 0.677554
v 1.281782 1.186543 0.391973
v 1.539148 1.186543 0.391973
v 1.281782 0.986249 0.391973
v 1.539148 0.986249 0.391973
v 1.617600 1.086396 0.677555
v 1.203329 1.086396 0.677555
v 1.203329 1.086396 0.391973
v 1.617600 1.086396 0.391973
v 1.304874 1.010906 0.677555
v 1.516055 1.010906 0.677555
v 1.580428 1.086396 0.677555
v 1.240501 1.086396 0.677555
v 1.516055 1.161885 0.677555
v 1.304874 1.161885 0.677555
v 1.321024 1.029935 0.706953
v 1.499905 1.029935 0.706953
v 1.548073 1.086396 0.706953
v 1.272856 1.086396 0.706953
v 1.499905 1.142856 0.706953
v 1.321024 1.142856 0.706953
v -2.494809 1.101025 0.817172
v -2.561868 1.457216 -5.447650
v -5.811434 1.235010 -2.186858
v -5.811434 0.882857 0.817172
v -0.000000 2.200728 -5.909838
v 0.000000 2.025696 0.166154
v -3.042866 1.235010 -4.451080
v -3.042866 0.882857 0.817171
v -0.995939 1.283897 0.815354
v -1.990927 1.457216 -5.447650
v -3.009440 1.266222 -4.682328
v -3.009440 1.101025 0.817171
v -1.653215 1.942832 -5.909838
v -0.750986 1.762546 0.534035
v -1.326952 2.075435 -5.909838
v -0.668547 1.896409 0.287843
v -0.630558 2.200728 -5.909838
v -0.270327 2.025696 0.166154
v -0.891794 2.075435 -5.909838
v -0.401939 1.900402 0.166154
v -2.377613 1.268242 0.817172
v -2.507871 1.457217 -1.471806
v -4.787147 1.235010 -2.377402
v -4.518600 0.882857 0.817171
v -3.194002 0.658066 1.026335
v -4.367465 0.658066 1.026335
v -0.000000 2.200728 -7.658367
v -0.630558 2.200728 -7.658367
v -1.653215 1.942832 -7.863889
v -1.990927 1.457216 -6.468125
v -1.326952 2.075435 -7.863889
v -0.891794 2.208247 -7.966496
v -5.811434 1.071261 0.466422
v -3.042866 1.071261 0.466419
v -3.009439 1.241528 0.466419
v -2.517226 1.304918 0.466419
v -2.412884 1.420632 0.466419
v -1.144682 1.428460 0.466419
v -1.005993 1.906378 0.066066
v -0.813151 2.039611 -0.057030
v -0.595068 2.039611 -0.117875
v -0.437650 2.164907 -0.117875
v 0.000000 2.164907 -0.117875
v -2.457310 1.012413 0.817172
v -2.957406 1.012413 0.817171
v 0.000000 1.937084 0.166154
v -0.270327 1.937084 0.166154
v -0.946618 1.195286 0.815354
v -2.335984 1.179631 0.817172
v -2.990832 0.794247 0.817171
v -0.701664 1.673934 0.534035
v -0.625997 1.807797 0.287843
v -0.401939 1.811789 0.166154
v -4.518600 0.794247 0.817171
v -5.811434 0.794247 0.817172
v -3.151259 0.569454 1.026335
v -4.367465 0.569454 1.026335
v -0.000000 2.174882 -1.396280
v -0.608459 2.174882 -1.396280
v -0.794791 2.049588 -1.396280
v -1.213826 2.049588 -1.396280
v -1.484810 1.916531 -1.396279
v -1.678927 1.436469 -1.307215
v 0.000000 2.175574 -1.510460
v -0.609050 2.175574 -1.510460
v -0.797383 2.050279 -1.510460
v -1.216849 2.050279 -1.509889
v -1.489311 1.917234 -1.508734
v -1.687266 1.437024 -1.430026
v -0.000000 2.146920 -1.451542
v -0.608747 2.146920 -1.451542
v -0.796055 2.021626 -1.451542
v -1.215300 2.021626 -1.451541
v -1.442108 1.888575 -1.451540
v -1.654854 1.437024 -1.367106
v -4.731706 1.071261 0.466421
v -4.731706 0.882857 0.817171
v -4.731706 0.794247 0.817171
v -4.949140 1.071261 0.466421
v -4.949140 0.882857 0.817172
v -4.949140 0.794247 0.817172
v -2.516931 1.324163 0.269141
v -3.009439 1.242307 0.289540
v -3.042866 1.076430 0.296839
v -4.731706 1.114322 -0.470435
v -4.949140 1.114321 -0.470435
v -5.811434 1.114321 -0.231298
v -4.775973 1.122636 0.613437
v -4.775973 0.882857 0.964187
v -4.904872 0.882857 0.964188
v -4.904872 1.122636 0.613438
v -4.904872 0.794247 0.964188
v -4.775973 0.794247 0.964187
v -2.561868 1.283000 -5.511788
v -3.009440 1.124086 -4.820704
v -3.042866 1.092873 -4.589457
v -4.884296 1.092873 -2.515778
v -1.990927 1.414947 -5.586024
v -5.811434 1.092873 -2.325234
v -3.042866 1.169818 -2.557876
v -3.009439 1.255695 -2.556678
v -2.676483 1.393010 -2.551084
v -2.522494 1.457216 -2.548492
v -1.771065 1.442596 -2.538741
v -1.777866 1.443049 -2.628726
v -2.523789 1.457216 -2.643862
v -2.691499 1.387293 -2.647203
v -3.009439 1.256175 -2.653537
v -3.042866 1.173135 -2.654144
v -1.774453 1.413139 -2.583571
v -2.523139 1.427534 -2.596005
v -2.683964 1.360477 -2.598970
v -2.956525 1.236673 -2.604932
v -2.999164 1.171470 -2.605835
v -1.990927 1.457216 -5.524232
v -1.653215 1.942832 -5.979719
v -1.326952 2.075435 -5.979719
v -0.891795 2.075435 -5.979718
v -0.630558 2.200728 -5.964295
v -0.000000 2.200728 -5.964295
v -1.942423 1.457216 -5.496500
v -1.605694 1.902795 -5.949950
v -1.326952 2.035396 -5.949950
v -0.891795 2.035396 -5.949950
v -0.630558 2.160690 -5.942800
v -0.000000 2.160690 -5.942800
v -2.329748 1.164526 0.498850
v -2.957406 1.164526 0.498850
v 0.000000 1.937084 -0.018937
v -0.270327 1.937084 -0.018937
v -0.946618 1.195286 0.341266
v -2.990832 0.794247 0.623413
v -0.758469 1.673934 -0.018933
v -0.569192 1.807797 -0.018935
v -0.401939 1.811789 -0.018937
v -4.518577 0.794247 0.583482
v -3.151259 0.569454 0.927313
v -4.367465 0.569454 0.927313
v -2.993651 0.610963 0.498588
v -2.539562 1.124086 -4.820704
v -2.539562 1.092873 -4.589457
v -2.393754 0.610963 0.498588
v -5.811434 0.696235 -1.906451
v -4.518600 0.696235 -1.948928
v -3.007225 0.696235 -2.041822
v -2.539561 0.696235 -2.063793
v -4.518600 0.610963 0.412950
v -5.811434 0.595205 0.341004
v -5.837686 0.886004 0.755205
v -5.837686 1.036389 0.457991
v -5.837686 0.806041 0.755205
v -5.837686 0.626418 0.297816
v -5.837686 0.717590 -1.861001
v -5.837686 1.075529 -2.263267
v -5.837686 1.203798 -2.130349
v -5.837686 1.094885 -0.251914
v -0.000000 1.414948 -5.586028
v -0.630558 1.414948 -5.586028
v -1.653215 1.414947 -5.586030
v -1.326952 1.414947 -5.586030
v -0.891794 1.414947 -5.586030
v -0.000000 1.491087 -7.232684
v -0.000000 1.414948 -7.110877
v -0.630558 1.491087 -7.232684
v -0.641648 1.414948 -7.110877
v -1.990927 1.414947 -6.425859
v -1.990927 1.457212 -6.468125
v -1.653215 1.491084 -7.438206
v -1.631887 1.414947 -7.316399
v -1.326952 1.491084 -7.438206
v -1.326952 1.414947 -7.316399
v -0.891794 1.491084 -7.438205
v -0.902884 1.414947 -7.316398
v -3.830475 1.235010 -3.667849
v -3.915007 1.092873 -3.806225
v -3.943353 1.235010 -3.280046
v -4.034126 1.092873 -3.411003
v -5.837686 1.139664 -2.284191
v -5.811434 1.163942 -2.343430
v -4.884296 1.163942 -2.533974
v -4.048326 1.163942 -3.432908
v -3.932326 1.163942 -3.824420
v -3.165769 1.163941 -4.568645
v -3.132343 1.195154 -4.799892
v -2.640179 1.370109 -5.567102
v -2.291694 1.436082 -5.567102
v -1.653215 1.942832 -6.504539
v -1.326952 2.075435 -6.545195
v -0.891795 2.075435 -6.547650
v -0.630558 2.200728 -6.419391
v -0.000000 2.200728 -6.419391
v -0.000000 2.075435 -6.547650
v -0.891795 2.075435 -6.676676
v -1.326952 2.075435 -6.673670
v -1.326952 1.943538 -6.545195
v -1.326952 1.943538 -6.673670
v -0.891795 1.943538 -6.547650
v -0.000000 1.943538 -6.547650
v 0.000000 2.166105 -0.271340
v -0.458154 2.166105 -0.271340
v -0.619044 2.040812 -0.271340
v -0.861250 2.040812 -0.217798
v -1.063472 1.907599 -0.109479
v -1.208815 1.429423 0.253505
v -2.424287 1.424888 0.265853
v -4.518600 1.079230 0.326089
v -4.731706 1.080850 0.331583
v -4.949140 1.078594 0.326858
v -5.811434 1.080471 0.317196
v -5.837686 1.061700 0.320436
v -4.795173 1.086919 0.665683
v -4.795173 0.918573 0.911941
v -4.885672 0.918573 0.911942
v -4.885672 1.086919 0.665684
v -4.329583 1.105300 -0.287743
v -3.042866 1.199560 -3.421534
v -3.042866 1.232471 -4.288435
v -4.290692 1.104428 -0.270073
v -4.471530 1.079141 0.325157
v -4.486908 1.071263 0.466420
v -4.530459 1.071261 0.466420
v -4.561145 0.882857 0.817171
v -4.552234 0.794247 0.817171
v -3.042866 1.102987 -0.514905
v -3.729350 1.111062 -0.602817
v -3.633751 1.106533 -0.486536
v -3.596353 1.055521 -0.529895
v -3.060514 1.052304 -0.555620
v -3.683046 1.059628 -0.635343
v -3.060514 1.112910 -2.408273
v -0.000000 2.180601 -2.389829
v -0.613360 2.180615 -2.392183
v -2.258317 1.343928 -5.502781
v -1.369133 1.431827 -0.278735
v -2.450020 1.434842 -0.269120
v -2.463272 1.456067 -2.642634
v -2.490041 1.457216 -5.447650
v -5.837686 1.014989 -2.195230
v -5.811434 1.007898 -2.235514
v -4.852970 0.993247 -2.374693
v -4.667138 1.046987 -2.460946
v -3.040235 1.063594 -4.401398
v -3.897967 1.050413 -3.351447
v -3.799158 1.063198 -3.717264
v -4.518600 0.650859 -0.692078
v -3.000006 0.650885 -0.690751
v -4.894007 0.993875 -2.368734
v -4.569340 0.696235 -1.947260
v -4.562716 0.610425 0.410495
v -4.561678 0.629302 0.453396
v -4.556633 0.791612 0.602708
v 2.494809 1.101025 0.817172
v 2.561868 1.457216 -5.447650
v 5.811434 1.235010 -2.186858
v 5.811434 0.882857 0.817172
v 0.000000 2.200728 -5.909838
v -0.000000 2.025696 0.166154
v 3.042866 1.235010 -4.451080
v 3.042866 0.882857 0.817171
v 0.995939 1.283897 0.815354
v 1.990927 1.457216 -5.447650
v 3.009440 1.266222 -4.682328
v 3.009440 1.101025 0.817171
v 1.653215 1.942832 -5.909838
v 0.750986 1.762546 0.534035
v 1.326952 2.075435 -5.909838
v 0.668547 1.896409 0.287843
v 0.630558 2.200728 -5.909838
v 0.270327 2.025696 0.166154
v 0.891794 2.075435 -5.909838
v 0.401939 1.900402 0.166154
v 2.377613 1.268242 0.817172
v 2.507871 1.457217 -1.471806
v 4.787147 1.235010 -2.377402
v 4.518600 0.882857 0.817171
v 3.194002 0.658066 1.026335
v 4.367465 0.658066 1.026335
v 0.000000 2.200728 -7.658367
v 0.630558 2.200728 -7.658367
v 1.653215 1.942832 -7.863889
v 1.990927 1.457216 -6.468125
v 1.326952 2.075435 -7.863889
v 0.891794 2.208247 -7.966496
v 5.811434 1.071261 0.466422
v 3.042866 1.071261 0.466419
v 3.009439 1.241528 0.466419
v 2.517226 1.304918 0.466419
v 2.412884 1.420632 0.466419
v 1.144682 1.428460 0.466419
v 1.005993 1.906378 0.066066
v 0.813151 2.039611 -0.057030
v 0.595068 2.039611 -0.117875
v 0.437650 2.164907 -0.117875
v -0.000000 2.164907 -0.117875
v 2.457310 1.012413 0.817172
v 2.957406 1.012413 0.817171
v -0.000000 1.937084 0.166154
v 0.270327 1.937084 0.166154
v 0.946618 1.195286 0.815354
v 2.335984 1.179631 0.817172
v 2.990832 0.794247 0.817171
v 0.701664 1.673934 0.534035
v 0.625997 1.807797 0.287843
v 0.401939 1.811789 0.166154
v 4.518600 0.794247 0.817171
v 5.811434 0.794247 0.817172
v 3.151259 0.569454 1.026335
v 4.367465 0.569454 1.026335
v 0.000000 2.174882 -1.396280
v 0.608459 2.174882 -1.396280
v 0.794791 2.049588 -1.396280
v 1.213826 2.049588 -1.396280
v 1.484810 1.916531 -1.396279
v 1.678927 1.436469 -1.307215
v 0.000000 2.175574 -1.510460
v 0.609050 2.175574 -1.510460
v 0.797383 2.050279 -1.510460
v 1.216849 2.050279 -1.509889
v 1.489311 1.917234 -1.508734
v 1.687266 1.437024 -1.430026
v 0.000000 2.146920 -1.451542
v 0.608747 2.146920 -1.451542
v 0.796055 2.021626 -1.451542
v 1.215300 2.021626 -1.451541
v 1.442108 1.888575 -1.451540
v 1.654854 1.437024 -1.367106
v 4.731706 1.071261 0.466421
v 4.731706 0.882857 0.817171
v 4.731706 0.794247 0.817171
v 4.949140 1.071261 0.466421
v 4.949140 0.882857 0.817172
v 4.949140 0.794247 0.817172
v 2.516931 1.324163 0.269141
v 3.009439 1.242307 0.289540
v 3.042866 1.076430 0.296839
v 4.731706 1.114322 -0.470435
v 4.949140 1.114321 -0.470435
v 5.811434 1.114321 -0.231298
v 4.775973 1.122636 0.613437
v 4.775973 0.882857 0.964187
v 4.904872 0.882857 0.964188
v 4.904872 1.122636 0.613438
v 4.904872 0.794247 0.964188
v 4.775973 0.794247 0.964187
v 2.561868 1.283000 -5.511788
v 3.009440 1.124086 -4.820704
v 3.042866 1.092873 -4.589457
v 4.884296 1.092873 -2.515778
v 1.990927 1.414947 -5.586024
v 5.811434 1.092873 -2.325234
v 3.042866 1.169818 -2.557876
v 3.009439 1.255695 -2.556678
v 2.676483 1.393010 -2.551084
v 2.522494 1.457216 -2.548492
v 1.771065 1.442596 -2.538741
v 1.777866 1.443049 -2.628726
v 2.523789 1.457216 -2.643862
v 2.691499 1.387293 -2.647203
v 3.009439 1.256175 -2.653537
v 3.042866 1.173135 -2.654144
v 1.774453 1.413139 -2.583571
v 2.523139 1.427534 -2.596005
v 2.683964 1.360477 -2.598970
v 2.956525 1.236673 -2.604932
v 2.999164 1.171470 -2.605835
v 1.990927 1.457216 -5.524232
v 1.653215 1.942832 -5.979719
v 1.326952 2.075435 -5.979719
v 0.891795 2.075435 -5.979718
v 0.630558 2.200728 -5.964295
v 0.000000 2.200728 -5.964295
v 1.942423 1.457216 -5.496500
v 1.605694 1.902795 -5.949950
v 1.326952 2.035396 -5.949950
v 0.891795 2.035396 -5.949950
v 0.630558 2.160690 -5.942800
v 0.000000 2.160690 -5.942800
v 2.329748 1.164526 0.498850
v 2.957406 1.164526 0.498850
v -0.000000 1.937084 -0.018937
v 0.270327 1.937084 -0.018937
v 0.946618 1.195286 0.341266
v 2.990832 0.794247 0.623413
v 0.758469 1.673934 -0.018933
v 0.569192 1.807797 -0.018935
v 0.401939 1.811789 -0.018937
v 4.518577 0.794247 0.583482
v 3.151259 0.569454 0.927313
v 4.367465 0.569454 0.927313
v 2.993651 0.610963 0.498588
v 2.539562 1.124086 -4.820704
v 2.539562 1.092873 -4.589457
v 2.393754 0.610963 0.498588
v 5.811434 0.696235 -1.906451
v 4.518600 0.696235 -1.948928
v 3.007225 0.696235 -2.041822
v 2.539561 0.696235 -2.063793
v 4.518600 0.610963 0.412950
v 5.811434 0.595205 0.341004
v 5.837686 0.886004 0.755205
v 5.837686 1.036389 0.457991
v 5.837686 0.806041 0.755205
v 5.837686 0.626418 0.297816
v 5.837686 0.717590 -1.861001
v 5.837686 1.075529 -2.263267
v 5.837686 1.203798 -2.130349
v 5.837686 1.094885 -0.251914
v 0.000000 1.414948 -5.586028
v 0.630558 1.414948 -5.586028
v 1.653215 1.414947 -5.586030
v 1.326952 1.414947 -5.586030
v 0.891794 1.414947 -5.586030
v 0.000000 1.491087 -7.232684
v 0.000000 1.414948 -7.110877
v 0.630558 1.491087 -7.232684
v 0.641648 1.414948 -7.110877
v 1.990927 1.414947 -6.425859
v 1.990927 1.457212 -6.468125
v 1.653215 1.491084 -7.438206
v 1.631887 1.414947 -7.316399
v 1.326952 1.491084 -7.438206
v 1.326952 1.414947 -7.316399
v 0.891794 1.491084 -7.438205
v 0.902884 1.414947 -7.316398
v 3.830475 1.235010 -3.667849
v 3.915007 1.092873 -3.806225
v 3.943353 1.235010 -3.280046
v 4.034126 1.092873 -3.411003
v 5.837686 1.139664 -2.284191
v 5.811434 1.163942 -2.343430
v 4.884296 1.163942 -2.533974
v 4.048326 1.163942 -3.432908
v 3.932326 1.163942 -3.824420
v 3.165769 1.163941 -4.568645
v 3.132343 1.195154 -4.799892
v 2.640179 1.370109 -5.567102
v 2.291694 1.436082 -5.567102
v 1.653215 1.942832 -6.504539
v 1.326952 2.075435 -6.545195
v 0.891795 2.075435 -6.547650
v 0.630558 2.200728 -6.419391
v 0.000000 2.200728 -6.419391
v 0.000000 2.075435 -6.547650
v 0.891795 2.075435 -6.676676
v 1.326952 2.075435 -6.673670
v 1.326952 1.943538 -6.545195
v 1.326952 1.943538 -6.673670
v 0.891795 1.943538 -6.547650
v 0.000000 1.943538 -6.547650
v -0.000000 2.166105 -0.271340
v 0.458154 2.166105 -0.271340
v 0.619044 2.040812 -0.271340
v 0.861250 2.040812 -0.217798
v 1.063472 1.907599 -0.109479
v 1.208815 1.429423 0.253505
v 2.424287 1.424888 0.265853
v 4.518600 1.079230 0.326089
v 4.731706 1.080850 0.331583
v 4.949140 1.078594 0.326858
v 5.811434 1.080471 0.317196
v 5.837686 1.061700 0.320436
v 4.795173 1.086919 0.665683
v 4.795173 0.918573 0.911941
v 4.885672 0.918573 0.911942
v 4.885672 1.086919 0.665684
v 4.329583 1.105300 -0.287743
v 3.042866 1.199560 -3.421534
v 3.042866 1.232471 -4.288435
v 4.290692 1.104428 -0.270073
v 4.471530 1.079141 0.325157
v 4.486908 1.071263 0.466420
v 4.530459 1.071261 0.466420
v 4.561145 0.882857 0.817171
v 4.552234 0.794247 0.817171
v 3.042866 1.102987 -0.514905
v 3.729350 1.111062 -0.602817
v 3.633751 1.106533 -0.486536
v 3.596353 1.055521 -0.529895
v 3.060514 1.052304 -0.555620
v 3.683046 1.059628 -0.635343
v 3.060514 1.112910 -2.408273
v 0.000000 2.180601 -2.389829
v 0.613360 2.180615 -2.392183
v 2.258317 1.343928 -5.502781
v 1.369133 1.431827 -0.278735
v 2.450020 1.434842 -0.269120
v 2.463272 1.456067 -2.642634
v 2.490041 1.457216 -5.447650
v 5.837686 1.014989 -2.195230
v 5.811434 1.007898 -2.235514
v 4.852970 0.993247 -2.374693
v 4.667138 1.046987 -2.460946
v 3.040235 1.063594 -4.401398
v 3.897967 1.050413 -3.351447
v 3.799158 1.063198 -3.717264
v 4.518600 0.650859 -0.692078
v 3.000006 0.650885 -0.690751
v 4.894007 0.993875 -2.368734
v 4.569340 0.696235 -1.947260
v 4.562716 0.610425 0.410495
v 4.561678 0.629302 0.453396
v 4.556633 0.791612 0.602708
v -1.836753 0.986249 0.677555
v -2.094119 0.986249 0.677555
v -1.836753 1.186543 0.677554
v -2.094119 1.186543 0.677554
v -1.836753 1.186543 0.391973
v -2.094119 1.186543 0.391973
v -1.836753 0.986249 0.391973
v -2.094119 0.986249 0.391973
v -2.172571 1.086396 0.677555
v -1.758301 1.086396 0.677555
v -1.758301 1.086396 0.391973
v -2.172571 1.086396 0.391973
v -1.859845 1.010906 0.677555
v -2.071026 1.010906 0.677555
v -2.135400 1.086396 0.677555
v -1.795472 1.086396 0.677555
v -2.071026 1.161885 0.677555
v -1.859845 1.161885 0.677555
v -1.875995 1.029935 0.706953
v -2.054877 1.029935 0.706953
v -2.103045 1.086396 0.706953
v -1.827827 1.086396 0.706953
v -2.054877 1.142856 0.706953
v -1.875995 1.142856 0.706953
v -7.826649 1.376714 -0.774428
v -7.826649 2.110736 -0.774428
v -7.757607 2.110736 -1.280537
v -7.826649 2.110736 -1.238058
v -7.757607 1.376714 -1.280537
v -7.826649 1.376714 -1.238058
v -7.826649 1.523518 -1.238058
v -7.757607 1.523518 -1.280537
v -7.826649 1.592477 -1.369350
v -7.757607 1.592477 -1.411829
v -7.826649 1.894973 -1.369350
v -7.757607 1.894973 -1.411829
v -7.826649 1.963931 -1.238058
v -7.757607 1.963931 -1.280537
v -7.808167 1.376714 -1.216850
v -7.808167 2.110736 -1.216850
v -7.739125 2.110736 -1.722959
v -7.808167 2.110736 -1.680480
v -7.739125 1.376714 -1.722959
v -7.808167 1.376714 -1.680480
v -7.808167 1.523518 -1.680480
v -7.739125 1.523518 -1.722959
v -7.808167 1.592477 -1.811772
v -7.739125 1.592477 -1.854251
v -7.808167 1.894973 -1.811772
v -7.739125 1.894973 -1.854251
v -7.808167 1.963931 -1.680480
v -7.739125 1.963931 -1.722959
v -7.894783 2.171017 -2.981698
v -7.653968 2.411828 -2.981699
v -7.894783 2.171017 -3.201229
v -7.653968 2.411828 -3.201229
v -7.470136 2.411828 -3.201229
v -7.470136 2.411828 -2.981699
v -7.894783 1.977413 -3.201228
v -7.894783 1.977413 -2.981698
v -7.699043 2.505532 -3.012174
v -7.989196 2.215381 -3.012174
v -7.989196 2.215381 -3.170753
v -7.699043 2.505532 -3.170753
v -7.498794 2.510508 -3.012174
v -7.498794 2.510508 -3.170753
v -7.993463 2.007239 -3.012173
v -7.993463 2.007239 -3.170753
v -7.738059 2.324095 -2.568134
v -7.782066 2.276987 -2.568134
v -8.214136 2.742940 -3.160764
v -8.232298 2.723499 -3.160764
v -8.214136 2.742940 -3.266008
v -8.232298 2.723499 -3.266008
v -7.738059 2.324095 -3.266008
v -7.782066 2.276987 -3.266008
v -7.894782 2.171016 -2.522333
v -7.653968 2.411828 -2.522334
v -7.894782 2.171016 -2.741864
v -7.653968 2.411828 -2.741864
v -7.470136 2.411828 -2.741864
v -7.470136 2.411828 -2.522334
v -7.894782 1.977413 -2.741863
v -7.894782 1.977413 -2.522332
v -7.699043 2.505531 -2.552809
v -7.989196 2.215380 -2.552809
v -7.989196 2.215380 -2.711388
v -7.699043 2.505531 -2.711388
v -7.498794 2.510508 -2.552809
v -7.498794 2.510508 -2.711388
v -7.993462 2.007238 -2.552808
v -7.993462 2.007238 -2.711388
v -7.894782 2.171017 0.355644
v -7.653968 2.411828 0.355643
v -7.894782 2.171017 0.136113
v -7.653968 2.411828 0.136113
v -7.519109 2.411828 0.136113
v -7.519109 2.411828 0.355643
v -7.894782 1.977413 0.136114
v -7.894782 1.977413 0.355645
v -7.699043 2.505532 0.325168
v -7.989196 2.215381 0.325168
v -7.989196 2.215381 0.166589
v -7.699043 2.505532 0.166588
v -7.547767 2.510509 0.325168
v -7.547767 2.510509 0.166588
v -7.993462 2.007239 0.325169
v -7.993462 2.007239 0.166589
v -5.893174 2.171016 -2.981698
v -6.133988 2.411828 -2.981699
v -5.893174 2.171016 -3.201229
v -6.133988 2.411828 -3.201229
v -6.317820 2.411828 -3.201229
v -6.317820 2.411828 -2.981699
v -5.893174 1.977413 -3.201228
v -5.893174 1.977413 -2.981697
v -6.088913 2.505532 -3.012174
v -5.798759 2.215380 -3.012174
v -5.798759 2.215380 -3.170753
v -6.088913 2.505532 -3.170753
v -6.289162 2.510508 -3.012174
v -6.289162 2.510508 -3.170753
v -5.794493 2.007238 -3.012173
v -5.794493 2.007238 -3.170753
v -5.893174 2.171017 0.355643
v -6.133988 2.411828 0.355643
v -5.893174 2.171017 0.136113
v -6.133988 2.411828 0.136112
v -6.262349 2.411828 0.136112
v -6.262349 2.411828 0.355643
v -5.893174 1.977413 0.136113
v -5.893174 1.977413 0.355644
v -6.088913 2.505532 0.325167
v -5.798759 2.215381 0.325168
v -5.798759 2.215381 0.166588
v -6.088913 2.505532 0.166588
v -6.233690 2.510509 0.325167
v -6.233690 2.510509 0.166588
v -5.794493 2.007239 0.325168
v -5.794493 2.007239 0.166589
v -6.302939 1.930651 1.258675
v -7.515345 1.930651 1.258675
v -6.302939 1.979668 1.258675
v -7.515345 1.979668 1.258675
v -6.302939 1.991712 1.245595
v -7.515345 1.991712 1.245595
v -6.302939 1.918606 1.245595
v -7.515345 1.918606 1.245595
v -6.302939 1.507133 1.258675
v -7.515345 1.507133 1.258675
v -6.302939 1.556150 1.258675
v -7.515345 1.556150 1.258675
v -6.302939 1.568194 1.245595
v -7.515345 1.568194 1.245595
v -6.302939 1.495088 1.245595
v -7.515345 1.495088 1.245595
v -7.844910 1.376714 -0.331140
v -7.844910 2.110736 -0.331140
v -7.775868 2.110736 -0.837249
v -7.844910 2.110736 -0.794769
v -7.775868 1.376714 -0.837248
v -7.844910 1.376714 -0.794769
v -7.844910 1.523519 -0.794769
v -7.775868 1.523519 -0.837248
v -7.844910 1.592477 -0.926061
v -7.775868 1.592477 -0.968540
v -7.844910 1.894973 -0.926061
v -7.775868 1.894973 -0.968540
v -7.844910 1.963931 -0.794769
v -7.775868 1.963931 -0.837248
v -5.893174 2.171016 -2.522333
v -6.133988 2.411828 -2.522333
v -5.893174 2.171016 -2.741864
v -6.133988 2.411828 -2.741864
v -6.317820 2.411828 -2.741864
v -6.317820 2.411828 -2.522333
v -5.893174 1.977413 -2.741863
v -5.893174 1.977413 -2.522332
v -6.088913 2.505532 -2.552809
v -5.798759 2.215380 -2.552809
v -5.798759 2.215380 -2.711388
v -6.088913 2.505532 -2.711388
v -6.289162 2.510508 -2.552809
v -6.289162 2.510508 -2.711388
v -5.794493 2.007238 -2.552808
v -5.794493 2.007238 -2.711387
v -5.893176 2.171017 1.440894
v -6.133987 2.411829 1.440894
v -5.893176 2.171017 -3.332920
v -6.133987 2.411829 -3.332921
v -7.653968 2.411829 1.440894
v -7.894782 2.171017 1.440894
v -7.894782 2.171017 -3.332920
v -7.653968 2.411829 -3.332921
v -6.133987 1.078745 1.440894
v -5.893176 1.319557 1.440894
v -5.893176 1.319557 -3.332916
v -6.133987 1.078745 -3.332916
v -7.894782 1.319557 1.440894
v -7.653968 1.078745 1.440894
v -7.653968 1.078745 -3.332916
v -7.894782 1.319557 -3.332916
v -6.286839 1.286412 1.772727
v -6.184299 1.394230 1.772727
v -7.501118 1.286412 1.772727
v -7.603659 1.394230 1.772727
v -7.603659 2.096345 1.772727
v -7.501118 2.204162 1.772727
v -6.286839 2.204162 1.772727
v -6.184299 2.096345 1.772727
v -6.397034 2.120876 -3.305775
v -6.313106 2.032628 -3.305775
v -7.390923 2.120876 -3.305775
v -7.474854 2.032628 -3.305775
v -7.474854 1.457948 -3.305773
v -7.390923 1.369698 -3.305772
v -6.397034 1.369698 -3.305772
v -6.313106 1.457948 -3.305773
v -6.286839 1.286412 1.613224
v -6.184299 1.394230 1.613224
v -7.501118 1.286412 1.613224
v -7.603659 1.394230 1.613224
v -7.603659 2.096345 1.613224
v -7.501118 2.204162 1.613224
v -6.286839 2.204162 1.613224
v -6.184299 2.096345 1.613224
v -6.375057 1.373408 1.596546
v -6.287419 1.458418 1.596546
v -7.412900 1.373408 1.596546
v -7.500541 1.458418 1.596546
v -7.500541 2.032156 1.596546
v -7.412900 2.117168 1.596546
v -6.375057 2.117168 1.596546
v -6.287419 2.032156 1.596546
v -6.435096 1.438989 1.245595
v -6.357596 1.509010 1.245595
v -7.352861 1.438989 1.245595
v -7.430364 1.509010 1.245595
v -7.430364 1.981565 1.245595
v -7.352861 2.051586 1.245595
v -6.435096 2.051586 1.245595
v -6.357596 1.981565 1.245595
v -7.894782 1.437354 -0.341956
v -7.894782 1.376610 -0.301910
v -7.894782 1.377922 -0.397078
v -7.791936 1.490394 -0.372631
v -7.791936 1.430960 -0.427753
v -7.894782 1.377922 -2.395919
v -7.894782 1.375276 -2.491021
v -7.894782 1.437354 -2.451041
v -7.791936 1.490393 -2.420367
v -7.791936 1.430960 -2.365244
v -7.894782 2.053219 -2.451043
v -7.894782 2.115298 -2.491022
v -7.894782 2.112652 -2.395921
v -7.791936 2.059613 -2.365246
v -7.791936 2.000180 -2.420368
v -7.894782 2.112652 -0.397078
v -7.894782 2.113964 -0.301910
v -7.894782 2.053220 -0.341956
v -7.791936 2.000180 -0.372631
v -7.791936 2.059613 -0.427753
v -6.293359 2.411829 -1.642812
v -6.293359 2.411829 0.570368
v -7.494598 2.411829 0.570368
v -7.494598 2.411829 -1.642812
v -7.254351 2.411829 -1.642812
v -7.151078 2.411829 -1.903640
v -6.636878 2.411829 -1.903640
v -6.533606 2.411829 -1.642812
v -6.348547 2.356202 -1.602713
v -6.348547 2.356202 0.521576
v -6.566719 2.356202 -1.602713
v -7.221237 2.356202 -1.602713
v -7.439408 2.356202 0.521576
v -7.439408 2.356202 -1.602713
v -7.127455 2.356202 -1.854848
v -6.660502 2.356202 -1.854848
v -6.397034 2.120876 -3.098298
v -6.313106 2.032628 -3.098297
v -7.390923 2.120876 -3.098298
v -7.474854 2.032628 -3.098297
v -7.474854 1.457948 -3.098294
v -7.390923 1.369698 -3.098293
v -6.397034 1.369698 -3.098293
v -6.313106 1.457948 -3.098294
v -6.474569 2.043002 -3.098298
v -6.403738 1.973052 -3.098296
v -7.313388 2.043002 -3.098298
v -7.384223 1.973052 -3.098296
v -7.384223 1.517522 -3.098294
v -7.313388 1.447573 -3.098294
v -6.474569 1.447573 -3.098294
v -6.403738 1.517522 -3.098294
v -6.565633 1.945274 -2.903333
v -6.510178 1.898286 -2.903332
v -7.222328 1.945274 -2.903333
v -7.277783 1.898286 -2.903332
v -7.277783 1.592288 -2.903331
v -7.222328 1.545300 -2.903330
v -6.565633 1.545300 -2.903330
v -6.510178 1.592288 -2.903331
v -7.522763 2.244935 1.772727
v -7.642399 2.117198 1.772727
v -7.642399 1.373376 1.772727
v -7.522763 1.245640 1.772727
v -6.265193 1.245640 1.772727
v -6.145560 1.373376 1.772727
v -6.145560 2.117198 1.772727
v -6.265193 2.244935 1.772727
v -6.397056 2.411829 -1.567439
v -6.397056 2.411829 0.476801
v -6.595824 2.411829 -1.567439
v -7.390902 2.411829 0.476801
v -7.192133 2.411829 -1.567439
v -7.390902 2.411829 -1.567439
v -6.681267 2.411829 -1.810073
v -7.106692 2.411829 -1.810073
v -7.894782 2.141123 0.400216
v -7.894782 1.349643 0.400216
v -7.614589 2.363906 1.483680
v -7.832972 2.146935 1.483680
v -7.832972 1.343639 1.483680
v -7.614589 1.126668 1.483680
v -6.173366 1.126668 1.483680
v -5.954986 1.343640 1.483680
v -5.954986 2.146935 1.483680
v -6.173366 2.363906 1.483680
v -6.307674 2.188414 -3.596879
v -6.260254 2.240280 -3.607041
v -6.143591 2.106786 -3.618355
v -6.204626 2.086290 -3.608106
v -7.527703 2.240280 -3.607041
v -7.480283 2.188414 -3.596879
v -7.644366 2.106786 -3.618354
v -7.583333 2.086290 -3.608106
v -7.644366 1.383788 -3.618350
v -7.583333 1.404285 -3.608101
v -7.527703 1.250293 -3.607035
v -7.480283 1.302159 -3.596873
v -6.260254 1.250293 -3.607035
v -6.307675 1.302159 -3.596873
v -6.143591 1.383788 -3.618351
v -6.204626 1.404284 -3.608102
v -7.653968 2.411829 -2.505890
v -6.133987 2.411829 -2.505891
v -5.893176 2.171016 -2.889799
v -5.893176 1.319557 -2.889799
v -5.893176 2.171017 -1.512284
v -5.893176 1.319557 -1.512284
v -6.063186 2.341027 -0.128118
v -5.963976 2.241819 -0.128118
v -6.063186 2.341027 -1.480520
v -6.063186 2.341027 -1.763909
v -5.963976 2.241819 -1.763909
v -5.963976 2.241818 -1.612069
v -5.963976 2.241818 -1.140051
v -7.823980 2.241819 -0.128118
v -7.724770 2.341028 -0.128118
v -7.823980 2.241819 -1.763909
v -7.724770 2.341028 -1.763909
v -7.724770 2.341028 -1.480519
v -6.058496 2.324094 -2.568134
v -6.014488 2.276987 -2.568134
v -5.582418 2.742940 -3.160764
v -5.564257 2.723499 -3.160764
v -5.582418 2.742940 -3.266008
v -5.564257 2.723499 -3.266008
v -6.058496 2.324094 -3.266008
v -6.014488 2.276987 -3.266008
v -6.302939 1.789133 1.258675
v -7.515345 1.789133 1.258675
v -6.302939 1.838150 1.258675
v -7.515345 1.838150 1.258675
v -6.302939 1.850195 1.245595
v -7.515345 1.850195 1.245595
v -6.302939 1.777089 1.245595
v -7.515345 1.777089 1.245595
v -6.302939 1.649412 1.258675
v -7.515345 1.649412 1.258675
v -6.302939 1.698429 1.258675
v -7.515345 1.698429 1.258675
v -6.302939 1.710474 1.245595
v -7.515345 1.710474 1.245595
v -6.302939 1.637368 1.245595
v -7.515345 1.637368 1.245595
v -5.893176 2.171017 0.437621
v -5.893176 1.319557 0.437621
v -7.826649 0.518226 -0.774428
v -7.826649 -0.215796 -0.774428
v -7.757607 -0.215796 -1.280537
v -7.826649 -0.215796 -1.238058
v -7.757607 0.518226 -1.280537
v -7.826649 0.518226 -1.238058
v -7.826649 0.371422 -1.238058
v -7.757607 0.371422 -1.280537
v -7.826649 0.302463 -1.369350
v -7.757607 0.302463 -1.411829
v -7.826649 -0.000033 -1.369350
v -7.757607 -0.000033 -1.411829
v -7.826649 -0.068991 -1.238058
v -7.757607 -0.068991 -1.280537
v -7.808167 0.518226 -1.216850
v -7.808167 -0.215796 -1.216850
v -7.739125 -0.215796 -1.722959
v -7.808167 -0.215796 -1.680480
v -7.739125 0.518226 -1.722959
v -7.808167 0.518226 -1.680480
v -7.808167 0.371422 -1.680480
v -7.739125 0.371422 -1.722959
v -7.808167 0.302463 -1.811771
v -7.739125 0.302463 -1.854251
v -7.808167 -0.000033 -1.811771
v -7.739125 -0.000033 -1.854251
v -7.808167 -0.068991 -1.680480
v -7.739125 -0.068991 -1.722959
v -7.894783 -0.276077 -2.981698
v -7.653968 -0.516888 -2.981698
v -7.894783 -0.276077 -3.201229
v -7.653968 -0.516888 -3.201229
v -7.470136 -0.516888 -3.201229
v -7.470136 -0.516888 -2.981698
v -7.894783 -0.082474 -3.201228
v -7.894783 -0.082474 -2.981697
v -7.699043 -0.610592 -3.012174
v -7.989196 -0.320441 -3.012174
v -7.989196 -0.320441 -3.170753
v -7.699043 -0.610592 -3.170753
v -7.498794 -0.615569 -3.012174
v -7.498794 -0.615569 -3.170753
v -7.993463 -0.112299 -3.012173
v -7.993463 -0.112299 -3.170752
v -7.738059 -0.429155 -2.568134
v -7.782066 -0.382047 -2.568134
v -8.214136 -0.848001 -3.160764
v -8.232298 -0.828560 -3.160764
v -8.214136 -0.848001 -3.266008
v -8.232298 -0.828560 -3.266008
v -7.738059 -0.429155 -3.266008
v -7.782066 -0.382047 -3.266008
v -7.894782 -0.276077 -2.522333
v -7.653968 -0.516888 -2.522333
v -7.894782 -0.276077 -2.741863
v -7.653968 -0.516888 -2.741864
v -7.470136 -0.516888 -2.741864
v -7.470136 -0.516888 -2.522333
v -7.894782 -0.082473 -2.741863
v -7.894782 -0.082473 -2.522332
v -7.699043 -0.610592 -2.552809
v -7.989196 -0.320441 -2.552809
v -7.989196 -0.320441 -2.711388
v -7.699043 -0.610592 -2.711388
v -7.498794 -0.615568 -2.552809
v -7.498794 -0.615568 -2.711388
v -7.993462 -0.112299 -2.552808
v -7.993462 -0.112299 -2.711387
v -7.894782 -0.276076 0.355644
v -7.653968 -0.516888 0.355644
v -7.894782 -0.276076 0.136113
v -7.653968 -0.516888 0.136113
v -7.519109 -0.516888 0.136113
v -7.519109 -0.516888 0.355644
v -7.894782 -0.082473 0.136114
v -7.894782 -0.082473 0.355645
v -7.699043 -0.610591 0.325168
v -7.989196 -0.320440 0.325168
v -7.989196 -0.320440 0.166589
v -7.699043 -0.610591 0.166589
v -7.547767 -0.615568 0.325168
v -7.547767 -0.615568 0.166589
v -7.993462 -0.112298 0.325169
v -7.993462 -0.112298 0.166590
v -5.893174 -0.276077 -2.981698
v -6.133988 -0.516888 -2.981698
v -5.893174 -0.276077 -3.201229
v -6.133988 -0.516888 -3.201229
v -6.317820 -0.516888 -3.201229
v -6.317820 -0.516888 -2.981698
v -5.893174 -0.082473 -3.201228
v -5.893174 -0.082473 -2.981697
v -6.088913 -0.610592 -3.012174
v -5.798759 -0.320441 -3.012174
v -5.798759 -0.320441 -3.170753
v -6.088913 -0.610592 -3.170753
v -6.289162 -0.615569 -3.012174
v -6.289162 -0.615569 -3.170753
v -5.794493 -0.112299 -3.012173
v -5.794493 -0.112299 -3.170752
v -5.893174 -0.276076 0.355644
v -6.133988 -0.516888 0.355643
v -5.893174 -0.276076 0.136113
v -6.133988 -0.516888 0.136113
v -6.262349 -0.516888 0.136113
v -6.262349 -0.516888 0.355643
v -5.893174 -0.082473 0.136113
v -5.893174 -0.082473 0.355644
v -6.088913 -0.610592 0.325168
v -5.798759 -0.320440 0.325168
v -5.798759 -0.320440 0.166589
v -6.088913 -0.610592 0.166588
v -6.233690 -0.615568 0.325168
v -6.233690 -0.615568 0.166588
v -5.794493 -0.112298 0.325168
v -5.794493 -0.112298 0.166589
v -6.302939 -0.035711 1.258675
v -7.515345 -0.035711 1.258675
v -6.302939 -0.084727 1.258675
v -7.515345 -0.084727 1.258675
v -6.302939 -0.096772 1.245595
v -7.515345 -0.096772 1.245595
v -6.302939 -0.023666 1.245595
v -7.515345 -0.023666 1.245595
v -6.302939 0.387807 1.258675
v -7.515345 0.387807 1.258675
v -6.302939 0.338791 1.258675
v -7.515345 0.338791 1.258675
v -6.302939 0.326746 1.245595
v -7.515345 0.326746 1.245595
v -6.302939 0.399852 1.245595
v -7.515345 0.399852 1.245595
v -7.844910 0.518226 -0.331140
v -7.844910 -0.215796 -0.331139
v -7.775868 -0.215796 -0.837248
v -7.844910 -0.215796 -0.794769
v -7.775868 0.518226 -0.837248
v -7.844910 0.518226 -0.794769
v -7.844910 0.371421 -0.794769
v -7.775868 0.371421 -0.837248
v -7.844910 0.302463 -0.926061
v -7.775868 0.302463 -0.968540
v -7.844910 -0.000033 -0.926061
v -7.775868 -0.000033 -0.968540
v -7.844910 -0.068991 -0.794769
v -7.775868 -0.068991 -0.837248
v -5.893174 -0.276077 -2.522333
v -6.133988 -0.516888 -2.522333
v -5.893174 -0.276077 -2.741863
v -6.133988 -0.516888 -2.741864
v -6.317820 -0.516888 -2.741864
v -6.317820 -0.516888 -2.522333
v -5.893174 -0.082473 -2.741863
v -5.893174 -0.082473 -2.522332
v -6.088913 -0.610592 -2.552809
v -5.798759 -0.320441 -2.552808
v -5.798759 -0.320441 -2.711388
v -6.088913 -0.610592 -2.711388
v -6.289162 -0.615568 -2.552809
v -6.289162 -0.615568 -2.711388
v -5.794493 -0.112299 -2.552808
v -5.794493 -0.112299 -2.711387
v -5.893176 -0.276077 1.440894
v -6.133987 -0.516889 1.440894
v -5.893176 -0.276077 -3.332920
v -6.133987 -0.516889 -3.332920
v -7.653968 -0.516889 1.440894
v -7.894782 -0.276077 1.440894
v -7.894782 -0.276077 -3.332920
v -7.653968 -0.516889 -3.332920
v -6.133987 0.816195 1.440894
v -5.893176 0.575383 1.440894
v -5.893176 0.575383 -3.332916
v -6.133987 0.816195 -3.332916
v -7.894782 0.575383 1.440894
v -7.653968 0.816195 1.440894
v -7.653968 0.816195 -3.332916
v -7.894782 0.575383 -3.332916
v -6.286839 0.608528 1.772727
v -6.184299 0.500711 1.772727
v -7.501118 0.608528 1.772727
v -7.603659 0.500711 1.772727
v -7.603659 -0.201404 1.772727
v -7.501118 -0.309221 1.772727
v -6.286839 -0.309221 1.772727
v -6.184299 -0.201404 1.772727
v -6.397034 -0.225936 -3.305774
v -6.313106 -0.137688 -3.305774
v -7.390923 -0.225936 -3.305774
v -7.474854 -0.137688 -3.305774
v -7.474854 0.436992 -3.305773
v -7.390923 0.525242 -3.305772
v -6.397034 0.525242 -3.305772
v -6.313106 0.436992 -3.305773
v -6.286839 0.608528 1.613225
v -6.184299 0.500711 1.613225
v -7.501118 0.608528 1.613225
v -7.603659 0.500711 1.613225
v -7.603659 -0.201404 1.613225
v -7.501118 -0.309221 1.613225
v -6.286839 -0.309221 1.613225
v -6.184299 -0.201404 1.613225
v -6.375057 0.521533 1.596546
v -6.287419 0.436522 1.596546
v -7.412900 0.521533 1.596546
v -7.500541 0.436522 1.596546
v -7.500541 -0.137215 1.596546
v -7.412900 -0.222227 1.596546
v -6.375057 -0.222227 1.596546
v -6.287419 -0.137215 1.596546
v -6.435096 0.455951 1.245595
v -6.357596 0.385931 1.245595
v -7.352861 0.455951 1.245595
v -7.430364 0.385931 1.245595
v -7.430364 -0.086625 1.245595
v -7.352861 -0.156646 1.245595
v -6.435096 -0.156646 1.245595
v -6.357596 -0.086625 1.245595
v -7.894782 0.457586 -0.341956
v -7.894782 0.518330 -0.301910
v -7.894782 0.517018 -0.397078
v -7.791936 0.404547 -0.372631
v -7.791936 0.463980 -0.427753
v -7.894782 0.517018 -2.395919
v -7.894782 0.519664 -2.491021
v -7.894782 0.457586 -2.451041
v -7.791936 0.404547 -2.420367
v -7.791936 0.463980 -2.365244
v -7.894782 -0.158279 -2.451043
v -7.894782 -0.220358 -2.491022
v -7.894782 -0.217712 -2.395920
v -7.791936 -0.164673 -2.365245
v -7.791936 -0.105241 -2.420368
v -7.894782 -0.217712 -0.397078
v -7.894782 -0.219024 -0.301910
v -7.894782 -0.158279 -0.341956
v -7.791936 -0.105240 -0.372631
v -7.791936 -0.164673 -0.427753
v -6.293359 -0.516889 -1.642812
v -6.293359 -0.516889 0.570368
v -7.494598 -0.516889 0.570368
v -7.494598 -0.516889 -1.642812
v -7.254351 -0.516889 -1.642812
v -7.151078 -0.516889 -1.903640
v -6.636878 -0.516889 -1.903640
v -6.533606 -0.516889 -1.642812
v -6.348547 -0.461262 -1.602712
v -6.348547 -0.461262 0.521576
v -6.566719 -0.461262 -1.602712
v -7.221237 -0.461262 -1.602712
v -7.439408 -0.461262 0.521576
v -7.439408 -0.461262 -1.602712
v -7.127455 -0.461262 -1.854847
v -6.660502 -0.461262 -1.854847
v -6.397034 -0.225936 -3.098298
v -6.313106 -0.137688 -3.098296
v -7.390923 -0.225936 -3.098298
v -7.474854 -0.137688 -3.098296
v -7.474854 0.436992 -3.098294
v -7.390923 0.525242 -3.098293
v -6.397034 0.525242 -3.098293
v -6.313106 0.436992 -3.098294
v -6.474569 -0.148062 -3.098298
v -6.403738 -0.078112 -3.098296
v -7.313388 -0.148062 -3.098298
v -7.384223 -0.078112 -3.098296
v -7.384223 0.377417 -3.098294
v -7.313388 0.447367 -3.098294
v -6.474569 0.447367 -3.098294
v -6.403738 0.377417 -3.098294
v -6.565633 -0.050334 -2.903333
v -6.510178 -0.003346 -2.903332
v -7.222328 -0.050334 -2.903333
v -7.277783 -0.003346 -2.903332
v -7.277783 0.302652 -2.903330
v -7.222328 0.349640 -2.903330
v -6.565633 0.349640 -2.903330
v -6.510178 0.302652 -2.903330
v -7.522763 -0.349994 1.772727
v -7.642399 -0.222257 1.772727
v -7.642399 0.521564 1.772727
v -7.522763 0.649300 1.772727
v -6.265193 0.649300 1.772727
v -6.145560 0.521564 1.772727
v -6.145560 -0.222257 1.772727
v -6.265193 -0.349994 1.772727
v -6.397056 -0.516889 -1.567439
v -6.397056 -0.516889 0.476801
v -6.595824 -0.516889 -1.567439
v -7.390902 -0.516889 0.476801
v -7.192133 -0.516889 -1.567439
v -7.390902 -0.516889 -1.567439
v -6.681267 -0.516889 -1.810072
v -7.106692 -0.516889 -1.810072
v -7.894782 -0.246182 0.400216
v -7.894782 0.545297 0.400216
v -7.614589 -0.468966 1.483680
v -7.832972 -0.251994 1.483680
v -7.832972 0.551301 1.483680
v -7.614589 0.768272 1.483680
v -6.173366 0.768272 1.483680
v -5.954986 0.551301 1.483680
v -5.954986 -0.251994 1.483680
v -6.173366 -0.468966 1.483680
v -6.307674 -0.293474 -3.596879
v -6.260254 -0.345340 -3.607041
v -6.143591 -0.211846 -3.618354
v -6.204626 -0.191350 -3.608106
v -7.527703 -0.345340 -3.607041
v -7.480283 -0.293474 -3.596879
v -7.644366 -0.211846 -3.618354
v -7.583333 -0.191350 -3.608106
v -7.644366 0.511152 -3.618350
v -7.583333 0.490655 -3.608101
v -7.527703 0.644646 -3.607035
v -7.480283 0.592780 -3.596873
v -6.260254 0.644646 -3.607035
v -6.307675 0.592780 -3.596873
v -6.143591 0.511152 -3.618351
v -6.204626 0.490655 -3.608102
v -7.653968 -0.516889 -2.505890
v -6.133987 -0.516889 -2.505891
v -5.893176 -0.276077 -2.889799
v -5.893176 0.575383 -2.889799
v -5.893176 -0.276077 -1.512283
v -5.893176 0.575383 -1.512284
v -6.063186 -0.446087 -0.128118
v -5.963976 -0.346879 -0.128118
v -6.063186 -0.446087 -1.480520
v -6.063186 -0.446087 -1.763909
v -5.963976 -0.346879 -1.763909
v -5.963976 -0.346878 -1.612069
v -5.963976 -0.346878 -1.140051
v -7.823980 -0.346879 -0.128118
v -7.724770 -0.446088 -0.128118
v -7.823980 -0.346879 -1.763909
v -7.724770 -0.446088 -1.763909
v -7.724770 -0.446088 -1.480519
v -6.058496 -0.429154 -2.568134
v -6.014488 -0.382047 -2.568134
v -5.582418 -0.848000 -3.160764
v -5.564257 -0.828560 -3.160764
v -5.582418 -0.848000 -3.266008
v -5.564257 -0.828560 -3.266008
v -6.058496 -0.429154 -3.266008
v -6.014488 -0.382047 -3.266008
v -6.302939 0.105807 1.258675
v -7.515345 0.105807 1.258675
v -6.302939 0.056791 1.258675
v -7.515345 0.056791 1.258675
v -6.302939 0.044746 1.245595
v -7.515345 0.044746 1.245595
v -6.302939 0.117852 1.245595
v -7.515345 0.117852 1.245595
v -6.302939 0.245528 1.258675
v -7.515345 0.245528 1.258675
v -6.302939 0.196511 1.258675
v -7.515345 0.196511 1.258675
v -6.302939 0.184467 1.245595
v -7.515345 0.184467 1.245595
v -6.302939 0.257573 1.245595
v -7.515345 0.257573 1.245595
v -5.893176 -0.276076 0.437621
v -5.893176 0.575383 0.437621
v -6.699993 0.699199 -3.200874
v -6.524797 0.699199 -3.200874
v -6.699993 1.189584 -3.200874
v -6.524797 1.189584 -3.200874
v -6.635656 0.699199 -3.497936
v -6.589134 0.699199 -3.497936
v -6.589134 1.189584 -3.497936
v -6.635656 1.189584 -3.497936
v -6.524797 1.026122 -3.200874
v -6.589134 1.026122 -3.383479
v -6.635656 1.026122 -3.383479
v -6.699993 1.026122 -3.200874
v -6.524797 0.862660 -3.200874
v -6.589134 0.862660 -3.383479
v -6.635656 0.862660 -3.383479
v -6.699993 0.862660 -3.200874
v -7.262345 0.699199 -3.200874
v -7.087149 0.699199 -3.200874
v -7.262345 1.189584 -3.200874
v -7.087149 1.189584 -3.200874
v -7.198008 0.699199 -3.497936
v -7.151485 0.699199 -3.497936
v -7.151485 1.189584 -3.497936
v -7.198008 1.189584 -3.497936
v -7.087149 1.026122 -3.200874
v -7.151485 1.026122 -3.383479
v -7.198008 1.026122 -3.383479
v -7.262345 1.026122 -3.200874
v -7.087149 0.862660 -3.200874
v -7.151485 0.862660 -3.383479
v -7.198008 0.862660 -3.383479
v -7.262345 0.862660 -3.200874
v -5.825900 0.186654 -1.151454
v -5.825900 0.508213 -1.473012
v -5.825900 0.947469 -1.590710
v -5.825900 1.386726 -1.473012
v -5.825900 1.708284 -1.151454
v -5.825900 1.825982 -0.712197
v -5.825900 1.708284 -0.272940
v -5.825900 1.386727 0.048618
v -5.825900 0.947469 0.166316
v -5.825900 0.508213 0.048618
v -5.825900 0.186654 -0.272940
v -5.825900 0.068956 -0.712197
v -5.893176 0.134652 -1.181477
v -5.893176 0.478189 -1.525014
v -5.893176 0.947469 -1.650757
v -5.893176 1.416750 -1.525014
v -5.893176 1.760287 -1.181477
v -5.893176 1.886029 -0.712197
v -5.893176 1.760287 -0.242917
v -5.893176 1.416750 0.100620
v -5.893176 0.947469 0.226363
v -5.893176 0.478190 0.100620
v -5.893176 0.134653 -0.242917
v -5.893176 0.008910 -0.712197
v -6.192064 0.134652 -1.181477
v -6.192064 0.478189 -1.525014
v -6.192064 0.947469 -1.650757
v -6.192064 1.416750 -1.525014
v -6.192064 1.760287 -1.181477
v -6.192064 1.886029 -0.712197
v -6.192064 1.760287 -0.242917
v -6.192064 1.416750 0.100620
v -6.192064 0.947469 0.226363
v -6.192064 0.478190 0.100620
v -6.192064 0.134653 -0.242917
v -6.192064 0.008910 -0.712197
v -5.825900 0.404940 -1.025427
v -5.825900 0.634240 -1.254726
v -5.825900 0.947469 -1.338656
v -5.825900 1.260698 -1.254726
v -5.825900 1.489998 -1.025427
v -5.825900 1.573928 -0.712197
v -5.825900 1.489998 -0.398967
v -5.825900 1.260699 -0.169668
v -5.825900 0.947469 -0.085738
v -5.825900 0.634240 -0.169668
v -5.825900 0.404940 -0.398967
v -5.825900 0.321010 -0.712197
v -5.825900 0.453270 -0.997523
v -5.825900 0.662143 -1.206396
v -5.825900 0.947469 -0.712197
v -5.825900 0.947469 -1.282849
v -5.825900 1.232795 -1.206396
v -5.825900 1.441668 -0.997523
v -5.825900 1.518121 -0.712197
v -5.825900 1.441668 -0.426871
v -5.825900 1.232795 -0.217998
v -5.825900 0.947469 -0.141545
v -5.825900 0.662144 -0.217998
v -5.825900 0.453270 -0.426871
v -5.825900 0.376817 -0.712197
v -5.867783 1.235010 -2.186858
v -5.867783 0.882857 0.817172
v -5.867783 1.071261 0.466422
v -5.867783 0.794246 0.817172
v -5.867783 1.114321 -0.231298
v -5.867783 1.092873 -2.325234
v -5.867783 0.696235 -1.906451
v -5.867783 0.595205 0.341004
v -6.192064 0.882857 0.817172
v -6.192064 1.071261 0.466422
v -6.192064 0.794246 0.817172
v -6.192064 0.595205 0.341004
v -6.192064 0.696235 -1.906451
v -6.192064 1.092873 -2.325234
v -6.192064 1.235010 -2.186858
v -6.192064 1.114321 -0.231298
v -5.837687 1.055744 0.411805
v -5.837687 1.094525 -0.254691
v -5.837687 1.203220 -2.122737
v -5.837687 1.075208 -2.254920
v -5.837687 0.717985 -1.854879
v -5.837687 0.626995 0.291999
v -5.837687 0.806257 0.746859
v -5.837687 0.886062 0.746859
v -7.087148 0.699199 1.413801
v -7.262343 0.699199 1.413801
v -7.087148 1.189585 1.413801
v -7.262343 1.189585 1.413801
v -7.151484 0.699199 1.647164
v -7.198007 0.699199 1.647164
v -7.198007 1.189585 1.647164
v -7.151484 1.189585 1.647164
v -7.262343 1.026123 1.413801
v -7.198007 1.026123 1.532708
v -7.151484 1.026123 1.532708
v -7.087148 1.026123 1.413801
v -7.262343 0.862661 1.413801
v -7.198007 0.862661 1.532708
v -7.151484 0.862661 1.532708
v -7.087148 0.862661 1.413801
v -6.393398 0.810039 1.431071
v -6.192064 0.810039 1.229737
v -6.192064 1.078745 1.229737
v -6.393398 1.078745 1.431071
v -7.585035 0.810039 1.229737
v -7.383701 0.810039 1.431071
v -7.383701 1.078745 1.431071
v -7.585035 1.078745 1.229737
v -6.393398 1.078744 -3.204661
v -6.192064 1.078744 -3.003327
v -6.192064 0.810039 -3.003327
v -6.393398 0.810039 -3.204661
v -7.585035 1.078744 -3.003327
v -7.383701 1.078744 -3.204661
v -7.383701 0.810039 -3.204661
v -7.585035 0.810039 -3.003327
v -6.524796 0.699199 1.413801
v -6.699992 0.699199 1.413801
v -6.524796 1.189585 1.413801
v -6.699992 1.189585 1.413801
v -6.589132 0.699199 1.647164
v -6.635655 0.699199 1.647164
v -6.635655 1.189585 1.647164
v -6.589132 1.189585 1.647164
v -6.699992 1.026123 1.413801
v -6.635655 1.026123 1.532708
v -6.589132 1.026123 1.532708
v -6.524796 1.026123 1.413801
v -6.699992 0.862661 1.413801
v -6.635655 0.862661 1.532708
v -6.589132 0.862661 1.532708
v -6.524796 0.862661 1.413801
v 7.826649 1.376714 -0.774428
v 7.826649 2.110736 -0.774428
v 7.757607 2.110736 -1.280537
v 7.826649 2.110736 -1.238058
v 7.757607 1.376714 -1.280537
v 7.826649 1.376714 -1.238058
v 7.826649 1.523518 -1.238058
v 7.757607 1.523518 -1.280537
v 7.826649 1.592477 -1.369350
v 7.757607 1.592477 -1.411829
v 7.826649 1.894973 -1.369350
v 7.757607 1.894973 -1.411829
v 7.826649 1.963931 -1.238058
v 7.757607 1.963931 -1.280537
v 7.808167 1.376714 -1.216850
v 7.808167 2.110736 -1.216850
v 7.739125 2.110736 -1.722959
v 7.808167 2.110736 -1.680480
v 7.739125 1.376714 -1.722959
v 7.808167 1.376714 -1.680480
v 7.808167 1.523518 -1.680480
v 7.739125 1.523518 -1.722959
v 7.808167 1.592477 -1.811772
v 7.739125 1.592477 -1.854251
v 7.808167 1.894973 -1.811772
v 7.739125 1.894973 -1.854251
v 7.808167 1.963931 -1.680480
v 7.739125 1.963931 -1.722959
v 7.894783 2.171017 -2.981698
v 7.653968 2.411828 -2.981699
v 7.894783 2.171017 -3.201229
v 7.653968 2.411828 -3.201229
v 7.470136 2.411828 -3.201229
v 7.470136 2.411828 -2.981699
v 7.894783 1.977413 -3.201228
v 7.894783 1.977413 -2.981698
v 7.699043 2.505532 -3.012174
v 7.989196 2.215381 -3.012174
v 7.989196 2.215381 -3.170753
v 7.699043 2.505532 -3.170753
v 7.498794 2.510508 -3.012174
v 7.498794 2.510508 -3.170753
v 7.993463 2.007239 -3.012173
v 7.993463 2.007239 -3.170753
v 7.738059 2.324095 -2.568134
v 7.782066 2.276987 -2.568134
v 8.214136 2.742940 -3.160764
v 8.232298 2.723499 -3.160764
v 8.214136 2.742940 -3.266008
v 8.232298 2.723499 -3.266008
v 7.738059 2.324095 -3.266008
v 7.782066 2.276987 -3.266008
v 7.894782 2.171016 -2.522333
v 7.653968 2.411828 -2.522334
v 7.894782 2.171016 -2.741864
v 7.653968 2.411828 -2.741864
v 7.470136 2.411828 -2.741864
v 7.470136 2.411828 -2.522334
v 7.894782 1.977413 -2.741863
v 7.894782 1.977413 -2.522332
v 7.699043 2.505531 -2.552809
v 7.989196 2.215380 -2.552809
v 7.989196 2.215380 -2.711388
v 7.699043 2.505531 -2.711388
v 7.498794 2.510508 -2.552809
v 7.498794 2.510508 -2.711388
v 7.993462 2.007238 -2.552808
v 7.993462 2.007238 -2.711388
v 7.894782 2.171017 0.355644
v 7.653968 2.411828 0.355643
v 7.894782 2.171017 0.136113
v 7.653968 2.411828 0.136113
v 7.519109 2.411828 0.136113
v 7.519109 2.411828 0.355643
v 7.894782 1.977413 0.136114
v 7.894782 1.977413 0.355645
v 7.699043 2.505532 0.325168
v 7.989196 2.215381 0.325168
v 7.989196 2.215381 0.166589
v 7.699043 2.505532 0.166588
v 7.547767 2.510509 0.325168
v 7.547767 2.510509 0.166588
v 7.993462 2.007239 0.325169
v 7.993462 2.007239 0.166589
v 5.893174 2.171016 -2.981698
v 6.133988 2.411828 -2.981699
v 5.893174 2.171016 -3.201229
v 6.133988 2.411828 -3.201229
v 6.317820 2.411828 -3.201229
v 6.317820 2.411828 -2.981699
v 5.893174 1.977413 -3.201228
v 5.893174 1.977413 -2.981697
v 6.088913 2.505532 -3.012174
v 5.798759 2.215380 -3.012174
v 5.798759 2.215380 -3.170753
v 6.088913 2.505532 -3.170753
v 6.289162 2.510508 -3.012174
v 6.289162 2.510508 -3.170753
v 5.794493 2.007238 -3.012173
v 5.794493 2.007238 -3.170753
v 5.893174 2.171017 0.355643
v 6.133988 2.411828 0.355643
v 5.893174 2.171017 0.136113
v 6.133988 2.411828 0.136112
v 6.262349 2.411828 0.136112
v 6.262349 2.411828 0.355643
v 5.893174 1.977413 0.136113
v 5.893174 1.977413 0.355644
v 6.088913 2.505532 0.325167
v 5.798759 2.215381 0.325168
v 5.798759 2.215381 0.166588
v 6.088913 2.505532 0.166588
v 6.233690 2.510509 0.325167
v 6.233690 2.510509 0.166588
v 5.794493 2.007239 0.325168
v 5.794493 2.007239 0.166589
v 6.302939 1.930651 1.258675
v 7.515345 1.930651 1.258675
v 6.302939 1.979668 1.258675
v 7.515345 1.979668 1.258675
v 6.302939 1.991712 1.245595
v 7.515345 1.991712 1.245595
v 6.302939 1.918606 1.245595
v 7.515345 1.918606 1.245595
v 6.302939 1.507133 1.258675
v 7.515345 1.507133 1.258675
v 6.302939 1.556150 1.258675
v 7.515345 1.556150 1.258675
v 6.302939 1.568194 1.245595
v 7.515345 1.568194 1.245595
v 6.302939 1.495088 1.245595
v 7.515345 1.495088 1.245595
v 7.844910 1.376714 -0.331140
v 7.844910 2.110736 -0.331140
v 7.775868 2.110736 -0.837249
v 7.844910 2.110736 -0.794769
v 7.775868 1.376714 -0.837248
v 7.844910 1.376714 -0.794769
v 7.844910 1.523519 -0.794769
v 7.775868 1.523519 -0.837248
v 7.844910 1.592477 -0.926061
v 7.775868 1.592477 -0.968540
v 7.844910 1.894973 -0.926061
v 7.775868 1.894973 -0.968540
v 7.844910 1.963931 -0.794769
v 7.775868 1.963931 -0.837248
v 5.893174 2.171016 -2.522333
v 6.133988 2.411828 -2.522333
v 5.893174 2.171016 -2.741864
v 6.133988 2.411828 -2.741864
v 6.317820 2.411828 -2.741864
v 6.317820 2.411828 -2.522333
v 5.893174 1.977413 -2.741863
v 5.893174 1.977413 -2.522332
v 6.088913 2.505532 -2.552809
v 5.798759 2.215380 -2.552809
v 5.798759 2.215380 -2.711388
v 6.088913 2.505532 -2.711388
v 6.289162 2.510508 -2.552809
v 6.289162 2.510508 -2.711388
v 5.794493 2.007238 -2.552808
v 5.794493 2.007238 -2.711387
v 5.893176 2.171017 1.440894
v 6.133987 2.411829 1.440894
v 5.893176 2.171017 -3.332920
v 6.133987 2.411829 -3.332921
v 7.653968 2.411829 1.440894
v 7.894782 2.171017 1.440894
v 7.894782 2.171017 -3.332920
v 7.653968 2.411829 -3.332921
v 6.133987 1.078745 1.440894
v 5.893176 1.319557 1.440894
v 5.893176 1.319557 -3.332916
v 6.133987 1.078745 -3.332916
v 7.894782 1.319557 1.440894
v 7.653968 1.078745 1.440894
v 7.653968 1.078745 -3.332916
v 7.894782 1.319557 -3.332916
v 6.286839 1.286412 1.772727
v 6.184299 1.394230 1.772727
v 7.501118 1.286412 1.772727
v 7.603659 1.394230 1.772727
v 7.603659 2.096345 1.772727
v 7.501118 2.204162 1.772727
v 6.286839 2.204162 1.772727
v 6.184299 2.096345 1.772727
v 6.397034 2.120876 -3.305775
v 6.313106 2.032628 -3.305775
v 7.390923 2.120876 -3.305775
v 7.474854 2.032628 -3.305775
v 7.474854 1.457948 -3.305773
v 7.390923 1.369698 -3.305772
v 6.397034 1.369698 -3.305772
v 6.313106 1.457948 -3.305773
v 6.286839 1.286412 1.613224
v 6.184299 1.394230 1.613224
v 7.501118 1.286412 1.613224
v 7.603659 1.394230 1.613224
v 7.603659 2.096345 1.613224
v 7.501118 2.204162 1.613224
v 6.286839 2.204162 1.613224
v 6.184299 2.096345 1.613224
v 6.375057 1.373408 1.596546
v 6.287419 1.458418 1.596546
v 7.412900 1.373408 1.596546
v 7.500541 1.458418 1.596546
v 7.500541 2.032156 1.596546
v 7.412900 2.117168 1.596546
v 6.375057 2.117168 1.596546
v 6.287419 2.032156 1.596546
v 6.435096 1.438989 1.245595
v 6.357596 1.509010 1.245595
v 7.352861 1.438989 1.245595
v 7.430364 1.509010 1.245595
v 7.430364 1.981565 1.245595
v 7.352861 2.051586 1.245595
v 6.435096 2.051586 1.245595
v 6.357596 1.981565 1.245595
v 7.894782 1.437354 -0.341956
v 7.894782 1.376610 -0.301910
v 7.894782 1.377922 -0.397078
v 7.791936 1.490394 -0.372631
v 7.791936 1.430960 -0.427753
v 7.894782 1.377922 -2.395919
v 7.894782 1.375276 -2.491021
v 7.894782 1.437354 -2.451041
v 7.791936 1.490393 -2.420367
v 7.791936 1.430960 -2.365244
v 7.894782 2.053219 -2.451043
v 7.894782 2.115298 -2.491022
v 7.894782 2.112652 -2.395921
v 7.791936 2.059613 -2.365246
v 7.791936 2.000180 -2.420368
v 7.894782 2.112652 -0.397078
v 7.894782 2.113964 -0.301910
v 7.894782 2.053220 -0.341956
v 7.791936 2.000180 -0.372631
v 7.791936 2.059613 -0.427753
v 6.293359 2.411829 -1.642812
v 6.293359 2.411829 0.570368
v 7.494598 2.411829 0.570368
v 7.494598 2.411829 -1.642812
v 7.254351 2.411829 -1.642812
v 7.151078 2.411829 -1.903640
v 6.636878 2.411829 -1.903640
v 6.533606 2.411829 -1.642812
v 6.348547 2.356202 -1.602713
v 6.348547 2.356202 0.521576
v 6.566719 2.356202 -1.602713
v 7.221237 2.356202 -1.602713
v 7.439408 2.356202 0.521576
v 7.439408 2.356202 -1.602713
v 7.127455 2.356202 -1.854848
v 6.660502 2.356202 -1.854848
v 6.397034 2.120876 -3.098298
v 6.313106 2.032628 -3.098297
v 7.390923 2.120876 -3.098298
v 7.474854 2.032628 -3.098297
v 7.474854 1.457948 -3.098294
v 7.390923 1.369698 -3.098293
v 6.397034 1.369698 -3.098293
v 6.313106 1.457948 -3.098294
v 6.474569 2.043002 -3.098298
v 6.403738 1.973052 -3.098296
v 7.313388 2.043002 -3.098298
v 7.384223 1.973052 -3.098296
v 7.384223 1.517522 -3.098294
v 7.313388 1.447573 -3.098294
v 6.474569 1.447573 -3.098294
v 6.403738 1.517522 -3.098294
v 6.565633 1.945274 -2.903333
v 6.510178 1.898286 -2.903332
v 7.222328 1.945274 -2.903333
v 7.277783 1.898286 -2.903332
v 7.277783 1.592288 -2.903331
v 7.222328 1.545300 -2.903330
v 6.565633 1.545300 -2.903330
v 6.510178 1.592288 -2.903331
v 7.522763 2.244935 1.772727
v 7.642399 2.117198 1.772727
v 7.642399 1.373376 1.772727
v 7.522763 1.245640 1.772727
v 6.265193 1.245640 1.772727
v 6.145560 1.373376 1.772727
v 6.145560 2.117198 1.772727
v 6.265193 2.244935 1.772727
v 6.397056 2.411829 -1.567439
v 6.397056 2.411829 0.476801
v 6.595824 2.411829 -1.567439
v 7.390902 2.411829 0.476801
v 7.192133 2.411829 -1.567439
v 7.390902 2.411829 -1.567439
v 6.681267 2.411829 -1.810073
v 7.106692 2.411829 -1.810073
v 7.894782 2.141123 0.400216
v 7.894782 1.349643 0.400216
v 7.614589 2.363906 1.483680
v 7.832972 2.146935 1.483680
v 7.832972 1.343639 1.483680
v 7.614589 1.126668 1.483680
v 6.173366 1.126668 1.483680
v 5.954986 1.343640 1.483680
v 5.954986 2.146935 1.483680
v 6.173366 2.363906 1.483680
v 6.307674 2.188414 -3.596879
v 6.260254 2.240280 -3.607041
v 6.143591 2.106786 -3.618355
v 6.204626 2.086290 -3.608106
v 7.527703 2.240280 -3.607041
v 7.480283 2.188414 -3.596879
v 7.644366 2.106786 -3.618354
v 7.583333 2.086290 -3.608106
v 7.644366 1.383788 -3.618350
v 7.583333 1.404285 -3.608101
v 7.527703 1.250293 -3.607035
v 7.480283 1.302159 -3.596873
v 6.260254 1.250293 -3.607035
v 6.307675 1.302159 -3.596873
v 6.143591 1.383788 -3.618351
v 6.204626 1.404284 -3.608102
v 7.653968 2.411829 -2.505890
v 6.133987 2.411829 -2.505891
v 5.893176 2.171016 -2.889799
v 5.893176 1.319557 -2.889799
v 5.893176 2.171017 -1.512284
v 5.893176 1.319557 -1.512284
v 6.063186 2.341027 -0.128118
v 5.963976 2.241819 -0.128118
v 6.063186 2.341027 -1.480520
v 6.063186 2.341027 -1.763909
v 5.963976 2.241819 -1.763909
v 5.963976 2.241818 -1.612069
v 5.963976 2.241818 -1.140051
v 7.823980 2.241819 -0.128118
v 7.724770 2.341028 -0.128118
v 7.823980 2.241819 -1.763909
v 7.724770 2.341028 -1.763909
v 7.724770 2.341028 -1.480519
v 6.058496 2.324094 -2.568134
v 6.014488 2.276987 -2.568134
v 5.582418 2.742940 -3.160764
v 5.564257 2.723499 -3.160764
v 5.582418 2.742940 -3.266008
v 5.564257 2.723499 -3.266008
v 6.058496 2.324094 -3.266008
v 6.014488 2.276987 -3.266008
v 6.302939 1.789133 1.258675
v 7.515345 1.789133 1.258675
v 6.302939 1.838150 1.258675
v 7.515345 1.838150 1.258675
v 6.302939 1.850195 1.245595
v 7.515345 1.850195 1.245595
v 6.302939 1.777089 1.245595
v 7.515345 1.777089 1.245595
v 6.302939 1.649412 1.258675
v 7.515345 1.649412 1.258675
v 6.302939 1.698429 1.258675
v 7.515345 1.698429 1.258675
v 6.302939 1.710474 1.245595
v 7.515345 1.710474 1.245595
v 6.302939 1.637368 1.245595
v 7.515345 1.637368 1.245595
v 5.893176 2.171017 0.437621
v 5.893176 1.319557 0.437621
v 7.826649 0.518226 -0.774428
v 7.826649 -0.215796 -0.774428
v 7.757607 -0.215796 -1.280537
v 7.826649 -0.215796 -1.238058
v 7.757607 0.518226 -1.280537
v 7.826649 0.518226 -1.238058
v 7.826649 0.371422 -1.238058
v 7.757607 0.371422 -1.280537
v 7.826649 0.302463 -1.369350
v 7.757607 0.302463 -1.411829
v 7.826649 -0.000033 -1.369350
v 7.757607 -0.000033 -1.411829
v 7.826649 -0.068991 -1.238058
v 7.757607 -0.068991 -1.280537
v 7.808167 0.518226 -1.216850
v 7.808167 -0.215796 -1.216850
v 7.739125 -0.215796 -1.722959
v 7.808167 -0.215796 -1.680480
v 7.739125 0.518226 -1.722959
v 7.808167 0.518226 -1.680480
v 7.808167 0.371422 -1.680480
v 7.739125 0.371422 -1.722959
v 7.808167 0.302463 -1.811771
v 7.739125 0.302463 -1.854251
v 7.808167 -0.000033 -1.811771
v 7.739125 -0.000033 -1.854251
v 7.808167 -0.068991 -1.680480
v 7.739125 -0.068991 -1.722959
v 7.894783 -0.276077 -2.981698
v 7.653968 -0.516888 -2.981698
v 7.894783 -0.276077 -3.201229
v 7.653968 -0.516888 -3.201229
v 7.470136 -0.516888 -3.201229
v 7.470136 -0.516888 -2.981698
v 7.894783 -0.082474 -3.201228
v 7.894783 -0.082474 -2.981697
v 7.699043 -0.610592 -3.012174
v 7.989196 -0.320441 -3.012174
v 7.989196 -0.320441 -3.170753
v 7.699043 -0.610592 -3.170753
v 7.498794 -0.615569 -3.012174
v 7.498794 -0.615569 -3.170753
v 7.993463 -0.112299 -3.012173
v 7.993463 -0.112299 -3.170752
v 7.738059 -0.429155 -2.568134
v 7.782066 -0.382047 -2.568134
v 8.214136 -0.848001 -3.160764
v 8.232298 -0.828560 -3.160764
v 8.214136 -0.848001 -3.266008
v 8.232298 -0.828560 -3.266008
v 7.738059 -0.429155 -3.266008
v 7.782066 -0.382047 -3.266008
v 7.894782 -0.276077 -2.522333
v 7.653968 -0.516888 -2.522333
v 7.894782 -0.276077 -2.741863
v 7.653968 -0.516888 -2.741864
v 7.470136 -0.516888 -2.741864
v 7.470136 -0.516888 -2.522333
v 7.894782 -0.082473 -2.741863
v 7.894782 -0.082473 -2.522332
v 7.699043 -0.610592 -2.552809
v 7.989196 -0.320441 -2.552809
v 7.989196 -0.320441 -2.711388
v 7.699043 -0.610592 -2.711388
v 7.498794 -0.615568 -2.552809
v 7.498794 -0.615568 -2.711388
v 7.993462 -0.112299 -2.552808
v 7.993462 -0.112299 -2.711387
v 7.894782 -0.276076 0.355644
v 7.653968 -0.516888 0.355644
v 7.894782 -0.276076 0.136113
v 7.653968 -0.516888 0.136113
v 7.519109 -0.516888 0.136113
v 7.519109 -0.516888 0.355644
v 7.894782 -0.082473 0.136114
v 7.894782 -0.082473 0.355645
v 7.699043 -0.610591 0.325168
v 7.989196 -0.320440 0.325168
v 7.989196 -0.320440 0.166589
v 7.699043 -0.610591 0.166589
v 7.547767 -0.615568 0.325168
v 7.547767 -0.615568 0.166589
v 7.993462 -0.112298 0.325169
v 7.993462 -0.112298 0.166590
v 5.893174 -0.276077 -2.981698
v 6.133988 -0.516888 -2.981698
v 5.893174 -0.276077 -3.201229
v 6.133988 -0.516888 -3.201229
v 6.317820 -0.516888 -3.201229
v 6.317820 -0.516888 -2.981698
v 5.893174 -0.082473 -3.201228
v 5.893174 -0.082473 -2.981697
v 6.088913 -0.610592 -3.012174
v 5.798759 -0.320441 -3.012174
v 5.798759 -0.320441 -3.170753
v 6.088913 -0.610592 -3.170753
v 6.289162 -0.615569 -3.012174
v 6.289162 -0.615569 -3.170753
v 5.794493 -0.112299 -3.012173
v 5.794493 -0.112299 -3.170752
v 5.893174 -0.276076 0.355644
v 6.133988 -0.516888 0.355643
v 5.893174 -0.276076 0.136113
v 6.133988 -0.516888 0.136113
v 6.262349 -0.516888 0.136113
v 6.262349 -0.516888 0.355643
v 5.893174 -0.082473 0.136113
v 5.893174 -0.082473 0.355644
v 6.088913 -0.610592 0.325168
v 5.798759 -0.320440 0.325168
v 5.798759 -0.320440 0.166589
v 6.088913 -0.610592 0.166588
v 6.233690 -0.615568 0.325168
v 6.233690 -0.615568 0.166588
v 5.794493 -0.112298 0.325168
v 5.794493 -0.112298 0.166589
v 6.302939 -0.035711 1.258675
v 7.515345 -0.035711 1.258675
v 6.302939 -0.084727 1.258675
v 7.515345 -0.084727 1.258675
v 6.302939 -0.096772 1.245595
v 7.515345 -0.096772 1.245595
v 6.302939 -0.023666 1.245595
v 7.515345 -0.023666 1.245595
v 6.302939 0.387807 1.258675
v 7.515345 0.387807 1.258675
v 6.302939 0.338791 1.258675
v 7.515345 0.338791 1.258675
v 6.302939 0.326746 1.245595
v 7.515345 0.326746 1.245595
v 6.302939 0.399852 1.245595
v 7.515345 0.399852 1.245595
v 7.844910 0.518226 -0.331140
v 7.844910 -0.215796 -0.331139
v 7.775868 -0.215796 -0.837248
v 7.844910 -0.215796 -0.794769
v 7.775868 0.518226 -0.837248
v 7.844910 0.518226 -0.794769
v 7.844910 0.371421 -0.794769
v 7.775868 0.371421 -0.837248
v 7.844910 0.302463 -0.926061
v 7.775868 0.302463 -0.968540
v 7.844910 -0.000033 -0.926061
v 7.775868 -0.000033 -0.968540
v 7.844910 -0.068991 -0.794769
v 7.775868 -0.068991 -0.837248
v 5.893174 -0.276077 -2.522333
v 6.133988 -0.516888 -2.522333
v 5.893174 -0.276077 -2.741863
v 6.133988 -0.516888 -2.741864
v 6.317820 -0.516888 -2.741864
v 6.317820 -0.516888 -2.522333
v 5.893174 -0.082473 -2.741863
v 5.893174 -0.082473 -2.522332
v 6.088913 -0.610592 -2.552809
v 5.798759 -0.320441 -2.552808
v 5.798759 -0.320441 -2.711388
v 6.088913 -0.610592 -2.711388
v 6.289162 -0.615568 -2.552809
v 6.289162 -0.615568 -2.711388
v 5.794493 -0.112299 -2.552808
v 5.794493 -0.112299 -2.711387
v 5.893176 -0.276077 1.440894
v 6.133987 -0.516889 1.440894
v 5.893176 -0.276077 -3.332920
v 6.133987 -0.516889 -3.332920
v 7.653968 -0.516889 1.440894
v 7.894782 -0.276077 1.440894
v 7.894782 -0.276077 -3.332920
v 7.653968 -0.516889 -3.332920
v 6.133987 0.816195 1.440894
v 5.893176 0.575383 1.440894
v 5.893176 0.575383 -3.332916
v 6.133987 0.816195 -3.332916
v 7.894782 0.575383 1.440894
v 7.653968 0.816195 1.440894
v 7.653968 0.816195 -3.332916
v 7.894782 0.575383 -3.332916
v 6.286839 0.608528 1.772727
v 6.184299 0.500711 1.772727
v 7.501118 0.608528 1.772727
v 7.603659 0.500711 1.772727
v 7.603659 -0.201404 1.772727
v 7.501118 -0.309221 1.772727
v 6.286839 -0.309221 1.772727
v 6.184299 -0.201404 1.772727
v 6.397034 -0.225936 -3.305774
v 6.313106 -0.137688 -3.305774
v 7.390923 -0.225936 -3.305774
v 7.474854 -0.137688 -3.305774
v 7.474854 0.436992 -3.305773
v 7.390923 0.525242 -3.305772
v 6.397034 0.525242 -3.305772
v 6.313106 0.436992 -3.305773
v 6.286839 0.608528 1.613225
v 6.184299 0.500711 1.613225
v 7.501118 0.608528 1.613225
v 7.603659 0.500711 1.613225
v 7.603659 -0.201404 1.613225
v 7.501118 -0.309221 1.613225
v 6.286839 -0.309221 1.613225
v 6.184299 -0.201404 1.613225
v 6.375057 0.521533 1.596546
v 6.287419 0.436522 1.596546
v 7.412900 0.521533 1.596546
v 7.500541 0.436522 1.596546
v 7.500541 -0.137215 1.596546
v 7.412900 -0.222227 1.596546
v 6.375057 -0.222227 1.596546
v 6.287419 -0.137215 1.596546
v 6.435096 0.455951 1.245595
v 6.357596 0.385931 1.245595
v 7.352861 0.455951 1.245595
v 7.430364 0.385931 1.245595
v 7.430364 -0.086625 1.245595
v 7.352861 -0.156646 1.245595
v 6.435096 -0.156646 1.245595
v 6.357596 -0.086625 1.245595
v 7.894782 0.457586 -0.341956
v 7.894782 0.518330 -0.301910
v 7.894782 0.517018 -0.397078
v 7.791936 0.404547 -0.372631
v 7.791936 0.463980 -0.427753
v 7.894782 0.517018 -2.395919
v 7.894782 0.519664 -2.491021
v 7.894782 0.457586 -2.451041
v 7.791936 0.404547 -2.420367
v 7.791936 0.463980 -2.365244
v 7.894782 -0.158279 -2.451043
v 7.894782 -0.220358 -2.491022
v 7.894782 -0.217712 -2.395920
v 7.791936 -0.164673 -2.365245
v 7.791936 -0.105241 -2.420368
v 7.894782 -0.217712 -0.397078
v 7.894782 -0.219024 -0.301910
v 7.894782 -0.158279 -0.341956
v 7.791936 -0.105240 -0.372631
v 7.791936 -0.164673 -0.427753
v 6.293359 -0.516889 -1.642812
v 6.293359 -0.516889 0.570368
v 7.494598 -0.516889 0.570368
v 7.494598 -0.516889 -1.642812
v 7.254351 -0.516889 -1.642812
v 7.151078 -0.516889 -1.903640
v 6.636878 -0.516889 -1.903640
v 6.533606 -0.516889 -1.642812
v 6.348547 -0.461262 -1.602712
v 6.348547 -0.461262 0.521576
v 6.566719 -0.461262 -1.602712
v 7.221237 -0.461262 -1.602712
v 7.439408 -0.461262 0.521576
v 7.439408 -0.461262 -1.602712
v 7.127455 -0.461262 -1.854847
v 6.660502 -0.461262 -1.854847
v 6.397034 -0.225936 -3.098298
v 6.313106 -0.137688 -3.098296
v 7.390923 -0.225936 -3.098298
v 7.474854 -0.137688 -3.098296
v 7.474854 0.436992 -3.098294
v 7.390923 0.525242 -3.098293
v 6.397034 0.525242 -3.098293
v 6.313106 0.436992 -3.098294
v 6.474569 -0.148062 -3.098298
v 6.403738 -0.078112 -3.098296
v 7.313388 -0.148062 -3.098298
v 7.384223 -0.078112 -3.098296
v 7.384223 0.377417 -3.098294
v 7.313388 0.447367 -3.098294
v 6.474569 0.447367 -3.098294
v 6.403738 0.377417 -3.098294
v 6.565633 -0.050334 -2.903333
v 6.510178 -0.003346 -2.903332
v 7.222328 -0.050334 -2.903333
v 7.277783 -0.003346 -2.903332
v 7.277783 0.302652 -2.903330
v 7.222328 0.349640 -2.903330
v 6.565633 0.349640 -2.903330
v 6.510178 0.302652 -2.903330
v 7.522763 -0.349994 1.772727
v 7.642399 -0.222257 1.772727
v 7.642399 0.521564 1.772727
v 7.522763 0.649300 1.772727
v 6.265193 0.649300 1.772727
v 6.145560 0.521564 1.772727
v 6.145560 -0.222257 1.772727
v 6.265193 -0.349994 1.772727
v 6.397056 -0.516889 -1.567439
v 6.397056 -0.516889 0.476801
v 6.595824 -0.516889 -1.567439
v 7.390902 -0.516889 0.476801
v 7.192133 -0.516889 -1.567439
v 7.390902 -0.516889 -1.567439
v 6.681267 -0.516889 -1.810072
v 7.106692 -0.516889 -1.810072
v 7.894782 -0.246182 0.400216
v 7.894782 0.545297 0.400216
v 7.614589 -0.468966 1.483680
v 7.832972 -0.251994 1.483680
v 7.832972 0.551301 1.483680
v 7.614589 0.768272 1.483680
v 6.173366 0.768272 1.483680
v 5.954986 0.551301 1.483680
v 5.954986 -0.251994 1.483680
v 6.173366 -0.468966 1.483680
v 6.307674 -0.293474 -3.596879
v 6.260254 -0.345340 -3.607041
v 6.143591 -0.211846 -3.618354
v 6.204626 -0.191350 -3.608106
v 7.527703 -0.345340 -3.607041
v 7.480283 -0.293474 -3.596879
v 7.644366 -0.211846 -3.618354
v 7.583333 -0.191350 -3.608106
v 7.644366 0.511152 -3.618350
v 7.583333 0.490655 -3.608101
v 7.527703 0.644646 -3.607035
v 7.480283 0.592780 -3.596873
v 6.260254 0.644646 -3.607035
v 6.307675 0.592780 -3.596873
v 6.143591 0.511152 -3.618351
v 6.204626 0.490655 -3.608102
v 7.653968 -0.516889 -2.505890
v 6.133987 -0.516889 -2.505891
v 5.893176 -0.276077 -2.889799
v 5.893176 0.575383 -2.889799
v 5.893176 -0.276077 -1.512283
v 5.893176 0.575383 -1.512284
v 6.063186 -0.446087 -0.128118
v 5.963976 -0.346879 -0.128118
v 6.063186 -0.446087 -1.480520
v 6.063186 -0.446087 -1.763909
v 5.963976 -0.346879 -1.763909
v 5.963976 -0.346878 -1.612069
v 5.963976 -0.346878 -1.140051
v 7.823980 -0.346879 -0.128118
v 7.724770 -0.446088 -0.128118
v 7.823980 -0.346879 -1.763909
v 7.724770 -0.446088 -1.763909
v 7.724770 -0.446088 -1.480519
v 6.058496 -0.429154 -2.568134
v 6.014488 -0.382047 -2.568134
v 5.582418 -0.848000 -3.160764
v 5.564257 -0.828560 -3.160764
v 5.582418 -0.848000 -3.266008
v 5.564257 -0.828560 -3.266008
v 6.058496 -0.429154 -3.266008
v 6.014488 -0.382047 -3.266008
v 6.302939 0.105807 1.258675
v 7.515345 0.105807 1.258675
v 6.302939 0.056791 1.258675
v 7.515345 0.056791 1.258675
v 6.302939 0.044746 1.245595
v 7.515345 0.044746 1.245595
v 6.302939 0.117852 1.245595
v 7.515345 0.117852 1.245595
v 6.302939 0.245528 1.258675
v 7.515345 0.245528 1.258675
v 6.302939 0.196511 1.258675
v 7.515345 0.196511 1.258675
v 6.302939 0.184467 1.245595
v 7.515345 0.184467 1.245595
v 6.302939 0.257573 1.245595
v 7.515345 0.257573 1.245595
v 5.893176 -0.276076 0.437621
v 5.893176 0.575383 0.437621
v 6.699993 0.699199 -3.200874
v 6.524797 0.699199 -3.200874
v 6.699993 1.189584 -3.200874
v 6.524797 1.189584 -3.200874
v 6.635656 0.699199 -3.497936
v 6.589134 0.699199 -3.497936
v 6.589134 1.189584 -3.497936
v 6.635656 1.189584 -3.497936
v 6.524797 1.026122 -3.200874
v 6.589134 1.026122 -3.383479
v 6.635656 1.026122 -3.383479
v 6.699993 1.026122 -3.200874
v 6.524797 0.862660 -3.200874
v 6.589134 0.862660 -3.383479
v 6.635656 0.862660 -3.383479
v 6.699993 0.862660 -3.200874
v 7.262345 0.699199 -3.200874
v 7.087149 0.699199 -3.200874
v 7.262345 1.189584 -3.200874
v 7.087149 1.189584 -3.200874
v 7.198008 0.699199 -3.497936
v 7.151485 0.699199 -3.497936
v 7.151485 1.189584 -3.497936
v 7.198008 1.189584 -3.497936
v 7.087149 1.026122 -3.200874
v 7.151485 1.026122 -3.383479
v 7.198008 1.026122 -3.383479
v 7.262345 1.026122 -3.200874
v 7.087149 0.862660 -3.200874
v 7.151485 0.862660 -3.383479
v 7.198008 0.862660 -3.383479
v 7.262345 0.862660 -3.200874
v 5.825900 0.186654 -1.151454
v 5.825900 0.508213 -1.473012
v 5.825900 0.947469 -1.590710
v 5.825900 1.386726 -1.473012
v 5.825900 1.708284 -1.151454
v 5.825900 1.825982 -0.712197
v 5.825900 1.708284 -0.272940
v 5.825900 1.386727 0.048618
v 5.825900 0.947469 0.166316
v 5.825900 0.508213 0.048618
v 5.825900 0.186654 -0.272940
v 5.825900 0.068956 -0.712197
v 5.893176 0.134652 -1.181477
v 5.893176 0.478189 -1.525014
v 5.893176 0.947469 -1.650757
v 5.893176 1.416750 -1.525014
v 5.893176 1.760287 -1.181477
v 5.893176 1.886029 -0.712197
v 5.893176 1.760287 -0.242917
v 5.893176 1.416750 0.100620
v 5.893176 0.947469 0.226363
v 5.893176 0.478190 0.100620
v 5.893176 0.134653 -0.242917
v 5.893176 0.008910 -0.712197
v 6.192064 0.134652 -1.181477
v 6.192064 0.478189 -1.525014
v 6.192064 0.947469 -1.650757
v 6.192064 1.416750 -1.525014
v 6.192064 1.760287 -1.181477
v 6.192064 1.886029 -0.712197
v 6.192064 1.760287 -0.242917
v 6.192064 1.416750 0.100620
v 6.192064 0.947469 0.226363
v 6.192064 0.478190 0.100620
v 6.192064 0.134653 -0.242917
v 6.192064 0.008910 -0.712197
v 5.825900 0.404940 -1.025427
v 5.825900 0.634240 -1.254726
v 5.825900 0.947469 -1.338656
v 5.825900 1.260698 -1.254726
v 5.825900 1.489998 -1.025427
v 5.825900 1.573928 -0.712197
v 5.825900 1.489998 -0.398967
v 5.825900 1.260699 -0.169668
v 5.825900 0.947469 -0.085738
v 5.825900 0.634240 -0.169668
v 5.825900 0.404940 -0.398967
v 5.825900 0.321010 -0.712197
v 5.825900 0.453270 -0.997523
v 5.825900 0.662143 -1.206396
v 5.825900 0.947469 -0.712197
v 5.825900 0.947469 -1.282849
v 5.825900 1.232795 -1.206396
v 5.825900 1.441668 -0.997523
v 5.825900 1.518121 -0.712197
v 5.825900 1.441668 -0.426871
v 5.825900 1.232795 -0.217998
v 5.825900 0.947469 -0.141545
v 5.825900 0.662144 -0.217998
v 5.825900 0.453270 -0.426871
v 5.825900 0.376817 -0.712197
v 5.867783 1.235010 -2.186858
v 5.867783 0.882857 0.817172
v 5.867783 1.071261 0.466422
v 5.867783 0.794246 0.817172
v 5.867783 1.114321 -0.231298
v 5.867783 1.092873 -2.325234
v 5.867783 0.696235 -1.906451
v 5.867783 0.595205 0.341004
v 6.192064 0.882857 0.817172
v 6.192064 1.071261 0.466422
v 6.192064 0.794246 0.817172
v 6.192064 0.595205 0.341004
v 6.192064 0.696235 -1.906451
v 6.192064 1.092873 -2.325234
v 6.192064 1.235010 -2.186858
v 6.192064 1.114321 -0.231298
v 5.837687 1.055744 0.411805
v 5.837687 1.094525 -0.254691
v 5.837687 1.203220 -2.122737
v 5.837687 1.075208 -2.254920
v 5.837687 0.717985 -1.854879
v 5.837687 0.626995 0.291999
v 5.837687 0.806257 0.746859
v 5.837687 0.886062 0.746859
v 7.087148 0.699199 1.413801
v 7.262343 0.699199 1.413801
v 7.087148 1.189585 1.413801
v 7.262343 1.189585 1.413801
v 7.151484 0.699199 1.647164
v 7.198007 0.699199 1.647164
v 7.198007 1.189585 1.647164
v 7.151484 1.189585 1.647164
v 7.262343 1.026123 1.413801
v 7.198007 1.026123 1.532708
v 7.151484 1.026123 1.532708
v 7.087148 1.026123 1.413801
v 7.262343 0.862661 1.413801
v 7.198007 0.862661 1.532708
v 7.151484 0.862661 1.532708
v 7.087148 0.862661 1.413801
v 6.393398 0.810039 1.431071
v 6.192064 0.810039 1.229737
v 6.192064 1.078745 1.229737
v 6.393398 1.078745 1.431071
v 7.585035 0.810039 1.229737
v 7.383701 0.810039 1.431071
v 7.383701 1.078745 1.431071
v 7.585035 1.078745 1.229737
v 6.393398 1.078744 -3.204661
v 6.192064 1.078744 -3.003327
v 6.192064 0.810039 -3.003327
v 6.393398 0.810039 -3.204661
v 7.585035 1.078744 -3.003327
v 7.383701 1.078744 -3.204661
v 7.383701 0.810039 -3.204661
v 7.585035 0.810039 -3.003327
v 6.524796 0.699199 1.413801
v 6.699992 0.699199 1.413801
v 6.524796 1.189585 1.413801
v 6.699992 1.189585 1.413801
v 6.589132 0.699199 1.647164
v 6.635655 0.699199 1.647164
v 6.635655 1.189585 1.647164
v 6.589132 1.189585 1.647164
v 6.699992 1.026123 1.413801
v 6.635655 1.026123 1.532708
v 6.589132 1.026123 1.532708
v 6.524796 1.026123 1.413801
v 6.699992 0.862661 1.413801
v 6.635655 0.862661 1.532708
v 6.589132 0.862661 1.532708
v 6.524796 0.862661 1.413801
v 0.684030 0.618439 4.329688
v 0.684030 0.390879 4.347047
v 0.614151 0.253057 4.488614
v 0.466986 0.339334 4.758029
v 0.466986 0.734917 4.700171
v 0.512295 0.795160 4.610464
v 0.529210 1.235926 4.183256
v 0.611375 1.051261 4.157805
v 0.619475 0.953903 4.249821
v 0.678271 0.829381 4.194278
v 0.680638 0.714142 4.262685
v 0.478796 0.963186 4.605940
v 0.495883 1.247489 4.249422
v 0.686348 0.918725 4.103564
v 0.686348 0.883761 4.126695
v 0.662581 0.933266 4.148686
v 0.654506 0.978974 4.116343
v 0.580029 0.144348 4.552514
v 0.570250 -0.224945 4.549366
v 0.465411 -0.224464 4.691401
v 0.465411 0.191143 4.757771
v 0.000000 0.107967 4.907018
v 0.213956 0.107234 4.906903
v 0.240222 0.181184 4.918584
v 0.319161 0.181184 4.918584
v 0.319161 -0.173731 4.851893
v 0.256549 -0.236514 4.851893
v 0.000000 -0.236514 4.851893
v 0.000000 0.767768 4.861843
v 0.206618 0.776370 4.860596
v 0.232420 0.840234 4.851346
v 0.324539 0.840234 4.851346
v 0.324539 0.405665 4.914290
v 0.234748 0.339591 4.923861
v 0.000000 0.339591 4.923861
v -0.684030 0.618439 4.329688
v -0.684030 0.390879 4.347047
v -0.614151 0.253057 4.488614
v -0.466986 0.339334 4.758029
v -0.466986 0.734917 4.700171
v -0.512295 0.795160 4.610464
v -0.529210 1.235926 4.183256
v -0.611375 1.051261 4.157805
v -0.619475 0.953903 4.249821
v -0.678271 0.829381 4.194278
v -0.680638 0.714142 4.262685
v -0.478796 0.963186 4.605940
v -0.495883 1.247489 4.249422
v -0.686348 0.918725 4.103564
v -0.686348 0.883761 4.126695
v -0.662581 0.933266 4.148686
v -0.654506 0.978974 4.116343
v -0.580029 0.144348 4.552514
v -0.570250 -0.224945 4.549366
v -0.465411 -0.224464 4.691401
v -0.465411 0.191143 4.757771
v -0.213956 0.107234 4.906903
v -0.240222 0.181184 4.918584
v -0.319161 0.181184 4.918584
v -0.319161 -0.173731 4.851893
v -0.256549 -0.236514 4.851893
v -0.206618 0.776370 4.860596
v -0.232420 0.840234 4.851346
v -0.324539 0.840234 4.851346
v -0.324539 0.405665 4.914290
v -0.234748 0.339591 4.923861
v 0.025562 0.100492 4.557725
v 0.025562 0.096556 4.584758
v 0.025562 0.112888 4.606657
v 0.025562 0.139922 4.610593
v 0.025562 0.161821 4.594261
v -0.025562 0.100492 4.557725
v -0.025562 0.096556 4.584758
v -0.025562 0.112888 4.606657
v -0.025562 0.139922 4.610593
v -0.025562 0.161821 4.594261
v 0.025562 0.131157 4.575993
v -0.025562 0.131157 4.575993
v 0.021575 0.121607 4.579760
v 0.021575 0.101866 4.571583
v 0.021575 0.082124 4.579760
v 0.021575 0.073947 4.599502
v 0.021575 0.082124 4.619243
v 0.021575 0.101866 4.627420
v 0.021575 0.121607 4.619243
v 0.021575 0.129785 4.599502
v -0.021575 0.121607 4.579760
v -0.021575 0.101866 4.571583
v -0.021575 0.082124 4.579760
v -0.021575 0.073947 4.599502
v -0.021575 0.082124 4.619243
v -0.021575 0.101866 4.627420
v -0.021575 0.121607 4.619243
v -0.021575 0.129785 4.599502
v 0.021575 0.101866 4.599502
v -0.021575 0.101866 4.599502
v -0.016594 -0.021634 4.678241
v 0.016594 -0.021634 4.678241
v -0.016594 0.001120 4.710443
v 0.016594 0.001120 4.710443
v -0.016594 0.102924 4.624627
v 0.016594 0.102924 4.624627
v -0.016594 0.080170 4.592425
v 0.016594 0.080170 4.592425
v 0.021575 0.003626 4.677469
v 0.021575 -0.016116 4.669292
v 0.021575 -0.035857 4.677469
v 0.021575 -0.044035 4.697211
v 0.021575 -0.035857 4.716953
v 0.021575 -0.016116 4.725130
v 0.021575 0.003626 4.716953
v 0.021575 0.011803 4.697211
v -0.021575 0.003626 4.677469
v -0.021575 -0.016116 4.669292
v -0.021575 -0.035857 4.677469
v -0.021575 -0.044035 4.697211
v -0.021575 -0.035857 4.716953
v -0.021575 -0.016116 4.725130
v -0.021575 0.003626 4.716953
v -0.021575 0.011803 4.697211
v 0.021575 -0.016116 4.697211
v -0.021575 -0.016116 4.697211
v -0.016594 -0.208864 4.601001
v 0.016594 -0.208864 4.601001
v -0.016594 -0.229405 4.634658
v 0.016594 -0.229405 4.634658
v -0.016594 -0.034069 4.710667
v 0.016594 -0.034069 4.710667
v -0.016594 -0.013527 4.677010
v 0.016594 -0.013527 4.677010
v 0.050349 -0.205077 4.587814
v 0.050349 -0.232336 4.578263
v 0.050349 -0.232336 4.643483
v 0.050349 -0.205077 4.633932
v 0.050349 -0.195526 4.610873
v -0.050349 -0.205077 4.587814
v -0.050349 -0.232336 4.578263
v -0.050349 -0.232336 4.643483
v -0.050349 -0.205077 4.633932
v -0.050349 -0.195526 4.610873
v 0.050349 -0.232336 4.610873
v -0.050349 -0.232336 4.610873
v -0.195531 0.200902 4.592089
v -0.178595 0.215452 4.600757
v -0.195531 0.212680 4.572319
v -0.178595 0.227230 4.580987
v 0.178595 0.215452 4.600757
v 0.195531 0.200902 4.592089
v 0.195531 0.212680 4.572319
v 0.178595 0.227230 4.580987
v -0.178595 0.061546 4.509067
v -0.195531 0.076096 4.517735
v -0.195531 0.087874 4.497965
v -0.178595 0.073324 4.489297
v 0.195531 0.076096 4.517735
v 0.178595 0.061546 4.509067
v 0.178595 0.073324 4.489297
v 0.195531 0.087874 4.497965
v -0.170008 0.219657 4.576476
v -0.186130 0.206539 4.568661
v 0.170008 0.219657 4.576476
v 0.186130 0.206539 4.568661
v 0.186130 0.094015 4.501624
v 0.170008 0.080897 4.493808
v -0.170008 0.080897 4.493808
v -0.186130 0.094015 4.501624
v -0.165984 0.212637 4.580370
v -0.181725 0.200175 4.572945
v 0.165984 0.212637 4.580370
v 0.181725 0.200175 4.572945
v 0.181725 0.093277 4.509261
v 0.165984 0.080814 4.501836
v -0.165984 0.080814 4.501836
v -0.181725 0.093277 4.509261
v 0.235248 0.210088 4.585115
v 0.246886 0.223415 4.587391
v 0.226370 0.220953 4.566878
v 0.238007 0.234281 4.569152
v 0.346704 0.244780 4.551528
v 0.358342 0.236434 4.540892
v 0.349464 0.247299 4.522655
v 0.337826 0.255646 4.533291
v 0.246886 0.069509 4.495701
v 0.235248 0.077855 4.506336
v 0.226370 0.088720 4.488099
v 0.238007 0.080375 4.477461
v 0.358342 0.104201 4.462113
v 0.346704 0.090874 4.459838
v 0.337826 0.101739 4.441601
v 0.349464 0.115066 4.443877
v 0.244496 0.228097 4.562310
v 0.234371 0.216159 4.560127
v 0.331338 0.246684 4.531110
v 0.341463 0.239080 4.521653
v 0.341463 0.119860 4.450626
v 0.331338 0.107923 4.448443
v 0.244496 0.089336 4.479642
v 0.234371 0.096938 4.489100
v 0.249344 0.221816 4.564961
v 0.239725 0.210476 4.562889
v 0.331844 0.239474 4.535324
v 0.341463 0.232251 4.526339
v 0.341463 0.118990 4.458864
v 0.331844 0.107651 4.456789
v 0.249344 0.089994 4.486427
v 0.239725 0.097216 4.495414
v 0.010073 0.147571 4.579411
v 0.195531 0.147571 4.579411
v 0.010073 0.159329 4.586416
v 0.195531 0.159329 4.586416
v 0.010073 0.174299 4.576240
v 0.195531 0.174299 4.576240
v 0.010073 0.149393 4.561401
v 0.195531 0.149393 4.561401
v 0.333611 0.177811 4.513701
v 0.333611 0.175989 4.531710
v 0.333611 0.202717 4.528539
v 0.333611 0.187747 4.538715
v 0.010073 0.094004 4.547498
v 0.195531 0.094004 4.547498
v 0.010073 0.105762 4.554503
v 0.195531 0.105762 4.554503
v 0.010073 0.120732 4.544327
v 0.195531 0.120732 4.544327
v 0.010073 0.095825 4.529489
v 0.195531 0.095825 4.529489
v 0.333611 0.124243 4.481789
v 0.333611 0.122421 4.499797
v 0.333611 0.149150 4.496626
v 0.333611 0.134180 4.506802
v -0.235248 0.210088 4.585115
v -0.246886 0.223415 4.587391
v -0.226370 0.220953 4.566878
v -0.238007 0.234281 4.569152
v -0.346704 0.244780 4.551528
v -0.358342 0.236434 4.540892
v -0.349464 0.247299 4.522655
v -0.337826 0.255646 4.533291
v -0.246886 0.069509 4.495701
v -0.235248 0.077855 4.506336
v -0.226370 0.088720 4.488099
v -0.238007 0.080375 4.477461
v -0.358342 0.104201 4.462113
v -0.346704 0.090874 4.459838
v -0.337826 0.101739 4.441601
v -0.349464 0.115066 4.443877
v -0.234371 0.216159 4.560127
v -0.234371 0.096938 4.489100
v -0.244496 0.089336 4.479642
v -0.331338 0.107923 4.448443
v -0.341463 0.119860 4.450626
v -0.341463 0.239080 4.521653
v -0.331338 0.246684 4.531110
v -0.244496 0.228097 4.562310
v -0.239725 0.210476 4.562889
v -0.239725 0.097216 4.495414
v -0.249344 0.089994 4.486427
v -0.331844 0.107651 4.456789
v -0.341463 0.118990 4.458864
v -0.341463 0.232251 4.526339
v -0.331844 0.239474 4.535324
v -0.249344 0.221816 4.564961
v -0.041018 0.090648 4.551859
v 0.040898 0.090648 4.551859
v -0.041018 0.165683 4.596562
v 0.040898 0.165683 4.596562
v -0.075503 0.189461 4.585272
v 0.075383 0.189461 4.585272
v -0.075503 0.089255 4.525575
v 0.075383 0.089255 4.525575
v -0.155835 0.087404 4.549927
v -0.135601 0.087404 4.549927
v -0.155835 0.162439 4.594630
v -0.135601 0.162439 4.594630
v -0.164353 0.186217 4.583340
v -0.127083 0.186217 4.583340
v -0.164353 0.086011 4.523642
v -0.127083 0.086011 4.523642
v -0.010073 0.147571 4.579411
v -0.195531 0.147571 4.579411
v -0.010073 0.159329 4.586416
v -0.195531 0.159329 4.586416
v -0.010073 0.174299 4.576240
v -0.195531 0.174299 4.576240
v -0.010073 0.149393 4.561401
v -0.195531 0.149393 4.561401
v -0.333611 0.177811 4.513701
v -0.333611 0.175989 4.531710
v -0.333611 0.202717 4.528539
v -0.333611 0.187747 4.538715
v 0.139013 0.087404 4.549927
v 0.159247 0.087404 4.549927
v 0.139013 0.162439 4.594630
v 0.159247 0.162439 4.594630
v 0.130495 0.186217 4.583340
v 0.167765 0.186217 4.583340
v 0.130495 0.086011 4.523642
v 0.167765 0.086011 4.523642
v -0.010073 0.094004 4.547498
v -0.195531 0.094004 4.547498
v -0.010073 0.105762 4.554503
v -0.195531 0.105762 4.554503
v -0.010073 0.120732 4.544327
v -0.195531 0.120732 4.544327
v -0.010073 0.095825 4.529489
v -0.195531 0.095825 4.529489
v -0.333611 0.124243 4.481789
v -0.333611 0.122421 4.499797
v -0.333611 0.149150 4.496626
v -0.333611 0.134180 4.506802
v -0.040754 0.055475 3.078520
v 0.040754 0.055475 3.078520
v -0.040754 0.389494 3.078520
v 0.040754 0.389494 3.078520
v -0.040754 0.389494 2.902615
v 0.040754 0.389494 2.902615
v -0.040754 0.055475 2.676408
v 0.040754 0.055475 2.676408
v -0.040754 0.555993 2.676408
v 0.040754 0.555993 2.676408
v -0.040754 0.555993 2.841743
v 0.040754 0.555993 2.841743
v -0.024913 0.055475 3.119751
v 0.024913 0.055475 3.119751
v 0.024913 0.389494 3.119751
v -0.024913 0.389494 3.119751
v -0.367790 0.055475 2.676408
v -0.367790 0.055475 2.864757
v -0.367790 -0.148078 3.078520
v 0.367790 0.055475 2.676408
v 0.367789 0.055475 2.864757
v 0.367789 -0.148078 3.078520
v -0.367790 0.055475 3.271020
v -0.315865 0.055475 3.312251
v -0.367790 -0.148078 3.271020
v -0.315865 -0.148078 3.312251
v 0.367789 0.055475 3.271020
v 0.315865 0.055475 3.312251
v 0.315865 -0.148078 3.312251
v 0.367789 -0.148078 3.271020
v 0.031339 0.224483 2.835681
v 0.059488 0.228821 3.086829
v 0.031339 0.306590 2.870255
v 0.059488 0.313379 3.103885
v 0.345627 0.306590 2.870255
v 0.317477 0.313379 3.103885
v 0.345627 0.224483 2.835681
v 0.317477 0.228821 3.086828
v 0.031339 0.286384 2.961084
v 0.345627 0.286384 2.961084
v 0.345627 0.224483 2.972903
v 0.031339 0.224483 2.972903
v 0.289768 0.244225 3.107446
v 0.087198 0.244225 3.107447
v 0.289768 0.307537 3.124502
v 0.087198 0.307537 3.124503
v 0.345627 0.303904 2.764475
v 0.031339 0.303904 2.764475
v 0.031339 0.371394 2.836771
v 0.345627 0.371394 2.836771
v 0.317529 0.630839 2.726828
v 0.059436 0.630839 2.726828
v 0.059436 0.649761 2.799124
v 0.317529 0.649761 2.799124
v 0.290747 0.681134 2.739594
v 0.086219 0.681134 2.739594
v 0.086219 0.700056 2.811896
v 0.290747 0.700056 2.811896
v 0.049674 0.307891 2.872626
v 0.049674 0.288052 2.962787
v 0.327292 0.288052 2.962787
v 0.327292 0.307891 2.872626
v 0.074539 0.311220 3.093808
v 0.302426 0.311220 3.093808
v 0.327292 0.377677 2.837048
v 0.049674 0.377677 2.837048
v 0.302475 0.642865 2.799805
v 0.074491 0.642865 2.799805
v 0.278818 0.696960 2.811960
v 0.098148 0.696960 2.811960
v 0.054941 0.314694 2.876224
v 0.054941 0.313836 2.962387
v 0.322025 0.313836 2.962387
v 0.322025 0.314694 2.876224
v 0.078864 0.327646 3.063459
v 0.298102 0.327646 3.063458
v 0.322025 0.384789 2.861816
v 0.054941 0.384789 2.861816
v 0.298148 0.644412 2.825998
v 0.078818 0.644412 2.825999
v 0.275388 0.697752 2.838199
v 0.101578 0.697752 2.838200
v 0.054941 0.319706 3.019736
v 0.322025 0.319706 3.019736
v 0.327292 0.300161 3.040103
v 0.345627 0.301044 3.046252
v 0.345627 0.224483 3.050192
v 0.031339 0.224483 3.050192
v 0.031339 0.301044 3.046252
v 0.049674 0.300161 3.040103
v 0.054941 0.325624 2.895477
v 0.322025 0.325624 2.895477
v 0.327292 0.306117 2.882819
v 0.345627 0.304784 2.880508
v 0.345627 0.224483 2.850082
v 0.031339 0.224483 2.850082
v 0.031339 0.304784 2.880508
v 0.049674 0.306117 2.882819
v 0.054941 0.334117 2.883435
v 0.049674 0.316716 2.868127
v 0.031339 0.314785 2.866019
v 0.031339 0.234526 2.826675
v 0.345627 0.234526 2.826675
v 0.345627 0.314785 2.866019
v 0.327292 0.316716 2.868127
v 0.322025 0.334117 2.883435
v 0.267337 0.367847 2.836619
v 0.253238 0.627469 2.800800
v 0.239798 0.686717 2.821687
v 0.241824 0.696960 2.811960
v 0.248868 0.700056 2.811896
v 0.248288 0.307537 3.135053
v 0.264652 0.313379 3.114434
v 0.255765 0.311220 3.104358
v 0.253211 0.328422 3.081122
v 0.267337 0.306630 3.018604
v 0.267337 0.300760 2.961255
v 0.267337 0.313680 2.884736
v 0.267337 0.314694 2.876224
v 0.267337 0.325939 2.876056
v 0.109629 0.367847 2.836618
v 0.123728 0.627469 2.800800
v 0.137168 0.686717 2.821686
v 0.135141 0.696960 2.811960
v 0.128675 0.307537 3.135052
v 0.112314 0.313379 3.114434
v 0.121201 0.311220 3.104358
v 0.123755 0.328422 3.081122
v 0.109629 0.306630 3.018603
v 0.109629 0.300760 2.961255
v 0.109629 0.313680 2.884735
v 0.109629 0.314694 2.876224
v 0.109629 0.325939 2.876056
v 0.066709 0.494715 2.828159
v 0.061902 0.490346 2.802689
v 0.045185 0.490558 2.802213
v 0.045185 0.447001 2.729917
v 0.331781 0.447001 2.729917
v 0.331781 0.490558 2.802213
v 0.315064 0.490346 2.802689
v 0.310257 0.494715 2.828159
v 0.260388 0.477773 2.802960
v 0.116577 0.477773 2.802961
v 0.040522 0.211863 2.850082
v 0.040522 0.213961 2.830985
v 0.040522 0.211863 2.972903
v 0.041907 0.211863 3.050192
v 0.066526 0.213372 3.079025
v 0.095288 0.230031 3.103421
v 0.040522 0.226102 2.817282
v 0.041294 0.298210 2.753644
v 0.053553 0.445414 2.717474
v 0.067527 0.616848 2.714405
v 0.088858 0.668801 2.727362
v 0.309439 0.616848 2.714404
v 0.288107 0.668801 2.727362
v 0.335672 0.298210 2.753644
v 0.323413 0.445414 2.717474
v 0.336444 0.226102 2.817283
v 0.336444 0.213961 2.830985
v 0.336444 0.211863 2.850083
v 0.336444 0.211863 2.972904
v 0.335059 0.211863 3.050193
v 0.310440 0.213372 3.079022
v 0.281677 0.230031 3.103415
v 0.114963 0.714301 2.785511
v 0.116211 0.708914 2.797757
v 0.114963 0.811165 2.731516
v 0.091223 0.832126 2.833801
v 0.262003 0.811165 2.731516
v 0.285742 0.832126 2.833801
v 0.262003 0.714301 2.785510
v 0.260755 0.708914 2.797758
v 0.114963 0.748153 2.723527
v 0.262003 0.748153 2.723526
v 0.285742 0.751082 2.825351
v 0.091223 0.751082 2.825351
v 0.249896 0.716715 2.814777
v 0.127069 0.716715 2.814777
v 0.271134 0.749742 2.837936
v 0.105832 0.749742 2.837936
v 0.271134 0.806855 2.844321
v 0.105832 0.807684 2.844406
v 0.249899 0.725983 2.829874
v 0.127066 0.725983 2.829874
v 0.271134 0.747682 2.856473
v 0.105832 0.747682 2.856473
v 0.271134 0.804280 2.866660
v 0.105832 0.803737 2.866601
v 0.253400 0.847263 2.835379
v 0.237555 0.827129 2.733179
v 0.237555 0.748153 2.723526
v 0.237555 0.714301 2.785510
v 0.236722 0.708914 2.797757
v 0.229474 0.716715 2.814777
v 0.229474 0.724506 2.829852
v 0.222022 0.747682 2.856473
v 0.222022 0.822220 2.868100
v 0.243649 0.831510 2.846463
v 0.123566 0.847263 2.835379
v 0.139411 0.827129 2.733180
v 0.139411 0.748153 2.723527
v 0.139411 0.714301 2.785511
v 0.140244 0.708914 2.797757
v 0.147492 0.716715 2.814777
v 0.147492 0.724506 2.829853
v 0.154944 0.747682 2.856473
v 0.154944 0.822220 2.868101
v 0.133316 0.831510 2.846464
v 0.116046 0.746116 2.872031
v 0.116046 0.801476 2.878525
v 0.260919 0.746116 2.872031
v 0.260919 0.801156 2.878491
v 0.389624 0.275437 2.839218
v 0.389624 0.275437 2.895627
v 0.342783 0.275437 2.839219
v 0.342783 0.275437 2.895627
v 0.342783 0.339763 2.787186
v 0.342783 0.362905 2.820688
v 0.389624 0.362905 2.820688
v 0.389624 0.339763 2.787186
v 0.389624 0.241108 2.853110
v 0.389624 0.228404 2.895627
v 0.342783 0.241108 2.853110
v 0.342783 0.228404 2.895627
v 0.342783 0.267518 2.930027
v 0.389624 0.267518 2.930026
v 0.389624 0.236323 2.930026
v 0.342783 0.236323 2.930027
v 0.108789 0.408020 2.712570
v 0.108789 0.408020 2.738330
v 0.108789 0.613891 2.712570
v 0.108789 0.613891 2.726227
v 0.268176 0.613891 2.712571
v 0.268176 0.613891 2.726228
v 0.268176 0.408020 2.712571
v 0.268176 0.408020 2.738331
v 0.268176 0.426937 2.693754
v 0.108789 0.426937 2.693753
v 0.108789 0.594973 2.693753
v 0.268176 0.594973 2.693754
v 0.251178 0.396119 2.709009
v 0.251178 0.396119 2.738440
v 0.251178 0.625792 2.709009
v 0.251178 0.625792 2.724612
v 0.285178 0.625792 2.709009
v 0.285178 0.625792 2.724612
v 0.285178 0.396119 2.709009
v 0.285178 0.396119 2.738440
v 0.285178 0.417731 2.687512
v 0.251178 0.417731 2.687512
v 0.251178 0.604180 2.687512
v 0.285178 0.604180 2.687512
v 0.091788 0.396119 2.709009
v 0.091788 0.396119 2.738440
v 0.091788 0.625792 2.709009
v 0.091788 0.625792 2.724612
v 0.125788 0.625792 2.709010
v 0.125788 0.625792 2.724613
v 0.125788 0.396119 2.709010
v 0.125788 0.396119 2.738441
v 0.125788 0.417731 2.687513
v 0.091788 0.417731 2.687512
v 0.091788 0.604180 2.687512
v 0.125788 0.604180 2.687513
v 0.141959 0.694158 2.796873
v 0.141959 0.740772 2.808970
v 0.235007 0.740772 2.808969
v 0.235007 0.694158 2.796872
v 0.235007 0.678429 2.742804
v 0.141959 0.678429 2.742805
v 0.141959 0.754665 2.770487
v 0.235007 0.754665 2.770487
v 0.396725 0.306806 2.839035
v 0.396725 0.306806 2.893363
v 0.413739 0.387409 2.798688
v 0.413742 0.404679 2.974911
v 0.339972 0.387409 2.798688
v 0.339972 0.404679 2.974911
v 0.339972 0.306806 2.839035
v 0.339972 0.306806 2.893363
v 0.413739 0.414224 2.798688
v 0.413742 0.431494 2.974911
v 0.339972 0.431494 2.974911
v 0.339972 0.414224 2.798688
v 0.413739 0.404679 3.058105
v 0.339972 0.404679 3.058105
v 0.339972 0.431494 3.047137
v 0.413739 0.431494 3.047137
v 0.406128 0.414224 2.806302
v 0.406128 0.431494 2.975064
v 0.347583 0.431494 2.975064
v 0.347583 0.414224 2.806302
v 0.406128 0.431494 3.039236
v 0.347583 0.431494 3.039236
v 0.398669 0.423860 2.813165
v 0.398669 0.441131 2.975183
v 0.355042 0.441131 2.975183
v 0.355042 0.423860 2.813165
v 0.398669 0.441131 3.032373
v 0.355042 0.441131 3.032373
v 0.405283 0.351835 2.906247
v 0.405283 0.351546 2.818741
v 0.339972 0.351546 2.818741
v 0.339972 0.351835 2.906247
v 0.058759 0.049835 2.811780
v 0.058759 0.049835 3.071229
v 0.058759 0.081341 2.811780
v 0.058759 0.081341 3.071229
v 0.318207 0.081341 2.811780
v 0.318207 0.081341 3.071228
v 0.318207 0.049835 2.811780
v 0.318207 0.049835 3.071228
v 0.084946 0.119186 2.837967
v 0.084946 0.119186 3.045041
v 0.292020 0.119186 3.045041
v 0.292020 0.119186 2.837967
v 0.025272 0.055475 2.869712
v 0.025272 0.055475 3.013297
v 0.025272 0.075836 2.869712
v 0.025272 0.075836 3.013297
v 0.351694 0.075836 2.869711
v 0.351694 0.075836 3.013296
v 0.351694 0.055475 2.869711
v 0.351694 0.055475 3.013296
v 0.058219 0.105625 2.884205
v 0.058219 0.105625 2.998804
v 0.318747 0.105625 2.998804
v 0.318747 0.105625 2.884204
v 0.260275 0.055475 2.778293
v 0.116690 0.055475 2.778294
v 0.260275 0.075836 2.778293
v 0.116690 0.075836 2.778294
v 0.260275 0.075836 3.104715
v 0.116690 0.075836 3.104715
v 0.260275 0.055475 3.104715
v 0.116690 0.055475 3.104715
v 0.245783 0.105625 2.811240
v 0.131183 0.105625 2.811240
v 0.131183 0.105625 3.071768
v 0.245783 0.105625 3.071768
v 0.110898 0.119186 2.863919
v 0.110898 0.119186 3.019089
v 0.110898 0.159550 2.863919
v 0.110898 0.159550 3.019089
v 0.266068 0.159550 2.863919
v 0.266068 0.159550 3.019089
v 0.266068 0.119186 2.863919
v 0.266068 0.119186 3.019089
v 0.126560 0.218605 2.879581
v 0.126560 0.218605 3.003427
v 0.250406 0.218605 3.003427
v 0.250406 0.218605 2.879581
v -0.031339 0.224483 2.835681
v -0.059488 0.228821 3.086829
v -0.031339 0.306590 2.870255
v -0.059488 0.313379 3.103885
v -0.345627 0.306590 2.870255
v -0.317477 0.313379 3.103885
v -0.345627 0.224483 2.835681
v -0.317477 0.228821 3.086828
v -0.031339 0.286384 2.961084
v -0.345627 0.286384 2.961084
v -0.345627 0.224483 2.972903
v -0.031339 0.224483 2.972903
v -0.289768 0.244225 3.107446
v -0.087198 0.244225 3.107447
v -0.289768 0.307537 3.124502
v -0.087198 0.307537 3.124503
v -0.345627 0.303904 2.764475
v -0.031339 0.303904 2.764475
v -0.031339 0.371394 2.836771
v -0.345627 0.371394 2.836771
v -0.317529 0.630839 2.726828
v -0.059436 0.630839 2.726828
v -0.059436 0.649761 2.799124
v -0.317529 0.649761 2.799124
v -0.290747 0.681134 2.739594
v -0.086219 0.681134 2.739594
v -0.086219 0.700056 2.811896
v -0.290747 0.700056 2.811896
v -0.049674 0.307891 2.872626
v -0.049674 0.288052 2.962787
v -0.327292 0.288052 2.962787
v -0.327292 0.307891 2.872626
v -0.074539 0.311220 3.093808
v -0.302426 0.311220 3.093808
v -0.327292 0.377677 2.837048
v -0.049674 0.377677 2.837048
v -0.302475 0.642865 2.799805
v -0.074491 0.642865 2.799805
v -0.278818 0.696960 2.811960
v -0.098148 0.696960 2.811960
v -0.054941 0.314694 2.876224
v -0.054941 0.313836 2.962387
v -0.322025 0.313836 2.962387
v -0.322025 0.314694 2.876224
v -0.078864 0.327646 3.063459
v -0.298102 0.327646 3.063458
v -0.322025 0.384789 2.861816
v -0.054941 0.384789 2.861816
v -0.298148 0.644412 2.825998
v -0.078818 0.644412 2.825999
v -0.275388 0.697752 2.838199
v -0.101578 0.697752 2.838200
v -0.054941 0.319706 3.019736
v -0.322025 0.319706 3.019736
v -0.327292 0.300161 3.040103
v -0.345627 0.301044 3.046252
v -0.345627 0.224483 3.050192
v -0.031339 0.224483 3.050192
v -0.031339 0.301044 3.046252
v -0.049674 0.300161 3.040103
v -0.054941 0.325624 2.895477
v -0.322025 0.325624 2.895477
v -0.327292 0.306117 2.882819
v -0.345627 0.304784 2.880508
v -0.345627 0.224483 2.850082
v -0.031339 0.224483 2.850082
v -0.031339 0.304784 2.880508
v -0.049674 0.306117 2.882819
v -0.054941 0.334117 2.883435
v -0.049674 0.316716 2.868127
v -0.031339 0.314785 2.866019
v -0.031339 0.234526 2.826675
v -0.345627 0.234526 2.826675
v -0.345627 0.314785 2.866019
v -0.327292 0.316716 2.868127
v -0.322025 0.334117 2.883435
v -0.267337 0.367847 2.836619
v -0.253238 0.627469 2.800800
v -0.239798 0.686717 2.821687
v -0.241824 0.696960 2.811960
v -0.248868 0.700056 2.811896
v -0.248288 0.307537 3.135053
v -0.264652 0.313379 3.114434
v -0.255765 0.311220 3.104358
v -0.253211 0.328422 3.081122
v -0.267337 0.306630 3.018604
v -0.267337 0.300760 2.961255
v -0.267337 0.313680 2.884736
v -0.267337 0.314694 2.876224
v -0.267337 0.325939 2.876056
v -0.109629 0.367847 2.836618
v -0.123728 0.627469 2.800800
v -0.137168 0.686717 2.821686
v -0.135141 0.696960 2.811960
v -0.128675 0.307537 3.135052
v -0.112314 0.313379 3.114434
v -0.121201 0.311220 3.104358
v -0.123755 0.328422 3.081122
v -0.109629 0.306630 3.018603
v -0.109629 0.300760 2.961255
v -0.109629 0.313680 2.884735
v -0.109629 0.314694 2.876224
v -0.109629 0.325939 2.876056
v -0.066709 0.494715 2.828159
v -0.061902 0.490346 2.802689
v -0.045185 0.490558 2.802213
v -0.045185 0.447001 2.729917
v -0.331781 0.447001 2.729917
v -0.331781 0.490558 2.802213
v -0.315064 0.490346 2.802689
v -0.310257 0.494715 2.828159
v -0.260388 0.477773 2.802960
v -0.116577 0.477773 2.802961
v -0.040522 0.211863 2.850082
v -0.040522 0.213961 2.830985
v -0.040522 0.211863 2.972903
v -0.041907 0.211863 3.050192
v -0.066526 0.213372 3.079025
v -0.095288 0.230031 3.103421
v -0.040522 0.226102 2.817282
v -0.041294 0.298210 2.753644
v -0.053553 0.445414 2.717474
v -0.067527 0.616848 2.714405
v -0.088858 0.668801 2.727362
v -0.309439 0.616848 2.714404
v -0.288107 0.668801 2.727362
v -0.335672 0.298210 2.753644
v -0.323413 0.445414 2.717474
v -0.336444 0.226102 2.817283
v -0.336444 0.213961 2.830985
v -0.336444 0.211863 2.850083
v -0.336444 0.211863 2.972904
v -0.335059 0.211863 3.050193
v -0.310440 0.213372 3.079022
v -0.281677 0.230031 3.103415
v -0.114963 0.714301 2.785511
v -0.116211 0.708914 2.797757
v -0.114963 0.811165 2.731516
v -0.091223 0.832126 2.833801
v -0.262003 0.811165 2.731516
v -0.285742 0.832126 2.833801
v -0.262003 0.714301 2.785510
v -0.260755 0.708914 2.797758
v -0.114963 0.748153 2.723527
v -0.262003 0.748153 2.723526
v -0.285742 0.751082 2.825351
v -0.091223 0.751082 2.825351
v -0.249896 0.716715 2.814777
v -0.127069 0.716715 2.814777
v -0.271134 0.749742 2.837936
v -0.105832 0.749742 2.837936
v -0.271134 0.806855 2.844321
v -0.105832 0.807684 2.844406
v -0.249899 0.725983 2.829874
v -0.127066 0.725983 2.829874
v -0.271134 0.747682 2.856473
v -0.105832 0.747682 2.856473
v -0.271134 0.804280 2.866660
v -0.105832 0.803737 2.866601
v -0.253400 0.847263 2.835379
v -0.237555 0.827129 2.733179
v -0.237555 0.748153 2.723526
v -0.237555 0.714301 2.785510
v -0.236722 0.708914 2.797757
v -0.229474 0.716715 2.814777
v -0.229474 0.724506 2.829852
v -0.222022 0.747682 2.856473
v -0.222022 0.822220 2.868100
v -0.243649 0.831510 2.846463
v -0.123566 0.847263 2.835379
v -0.139411 0.827129 2.733180
v -0.139411 0.748153 2.723527
v -0.139411 0.714301 2.785511
v -0.140244 0.708914 2.797757
v -0.147492 0.716715 2.814777
v -0.147492 0.724506 2.829853
v -0.154944 0.747682 2.856473
v -0.154944 0.822220 2.868101
v -0.133316 0.831510 2.846464
v -0.116046 0.746116 2.872031
v -0.116046 0.801476 2.878525
v -0.260919 0.746116 2.872031
v -0.260919 0.801156 2.878491
v -0.389624 0.275437 2.839218
v -0.389624 0.275437 2.895627
v -0.342783 0.275437 2.839219
v -0.342783 0.275437 2.895627
v -0.342783 0.339763 2.787186
v -0.342783 0.362905 2.820688
v -0.389624 0.362905 2.820688
v -0.389624 0.339763 2.787186
v -0.389624 0.241108 2.853110
v -0.389624 0.228404 2.895627
v -0.342783 0.241108 2.853110
v -0.342783 0.228404 2.895627
v -0.342783 0.267518 2.930027
v -0.389624 0.267518 2.930026
v -0.389624 0.236323 2.930026
v -0.342783 0.236323 2.930027
v -0.108789 0.408020 2.712570
v -0.108789 0.408020 2.738330
v -0.108789 0.613891 2.712570
v -0.108789 0.613891 2.726227
v -0.268176 0.613891 2.712571
v -0.268176 0.613891 2.726228
v -0.268176 0.408020 2.712571
v -0.268176 0.408020 2.738331
v -0.268176 0.426937 2.693754
v -0.108789 0.426937 2.693753
v -0.108789 0.594973 2.693753
v -0.268176 0.594973 2.693754
v -0.251178 0.396119 2.709009
v -0.251178 0.396119 2.738440
v -0.251178 0.625792 2.709009
v -0.251178 0.625792 2.724612
v -0.285178 0.625792 2.709009
v -0.285178 0.625792 2.724612
v -0.285178 0.396119 2.709009
v -0.285178 0.396119 2.738440
v -0.285178 0.417731 2.687512
v -0.251178 0.417731 2.687512
v -0.251178 0.604180 2.687512
v -0.285178 0.604180 2.687512
v -0.091788 0.396119 2.709009
v -0.091788 0.396119 2.738440
v -0.091788 0.625792 2.709009
v -0.091788 0.625792 2.724612
v -0.125788 0.625792 2.709010
v -0.125788 0.625792 2.724613
v -0.125788 0.396119 2.709010
v -0.125788 0.396119 2.738441
v -0.125788 0.417731 2.687513
v -0.091788 0.417731 2.687512
v -0.091788 0.604180 2.687512
v -0.125788 0.604180 2.687513
v -0.141959 0.694158 2.796873
v -0.141959 0.740772 2.808970
v -0.235007 0.740772 2.808969
v -0.235007 0.694158 2.796872
v -0.235007 0.678429 2.742804
v -0.141959 0.678429 2.742805
v -0.141959 0.754665 2.770487
v -0.235007 0.754665 2.770487
v -0.396725 0.306806 2.839035
v -0.396725 0.306806 2.893363
v -0.413739 0.387409 2.798688
v -0.413742 0.404679 2.974911
v -0.339972 0.387409 2.798688
v -0.339972 0.404679 2.974911
v -0.339972 0.306806 2.839035
v -0.339972 0.306806 2.893363
v -0.413739 0.414224 2.798688
v -0.413742 0.431494 2.974911
v -0.339972 0.431494 2.974911
v -0.339972 0.414224 2.798688
v -0.413739 0.404679 3.058105
v -0.339972 0.404679 3.058105
v -0.339972 0.431494 3.047137
v -0.413739 0.431494 3.047137
v -0.406128 0.414224 2.806302
v -0.406128 0.431494 2.975064
v -0.347583 0.431494 2.975064
v -0.347583 0.414224 2.806302
v -0.406128 0.431494 3.039236
v -0.347583 0.431494 3.039236
v -0.398669 0.423860 2.813165
v -0.398669 0.441131 2.975183
v -0.355042 0.441131 2.975183
v -0.355042 0.423860 2.813165
v -0.398669 0.441131 3.032373
v -0.355042 0.441131 3.032373
v -0.405283 0.351835 2.906247
v -0.405283 0.351546 2.818741
v -0.339972 0.351546 2.818741
v -0.339972 0.351835 2.906247
v -0.058759 0.049835 2.811780
v -0.058759 0.049835 3.071229
v -0.058759 0.081341 2.811780
v -0.058759 0.081341 3.071229
v -0.318207 0.081341 2.811780
v -0.318207 0.081341 3.071228
v -0.318207 0.049835 2.811780
v -0.318207 0.049835 3.071228
v -0.084946 0.119186 2.837967
v -0.084946 0.119186 3.045041
v -0.292020 0.119186 3.045041
v -0.292020 0.119186 2.837967
v -0.025272 0.055475 2.869712
v -0.025272 0.055475 3.013297
v -0.025272 0.075836 2.869712
v -0.025272 0.075836 3.013297
v -0.351694 0.075836 2.869711
v -0.351694 0.075836 3.013296
v -0.351694 0.055475 2.869711
v -0.351694 0.055475 3.013296
v -0.058219 0.105625 2.884205
v -0.058219 0.105625 2.998804
v -0.318747 0.105625 2.998804
v -0.318747 0.105625 2.884204
v -0.260275 0.055475 2.778293
v -0.116690 0.055475 2.778294
v -0.260275 0.075836 2.778293
v -0.116690 0.075836 2.778294
v -0.260275 0.075836 3.104715
v -0.116690 0.075836 3.104715
v -0.260275 0.055475 3.104715
v -0.116690 0.055475 3.104715
v -0.245783 0.105625 2.811240
v -0.131183 0.105625 2.811240
v -0.131183 0.105625 3.071768
v -0.245783 0.105625 3.071768
v -0.110898 0.119186 2.863919
v -0.110898 0.119186 3.019089
v -0.110898 0.159550 2.863919
v -0.110898 0.159550 3.019089
v -0.266068 0.159550 2.863919
v -0.266068 0.159550 3.019089
v -0.266068 0.119186 2.863919
v -0.266068 0.119186 3.019089
v -0.126560 0.218605 2.879581
v -0.126560 0.218605 3.003427
v -0.250406 0.218605 3.003427
v -0.250406 0.218605 2.879581
v -0.040754 -0.222049 4.184120
v 0.040754 -0.222049 4.184120
v -0.040754 0.111970 4.184120
v 0.040754 0.111970 4.184120
v -0.040754 0.111970 4.008215
v 0.040754 0.111970 4.008215
v -0.040754 -0.222049 3.782008
v 0.040754 -0.222049 3.782008
v -0.040754 0.278469 3.782008
v 0.040754 0.278469 3.782008
v -0.040754 0.278469 3.947343
v 0.040754 0.278469 3.947343
v -0.024913 -0.222049 4.225351
v 0.024913 -0.222049 4.225351
v 0.024913 0.111970 4.225351
v -0.024913 0.111970 4.225351
v -0.040754 -0.248585 3.782008
v 0.040754 -0.248585 3.782008
v -0.024913 -0.248585 4.225351
v 0.024913 -0.248585 4.225351
v -0.367790 -0.222049 3.782008
v -0.367790 -0.222049 4.184120
v -0.367790 -0.248585 3.782008
v -0.367790 -0.248585 4.184120
v -0.315865 -0.222049 4.225351
v -0.315865 -0.248585 4.225351
v 0.367790 -0.222049 3.782008
v 0.367789 -0.222049 4.184120
v 0.367789 -0.248585 4.184120
v 0.367790 -0.248585 3.782008
v 0.315865 -0.222049 4.225351
v 0.315865 -0.248585 4.225351
v -0.031339 -0.053041 3.941281
v -0.059488 -0.048703 4.192429
v -0.031339 0.029067 3.975855
v -0.059488 0.035855 4.209486
v -0.345627 0.029067 3.975855
v -0.317477 0.035855 4.209485
v -0.345627 -0.053041 3.941281
v -0.317477 -0.048703 4.192429
v -0.031339 0.008860 4.066684
v -0.345627 0.008860 4.066684
v -0.345627 -0.053041 4.078504
v -0.031339 -0.053041 4.078504
v -0.289768 -0.033299 4.213046
v -0.087198 -0.033299 4.213047
v -0.289768 0.030013 4.230103
v -0.087198 0.030013 4.230103
v -0.345627 0.026380 3.870075
v -0.031339 0.026380 3.870075
v -0.031339 0.093870 3.942371
v -0.345627 0.093870 3.942371
v -0.317529 0.353315 3.832428
v -0.059436 0.353315 3.832428
v -0.059436 0.372238 3.904724
v -0.317529 0.372238 3.904724
v -0.290747 0.403611 3.845194
v -0.086219 0.403611 3.845194
v -0.086219 0.422533 3.917497
v -0.290747 0.422533 3.917496
v -0.049674 0.030368 3.978226
v -0.049674 0.010529 4.068387
v -0.327292 0.010529 4.068387
v -0.327292 0.030368 3.978226
v -0.074539 0.033697 4.199408
v -0.302426 0.033697 4.199408
v -0.327292 0.100154 3.942648
v -0.049674 0.100154 3.942648
v -0.302475 0.365341 3.905405
v -0.074491 0.365341 3.905406
v -0.278818 0.419437 3.917560
v -0.098148 0.419437 3.917560
v -0.054941 0.037171 3.981824
v -0.054941 0.036313 4.067987
v -0.322025 0.036313 4.067987
v -0.322025 0.037171 3.981824
v -0.078864 0.050122 4.169059
v -0.298102 0.050122 4.169058
v -0.322025 0.107266 3.967417
v -0.054941 0.107266 3.967417
v -0.298148 0.366888 3.931598
v -0.078818 0.366888 3.931599
v -0.275388 0.420228 3.943799
v -0.101578 0.420228 3.943800
v -0.054941 0.042182 4.125336
v -0.322025 0.042182 4.125336
v -0.327292 0.022637 4.145703
v -0.345627 0.023520 4.151853
v -0.345627 -0.053041 4.155792
v -0.031339 -0.053041 4.155792
v -0.031339 0.023520 4.151853
v -0.049674 0.022637 4.145703
v -0.054941 0.048100 4.001078
v -0.322025 0.048100 4.001078
v -0.327292 0.028593 3.988419
v -0.345627 0.027260 3.986109
v -0.345627 -0.053041 3.955683
v -0.031339 -0.053041 3.955683
v -0.031339 0.027260 3.986109
v -0.049674 0.028593 3.988419
v -0.054941 0.056594 3.989035
v -0.049674 0.039192 3.973728
v -0.031339 0.037262 3.971619
v -0.031339 -0.042998 3.932276
v -0.345627 -0.042998 3.932276
v -0.345627 0.037262 3.971619
v -0.327292 0.039192 3.973728
v -0.322025 0.056594 3.989035
v -0.267337 0.090323 3.942219
v -0.253238 0.349946 3.906400
v -0.239798 0.409193 3.927287
v -0.241824 0.419437 3.917560
v -0.248868 0.422533 3.917496
v -0.248288 0.030013 4.240653
v -0.264652 0.035855 4.220035
v -0.255765 0.033697 4.209958
v -0.253211 0.050898 4.186722
v -0.267337 0.029106 4.124204
v -0.267337 0.023236 4.066855
v -0.267337 0.036156 3.990336
v -0.267337 0.037171 3.981824
v -0.267337 0.048415 3.981657
v -0.109629 0.090323 3.942218
v -0.123728 0.349946 3.906400
v -0.137168 0.409193 3.927286
v -0.135141 0.419437 3.917560
v -0.128675 0.030013 4.240653
v -0.112314 0.035855 4.220035
v -0.121201 0.033697 4.209958
v -0.123755 0.050898 4.186722
v -0.109629 0.029106 4.124204
v -0.109629 0.023236 4.066855
v -0.109629 0.036156 3.990335
v -0.109629 0.037171 3.981824
v -0.109629 0.048415 3.981656
v -0.066709 0.217192 3.933759
v -0.061902 0.212822 3.908289
v -0.045185 0.213034 3.907813
v -0.045185 0.169477 3.835517
v -0.331781 0.169477 3.835517
v -0.331781 0.213034 3.907813
v -0.315064 0.212822 3.908289
v -0.310257 0.217192 3.933759
v -0.260388 0.200249 3.908561
v -0.116577 0.200249 3.908561
v -0.040522 -0.065660 3.955683
v -0.040522 -0.063563 3.936585
v -0.040522 -0.065660 4.078504
v -0.041907 -0.065660 4.155792
v -0.066526 -0.064152 4.184625
v -0.095288 -0.047493 4.209021
v -0.040522 -0.051422 3.922882
v -0.041294 0.020687 3.859244
v -0.053553 0.167890 3.823075
v -0.067527 0.339324 3.820005
v -0.088858 0.391278 3.832962
v -0.309439 0.339324 3.820005
v -0.288107 0.391278 3.832962
v -0.335672 0.020687 3.859244
v -0.323413 0.167890 3.823075
v -0.336444 -0.051422 3.922883
v -0.336444 -0.063563 3.936585
v -0.336444 -0.065660 3.955683
v -0.336444 -0.065660 4.078504
v -0.335059 -0.065660 4.155793
v -0.310440 -0.064152 4.184622
v -0.281677 -0.047493 4.209015
v -0.114963 0.436778 3.891111
v -0.116211 0.431391 3.903357
v -0.114963 0.533641 3.837116
v -0.091223 0.554603 3.939401
v -0.262003 0.533641 3.837116
v -0.285742 0.554603 3.939401
v -0.262003 0.436778 3.891110
v -0.260755 0.431391 3.903358
v -0.114963 0.470629 3.829127
v -0.262003 0.470629 3.829126
v -0.285742 0.473558 3.930951
v -0.091223 0.473558 3.930951
v -0.249896 0.439191 3.920377
v -0.127069 0.439191 3.920377
v -0.271134 0.472218 3.943537
v -0.105832 0.472218 3.943537
v -0.271134 0.529331 3.949921
v -0.105832 0.530161 3.950006
v -0.249899 0.448460 3.935474
v -0.127066 0.448460 3.935474
v -0.271134 0.470158 3.962073
v -0.105832 0.470158 3.962073
v -0.271134 0.526756 3.972260
v -0.105832 0.526213 3.972202
v -0.253400 0.569739 3.940979
v -0.237555 0.549605 3.838779
v -0.237555 0.470629 3.829126
v -0.237555 0.436778 3.891110
v -0.236722 0.431391 3.903357
v -0.229474 0.439191 3.920377
v -0.229474 0.446983 3.935452
v -0.222022 0.470158 3.962073
v -0.222022 0.544696 3.973700
v -0.243649 0.553986 3.952063
v -0.123566 0.569739 3.940979
v -0.139411 0.549605 3.838780
v -0.139411 0.470629 3.829127
v -0.139411 0.436778 3.891111
v -0.140244 0.431391 3.903357
v -0.147492 0.439191 3.920377
v -0.147492 0.446983 3.935453
v -0.154944 0.470158 3.962074
v -0.154944 0.544696 3.973701
v -0.133316 0.553986 3.952064
v -0.116046 0.468593 3.977631
v -0.116046 0.523952 3.984125
v -0.260919 0.468593 3.977631
v -0.260919 0.523632 3.984091
v -0.389624 -0.002087 3.944818
v -0.389624 -0.002087 4.001227
v -0.342783 -0.002087 3.944819
v -0.342783 -0.002087 4.001227
v -0.342783 0.062239 3.892787
v -0.342783 0.085381 3.926289
v -0.389624 0.085381 3.926288
v -0.389624 0.062239 3.892786
v -0.389624 -0.036415 3.958710
v -0.389624 -0.049120 4.001227
v -0.342783 -0.036415 3.958710
v -0.342783 -0.049120 4.001227
v -0.342783 -0.010006 4.035627
v -0.389624 -0.010006 4.035626
v -0.389624 -0.041201 4.035626
v -0.342783 -0.041201 4.035627
v -0.108789 0.130496 3.818171
v -0.108789 0.130496 3.843930
v -0.108789 0.336367 3.818171
v -0.108789 0.336367 3.831827
v -0.268176 0.336367 3.818171
v -0.268176 0.336367 3.831828
v -0.268176 0.130496 3.818171
v -0.268176 0.130496 3.843931
v -0.268176 0.149414 3.799354
v -0.108789 0.149414 3.799353
v -0.108789 0.317449 3.799353
v -0.268176 0.317449 3.799354
v -0.251178 0.118595 3.814609
v -0.251178 0.118595 3.844040
v -0.251178 0.348268 3.814609
v -0.251178 0.348268 3.830213
v -0.285178 0.348268 3.814609
v -0.285178 0.348268 3.830213
v -0.285178 0.118595 3.814609
v -0.285178 0.118595 3.844040
v -0.285178 0.140207 3.793113
v -0.251178 0.140207 3.793113
v -0.251178 0.326656 3.793113
v -0.285178 0.326656 3.793113
v -0.091788 0.118595 3.814609
v -0.091788 0.118595 3.844040
v -0.091788 0.348268 3.814609
v -0.091788 0.348268 3.830213
v -0.125788 0.348268 3.814610
v -0.125788 0.348268 3.830213
v -0.125788 0.118595 3.814610
v -0.125788 0.118595 3.844041
v -0.125788 0.140207 3.793113
v -0.091788 0.140207 3.793113
v -0.091788 0.326656 3.793113
v -0.125788 0.326656 3.793113
v -0.141959 0.416634 3.902473
v -0.141959 0.463248 3.914570
v -0.235007 0.463248 3.914569
v -0.235007 0.416634 3.902472
v -0.235007 0.400906 3.848404
v -0.141959 0.400906 3.848405
v -0.141959 0.477142 3.876087
v -0.235007 0.477142 3.876087
v -0.396725 0.029282 3.944635
v -0.396725 0.029282 3.998963
v -0.413739 0.109885 3.904288
v -0.413742 0.127155 4.080512
v -0.339972 0.109885 3.904288
v -0.339972 0.127155 4.080512
v -0.339972 0.029282 3.944635
v -0.339972 0.029282 3.998963
v -0.413739 0.136700 3.904288
v -0.413742 0.153971 4.080512
v -0.339972 0.153971 4.080512
v -0.339972 0.136700 3.904288
v -0.413739 0.127155 4.163705
v -0.339972 0.127155 4.163705
v -0.339972 0.153971 4.152738
v -0.413739 0.153971 4.152738
v -0.406128 0.136700 3.911902
v -0.406128 0.153971 4.080664
v -0.347583 0.153971 4.080664
v -0.347583 0.136700 3.911902
v -0.406128 0.153971 4.144836
v -0.347583 0.153971 4.144836
v -0.398669 0.146337 3.918766
v -0.398669 0.163607 4.080783
v -0.355042 0.163607 4.080783
v -0.355042 0.146337 3.918766
v -0.398669 0.163607 4.137973
v -0.355042 0.163607 4.137973
v -0.405283 0.074311 4.011847
v -0.405283 0.074023 3.924341
v -0.339972 0.074023 3.924341
v -0.339972 0.074311 4.011847
v -0.058759 -0.227689 3.917381
v -0.058759 -0.227689 4.176828
v -0.058759 -0.196183 3.917381
v -0.058759 -0.196183 4.176828
v -0.318207 -0.196183 3.917380
v -0.318207 -0.196183 4.176828
v -0.318207 -0.227689 3.917380
v -0.318207 -0.227689 4.176828
v -0.084946 -0.158338 3.943567
v -0.084946 -0.158338 4.150641
v -0.292020 -0.158338 4.150641
v -0.292020 -0.158338 3.943567
v -0.025272 -0.222049 3.975312
v -0.025272 -0.222049 4.118897
v -0.025272 -0.201688 3.975312
v -0.025272 -0.201688 4.118897
v -0.351694 -0.201688 3.975312
v -0.351694 -0.201688 4.118896
v -0.351694 -0.222049 3.975312
v -0.351694 -0.222049 4.118896
v -0.058219 -0.171899 3.989805
v -0.058219 -0.171899 4.104404
v -0.318747 -0.171899 4.104404
v -0.318747 -0.171899 3.989804
v -0.260275 -0.222049 3.883893
v -0.116690 -0.222049 3.883894
v -0.260275 -0.201688 3.883893
v -0.116690 -0.201688 3.883894
v -0.260275 -0.201688 4.210315
v -0.116690 -0.201688 4.210316
v -0.260275 -0.222049 4.210315
v -0.116690 -0.222049 4.210316
v -0.245783 -0.171899 3.916840
v -0.131183 -0.171899 3.916840
v -0.131183 -0.171899 4.177368
v -0.245783 -0.171899 4.177368
v -0.110898 -0.158338 3.969519
v -0.110898 -0.158338 4.124689
v -0.110898 -0.117974 3.969519
v -0.110898 -0.117974 4.124689
v -0.266068 -0.117974 3.969519
v -0.266068 -0.117974 4.124689
v -0.266068 -0.158338 3.969519
v -0.266068 -0.158338 4.124689
v -0.126560 -0.058919 3.985181
v -0.126560 -0.058919 4.109027
v -0.250406 -0.058919 4.109027
v -0.250406 -0.058919 3.985181
v 0.031339 -0.053041 3.941281
v 0.059488 -0.048703 4.192429
v 0.031339 0.029067 3.975855
v 0.059488 0.035855 4.209486
v 0.345627 0.029067 3.975855
v 0.317477 0.035855 4.209485
v 0.345627 -0.053041 3.941281
v 0.317477 -0.048703 4.192429
v 0.031339 0.008860 4.066684
v 0.345627 0.008860 4.066684
v 0.345627 -0.053041 4.078504
v 0.031339 -0.053041 4.078504
v 0.289768 -0.033299 4.213046
v 0.087198 -0.033299 4.213047
v 0.289768 0.030013 4.230103
v 0.087198 0.030013 4.230103
v 0.345627 0.026380 3.870075
v 0.031339 0.026380 3.870075
v 0.031339 0.093870 3.942371
v 0.345627 0.093870 3.942371
v 0.317529 0.353315 3.832428
v 0.059436 0.353315 3.832428
v 0.059436 0.372238 3.904724
v 0.317529 0.372238 3.904724
v 0.290747 0.403611 3.845194
v 0.086219 0.403611 3.845194
v 0.086219 0.422533 3.917497
v 0.290747 0.422533 3.917496
v 0.049674 0.030368 3.978226
v 0.049674 0.010529 4.068387
v 0.327292 0.010529 4.068387
v 0.327292 0.030368 3.978226
v 0.074539 0.033697 4.199408
v 0.302426 0.033697 4.199408
v 0.327292 0.100154 3.942648
v 0.049674 0.100154 3.942648
v 0.302475 0.365341 3.905405
v 0.074491 0.365341 3.905406
v 0.278818 0.419437 3.917560
v 0.098148 0.419437 3.917560
v 0.054941 0.037171 3.981824
v 0.054941 0.036313 4.067987
v 0.322025 0.036313 4.067987
v 0.322025 0.037171 3.981824
v 0.078864 0.050122 4.169059
v 0.298102 0.050122 4.169058
v 0.322025 0.107266 3.967417
v 0.054941 0.107266 3.967417
v 0.298148 0.366888 3.931598
v 0.078818 0.366888 3.931599
v 0.275388 0.420228 3.943799
v 0.101578 0.420228 3.943800
v 0.054941 0.042182 4.125336
v 0.322025 0.042182 4.125336
v 0.327292 0.022637 4.145703
v 0.345627 0.023520 4.151853
v 0.345627 -0.053041 4.155792
v 0.031339 -0.053041 4.155792
v 0.031339 0.023520 4.151853
v 0.049674 0.022637 4.145703
v 0.054941 0.048100 4.001078
v 0.322025 0.048100 4.001078
v 0.327292 0.028593 3.988419
v 0.345627 0.027260 3.986109
v 0.345627 -0.053041 3.955683
v 0.031339 -0.053041 3.955683
v 0.031339 0.027260 3.986109
v 0.049674 0.028593 3.988419
v 0.054941 0.056594 3.989035
v 0.049674 0.039192 3.973728
v 0.031339 0.037262 3.971619
v 0.031339 -0.042998 3.932276
v 0.345627 -0.042998 3.932276
v 0.345627 0.037262 3.971619
v 0.327292 0.039192 3.973728
v 0.322025 0.056594 3.989035
v 0.267337 0.090323 3.942219
v 0.253238 0.349946 3.906400
v 0.239798 0.409193 3.927287
v 0.241824 0.419437 3.917560
v 0.248868 0.422533 3.917496
v 0.248288 0.030013 4.240653
v 0.264652 0.035855 4.220035
v 0.255765 0.033697 4.209958
v 0.253211 0.050898 4.186722
v 0.267337 0.029106 4.124204
v 0.267337 0.023236 4.066855
v 0.267337 0.036156 3.990336
v 0.267337 0.037171 3.981824
v 0.267337 0.048415 3.981657
v 0.109629 0.090323 3.942218
v 0.123728 0.349946 3.906400
v 0.137168 0.409193 3.927286
v 0.135141 0.419437 3.917560
v 0.128675 0.030013 4.240653
v 0.112314 0.035855 4.220035
v 0.121201 0.033697 4.209958
v 0.123755 0.050898 4.186722
v 0.109629 0.029106 4.124204
v 0.109629 0.023236 4.066855
v 0.109629 0.036156 3.990335
v 0.109629 0.037171 3.981824
v 0.109629 0.048415 3.981656
v 0.066709 0.217192 3.933759
v 0.061902 0.212822 3.908289
v 0.045185 0.213034 3.907813
v 0.045185 0.169477 3.835517
v 0.331781 0.169477 3.835517
v 0.331781 0.213034 3.907813
v 0.315064 0.212822 3.908289
v 0.310257 0.217192 3.933759
v 0.260388 0.200249 3.908561
v 0.116577 0.200249 3.908561
v 0.040522 -0.065660 3.955683
v 0.040522 -0.063563 3.936585
v 0.040522 -0.065660 4.078504
v 0.041907 -0.065660 4.155792
v 0.066526 -0.064152 4.184625
v 0.095288 -0.047493 4.209021
v 0.040522 -0.051422 3.922882
v 0.041294 0.020687 3.859244
v 0.053553 0.167890 3.823075
v 0.067527 0.339324 3.820005
v 0.088858 0.391278 3.832962
v 0.309439 0.339324 3.820005
v 0.288107 0.391278 3.832962
v 0.335672 0.020687 3.859244
v 0.323413 0.167890 3.823075
v 0.336444 -0.051422 3.922883
v 0.336444 -0.063563 3.936585
v 0.336444 -0.065660 3.955683
v 0.336444 -0.065660 4.078504
v 0.335059 -0.065660 4.155793
v 0.310440 -0.064152 4.184622
v 0.281677 -0.047493 4.209015
v 0.114963 0.436778 3.891111
v 0.116211 0.431391 3.903357
v 0.114963 0.533641 3.837116
v 0.091223 0.554603 3.939401
v 0.262003 0.533641 3.837116
v 0.285742 0.554603 3.939401
v 0.262003 0.436778 3.891110
v 0.260755 0.431391 3.903358
v 0.114963 0.470629 3.829127
v 0.262003 0.470629 3.829126
v 0.285742 0.473558 3.930951
v 0.091223 0.473558 3.930951
v 0.249896 0.439191 3.920377
v 0.127069 0.439191 3.920377
v 0.271134 0.472218 3.943537
v 0.105832 0.472218 3.943537
v 0.271134 0.529331 3.949921
v 0.105832 0.530161 3.950006
v 0.249899 0.448460 3.935474
v 0.127066 0.448460 3.935474
v 0.271134 0.470158 3.962073
v 0.105832 0.470158 3.962073
v 0.271134 0.526756 3.972260
v 0.105832 0.526213 3.972202
v 0.253400 0.569739 3.940979
v 0.237555 0.549605 3.838779
v 0.237555 0.470629 3.829126
v 0.237555 0.436778 3.891110
v 0.236722 0.431391 3.903357
v 0.229474 0.439191 3.920377
v 0.229474 0.446983 3.935452
v 0.222022 0.470158 3.962073
v 0.222022 0.544696 3.973700
v 0.243649 0.553986 3.952063
v 0.123566 0.569739 3.940979
v 0.139411 0.549605 3.838780
v 0.139411 0.470629 3.829127
v 0.139411 0.436778 3.891111
v 0.140244 0.431391 3.903357
v 0.147492 0.439191 3.920377
v 0.147492 0.446983 3.935453
v 0.154944 0.470158 3.962074
v 0.154944 0.544696 3.973701
v 0.133316 0.553986 3.952064
v 0.116046 0.468593 3.977631
v 0.116046 0.523952 3.984125
v 0.260919 0.468593 3.977631
v 0.260919 0.523632 3.984091
v 0.389624 -0.002087 3.944818
v 0.389624 -0.002087 4.001227
v 0.342783 -0.002087 3.944819
v 0.342783 -0.002087 4.001227
v 0.342783 0.062239 3.892787
v 0.342783 0.085381 3.926289
v 0.389624 0.085381 3.926288
v 0.389624 0.062239 3.892786
v 0.389624 -0.036415 3.958710
v 0.389624 -0.049120 4.001227
v 0.342783 -0.036415 3.958710
v 0.342783 -0.049120 4.001227
v 0.342783 -0.010006 4.035627
v 0.389624 -0.010006 4.035626
v 0.389624 -0.041201 4.035626
v 0.342783 -0.041201 4.035627
v 0.108789 0.130496 3.818171
v 0.108789 0.130496 3.843930
v 0.108789 0.336367 3.818171
v 0.108789 0.336367 3.831827
v 0.268176 0.336367 3.818171
v 0.268176 0.336367 3.831828
v 0.268176 0.130496 3.818171
v 0.268176 0.130496 3.843931
v 0.268176 0.149414 3.799354
v 0.108789 0.149414 3.799353
v 0.108789 0.317449 3.799353
v 0.268176 0.317449 3.799354
v 0.251178 0.118595 3.814609
v 0.251178 0.118595 3.844040
v 0.251178 0.348268 3.814609
v 0.251178 0.348268 3.830213
v 0.285178 0.348268 3.814609
v 0.285178 0.348268 3.830213
v 0.285178 0.118595 3.814609
v 0.285178 0.118595 3.844040
v 0.285178 0.140207 3.793113
v 0.251178 0.140207 3.793113
v 0.251178 0.326656 3.793113
v 0.285178 0.326656 3.793113
v 0.091788 0.118595 3.814609
v 0.091788 0.118595 3.844040
v 0.091788 0.348268 3.814609
v 0.091788 0.348268 3.830213
v 0.125788 0.348268 3.814610
v 0.125788 0.348268 3.830213
v 0.125788 0.118595 3.814610
v 0.125788 0.118595 3.844041
v 0.125788 0.140207 3.793113
v 0.091788 0.140207 3.793113
v 0.091788 0.326656 3.793113
v 0.125788 0.326656 3.793113
v 0.141959 0.416634 3.902473
v 0.141959 0.463248 3.914570
v 0.235007 0.463248 3.914569
v 0.235007 0.416634 3.902472
v 0.235007 0.400906 3.848404
v 0.141959 0.400906 3.848405
v 0.141959 0.477142 3.876087
v 0.235007 0.477142 3.876087
v 0.396725 0.029282 3.944635
v 0.396725 0.029282 3.998963
v 0.413739 0.109885 3.904288
v 0.413742 0.127155 4.080512
v 0.339972 0.109885 3.904288
v 0.339972 0.127155 4.080512
v 0.339972 0.029282 3.944635
v 0.339972 0.029282 3.998963
v 0.413739 0.136700 3.904288
v 0.413742 0.153971 4.080512
v 0.339972 0.153971 4.080512
v 0.339972 0.136700 3.904288
v 0.413739 0.127155 4.163705
v 0.339972 0.127155 4.163705
v 0.339972 0.153971 4.152738
v 0.413739 0.153971 4.152738
v 0.406128 0.136700 3.911902
v 0.406128 0.153971 4.080664
v 0.347583 0.153971 4.080664
v 0.347583 0.136700 3.911902
v 0.406128 0.153971 4.144836
v 0.347583 0.153971 4.144836
v 0.398669 0.146337 3.918766
v 0.398669 0.163607 4.080783
v 0.355042 0.163607 4.080783
v 0.355042 0.146337 3.918766
v 0.398669 0.163607 4.137973
v 0.355042 0.163607 4.137973
v 0.405283 0.074311 4.011847
v 0.405283 0.074023 3.924341
v 0.339972 0.074023 3.924341
v 0.339972 0.074311 4.011847
v 0.058759 -0.227689 3.917381
v 0.058759 -0.227689 4.176828
v 0.058759 -0.196183 3.917381
v 0.058759 -0.196183 4.176828
v 0.318207 -0.196183 3.917380
v 0.318207 -0.196183 4.176828
v 0.318207 -0.227689 3.917380
v 0.318207 -0.227689 4.176828
v 0.084946 -0.158338 3.943567
v 0.084946 -0.158338 4.150641
v 0.292020 -0.158338 4.150641
v 0.292020 -0.158338 3.943567
v 0.025272 -0.222049 3.975312
v 0.025272 -0.222049 4.118897
v 0.025272 -0.201688 3.975312
v 0.025272 -0.201688 4.118897
v 0.351694 -0.201688 3.975312
v 0.351694 -0.201688 4.118896
v 0.351694 -0.222049 3.975312
v 0.351694 -0.222049 4.118896
v 0.058219 -0.171899 3.989805
v 0.058219 -0.171899 4.104404
v 0.318747 -0.171899 4.104404
v 0.318747 -0.171899 3.989804
v 0.260275 -0.222049 3.883893
v 0.116690 -0.222049 3.883894
v 0.260275 -0.201688 3.883893
v 0.116690 -0.201688 3.883894
v 0.260275 -0.201688 4.210315
v 0.116690 -0.201688 4.210316
v 0.260275 -0.222049 4.210315
v 0.116690 -0.222049 4.210316
v 0.245783 -0.171899 3.916840
v 0.131183 -0.171899 3.916840
v 0.131183 -0.171899 4.177368
v 0.245783 -0.171899 4.177368
v 0.110898 -0.158338 3.969519
v 0.110898 -0.158338 4.124689
v 0.110898 -0.117974 3.969519
v 0.110898 -0.117974 4.124689
v 0.266068 -0.117974 3.969519
v 0.266068 -0.117974 4.124689
v 0.266068 -0.158338 3.969519
v 0.266068 -0.158338 4.124689
v 0.126560 -0.058919 3.985181
v 0.126560 -0.058919 4.109027
v 0.250406 -0.058919 4.109027
v 0.250406 -0.058919 3.985181
v -2.437778 -1.627856 -5.635142
v -2.437778 0.627280 -6.224635
v -2.437778 0.668121 -6.269359
v -2.437778 -1.636186 -5.667012
v -2.198546 -1.878392 -5.603700
v -2.198546 -1.870061 -5.571829
v -1.388315 -1.878392 -5.603700
v -1.388315 -1.870061 -5.571829
v -1.388315 -1.627856 -5.635142
v -1.388315 0.627280 -6.224635
v -1.388315 0.668120 -6.269359
v -0.112561 -1.878392 -5.603700
v -0.112561 -1.870061 -5.571829
v -0.112561 -1.627856 -5.635142
v -0.112561 0.627280 -6.224635
v -0.112561 0.668120 -6.269359
v -1.221571 -1.878392 -5.603700
v -1.221571 -1.870061 -5.571829
v -1.221571 -1.627856 -5.635142
v -1.221571 0.627280 -6.224635
v -1.221571 0.668120 -6.269359
v -0.082222 -1.582478 -5.616955
v -0.082222 0.564877 -6.178274
v -0.082221 -1.824684 -5.553642
v -1.255390 -1.582479 -5.616955
v -1.354496 -1.582479 -5.616955
v -1.255390 -1.824684 -5.553642
v -1.354496 -1.824684 -5.553642
v -1.255390 0.564877 -6.178274
v -1.354496 0.564877 -6.178274
v 2.437778 -1.627856 -5.635142
v 2.437778 0.627280 -6.224635
v 2.437778 0.668121 -6.269359
v 2.437778 -1.636186 -5.667012
v 2.198546 -1.878392 -5.603700
v 2.198546 -1.870061 -5.571829
v 1.388315 -1.878392 -5.603700
v 1.388315 -1.870061 -5.571829
v 1.388315 -1.627856 -5.635142
v 1.388315 0.627280 -6.224635
v 1.388315 0.668120 -6.269359
v 0.112561 -1.878392 -5.603700
v 0.112561 -1.870061 -5.571829
v 0.112561 -1.627856 -5.635142
v 0.112561 0.627280 -6.224635
v 0.112561 0.668120 -6.269359
v 1.221571 -1.878392 -5.603700
v 1.221571 -1.870061 -5.571829
v 1.221571 -1.627856 -5.635142
v 1.221571 0.627280 -6.224635
v 1.221571 0.668120 -6.269359
v 0.082222 -1.582478 -5.616955
v 0.082222 0.564877 -6.178274
v 0.082221 -1.824684 -5.553642
v 1.255390 -1.582479 -5.616955
v 1.354496 -1.582479 -5.616955
v 1.255390 -1.824684 -5.553642
v 1.354496 -1.824684 -5.553642
v 1.255390 0.564877 -6.178274
v 1.354496 0.564877 -6.178274
v 2.523700 0.726380 -6.284589
v 2.521330 -1.670229 -5.658107
v 0.000000 -1.959084 -5.582600
v 2.260080 -1.959084 -5.582600
v 0.000000 0.726380 -6.284589
v 2.523700 0.700367 -6.384104
v 2.260080 -1.985098 -5.682116
v 0.000000 -1.985098 -5.682116
v 2.521330 -1.696242 -5.757623
v 0.868934 0.700367 -6.384104
v 0.868934 0.726380 -6.284589
v 1.696317 0.700367 -6.384104
v 1.696317 0.726380 -6.284589
v 2.523700 0.847614 -6.316279
v 1.838678 0.847614 -6.316279
v 2.523700 0.821601 -6.415795
v 1.838678 0.821601 -6.415795
v 0.726572 0.847614 -6.316279
v 0.000000 0.847614 -6.316279
v 0.726572 0.821601 -6.415795
v 0.000000 0.821601 -6.415795
v 2.424956 0.752139 -6.291322
v 1.851058 0.752139 -6.291322
v 2.424956 0.817465 -6.308399
v 1.911190 0.817465 -6.308399
v 0.714192 0.752138 -6.291322
v 0.000000 0.752138 -6.291321
v 0.654060 0.817465 -6.308399
v 0.000000 0.817465 -6.308399
v 2.408278 0.756024 -6.305972
v 1.889248 0.756024 -6.305972
v 2.408278 0.806171 -6.319080
v 1.925339 0.806171 -6.319080
v 0.673913 0.762002 -6.307535
v 0.000000 0.762002 -6.307535
v 0.636949 0.800294 -6.317544
v 0.000000 0.800294 -6.317544
v 1.709600 0.659057 -6.402485
v 2.490070 0.659057 -6.402485
v 2.233476 -1.954837 -5.719205
v 2.487764 -1.673680 -5.792700
v 0.854544 0.659057 -6.402485
v 0.000000 0.659057 -6.402485
v 0.000000 -1.954837 -5.719205
v 1.856723 0.777061 -6.433331
v 2.490070 0.777061 -6.433331
v 0.707420 0.777061 -6.433331
v 0.000000 0.777061 -6.433331
v -2.523700 0.726380 -6.284589
v -2.521330 -1.670229 -5.658107
v -2.260080 -1.959084 -5.582600
v -2.523700 0.700367 -6.384104
v -2.260080 -1.985098 -5.682116
v -2.521330 -1.696242 -5.757623
v -0.868934 0.700367 -6.384104
v -0.868934 0.726380 -6.284589
v -1.696317 0.700367 -6.384104
v -1.696317 0.726380 -6.284589
v -2.523700 0.847614 -6.316279
v -1.838678 0.847614 -6.316279
v -2.523700 0.821601 -6.415795
v -1.838678 0.821601 -6.415795
v -0.726572 0.847614 -6.316279
v -0.726572 0.821601 -6.415795
v -2.424956 0.752139 -6.291322
v -1.851058 0.752139 -6.291322
v -2.424956 0.817465 -6.308399
v -1.911190 0.817465 -6.308399
v -0.714192 0.752138 -6.291322
v -0.654060 0.817465 -6.308399
v -2.408278 0.756024 -6.305972
v -1.889248 0.756024 -6.305972
v -2.408278 0.806171 -6.319080
v -1.925339 0.806171 -6.319080
v -0.673913 0.762002 -6.307535
v -0.636949 0.800294 -6.317544
v -1.709600 0.659057 -6.402485
v -2.490070 0.659057 -6.402485
v -2.233476 -1.954837 -5.719205
v -2.487764 -1.673680 -5.792700
v -0.854544 0.659057 -6.402485
v -1.856723 0.777061 -6.433331
v -2.490070 0.777061 -6.433331
v -0.707420 0.777061 -6.433331
vn 0.4962 0.4630 0.7344
vn 0.2789 0.9256 0.2560
vn 0.0312 0.2577 -0.9657
vn -0.9026 -0.4077 -0.1380
vn 0.8735 0.4625 0.1517
vn -0.8994 -0.4143 -0.1394
vn -0.8992 -0.4147 -0.1395
vn -0.8991 -0.4149 -0.1395
vn -0.8885 -0.4353 -0.1449
vn -0.8964 -0.4170 -0.1505
vn 0.8803 0.4535 0.1392
vn 0.8885 0.4353 0.1449
vn 0.8774 0.4557 0.1502
vn 0.8775 0.4555 0.1500
vn -0.7032 -0.1750 -0.6892
vn -0.9939 -0.0940 -0.0572
vn -0.9021 -0.2824 0.3263
vn 0.6568 0.4813 0.5805
vn 0.6630 0.7177 0.2130
vn 0.7200 0.5222 -0.4571
vn -0.8346 -0.1890 0.5174
vn -0.9434 0.3267 0.0567
vn -0.4207 0.0104 -0.9071
vn 0.4691 0.4464 -0.7620
vn 0.8771 0.4561 0.1503
vn 0.9374 -0.3428 -0.0612
vn -0.2619 -0.9303 -0.2567
vn 0.2720 0.9570 -0.1007
vn 0.8866 -0.2280 -0.4024
vn 0.8581 0.4920 -0.1468
vn -0.2334 -0.7767 -0.5850
vn -0.8719 0.3966 -0.2872
vn -0.8397 -0.3398 -0.4237
vn -0.0000 -0.0000 1.0000
vn 0.7071 -0.7071 0.0017
vn 0.4896 -0.4896 0.7215
vn 0.7071 -0.7071 -0.0026
vn -0.0000 -1.0000 -0.0000
vn 1.0000 -0.0000 -0.0000
vn 0.7404 -0.0000 0.6721
vn -0.0000 -0.8703 0.4925
vn 0.2630 -0.9648 -0.0000
vn -0.0000 -0.7655 0.6435
vn 0.3720 -0.3720 0.8505
vn 0.4496 -0.0000 0.8933
vn -0.7071 -0.7071 0.0017
vn -0.4896 -0.4896 0.7215
vn -0.7071 -0.7071 -0.0026
vn -1.0000 -0.0000 -0.0000
vn -0.7404 -0.0000 0.6721
vn -0.2630 -0.9648 -0.0000
vn -0.3720 -0.3720 0.8505
vn -0.4496 -0.0000 0.8933
vn -0.0000 -0.0782 0.9969
vn -0.0000 -0.0000 -1.0000
vn 0.6513 -0.7588 -0.0000
vn -0.6513 -0.7588 -0.0000
vn -0.0000 -0.7023 0.7119
vn 0.4935 -0.5696 0.6572
vn -0.4935 -0.5696 0.6572
vn -0.0000 -0.8547 0.5191
vn -0.5663 -0.8242 -0.0000
vn -0.0000 -0.8547 -0.5191
vn 0.5663 -0.8242 -0.0000
vn -0.0000 0.8471 0.5314
vn -0.0000 -0.8471 0.5314
vn 0.0083 -0.0093 -0.9999
vn -0.7011 0.7064 0.0968
vn -0.6845 0.7051 0.1852
vn -0.0000 0.9893 -0.1460
vn -0.0000 1.0000 -0.0000
vn -0.6343 -0.7525 0.1771
vn -0.6529 -0.7551 -0.0591
vn 0.0112 -0.8426 -0.5384
vn -0.9296 -0.1344 0.3432
vn -0.9655 -0.0307 0.2585
vn -0.0307 -0.1653 0.9858
vn -0.0000 -0.1394 0.9902
vn -0.0000 0.9859 0.1672
vn 0.6909 0.7124 0.1234
vn 0.9925 0.0974 0.0741
vn 0.9925 0.0974 0.0737
vn 0.9925 0.0975 0.0737
vn 0.7607 -0.6394 0.1115
vn -0.0000 -0.9954 0.0958
vn -0.9944 -0.0082 0.1057
vn -0.0000 0.8662 0.4997
vn -0.5563 0.5732 0.6016
vn -0.8344 -0.1652 0.5258
vn -0.5573 -0.6818 0.4739
vn -0.0023 -1.0000 0.0057
vn -0.0000 0.7393 0.6734
vn -0.4550 0.4646 0.7597
vn -0.7144 -0.0228 0.6994
vn -0.3529 -0.4052 0.8433
vn -0.0153 -0.8014 0.5980
vn -0.0000 0.7755 -0.6314
vn -0.5772 0.5891 -0.5655
vn -0.9622 -0.0359 -0.2699
vn -0.6259 -0.6245 -0.4672
vn 0.0172 -0.7132 -0.7007
vn 0.9925 0.0975 0.0733
vn 0.1097 -0.1504 0.9825
vn -0.7769 -0.1715 0.6058
vn -0.9153 -0.1362 0.3790
vn -0.9965 -0.0255 0.0791
vn -0.2502 -0.0080 0.9682
vn -0.9644 -0.0354 0.2620
vn -0.9643 -0.0307 0.2632
vn -0.9643 -0.0388 0.2620
vn -0.9365 -0.3436 -0.0706
vn -0.5050 0.2670 0.8208
vn -0.9646 -0.0401 0.2608
vn -0.9639 -0.0534 0.2609
vn -0.8017 -0.0202 0.5974
vn -0.8016 -0.0202 0.5975
vn -0.8020 -0.0203 0.5970
vn -0.0000 0.7708 -0.6370
vn -0.5405 0.5617 -0.6264
vn -0.8878 -0.0282 -0.4594
vn -0.5195 -0.5480 -0.6556
vn -0.0000 -0.7708 -0.6370
vn 0.0924 -0.0000 -0.9957
vn 0.0771 -0.1648 -0.9833
vn 0.1309 -0.1717 -0.9764
vn 0.6949 0.0155 -0.7189
vn 0.7415 0.0236 -0.6705
vn 0.3400 0.3586 -0.8694
vn -0.0000 0.4786 -0.8781
vn -0.9614 -0.0000 -0.2752
vn 0.7359 -0.6504 -0.1879
vn 0.9688 0.0142 -0.2474
vn 0.9685 0.0308 -0.2473
vn 0.6776 0.7148 -0.1730
vn -0.9689 -0.0000 0.2474
vn -0.9639 -0.0535 0.2609
vn -0.5687 -0.6036 0.5588
vn -0.7252 -0.0864 0.6831
vn -0.8005 -0.0198 0.5991
vn -0.5589 0.5765 0.5960
vn -0.0000 0.9132 0.4075
vn -0.0160 -0.6601 0.7510
vn -0.2935 -0.3805 0.8770
vn -0.4442 -0.1394 0.8850
vn -0.5438 -0.1400 0.8274
vn -0.3060 0.3546 0.8835
vn -0.0000 0.5557 0.8314
vn 0.1228 0.7361 -0.6657
vn 0.6361 0.7667 -0.0866
vn 0.1020 0.7489 0.6547
vn -0.6002 0.7999 -0.0000
vn -0.7319 -0.1419 0.6665
vn -0.0083 -0.0093 -0.9999
vn 0.7011 0.7064 0.0968
vn 0.6845 0.7051 0.1852
vn 0.6343 -0.7525 0.1771
vn 0.6529 -0.7551 -0.0591
vn -0.0112 -0.8426 -0.5384
vn 0.9296 -0.1344 0.3432
vn 0.9655 -0.0307 0.2585
vn 0.9641 -0.0484 0.2611
vn 0.9651 -0.0354 0.2596
vn 0.0307 -0.1653 0.9858
vn -0.6909 0.7124 0.1234
vn -0.9925 0.0974 0.0741
vn -0.9925 0.0975 0.0737
vn -0.9925 0.0974 0.0737
vn -0.7607 -0.6394 0.1115
vn 0.9944 -0.0082 0.1057
vn 0.5563 0.5732 0.6016
vn 0.8344 -0.1652 0.5258
vn 0.5573 -0.6818 0.4739
vn 0.0023 -1.0000 0.0057
vn 0.4550 0.4646 0.7597
vn 0.7144 -0.0228 0.6994
vn 0.3529 -0.4052 0.8433
vn 0.0153 -0.8014 0.5980
vn 0.5772 0.5891 -0.5655
vn 0.9622 -0.0359 -0.2699
vn 0.6259 -0.6245 -0.4672
vn -0.0172 -0.7132 -0.7007
vn -0.9925 0.0975 0.0733
vn -0.1097 -0.1504 0.9825
vn 0.7769 -0.1715 0.6058
vn 0.9153 -0.1362 0.3790
vn 0.9965 -0.0255 0.0791
vn 0.2502 -0.0080 0.9682
vn 0.9643 -0.0307 0.2632
vn 0.9365 -0.3436 -0.0706
vn 0.5050 0.2670 0.8208
vn 0.9646 -0.0403 0.2608
vn 0.9646 -0.0401 0.2608
vn 0.8017 -0.0202 0.5974
vn 0.8020 -0.0203 0.5970
vn 0.8016 -0.0202 0.5975
vn 0.5405 0.5617 -0.6264
vn 0.8878 -0.0282 -0.4594
vn 0.5195 -0.5480 -0.6556
vn -0.0924 -0.0000 -0.9957
vn -0.0771 -0.1648 -0.9833
vn -0.1309 -0.1717 -0.9764
vn -0.6949 0.0155 -0.7189
vn -0.7415 0.0236 -0.6705
vn -0.3400 0.3586 -0.8694
vn 0.9614 -0.0000 -0.2752
vn -0.7359 -0.6504 -0.1879
vn -0.9688 0.0142 -0.2474
vn -0.9685 0.0308 -0.2473
vn -0.6776 0.7148 -0.1730
vn 0.9689 -0.0000 0.2474
vn 0.9639 -0.0535 0.2609
vn 0.5687 -0.6036 0.5588
vn 0.7252 -0.0864 0.6831
vn 0.8005 -0.0198 0.5991
vn 0.5589 0.5765 0.5960
vn 0.0160 -0.6601 0.7510
vn 0.2935 -0.3805 0.8770
vn 0.4442 -0.1394 0.8850
vn 0.5438 -0.1400 0.8274
vn 0.3060 0.3546 0.8835
vn -0.1228 0.7361 -0.6657
vn -0.6361 0.7667 -0.0866
vn -0.1020 0.7489 0.6547
vn 0.6002 0.7999 -0.0000
vn 0.7319 -0.1419 0.6665
vn 0.7136 -0.7005 -0.0000
vn -0.7136 -0.7005 -0.0000
vn 0.6502 -0.7598 -0.0000
vn -0.6502 -0.7598 -0.0000
vn -0.1696 0.0705 -0.9830
vn 0.1528 0.8678 -0.4728
vn 0.3224 0.7974 0.5102
vn 0.1696 -0.0705 0.9830
vn -0.1528 -0.8678 0.4728
vn -0.3224 -0.7973 -0.5102
vn 0.9466 -0.2660 -0.1824
vn -0.9466 0.2660 0.1824
vn -0.9571 0.2751 -0.0906
vn -0.8870 0.4564 0.0701
vn -0.8673 0.4138 0.2767
vn -0.8980 0.2480 0.3634
vn -0.9572 0.0719 0.2804
vn -0.9980 0.0470 0.0418
vn -0.1291 0.9077 -0.3993
vn -0.5639 0.1790 -0.8062
vn -0.7669 -0.5434 -0.3414
vn -0.5924 -0.6302 0.5019
vn -0.1743 0.0276 0.9843
vn 0.0824 0.8381 0.5393
vn 0.1696 0.0705 -0.9830
vn -0.1528 0.8678 -0.4728
vn -0.3224 0.7974 0.5102
vn -0.1696 -0.0705 0.9830
vn 0.1528 -0.8678 0.4728
vn 0.3224 -0.7973 -0.5102
vn -0.9466 -0.2660 -0.1824
vn 0.9466 0.2660 0.1824
vn 0.9571 0.2751 -0.0906
vn 0.8870 0.4564 0.0701
vn 0.8673 0.4138 0.2767
vn 0.8980 0.2480 0.3634
vn 0.9572 0.0719 0.2804
vn 0.9980 0.0470 0.0418
vn 0.1291 0.9077 -0.3993
vn 0.5639 0.1790 -0.8062
vn 0.7669 -0.5434 -0.3414
vn 0.5924 -0.6302 0.5019
vn 0.1743 0.0276 0.9843
vn -0.0824 0.8381 0.5393
vn 0.9794 -0.2001 -0.0255
vn 0.9782 -0.2032 0.0432
vn 0.7313 -0.4151 0.5412
vn 0.8703 0.0713 0.4874
vn 0.6633 0.7139 0.2245
vn 0.4868 0.8725 0.0422
vn 0.9644 0.2597 0.0492
vn 0.7626 0.0932 0.6401
vn 0.3295 -0.7543 0.5678
vn 0.9685 0.2492 -0.0000
vn 0.1057 0.9864 0.1260
vn -0.0000 0.1434 0.9897
vn -0.0000 -0.8428 0.5382
vn 0.1531 0.9882 -0.0018
vn 0.0868 0.6551 0.7505
vn 0.9889 0.1234 0.0824
vn 0.8804 0.3163 0.3534
vn 0.9424 -0.3084 0.1292
vn 0.9423 -0.3096 0.1271
vn 0.9424 -0.3087 0.1288
vn 0.9994 0.0326 0.0134
vn 0.8645 0.0547 0.4997
vn 0.9118 0.4106 0.0054
vn 0.9499 0.2332 0.2081
vn 0.9599 0.1711 0.2220
vn 0.9536 0.0147 0.3008
vn 0.0839 -0.0867 0.9927
vn -0.0000 -0.0464 0.9989
vn 0.7678 -0.0298 0.6400
vn 0.8753 -0.0006 0.4836
vn 0.9605 0.0214 0.2773
vn -0.0000 -0.1560 0.9878
vn 0.7535 -0.1106 0.6480
vn 0.8425 0.0047 0.5388
vn 0.6810 0.1990 0.7048
vn 0.7247 0.3202 0.6102
vn 0.8953 0.2608 0.3611
vn 0.9246 0.2898 0.2472
vn 0.9628 0.0590 0.2639
vn 0.2895 -0.0692 0.9547
vn 0.8489 -0.0000 0.5286
vn 0.6641 0.5409 0.5161
vn 0.7840 0.6117 0.1051
vn 0.7999 0.6001 -0.0014
vn 0.7742 0.6323 -0.0280
vn 0.7341 0.6457 -0.2101
vn 1.0000 -0.0000 -0.0001
vn 0.8521 0.0001 -0.5234
vn 0.9998 -0.0143 0.0169
vn 0.9996 0.0174 0.0219
vn 0.9852 0.0760 0.1536
vn 0.7775 0.5790 0.2456
vn 0.7532 0.5477 0.3644
vn 0.9199 0.3917 -0.0187
vn 0.3659 0.0003 0.9307
vn 0.4045 0.0194 0.9143
vn 0.5650 0.0351 0.8243
vn 0.6557 0.5279 0.5398
vn 0.6036 0.7687 0.2116
vn 0.5729 0.7054 0.4174
vn 0.6241 0.6069 0.4922
vn 0.5559 0.8003 0.2247
vn 0.8818 0.0359 0.4702
vn 0.8769 0.3227 0.3562
vn 0.6867 0.4902 0.5367
vn 0.6201 0.7772 0.1065
vn 0.4951 0.8688 -0.0019
vn 0.6425 -0.6408 0.4202
vn 0.1168 0.2555 0.9597
vn 0.6799 0.1612 0.7154
vn 0.9820 0.1776 0.0634
vn 0.8887 0.3368 0.3112
vn 0.8031 0.5957 -0.0106
vn 0.6807 0.7326 -0.0000
vn 0.0505 -0.3134 0.9483
vn 0.8777 0.3757 0.2976
vn 0.8794 0.3685 0.3013
vn 0.8796 0.3679 0.3016
vn 0.0886 -0.1616 0.9829
vn -0.0157 -0.2154 0.9764
vn -0.0227 -0.2189 0.9755
vn 0.7935 -0.2518 -0.5540
vn 0.6882 -0.3341 -0.6440
vn 0.7010 -0.3252 -0.6347
vn 0.5541 0.5454 -0.6289
vn 0.4129 0.5279 -0.7422
vn 0.4050 0.5265 -0.7475
vn 0.0891 0.5496 0.8307
vn -0.1350 0.5467 0.8264
vn -0.1216 0.5477 0.8278
vn 0.0937 -0.0109 0.9955
vn -0.1327 -0.0049 0.9911
vn -0.1307 -0.0050 0.9914
vn 0.5800 -0.6619 0.4748
vn 0.3945 -0.8233 0.4080
vn 0.3597 -0.8460 0.3937
vn 0.9033 0.0673 -0.4237
vn 0.7962 0.0949 -0.5976
vn 0.8085 0.0923 -0.5813
vn 0.7103 0.4715 0.5227
vn 0.5623 0.7167 0.4126
vn 0.5297 0.7540 0.3884
vn 0.8652 -0.4896 0.1082
vn 0.7513 -0.6570 -0.0618
vn 0.7532 -0.6551 -0.0595
vn 0.9540 -0.0434 -0.2968
vn 0.8729 -0.0706 -0.4828
vn 0.8682 -0.0718 -0.4910
vn 0.7042 0.6909 0.1634
vn 0.5597 0.8277 0.0406
vn 0.5704 0.8199 0.0490
vn 0.4133 0.5420 0.7317
vn 0.1907 0.6547 0.7315
vn 0.2021 0.6500 0.7326
vn 0.2930 0.0727 0.9534
vn 0.0641 0.0759 0.9951
vn 0.0600 0.0759 0.9953
vn 0.4327 -0.6198 0.6547
vn 0.2670 -0.7336 0.6250
vn 0.2631 -0.7358 0.6240
vn 0.6259 -0.0427 0.7787
vn -0.0875 -0.4297 0.8987
vn 0.0971 -0.3562 0.9294
vn 0.4509 0.6241 0.6381
vn -0.1385 0.6588 0.7394
vn -0.1634 0.6549 0.7378
vn 0.6295 0.1669 0.7589
vn 0.2265 -0.0453 0.9729
vn 0.1337 -0.0889 0.9870
vn 0.8859 -0.0599 0.4600
vn 0.7068 -0.5422 0.4543
vn 0.7197 -0.5225 0.4573
vn 0.9962 -0.0848 -0.0199
vn 0.8761 -0.3965 -0.2742
vn 0.8547 -0.4251 -0.2980
vn 0.6955 0.7109 -0.1040
vn 0.4373 0.8314 -0.3428
vn 0.4498 0.8285 -0.3335
vn 0.5956 0.4324 0.6770
vn 0.0158 0.5328 0.8461
vn 0.1706 0.5262 0.8330
vn 0.6101 -0.3305 0.7201
vn 0.8845 -0.3609 0.2956
vn 0.7627 -0.3562 0.5398
vn -0.0026 -0.7823 0.6228
vn -0.0000 -0.7824 0.6228
vn -0.0000 -0.9076 0.4198
vn -0.0031 -0.9228 0.3853
vn -0.0000 0.4773 0.8787
vn -0.0000 0.6852 0.7284
vn -0.0000 0.7249 0.6888
vn -0.3325 0.3316 0.8829
vn -0.5087 0.5073 0.6956
vn -0.4794 0.4781 0.7360
vn -0.6778 -0.1349 0.7228
vn -0.7963 -0.1111 0.5946
vn -0.8242 -0.1040 0.5567
vn -0.0000 -0.6636 0.7481
vn -0.0000 -0.8077 0.5896
vn -0.0000 -0.7815 0.6239
vn 0.6054 -0.1309 0.7851
vn 0.8805 -0.3029 0.3647
vn 0.7965 -0.2416 0.5542
vn 0.0339 -0.6217 0.7825
vn 0.0403 -0.8321 0.5532
vn 0.0407 -0.8498 0.5255
vn -0.0000 0.7258 0.6879
vn -0.0000 0.8930 0.4501
vn -0.0000 0.9042 0.4272
vn -0.3794 0.6156 0.6907
vn -0.5001 0.7438 0.4435
vn -0.4888 0.7328 0.4734
vn -0.7883 0.0882 0.6090
vn -0.8972 0.0633 0.4370
vn -0.9020 0.0619 0.4273
vn -0.0000 -0.5008 0.8656
vn -0.0000 -0.7215 0.6924
vn -0.0000 -0.6936 0.7203
vn 0.2447 -0.2296 0.9420
vn 0.2461 -0.2577 0.9344
vn 0.2856 -0.0399 0.9575
vn -0.0823 -0.9966 0.0034
vn -0.9962 -0.0858 0.0147
vn -0.6014 -0.7989 0.0115
vn 0.0006 0.0004 1.0000
vn 0.0004 -0.0000 1.0000
vn 0.0004 0.0001 1.0000
vn 0.0003 -0.0000 1.0000
vn -0.0000 -0.0001 1.0000
vn 0.0003 -0.0001 1.0000
vn 0.4811 -0.8646 -0.1450
vn 0.0120 -0.9643 -0.2645
vn -0.0007 -0.9808 -0.1951
vn 1.0000 -0.0003 -0.0001
vn -0.0003 -0.9629 -0.2699
vn -0.0006 -0.9630 -0.2696
vn 0.0017 -0.9624 -0.2717
vn -0.0001 -0.8845 -0.4665
vn -0.0000 -0.8845 -0.4665
vn 0.0023 -0.9622 -0.2722
vn 0.4345 -0.8520 -0.2922
vn 0.0168 -0.9806 -0.1955
vn 0.1556 -0.9759 -0.1531
vn 0.4883 -0.8720 -0.0328
vn -0.6944 -0.6895 -0.2061
vn -0.6283 -0.7552 -0.1871
vn -0.2196 -0.9732 -0.0690
vn 0.1085 0.7523 -0.6498
vn 0.3038 0.4237 -0.8533
vn 0.5097 0.2454 -0.8246
vn 0.5670 0.6173 -0.5453
vn 0.4847 0.6106 -0.6263
vn 0.7224 -0.1660 0.6712
vn 0.5616 0.6106 0.5583
vn 0.4477 0.2128 0.8685
vn 0.2638 0.3688 0.8913
vn 0.1002 0.6954 0.7116
vn -0.8961 -0.2346 -0.3768
vn -0.7792 -0.0903 -0.6202
vn -0.8087 -0.1819 -0.5593
vn -0.8755 0.0009 -0.4831
vn -0.0944 -0.0160 -0.9954
vn -0.7436 0.1139 -0.6589
vn -0.0000 0.0329 -0.9995
vn 0.0206 0.0907 -0.9957
vn -0.8978 -0.2763 -0.3429
vn -0.8796 -0.3663 -0.3034
vn -0.0000 -0.1433 -0.9897
vn -0.7590 0.0104 -0.6510
vn -0.8387 -0.4055 -0.3635
vn -0.6736 -0.4224 -0.6066
vn -0.0000 -0.4148 -0.9099
vn -0.0587 -0.3903 -0.9188
vn -0.8526 -0.3698 -0.3693
vn -0.8520 -0.3705 -0.3700
vn -0.8489 -0.3739 -0.3735
vn -0.8483 -0.3746 -0.3742
vn -0.6427 -0.5420 -0.5414
vn -0.1048 -0.7036 -0.7028
vn -0.3291 -0.9443 -0.0000
vn -0.3300 -0.9440 -0.0000
vn -0.3311 -0.9436 -0.0000
vn -0.3332 -0.9429 -0.0000
vn -0.0697 -0.9976 -0.0000
vn -0.0383 -0.9993 -0.0000
vn -0.8841 -0.4673 -0.0000
vn -0.8839 -0.4677 -0.0000
vn -0.8827 -0.4700 -0.0000
vn -0.9391 -0.0261 -0.3425
vn -0.9123 -0.4096 -0.0000
vn -0.9987 0.0517 -0.0000
vn -0.8812 -0.4727 -0.0000
vn -0.0000 1.0000 0.0036
vn -0.0083 1.0000 0.0053
vn -0.0000 1.0000 -0.0004
vn -0.0138 0.9999 0.0053
vn 0.0017 1.0000 -0.0010
vn -0.5312 0.5298 -0.6611
vn -0.9076 0.0313 -0.4186
vn -0.9076 0.0301 -0.4187
vn -0.9076 0.0350 -0.4185
vn -0.9075 0.0361 -0.4184
vn -0.9004 0.0181 -0.4346
vn -0.9999 0.0170 -0.0000
vn -0.9909 -0.1346 -0.0058
vn -0.9830 0.1831 -0.0117
vn 0.0003 0.9318 0.3629
vn -0.0000 0.9318 0.3629
vn 0.0007 1.0000 -0.0000
vn -0.9662 0.2577 -0.0000
vn -0.9999 0.0153 0.0034
vn 0.9572 -0.0944 0.2735
vn 0.9877 -0.1562 0.0082
vn 0.9423 -0.3099 0.1266
vn 0.9011 0.4330 -0.0226
vn 0.7552 0.5867 0.2924
vn 0.9301 -0.2804 0.2373
vn 0.6586 -0.4947 0.5670
vn -0.2918 -0.4835 0.8253
vn 0.8807 0.4729 -0.0261
vn 0.7939 0.1652 0.5851
vn 0.1138 0.3000 0.9471
vn 0.0518 0.2557 0.9654
vn 0.1091 0.1913 0.9754
vn 0.1021 -0.2382 0.9658
vn 0.5679 0.2118 0.7954
vn 0.0939 0.7069 0.7011
vn 0.7967 0.1232 0.5917
vn 0.9885 0.1443 0.0454
vn 0.8774 0.3769 0.2970
vn -0.5772 0.7182 0.3887
vn 0.5979 0.7148 0.3628
vn -0.3774 0.0704 0.9234
vn -0.2422 0.7522 0.6128
vn 0.1895 0.9604 -0.2041
vn 0.5747 -0.1184 -0.8097
vn 0.4091 -0.8397 -0.3572
vn -0.0981 -0.8682 0.4865
vn -0.6593 -0.3912 0.6421
vn -0.8926 0.2526 0.3734
vn -0.7348 -0.5288 0.4247
vn -0.8461 0.2777 0.4550
vn -0.1354 0.7639 -0.6310
vn 0.1482 -0.7767 -0.6122
vn -0.1640 -0.9823 0.0901
vn -0.5137 0.4734 0.7156
vn 0.1078 0.4464 -0.8883
vn 0.4790 -0.4491 -0.7543
vn -0.2154 -0.3103 0.9259
vn -0.5301 0.0068 0.8479
vn -0.0879 0.9938 -0.0683
vn 0.5386 0.1322 -0.8321
vn -0.1385 -0.9795 0.1460
vn -0.0000 -0.9953 0.0963
vn -0.0034 -0.9953 0.0963
vn 0.9337 -0.3010 -0.1937
vn -0.0000 -0.9938 0.1113
vn -0.9934 -0.0214 0.1131
vn -0.6909 0.6891 0.2187
vn -0.0000 0.9776 0.2106
vn 0.0427 -0.9842 0.1719
vn 0.8919 -0.3928 -0.2240
vn -0.0000 -0.9814 0.1919
vn -0.9998 0.0029 0.0197
vn -0.5962 0.7994 -0.0743
vn -0.0000 0.9955 -0.0944
vn -0.9794 -0.2001 -0.0255
vn -0.9782 -0.2032 0.0432
vn -0.7313 -0.4151 0.5412
vn -0.8703 0.0713 0.4874
vn -0.6633 0.7139 0.2245
vn -0.4868 0.8725 0.0422
vn -0.9644 0.2597 0.0492
vn -0.7626 0.0932 0.6401
vn -0.3295 -0.7543 0.5678
vn -0.9685 0.2492 -0.0000
vn -0.1057 0.9864 0.1260
vn -0.1531 0.9882 -0.0018
vn -0.0868 0.6551 0.7505
vn -0.9889 0.1234 0.0824
vn -0.8804 0.3163 0.3534
vn -0.9424 -0.3084 0.1292
vn -0.9994 0.0326 0.0134
vn -0.8645 0.0547 0.4997
vn -0.9118 0.4106 0.0054
vn -0.9499 0.2332 0.2081
vn -0.9599 0.1711 0.2220
vn -0.9536 0.0147 0.3008
vn -0.0839 -0.0867 0.9927
vn -0.7678 -0.0298 0.6400
vn -0.8753 -0.0006 0.4836
vn -0.9605 0.0214 0.2773
vn -0.7535 -0.1106 0.6480
vn -0.8425 0.0047 0.5388
vn -0.6810 0.1990 0.7048
vn -0.7247 0.3202 0.6102
vn -0.8953 0.2608 0.3611
vn -0.9246 0.2898 0.2472
vn -0.9628 0.0590 0.2639
vn -0.2895 -0.0692 0.9547
vn -0.8489 -0.0000 0.5286
vn -0.6641 0.5409 0.5161
vn -0.7840 0.6117 0.1051
vn -0.7999 0.6001 -0.0014
vn -0.7742 0.6323 -0.0280
vn -0.7341 0.6457 -0.2101
vn -0.8521 0.0001 -0.5234
vn -0.9998 -0.0143 0.0169
vn -0.9996 0.0174 0.0219
vn -0.9852 0.0760 0.1536
vn -0.7775 0.5790 0.2456
vn -0.7532 0.5477 0.3644
vn -0.9199 0.3917 -0.0187
vn -0.3659 0.0003 0.9307
vn -0.4045 0.0194 0.9143
vn -0.5650 0.0351 0.8243
vn -0.6557 0.5279 0.5398
vn -0.6036 0.7687 0.2116
vn -0.5729 0.7054 0.4174
vn -0.6241 0.6069 0.4922
vn -0.5559 0.8003 0.2247
vn -0.8818 0.0359 0.4702
vn -0.8769 0.3227 0.3562
vn -0.6867 0.4902 0.5367
vn -0.6201 0.7772 0.1065
vn -0.4951 0.8688 -0.0019
vn -0.6425 -0.6408 0.4202
vn -0.1168 0.2555 0.9597
vn -0.6799 0.1612 0.7154
vn -0.9820 0.1776 0.0634
vn -0.8887 0.3368 0.3112
vn -0.8031 0.5957 -0.0106
vn -0.6807 0.7326 -0.0000
vn -0.0505 -0.3134 0.9483
vn -0.8777 0.3757 0.2976
vn -0.8796 0.3679 0.3016
vn -0.8794 0.3685 0.3013
vn -0.0886 -0.1616 0.9829
vn 0.0227 -0.2189 0.9755
vn 0.0157 -0.2154 0.9764
vn -0.7935 -0.2518 -0.5540
vn -0.7010 -0.3252 -0.6347
vn -0.6882 -0.3341 -0.6440
vn -0.5541 0.5454 -0.6289
vn -0.4050 0.5265 -0.7475
vn -0.4129 0.5279 -0.7422
vn -0.0891 0.5496 0.8307
vn 0.1216 0.5477 0.8278
vn 0.1350 0.5467 0.8264
vn -0.0937 -0.0109 0.9955
vn 0.1307 -0.0050 0.9914
vn 0.1327 -0.0049 0.9911
vn -0.5800 -0.6620 0.4748
vn -0.3597 -0.8460 0.3937
vn -0.3945 -0.8233 0.4080
vn -0.9033 0.0673 -0.4237
vn -0.8085 0.0923 -0.5813
vn -0.7962 0.0949 -0.5976
vn -0.7103 0.4715 0.5227
vn -0.5297 0.7540 0.3884
vn -0.5623 0.7167 0.4126
vn -0.8652 -0.4896 0.1082
vn -0.7532 -0.6551 -0.0595
vn -0.7513 -0.6570 -0.0618
vn -0.9540 -0.0434 -0.2968
vn -0.8682 -0.0718 -0.4910
vn -0.8729 -0.0706 -0.4828
vn -0.7042 0.6909 0.1634
vn -0.5704 0.8199 0.0490
vn -0.5597 0.8277 0.0406
vn -0.4133 0.5420 0.7317
vn -0.2021 0.6500 0.7326
vn -0.1907 0.6547 0.7315
vn -0.2930 0.0727 0.9534
vn -0.0600 0.0759 0.9953
vn -0.0641 0.0759 0.9951
vn -0.4327 -0.6198 0.6547
vn -0.2631 -0.7358 0.6240
vn -0.2670 -0.7336 0.6250
vn -0.6259 -0.0427 0.7787
vn -0.0971 -0.3562 0.9294
vn 0.0875 -0.4297 0.8987
vn -0.4509 0.6241 0.6381
vn 0.1634 0.6550 0.7378
vn 0.1385 0.6588 0.7394
vn -0.6295 0.1669 0.7589
vn -0.1337 -0.0889 0.9870
vn -0.2265 -0.0454 0.9729
vn -0.8859 -0.0599 0.4600
vn -0.7197 -0.5225 0.4573
vn -0.7068 -0.5422 0.4543
vn -0.9962 -0.0848 -0.0199
vn -0.8547 -0.4251 -0.2981
vn -0.8761 -0.3965 -0.2742
vn -0.6955 0.7109 -0.1040
vn -0.4498 0.8285 -0.3335
vn -0.4373 0.8314 -0.3428
vn -0.5956 0.4324 0.6770
vn -0.1706 0.5262 0.8331
vn -0.0158 0.5328 0.8461
vn -0.6101 -0.3305 0.7201
vn -0.7627 -0.3562 0.5398
vn -0.8846 -0.3609 0.2956
vn 0.0026 -0.7823 0.6228
vn 0.0031 -0.9228 0.3853
vn 0.3325 0.3316 0.8829
vn 0.4793 0.4780 0.7360
vn 0.5087 0.5073 0.6956
vn 0.6778 -0.1349 0.7228
vn 0.8242 -0.1040 0.5567
vn 0.7963 -0.1111 0.5946
vn -0.6054 -0.1309 0.7851
vn -0.7966 -0.2415 0.5542
vn -0.8805 -0.3029 0.3647
vn -0.0339 -0.6217 0.7825
vn -0.0407 -0.8498 0.5255
vn -0.0403 -0.8321 0.5532
vn 0.3794 0.6156 0.6907
vn 0.4888 0.7328 0.4734
vn 0.5001 0.7438 0.4435
vn 0.7883 0.0882 0.6090
vn 0.9020 0.0619 0.4273
vn 0.8972 0.0633 0.4370
vn -0.2447 -0.2296 0.9420
vn -0.2461 -0.2577 0.9344
vn -0.2856 -0.0399 0.9575
vn 0.0823 -0.9966 0.0034
vn 0.9962 -0.0858 0.0147
vn 0.6014 -0.7989 0.0115
vn -0.0006 0.0004 1.0000
vn -0.0004 0.0001 1.0000
vn -0.0004 -0.0000 1.0000
vn -0.0003 -0.0000 1.0000
vn -0.4811 -0.8646 -0.1450
vn -0.0120 -0.9643 -0.2645
vn 0.0005 -0.9807 -0.1955
vn -0.0001 -0.9629 -0.2699
vn 0.0003 -0.9631 -0.2693
vn 0.0001 -0.8845 -0.4665
vn -0.0002 -0.9628 -0.2700
vn -0.4345 -0.8520 -0.2922
vn -0.0168 -0.9806 -0.1955
vn -0.4883 -0.8720 -0.0328
vn -0.1556 -0.9759 -0.1531
vn 0.6944 -0.6895 -0.2061
vn 0.2196 -0.9732 -0.0689
vn 0.6283 -0.7552 -0.1871
vn -0.0003 -0.0001 1.0000
vn -0.1085 0.7523 -0.6498
vn -0.3038 0.4237 -0.8533
vn -0.5097 0.2454 -0.8246
vn -0.5670 0.6173 -0.5453
vn -0.4847 0.6106 -0.6263
vn -0.7224 -0.1660 0.6712
vn -0.5616 0.6106 0.5583
vn -0.4477 0.2128 0.8685
vn -0.2638 0.3688 0.8913
vn -0.1002 0.6954 0.7116
vn 0.8961 -0.2346 -0.3768
vn 0.7792 -0.0903 -0.6202
vn 0.8087 -0.1819 -0.5593
vn 0.8755 0.0009 -0.4831
vn 0.0944 -0.0160 -0.9954
vn 0.7436 0.1139 -0.6589
vn -0.0206 0.0907 -0.9957
vn 0.8978 -0.2763 -0.3429
vn 0.8796 -0.3663 -0.3034
vn 0.7590 0.0104 -0.6510
vn 0.8387 -0.4055 -0.3635
vn 0.6736 -0.4224 -0.6066
vn 0.0587 -0.3903 -0.9188
vn 0.8526 -0.3698 -0.3693
vn 0.8489 -0.3739 -0.3735
vn 0.8520 -0.3704 -0.3700
vn 0.8483 -0.3746 -0.3742
vn 0.6427 -0.5420 -0.5414
vn 0.1048 -0.7036 -0.7028
vn 0.3291 -0.9443 -0.0000
vn 0.3311 -0.9436 -0.0000
vn 0.3300 -0.9440 -0.0000
vn 0.3332 -0.9429 -0.0000
vn 0.0697 -0.9976 -0.0000
vn 0.0383 -0.9993 -0.0000
vn 0.8841 -0.4673 -0.0000
vn 0.8827 -0.4700 -0.0000
vn 0.8839 -0.4677 -0.0000
vn 0.9391 -0.0261 -0.3425
vn 0.9123 -0.4096 -0.0000
vn 0.9987 0.0517 -0.0000
vn 0.8812 -0.4727 -0.0000
vn 0.5312 0.5298 -0.6611
vn 0.0083 1.0000 0.0053
vn 0.0138 0.9999 0.0053
vn -0.0017 1.0000 -0.0010
vn 0.9076 0.0313 -0.4186
vn 0.9076 0.0350 -0.4185
vn 0.9076 0.0301 -0.4187
vn 0.9075 0.0361 -0.4184
vn 0.9004 0.0181 -0.4346
vn 0.9999 0.0170 -0.0000
vn 0.9909 -0.1346 -0.0058
vn 0.9830 0.1831 -0.0117
vn -0.0003 0.9318 0.3629
vn -0.0007 1.0000 -0.0000
vn 0.9662 0.2577 -0.0000
vn 0.9999 0.0153 0.0034
vn -0.9572 -0.0944 0.2735
vn -0.9877 -0.1562 0.0082
vn -0.9423 -0.3099 0.1266
vn -0.9011 0.4330 -0.0226
vn -0.7552 0.5867 0.2924
vn -0.9301 -0.2804 0.2373
vn -0.6586 -0.4947 0.5670
vn 0.2918 -0.4835 0.8253
vn -0.8807 0.4729 -0.0261
vn -0.7939 0.1652 0.5851
vn -0.1138 0.3000 0.9471
vn -0.0518 0.2557 0.9654
vn -0.1091 0.1913 0.9754
vn -0.1021 -0.2382 0.9658
vn -0.5679 0.2118 0.7954
vn -0.0939 0.7069 0.7011
vn -0.7967 0.1232 0.5917
vn -0.9885 0.1443 0.0454
vn -0.8774 0.3769 0.2970
vn 0.5772 0.7182 0.3887
vn -0.5979 0.7148 0.3628
vn 0.3774 0.0704 0.9234
vn 0.2422 0.7522 0.6128
vn -0.1895 0.9604 -0.2041
vn -0.5747 -0.1184 -0.8097
vn -0.4091 -0.8397 -0.3572
vn 0.0981 -0.8682 0.4865
vn 0.6593 -0.3912 0.6421
vn 0.8926 0.2526 0.3734
vn 0.7348 -0.5288 0.4247
vn 0.8461 0.2777 0.4550
vn 0.1354 0.7639 -0.6310
vn -0.1482 -0.7767 -0.6122
vn 0.1640 -0.9823 0.0901
vn 0.5137 0.4734 0.7156
vn -0.1078 0.4464 -0.8883
vn -0.4790 -0.4491 -0.7543
vn 0.2154 -0.3103 0.9259
vn 0.5301 0.0068 0.8479
vn 0.0879 0.9938 -0.0683
vn -0.5386 0.1322 -0.8321
vn 0.1385 -0.9795 0.1460
vn 0.0034 -0.9953 0.0963
vn -0.9337 -0.3010 -0.1937
vn 0.9934 -0.0214 0.1131
vn 0.6909 0.6891 0.2187
vn -0.0427 -0.9842 0.1719
vn -0.8919 -0.3928 -0.2240
vn 0.9998 0.0029 0.0197
vn 0.5962 0.7994 -0.0743
vn -0.0172 -0.9999 -0.0000
vn 0.0172 -0.9999 -0.0000
vn 0.5657 -0.8246 -0.0000
vn -0.5657 -0.8246 -0.0000
vn -0.0453 0.9990 -0.0000
vn -0.7384 0.6743 -0.0000
vn -0.9990 -0.0453 -0.0000
vn -0.6743 -0.7384 -0.0000
vn 0.0453 -0.9990 -0.0000
vn 0.7384 -0.6743 -0.0000
vn 0.9990 0.0453 -0.0000
vn 0.6743 0.7384 -0.0000
vn -0.0277 0.6111 0.7911
vn -0.4517 0.4125 0.7911
vn -0.6111 -0.0277 0.7911
vn -0.4125 -0.4517 0.7911
vn 0.0277 -0.6111 0.7911
vn 0.4517 -0.4125 0.7911
vn 0.6111 0.0277 0.7911
vn 0.4125 0.4517 0.7911
vn 0.0354 -0.7800 0.6248
vn 0.5766 -0.5265 0.6248
vn 0.7800 0.0354 0.6248
vn 0.5265 0.5766 0.6248
vn -0.0354 0.7800 0.6248
vn -0.5766 0.5265 0.6248
vn -0.7800 -0.0354 0.6248
vn -0.5265 -0.5766 0.6248
vn -0.0403 0.8891 -0.4559
vn -0.6572 0.6002 -0.4559
vn -0.8891 -0.0403 -0.4559
vn -0.6002 -0.6572 -0.4559
vn 0.0403 -0.8891 -0.4559
vn 0.6572 -0.6002 -0.4560
vn 0.8891 0.0403 -0.4560
vn 0.6002 0.6572 -0.4560
vn 0.7206 0.6934 -0.0000
vn -0.7206 -0.6934 -0.0000
vn 0.6934 -0.7206 -0.0000
vn -0.6934 0.7206 -0.0000
vn 0.5936 -0.6169 -0.5167
vn 0.5936 -0.6169 0.5167
vn -0.5936 0.6169 0.5167
vn -0.5936 0.6169 -0.5167
vn -0.1240 0.6089 0.7835
vn -0.0000 0.6136 0.7896
vn -0.2158 0.9764 -0.0000
vn -0.1240 0.6089 -0.7835
vn -0.0000 0.6136 -0.7896
vn 0.8980 0.4400 -0.0000
vn -0.8980 0.4400 -0.0000
vn 0.1240 0.6089 -0.7835
vn 0.1240 0.6089 0.7835
vn 0.2158 0.9764 -0.0000
vn -0.3827 0.9239 -0.0000
vn 0.3827 0.9239 -0.0000
vn 0.9239 0.3827 -0.0000
vn 0.9239 -0.3827 -0.0000
vn 0.3827 -0.9239 -0.0000
vn -0.3827 -0.9239 -0.0000
vn -0.9239 -0.3827 -0.0000
vn -0.9239 0.3827 -0.0000
vn -0.2162 0.5220 0.8251
vn 0.2162 0.5220 0.8251
vn 0.5220 0.2162 0.8251
vn 0.5220 -0.2162 0.8251
vn 0.2162 -0.5220 0.8251
vn -0.2162 -0.5220 0.8251
vn -0.5220 -0.2162 0.8251
vn -0.5220 0.2162 0.8251
vn -0.3168 0.7649 -0.5609
vn 0.3168 0.7649 -0.5609
vn 0.7649 0.3168 -0.5609
vn 0.7649 -0.3168 -0.5609
vn 0.3168 -0.7649 -0.5609
vn -0.3168 -0.7649 -0.5609
vn -0.7649 -0.3168 -0.5609
vn -0.7649 0.3168 -0.5609
vn -0.2444 0.5901 0.7694
vn 0.2444 0.5901 0.7694
vn 0.5901 0.2444 0.7694
vn 0.5901 -0.2444 0.7694
vn 0.2444 -0.5901 0.7694
vn -0.2444 -0.5901 0.7694
vn -0.5901 -0.2444 0.7694
vn -0.5901 0.2444 0.7694
vn 0.1614 -0.3897 0.9067
vn -0.1614 -0.3897 0.9067
vn -0.3897 -0.1614 0.9067
vn -0.3897 0.1614 0.9067
vn -0.1614 0.3897 0.9067
vn 0.1614 0.3897 0.9067
vn 0.3897 0.1614 0.9067
vn 0.3897 -0.1614 0.9067
vn -0.3678 0.8879 0.2764
vn 0.3678 0.8879 0.2764
vn 0.8879 0.3678 0.2764
vn 0.8879 -0.3678 0.2764
vn 0.3678 -0.8879 0.2764
vn -0.3678 -0.8879 0.2764
vn -0.8879 -0.3678 0.2764
vn -0.8879 0.3678 0.2764
vn -0.1718 0.4148 0.8935
vn 0.1718 0.4148 0.8935
vn 0.4148 0.1718 0.8935
vn 0.4148 -0.1718 0.8935
vn 0.1718 -0.4148 0.8935
vn -0.1718 -0.4148 0.8935
vn -0.4148 -0.1718 0.8935
vn -0.4148 0.1718 0.8935
vn -0.0000 -0.6187 0.7856
vn -0.8299 -0.0000 0.5579
vn -0.0000 0.6187 0.7856
vn 0.8299 -0.0000 0.5579
vn 0.8874 0.2883 0.3597
vn 0.8874 -0.2883 0.3597
vn 0.5484 -0.7549 0.3597
vn -0.0000 -0.9331 0.3597
vn -0.5484 -0.7549 0.3597
vn -0.8874 -0.2883 0.3597
vn -0.8874 0.2883 0.3597
vn -0.5484 0.7549 0.3597
vn -0.0000 0.9331 0.3597
vn 0.5484 0.7549 0.3597
vn 0.2332 0.5630 0.7929
vn -0.2332 0.5630 0.7929
vn -0.5630 0.2332 0.7929
vn -0.5630 -0.2332 0.7929
vn -0.2332 -0.5630 0.7929
vn 0.2332 -0.5630 0.7929
vn 0.5630 -0.2332 0.7929
vn 0.5630 0.2332 0.7929
vn -0.0000 -0.4805 0.8770
vn -0.9507 -0.3102 -0.0000
vn 0.9507 -0.3102 -0.0000
vn -0.0000 0.9783 0.2072
vn 0.9385 -0.3062 0.1592
vn -0.0000 -0.9783 0.2072
vn -0.9385 -0.3062 0.1593
vn -0.9385 -0.3062 0.1592
vn 0.9385 -0.3062 0.1593
vn -0.0000 -0.9783 0.2073
vn 0.9386 -0.3062 0.1593
vn 0.5668 -0.0000 -0.8238
vn -0.5668 -0.0000 -0.8238
vn -0.6952 0.7026 0.1517
vn -0.9770 -0.0000 0.2132
vn 0.4813 0.8337 0.2709
vn 0.4813 0.5152 0.7091
vn 0.4813 -0.0000 0.8766
vn 0.4813 -0.5152 0.7091
vn 0.4667 -0.7327 0.4954
vn 0.4813 -0.8337 -0.2709
vn 0.4813 -0.5152 -0.7091
vn 0.4813 -0.0000 -0.8766
vn 0.4813 0.5152 -0.7091
vn 0.4778 0.7901 -0.3841
vn -0.4813 -0.8337 -0.2709
vn -0.4813 -0.5152 -0.7091
vn -0.4813 -0.0000 -0.8766
vn -0.4813 0.5152 -0.7091
vn -0.4778 0.7901 -0.3841
vn -0.4813 0.8337 0.2709
vn -0.4813 0.5152 0.7091
vn -0.4813 -0.0000 0.8766
vn -0.4813 -0.5152 0.7091
vn -0.4667 -0.7327 0.4954
vn 0.5000 0.8660 -0.0000
vn 0.5000 -0.8660 -0.0000
vn -0.5000 -0.8660 -0.0000
vn -0.5000 0.8660 -0.0000
vn 0.4404 -0.4035 0.8020
vn 0.4404 0.4035 0.8020
vn -0.4404 -0.4035 0.8020
vn -0.4404 0.4035 0.8020
vn -0.9091 -0.4165 -0.0000
vn -0.9091 0.4165 -0.0000
vn -0.4404 -0.4035 -0.8020
vn -0.4404 0.4035 -0.8020
vn 0.4404 -0.4035 -0.8020
vn 0.4404 0.4035 -0.8020
vn 0.9091 0.4165 -0.0000
vn 0.9091 -0.4165 -0.0000
vn 0.9386 -0.3062 0.1592
vn -0.9386 -0.3062 0.1593
vn -0.2889 0.9573 -0.0000
vn -0.7836 0.6213 -0.0000
vn 0.7836 0.6213 -0.0000
vn -0.0000 0.5559 0.8312
vn -0.0000 0.9158 -0.4017
vn -0.0000 -0.6638 0.7479
vn -0.0000 -0.6638 -0.7479
vn 0.7633 -0.6461 -0.0000
vn -0.7633 -0.6461 -0.0000
vn -0.4197 -0.7748 0.4727
vn 0.4197 -0.7748 0.4727
vn -0.4197 -0.7748 -0.4727
vn 0.4197 -0.7748 -0.4727
vn -0.4197 -0.7084 -0.5675
vn -0.0000 -0.5181 -0.8553
vn 0.4197 -0.7084 -0.5675
vn 0.6577 -0.7533 -0.0000
vn 0.4197 -0.7083 0.5675
vn -0.0000 -0.5181 0.8553
vn -0.4197 -0.7084 0.5675
vn -0.6577 -0.7533 -0.0000
vn -0.0000 -0.7399 -0.6727
vn -0.0000 -0.7399 0.6727
vn -0.2666 -0.7425 -0.6144
vn 0.2666 -0.7425 -0.6144
vn -0.2666 -0.7425 0.6144
vn 0.2666 -0.7426 0.6144
vn 0.9998 -0.0206 -0.0000
vn 0.7671 -0.6416 -0.0000
vn 0.8090 -0.0085 -0.5877
vn 0.8090 -0.0085 0.5877
vn -0.0000 -0.6582 0.7529
vn 0.5556 -0.4801 -0.6788
vn 0.5556 -0.4801 0.6788
vn -0.9998 -0.0206 -0.0000
vn -0.7702 -0.6378 -0.0000
vn -0.8090 -0.0085 -0.5877
vn -0.8090 -0.0085 0.5877
vn -0.0000 -0.6582 -0.7529
vn -0.5585 -0.4777 -0.6781
vn -0.5585 -0.4777 0.6781
vn -0.7640 -0.6452 -0.0000
vn -0.5527 -0.4823 -0.6796
vn -0.5527 -0.4823 0.6796
vn -0.7653 -0.6437 -0.0000
vn -0.5539 -0.4814 -0.6793
vn -0.5539 -0.4814 0.6793
vn -0.4197 -0.7083 -0.5675
vn 0.4197 -0.7084 0.5675
vn -0.4197 -0.7083 0.5675
vn -0.2666 -0.7426 -0.6144
vn 0.2666 -0.7426 -0.6144
vn -0.2666 -0.7426 0.6144
vn -0.0000 0.9052 -0.4251
vn 0.5753 0.5389 -0.6154
vn 0.8784 0.1030 -0.4666
vn 0.9009 0.0356 -0.4326
vn -0.0000 -0.9052 -0.4251
vn 0.8881 -0.0963 -0.4495
vn 0.6645 -0.5099 -0.5463
vn 0.8992 -0.0539 -0.4342
vn -0.9483 -0.3174 -0.0000
vn -0.9483 0.3174 -0.0000
vn -0.7071 0.7071 -0.0000
vn -0.5753 0.5389 -0.6154
vn -0.9009 0.0356 -0.4325
vn -0.8784 0.1030 -0.4666
vn -0.8881 -0.0963 -0.4495
vn -0.8992 -0.0539 -0.4342
vn -0.6645 -0.5099 -0.5463
vn 0.9483 -0.3174 -0.0000
vn 0.9483 0.3174 -0.0000
vn 0.7071 0.7071 -0.0000
vn -0.0004 0.9998 -0.0216
vn -0.0000 0.9998 -0.0216
vn 0.5491 -0.0000 0.8358
vn 0.7046 -0.5516 0.4464
vn 0.5393 -0.0000 -0.8421
vn -0.0000 -0.6210 0.7838
vn -0.0000 -0.6112 -0.7914
vn 0.7556 -0.6550 -0.0000
vn 0.4730 -0.4160 -0.7767
vn 0.7451 -0.6669 -0.0000
vn 0.4802 -0.4223 0.7688
vn 0.8308 -0.0000 0.5566
vn 0.7665 -0.4033 0.4998
vn 0.6982 -0.5070 0.5055
vn 0.6992 -0.5056 0.5055
vn -0.0000 -0.8968 0.4425
vn -0.0000 -0.8968 0.4424
vn 0.4227 0.9063 -0.0000
vn 0.3969 0.9178 0.0083
vn 0.1175 -0.3124 -0.9427
vn -0.0859 -0.3141 -0.9455
vn -0.0000 -0.1683 -0.9857
vn 0.0352 -0.0244 -0.9991
vn -0.0148 -0.0620 -0.9980
vn 1.0000 0.0090 -0.0000
vn 1.0000 0.0097 -0.0000
vn 0.9999 0.0144 -0.0000
vn -1.0000 -0.0090 -0.0000
vn 0.9998 0.0198 -0.0000
vn -0.3062 -0.9520 -0.0000
vn 0.7363 -0.1681 -0.6555
vn 0.5700 -0.6589 -0.4907
vn -0.0000 -0.9907 -0.1362
vn -0.0000 0.9433 -0.3320
vn 0.1144 -0.2499 -0.9615
vn 0.1810 -0.4318 -0.8836
vn -0.0000 -0.5463 -0.8376
vn -0.0000 -0.0532 -0.9986
vn -1.0000 0.0004 -0.0000
vn -1.0000 0.0014 0.0001
vn -1.0000 0.0008 0.0001
vn -0.7279 0.6857 -0.0000
vn 0.0247 0.9993 -0.0286
vn -0.0000 0.6972 0.7169
vn -0.0000 0.8276 0.5613
vn -0.0000 -0.0904 0.9959
vn -0.0000 -0.8612 0.5083
vn -0.0000 0.8239 -0.5668
vn 0.6977 -0.5553 -0.4526
vn 0.6542 -0.7479 0.1130
vn 0.7235 -0.4925 -0.4837
vn 0.6278 -0.5832 -0.5155
vn 0.6131 -0.6012 -0.5125
vn 0.6421 -0.5630 -0.5203
vn 0.5931 0.7350 -0.3287
vn 0.4212 0.9067 -0.0234
vn 0.5875 0.5770 0.5674
vn 0.6299 0.5800 0.5166
vn 0.6102 0.6054 0.5110
vn 0.6423 0.5627 0.5204
vn 0.3316 0.9296 0.1609
vn 0.6086 -0.7934 -0.0000
vn 0.6549 -0.7379 -0.1630
vn 0.6936 -0.5132 0.5056
vn 0.0004 0.9998 -0.0216
vn -0.5491 -0.0000 0.8358
vn -0.7046 -0.5516 0.4464
vn -0.5393 -0.0000 -0.8421
vn -0.7556 -0.6550 -0.0000
vn -0.4730 -0.4160 -0.7767
vn -0.7451 -0.6669 -0.0000
vn -0.4802 -0.4223 0.7688
vn -0.8308 -0.0000 0.5566
vn -0.7665 -0.4033 0.4998
vn -0.6992 -0.5056 0.5055
vn -0.6982 -0.5070 0.5055
vn -0.4227 0.9063 -0.0000
vn -0.3969 0.9178 0.0083
vn -0.1175 -0.3124 -0.9427
vn 0.0859 -0.3141 -0.9455
vn -0.0352 -0.0244 -0.9991
vn 0.0148 -0.0620 -0.9980
vn -1.0000 0.0090 -0.0000
vn -0.9999 0.0144 -0.0000
vn -1.0000 0.0097 -0.0000
vn 1.0000 -0.0090 -0.0000
vn -0.9998 0.0198 -0.0000
vn 0.3062 -0.9520 -0.0000
vn -0.7363 -0.1681 -0.6555
vn -0.5700 -0.6589 -0.4907
vn -0.1144 -0.2499 -0.9615
vn -0.1810 -0.4318 -0.8836
vn 1.0000 0.0004 -0.0000
vn 1.0000 0.0008 0.0001
vn 1.0000 0.0014 0.0001
vn 0.7279 0.6857 -0.0000
vn -0.0247 0.9993 -0.0286
vn -0.6977 -0.5553 -0.4526
vn -0.6542 -0.7479 0.1130
vn -0.7235 -0.4925 -0.4837
vn -0.6278 -0.5832 -0.5155
vn -0.6131 -0.6012 -0.5125
vn -0.6421 -0.5630 -0.5203
vn -0.5931 0.7350 -0.3287
vn -0.4212 0.9067 -0.0234
vn -0.5875 0.5770 0.5674
vn -0.6299 0.5800 0.5166
vn -0.6102 0.6054 0.5110
vn -0.6423 0.5627 0.5204
vn -0.3316 0.9296 0.1609
vn -0.6086 -0.7934 -0.0000
vn -0.6549 -0.7379 -0.1630
vn -0.6936 -0.5132 0.5056
vn 0.6952 0.7026 0.1517
vn 0.9770 -0.0000 0.2132
vn -0.0000 0.4157 0.9095
vn -0.0000 0.8892 0.4576
vn -0.8125 0.2423 0.5302
vn -0.0000 -0.2360 0.9718
vn 0.8125 0.2423 0.5302
vn -0.4950 0.7345 0.4641
vn -0.7307 0.6827 -0.0000
vn 0.3423 -0.5080 -0.7904
vn -0.6908 -0.7230 -0.0000
vn 0.6346 0.7728 -0.0000
vn -0.4819 0.8718 0.0879
vn -0.4819 0.8718 -0.0879
vn -0.2838 0.9589 -0.0000
vn -0.6974 0.7167 -0.0000
vn 0.6724 0.7402 -0.0000
vn -0.6771 -0.7359 -0.0000
vn 0.2889 0.9573 -0.0000
vn -0.0000 -0.8872 -0.4613
vn -0.0000 -0.4343 -0.9008
vn 0.6051 -0.5452 -0.5802
vn -0.6051 -0.5452 -0.5802
vn -0.0000 0.6924 0.7215
vn -0.0000 -0.6924 0.7215
vn -0.0315 -0.7119 0.7015
vn -0.0881 0.9961 -0.0000
vn -0.0315 0.7119 -0.7015
vn -0.0881 -0.9961 -0.0000
vn -0.0315 0.7119 0.7015
vn -0.0315 -0.7119 -0.7015
vn -0.9119 -0.2590 0.3185
vn -0.8122 0.5834 -0.0000
vn -0.9119 0.2589 -0.3185
vn -0.8122 -0.5834 -0.0000
vn -0.9119 0.2589 0.3185
vn -0.9119 -0.2590 -0.3185
vn -0.4948 -0.5228 0.6942
vn -0.3332 0.9429 -0.0000
vn -0.4948 0.5228 -0.6942
vn -0.4948 0.5228 0.6942
vn -0.4948 -0.5228 -0.6942
vn 0.8930 -0.3394 0.2956
vn 0.7376 0.6752 -0.0000
vn 0.8930 0.3394 -0.2956
vn 0.7376 -0.6752 -0.0000
vn 0.8930 0.3394 0.2956
vn 0.8930 -0.3394 -0.2956
vn 0.4577 -0.6039 0.6526
vn 0.5983 0.8012 -0.0000
vn 0.4577 0.6039 -0.6526
vn 0.5983 -0.8012 -0.0000
vn 0.4577 0.6039 0.6526
vn 0.4577 -0.6039 -0.6526
vn -0.0000 -0.5208 0.8537
vn -0.0000 0.5392 0.8422
vn -0.0000 0.6632 -0.7485
vn -0.8340 -0.2903 0.4692
vn -0.8667 -0.4989 -0.0000
vn -0.8506 -0.0000 -0.5258
vn -0.9036 0.2808 -0.3235
vn -0.8667 0.4989 -0.0000
vn -0.8673 0.2742 0.4156
vn 0.8506 -0.0000 -0.5258
vn 0.8667 -0.4989 -0.0000
vn 0.8340 -0.2903 0.4692
vn 0.8673 0.2742 0.4156
vn 0.8667 0.4989 -0.0000
vn 0.9036 0.2808 -0.3235
vn -0.7582 -0.3523 0.5487
vn -0.8177 -0.5756 -0.0000
vn -0.7985 -0.0000 -0.6020
vn -0.8229 0.3591 -0.4403
vn -0.7537 0.6572 -0.0000
vn -0.7278 0.3638 0.5814
vn 0.7938 0.6082 -0.0000
vn -0.8441 0.5362 -0.0000
vn 0.7896 -0.6136 -0.0000
vn -0.8402 -0.5423 -0.0000
vn 0.4220 0.3229 -0.8471
vn 0.7189 0.1171 -0.6852
vn 0.5815 0.4405 -0.6840
vn -0.0000 0.7492 -0.6624
vn -0.0000 0.5473 -0.8369
vn -0.4220 0.3229 -0.8471
vn -0.5815 0.4405 -0.6839
vn -0.7189 0.1172 -0.6852
vn -0.5661 -0.0000 -0.8243
vn -0.7189 -0.1172 -0.6852
vn -0.4220 -0.3229 -0.8471
vn -0.5815 -0.4405 -0.6840
vn -0.0000 -0.5473 -0.8369
vn -0.0000 -0.7492 -0.6624
vn 0.4220 -0.3229 -0.8471
vn 0.5815 -0.4405 -0.6840
vn 0.7189 -0.1172 -0.6852
vn 0.5661 -0.0000 -0.8243
vn 0.5469 -0.4332 0.7164
vn -0.0000 -0.7586 0.6516
vn -0.6034 -0.3978 0.6911
vn -0.7125 -0.0000 0.7016
vn -0.5687 0.3593 0.7399
vn -0.0000 0.6812 0.7321
vn 0.5150 0.3910 0.7628
vn 0.6805 -0.0000 0.7328
vn -0.7990 0.6013 -0.0000
vn 0.7990 0.6013 -0.0000
vn 0.7990 -0.6013 -0.0000
vn -0.7990 -0.6013 -0.0000
vn -0.2079 0.1694 0.9634
vn -0.0000 0.3492 0.9371
vn 0.2079 0.1694 0.9634
vn 0.3316 -0.0000 0.9434
vn 0.2079 -0.1694 0.9634
vn -0.0000 -0.3492 0.9371
vn -0.2079 -0.1694 0.9634
vn -0.3315 -0.0000 0.9434
vn -0.7041 0.6452 0.2966
vn -0.0000 0.9695 0.2451
vn 0.7041 0.6452 0.2966
vn 0.9740 -0.0000 0.2267
vn 0.7041 -0.6452 0.2966
vn -0.0000 -0.9695 0.2452
vn -0.7041 -0.6452 0.2966
vn -0.9740 -0.0000 0.2267
vn -0.8002 -0.5831 -0.1404
vn -0.8082 -0.5889 -0.0000
vn -0.8000 -0.5829 -0.1424
vn -0.0000 -0.9924 -0.1228
vn 0.7999 -0.5829 -0.1424
vn 0.8082 -0.5889 -0.0000
vn 0.8002 -0.5831 -0.1404
vn 0.9915 -0.0000 -0.1300
vn 0.8002 0.5831 -0.1404
vn 0.8082 0.5889 -0.0000
vn 0.7999 0.5829 -0.1424
vn -0.0000 0.9924 -0.1228
vn -0.8000 0.5829 -0.1424
vn -0.8082 0.5889 -0.0000
vn -0.8002 0.5831 -0.1404
vn -0.9915 -0.0000 -0.1300
vn -0.7160 -0.5673 -0.4068
vn -0.0000 -0.9176 -0.3976
vn 0.7160 -0.5673 -0.4068
vn 0.9482 -0.0000 -0.3177
vn 0.7483 0.5928 -0.2978
vn -0.0000 0.9769 -0.2135
vn -0.7483 0.5928 -0.2978
vn -0.9482 -0.0000 -0.3177
vn -0.0000 0.8393 -0.5437
vn 0.7385 0.5659 -0.3666
vn 0.7469 -0.5827 -0.3203
vn -0.0000 -0.8772 -0.4801
vn -0.7838 -0.5570 -0.2746
vn -0.9986 -0.0000 0.0521
vn -0.7766 0.5425 -0.3203
vn 0.7938 -0.6082 -0.0000
vn -0.7938 -0.6082 -0.0000
vn -0.7938 0.6082 -0.0000
vn -0.7727 0.5156 0.3704
vn -0.9281 -0.0000 0.3723
vn -0.7727 -0.5156 0.3704
vn -0.0000 -0.9220 0.3871
vn 0.7345 -0.5493 0.3984
vn 0.9096 -0.0000 0.4154
vn 0.7345 0.5493 0.3984
vn -0.0000 0.9220 0.3871
vn -0.0306 -0.1152 -0.9929
vn 0.0306 -0.1152 -0.9929
vn 0.0409 -0.1079 -0.9933
vn -0.0409 -0.1079 -0.9933
vn -0.1310 -0.0133 -0.9913
vn -0.1317 -0.0113 -0.9912
vn -0.1310 0.0133 -0.9913
vn -0.1317 0.0113 -0.9912
vn 0.1317 -0.0113 -0.9912
vn 0.1310 -0.0133 -0.9913
vn 0.1317 0.0113 -0.9912
vn 0.1309 0.0133 -0.9913
vn 0.0306 0.1153 -0.9929
vn 0.0409 0.1079 -0.9933
vn -0.0306 0.1153 -0.9929
vn -0.0409 0.1079 -0.9933
vn -0.7480 -0.5451 -0.3786
vn -0.0000 -0.9603 -0.2789
vn 0.7480 -0.5451 -0.3786
vn 0.9456 -0.0000 -0.3255
vn 0.7480 0.5451 -0.3786
vn -0.0000 0.9603 -0.2789
vn -0.7480 0.5451 -0.3786
vn -0.9456 -0.0000 -0.3255
vn -0.0000 0.8244 -0.5660
vn 0.7758 0.1283 -0.6178
vn 0.6433 0.4857 -0.5919
vn 0.7758 -0.1283 -0.6178
vn 0.6433 -0.4857 -0.5919
vn -0.0000 -0.8244 -0.5660
vn -0.7758 -0.1283 -0.6178
vn -0.6433 -0.4857 -0.5919
vn -0.7758 0.1283 -0.6178
vn -0.6433 0.4857 -0.5919
vn -0.1265 -0.5611 0.8180
vn 0.0229 0.9918 0.1258
vn -0.0648 0.8734 -0.4827
vn -0.2168 -0.9360 -0.2772
vn 0.0979 0.6659 0.7396
vn -0.0281 -0.8198 -0.5719
vn -0.8842 -0.0962 0.4571
vn -0.5520 0.8198 0.1523
vn -0.6133 0.7000 -0.3659
vn -0.9165 -0.3833 -0.1145
vn -0.6813 0.5763 0.4513
vn -0.8971 -0.2292 -0.3778
vn -0.7597 -0.1754 0.6261
vn -0.3565 0.9220 0.1510
vn -0.4738 0.7029 -0.5305
vn -0.8031 -0.5730 -0.1633
vn -0.5228 0.6027 0.6028
vn -0.7802 -0.3020 -0.5478
vn 0.6011 -0.5045 0.6198
vn 0.4015 0.9124 0.0797
vn 0.5913 0.7177 -0.3677
vn 0.1735 -0.9500 -0.2597
vn 0.5142 0.5414 0.6652
vn 0.0576 -0.8903 -0.4518
vn 0.2176 0.3735 -0.9017
vn 0.2176 -0.3735 -0.9018
vn 0.2176 -0.9018 -0.3735
vn 0.2176 -0.9018 0.3735
vn 0.2176 -0.3735 0.9017
vn 0.2176 0.3735 0.9017
vn 0.2176 0.9018 0.3735
vn 0.2176 0.9017 -0.3735
vn 0.5159 0.7914 0.3278
vn 0.5159 0.3278 0.7914
vn 0.5159 -0.3278 0.7914
vn 0.5159 -0.7914 0.3278
vn 0.5159 -0.7914 -0.3278
vn 0.5159 -0.3278 -0.7914
vn 0.5159 0.3278 -0.7914
vn 0.5159 0.7914 -0.3278
vn 0.7726 0.2429 0.5865
vn 0.7726 -0.2429 0.5865
vn 0.7727 -0.5865 0.2429
vn 0.7727 -0.5865 -0.2429
vn 0.7727 -0.2429 -0.5865
vn 0.7726 0.2429 -0.5865
vn 0.7727 0.5865 -0.2429
vn 0.7727 0.5865 0.2429
vn -0.5645 0.3159 0.7626
vn -0.5645 -0.3159 0.7626
vn -0.5645 -0.7626 0.3159
vn -0.5645 -0.7626 -0.3159
vn -0.5645 -0.3159 -0.7626
vn -0.5645 0.3159 -0.7626
vn -0.5645 0.7626 -0.3159
vn -0.5645 0.7626 0.3159
vn -0.2176 0.3735 -0.9017
vn -0.2176 -0.3735 -0.9017
vn -0.2176 -0.9018 -0.3735
vn -0.2176 -0.9018 0.3735
vn -0.2176 -0.3735 0.9017
vn -0.2176 0.3735 0.9017
vn -0.2176 0.9018 0.3735
vn -0.2176 0.9017 -0.3735
vn -0.5159 0.7914 0.3278
vn -0.5159 0.3278 0.7914
vn -0.5159 -0.3278 0.7914
vn -0.5159 -0.7914 0.3278
vn -0.5159 -0.7914 -0.3278
vn -0.5159 -0.3278 -0.7914
vn -0.5159 0.3278 -0.7914
vn -0.5159 0.7914 -0.3278
vn -0.7726 0.2429 0.5865
vn -0.7726 -0.2429 0.5865
vn -0.7727 -0.5865 0.2429
vn -0.7727 -0.5865 -0.2429
vn -0.7727 -0.2429 -0.5865
vn -0.7726 0.2429 -0.5865
vn -0.7727 0.5865 -0.2429
vn -0.7727 0.5865 0.2429
vn 0.5645 0.3159 0.7626
vn 0.5645 -0.3159 0.7626
vn 0.5645 -0.7626 0.3159
vn 0.5645 -0.7626 -0.3159
vn 0.5645 -0.3159 -0.7626
vn 0.5645 0.3159 -0.7626
vn 0.5645 0.7626 -0.3159
vn 0.5645 0.7626 0.3159
vn 0.0315 -0.7119 0.7015
vn 0.0881 0.9961 -0.0000
vn 0.0315 0.7119 -0.7015
vn 0.0881 -0.9961 -0.0000
vn 0.0315 0.7119 0.7015
vn 0.0315 -0.7119 -0.7015
vn 0.9119 -0.2590 0.3185
vn 0.8122 0.5834 -0.0000
vn 0.9119 0.2589 -0.3185
vn 0.8122 -0.5834 -0.0000
vn 0.9119 0.2589 0.3185
vn 0.9119 -0.2590 -0.3185
vn 0.4948 -0.5228 0.6942
vn 0.3332 0.9429 -0.0000
vn 0.4948 0.5228 -0.6942
vn 0.4948 0.5228 0.6942
vn 0.4948 -0.5228 -0.6942
vn -0.8930 -0.3394 0.2956
vn -0.7376 0.6752 -0.0000
vn -0.8930 0.3394 -0.2956
vn -0.7376 -0.6752 -0.0000
vn -0.8930 0.3394 0.2956
vn -0.8930 -0.3394 -0.2956
vn -0.4577 -0.6039 0.6526
vn -0.5983 0.8012 -0.0000
vn -0.4577 0.6039 -0.6526
vn -0.5983 -0.8012 -0.0000
vn -0.4577 0.6039 0.6526
vn -0.4577 -0.6039 -0.6526
vn 0.7582 -0.3523 0.5487
vn 0.8177 -0.5756 -0.0000
vn 0.7985 -0.0000 -0.6020
vn 0.8229 0.3591 -0.4403
vn 0.7537 0.6572 -0.0000
vn 0.7278 0.3638 0.5814
vn 0.8441 0.5362 -0.0000
vn -0.7896 -0.6136 -0.0000
vn 0.8402 -0.5423 -0.0000
vn -0.5815 0.4405 -0.6840
vn -0.7189 0.1171 -0.6852
vn 0.7189 0.1172 -0.6852
vn 0.5815 0.4405 -0.6839
vn -0.5469 -0.4332 0.7164
vn 0.6034 -0.3978 0.6911
vn 0.7125 -0.0000 0.7016
vn 0.5687 0.3593 0.7399
vn -0.5150 0.3910 0.7628
vn -0.6805 -0.0000 0.7328
vn -0.3316 -0.0000 0.9434
vn 0.3315 -0.0000 0.9434
vn 0.8000 -0.5829 -0.1424
vn -0.7999 -0.5829 -0.1424
vn 0.8000 0.5829 -0.1424
vn -0.7385 0.5659 -0.3666
vn -0.7469 -0.5827 -0.3203
vn 0.7838 -0.5570 -0.2746
vn 0.9986 -0.0000 0.0521
vn 0.7766 0.5425 -0.3203
vn 0.7727 0.5156 0.3704
vn 0.9281 -0.0000 0.3723
vn 0.7727 -0.5156 0.3704
vn -0.7345 -0.5493 0.3984
vn -0.9096 -0.0000 0.4154
vn -0.7345 0.5493 0.3984
vn 0.1310 0.0132 -0.9913
vn 0.1265 -0.5611 0.8180
vn -0.0229 0.9918 0.1258
vn 0.0648 0.8734 -0.4827
vn 0.2168 -0.9360 -0.2772
vn -0.0979 0.6659 0.7396
vn 0.0281 -0.8198 -0.5719
vn 0.8842 -0.0962 0.4571
vn 0.5520 0.8198 0.1523
vn 0.6133 0.7000 -0.3659
vn 0.9165 -0.3833 -0.1145
vn 0.6813 0.5763 0.4513
vn 0.8971 -0.2292 -0.3778
vn 0.7597 -0.1754 0.6261
vn 0.3565 0.9220 0.1510
vn 0.4738 0.7029 -0.5305
vn 0.8031 -0.5730 -0.1633
vn 0.5228 0.6027 0.6028
vn 0.7802 -0.3020 -0.5478
vn -0.6011 -0.5045 0.6198
vn -0.4015 0.9124 0.0797
vn -0.5913 0.7177 -0.3677
vn -0.1735 -0.9500 -0.2597
vn -0.5142 0.5414 0.6652
vn -0.0577 -0.8903 -0.4518
vn -0.0000 0.4915 0.8709
vn 0.3958 0.7579 0.5187
vn -0.0000 0.3211 -0.9471
vn -0.0000 0.3461 0.9382
vn -0.0069 0.4570 0.8894
vn -0.0111 0.4961 0.8682
vn -0.0105 0.4959 0.8683
vn -0.0004 0.4917 0.8708
vn -0.0000 0.9785 0.2060
vn -0.6190 -0.1790 0.7648
vn -0.0000 -0.6504 0.7596
vn -0.0042 0.9797 0.2005
vn -0.0144 0.9822 0.1873
vn -0.0184 0.9831 0.1821
vn 0.6960 0.4330 0.5728
vn 0.7522 0.6104 0.2482
vn 0.3381 0.9096 0.2417
vn 0.7642 0.6358 0.1085
vn 0.2892 0.9419 0.1707
vn 0.1748 0.9609 0.2146
vn 0.1808 0.9593 0.2171
vn 0.1764 0.9605 0.2153
vn -0.8987 0.4108 0.1535
vn -0.8987 0.4108 0.1534
vn -0.8777 0.3651 0.3103
vn -0.8778 0.3651 0.3103
vn 0.9593 0.2744 0.0662
vn 0.9563 0.2845 0.0676
vn 0.9577 0.2797 0.0670
vn 0.9869 0.1531 0.0517
vn 0.9562 0.2849 0.0677
vn 0.9795 0.1991 0.0290
vn -0.0000 -0.9832 -0.1823
vn -0.0000 -0.9467 -0.3221
vn -0.0000 -0.9471 -0.3210
vn -0.9197 -0.3716 -0.1267
vn -0.9142 -0.3799 0.1411
vn -0.0000 -0.9458 -0.3247
vn 0.6529 -0.7167 -0.2450
vn -0.0000 -0.9932 -0.1161
vn -0.0000 -0.7135 -0.7006
vn -0.6885 0.0516 -0.7234
vn -0.0000 -0.3558 -0.9346
vn -0.6433 -0.0227 -0.7653
vn -0.5816 0.5147 -0.6300
vn -0.0000 0.9210 -0.3897
vn 0.7508 0.4084 -0.5191
vn -0.0000 0.3210 -0.9471
vn 0.8979 0.3452 -0.2731
vn -0.0000 0.9991 -0.0427
vn 0.8578 0.4564 -0.2365
vn 0.7749 -0.1976 -0.6004
vn 0.7748 -0.1976 -0.6005
vn 0.7749 -0.1976 -0.6005
vn -0.0000 -0.6799 -0.7333
vn -0.8993 -0.1525 -0.4099
vn -0.8154 0.2093 0.5397
vn 0.6615 -0.5098 0.5501
vn 0.6784 0.3664 0.6369
vn -0.6714 -0.4707 0.5724
vn -0.6836 0.3542 0.6381
vn -0.0000 -0.0172 0.9999
vn -0.0000 0.4736 0.8807
vn -0.8987 0.4108 0.1532
vn -0.0000 0.3211 -0.9470
vn -0.8993 -0.1524 -0.4099
vn 0.7200 0.4674 -0.5130
vn 0.8919 0.4390 0.1087
vn 0.7345 0.6602 0.1569
vn -0.0061 0.8969 0.4423
vn -0.0000 0.8865 0.4626
vn -0.8798 0.4231 0.2164
vn 0.8857 0.4183 0.2015
vn -0.0000 0.8866 0.4626
vn 0.2582 0.9335 0.2487
vn -0.4962 0.4630 0.7344
vn -0.2789 0.9256 0.2560
vn -0.0312 0.2577 -0.9657
vn 0.9026 -0.4077 -0.1380
vn -0.8735 0.4625 0.1517
vn 0.8994 -0.4143 -0.1394
vn 0.8991 -0.4149 -0.1397
vn 0.8992 -0.4147 -0.1395
vn 0.8885 -0.4353 -0.1449
vn 0.8964 -0.4170 -0.1505
vn -0.8803 0.4535 0.1392
vn -0.8885 0.4353 0.1449
vn -0.8775 0.4555 0.1502
vn -0.8774 0.4557 0.1502
vn 0.7032 -0.1750 -0.6892
vn 0.9939 -0.0940 -0.0572
vn 0.9021 -0.2824 0.3263
vn -0.6568 0.4813 0.5805
vn -0.6630 0.7177 0.2130
vn -0.7200 0.5222 -0.4571
vn 0.8346 -0.1890 0.5174
vn 0.9434 0.3267 0.0567
vn 0.4207 0.0104 -0.9071
vn -0.4691 0.4464 -0.7620
vn -0.8771 0.4561 0.1503
vn -0.9374 -0.3428 -0.0612
vn 0.2619 -0.9303 -0.2567
vn 0.9434 0.3268 0.0567
vn -0.2720 0.9570 -0.1007
vn -0.8866 -0.2280 -0.4024
vn -0.8581 0.4920 -0.1468
vn 0.2334 -0.7767 -0.5850
vn 0.8719 0.3966 -0.2872
vn 0.8397 -0.3398 -0.4237
vn -0.3958 0.7579 0.5187
vn 0.0069 0.4570 0.8894
vn 0.0111 0.4961 0.8682
vn 0.0004 0.4917 0.8708
vn 0.0105 0.4959 0.8683
vn 0.6190 -0.1790 0.7648
vn 0.0043 0.9797 0.2004
vn 0.0184 0.9831 0.1821
vn 0.0144 0.9822 0.1873
vn -0.6960 0.4330 0.5728
vn -0.7522 0.6104 0.2482
vn -0.3381 0.9096 0.2417
vn -0.7642 0.6358 0.1085
vn -0.2892 0.9419 0.1707
vn -0.1748 0.9609 0.2146
vn -0.1764 0.9605 0.2153
vn -0.1808 0.9593 0.2171
vn 0.8987 0.4108 0.1535
vn 0.8987 0.4108 0.1534
vn 0.8777 0.3651 0.3103
vn -0.9593 0.2744 0.0662
vn -0.9577 0.2797 0.0670
vn -0.9563 0.2845 0.0676
vn -0.9869 0.1531 0.0517
vn -0.9562 0.2849 0.0677
vn -0.9795 0.1991 0.0290
vn 0.9197 -0.3716 -0.1267
vn 0.9142 -0.3799 0.1411
vn -0.6529 -0.7167 -0.2450
vn 0.6885 0.0516 -0.7234
vn 0.6433 -0.0227 -0.7653
vn 0.5816 0.5147 -0.6300
vn -0.7508 0.4084 -0.5191
vn -0.8979 0.3452 -0.2731
vn -0.8578 0.4564 -0.2365
vn -0.7749 -0.1976 -0.6004
vn -0.7749 -0.1976 -0.6005
vn 0.8993 -0.1525 -0.4099
vn 0.8154 0.2093 0.5397
vn -0.6615 -0.5098 0.5501
vn -0.6784 0.3664 0.6369
vn 0.6714 -0.4707 0.5724
vn 0.6836 0.3542 0.6381
vn 0.8987 0.4108 0.1532
vn -0.7748 -0.1976 -0.6005
vn -0.7200 0.4674 -0.5130
vn -0.8919 0.4390 0.1087
vn -0.7345 0.6602 0.1569
vn 0.0061 0.8969 0.4423
vn 0.8798 0.4231 0.2164
vn -0.8857 0.4183 0.2015
vn 0.8778 0.3651 0.3103
vn -0.2582 0.9335 0.2487
vn 0.4950 0.7345 0.4641
vn 0.7307 0.6827 -0.0000
vn -0.3423 -0.5080 -0.7904
vn 0.6908 -0.7230 -0.0000
vn -0.6346 0.7728 -0.0000
vn 0.4819 0.8718 0.0879
vn 0.4819 0.8718 -0.0879
vn 0.2838 0.9589 -0.0000
vn 0.6974 0.7167 -0.0000
vn -0.6724 0.7402 -0.0000
vn 0.6771 -0.7359 -0.0000
vn 0.7872 -0.6167 -0.0000
vn -0.7872 -0.6167 -0.0000
vn -0.7872 0.6167 -0.0000
vn 0.7872 0.6167 -0.0000
vn -0.0000 -0.8395 0.5434
vn 0.5833 -0.4975 0.6421
vn -0.5833 -0.4975 0.6421
vn 0.5833 0.4975 0.6421
vn -0.0000 0.8395 0.5434
vn -0.5832 0.4975 0.6421
vn -0.0000 0.8810 0.4732
vn -0.6047 0.6086 0.5137
vn -0.9824 0.1691 0.0793
vn -0.0079 0.9198 0.3924
vn -0.3849 0.9229 0.0052
vn -0.0564 0.8955 0.4414
vn -0.2585 0.8639 0.4322
vn 0.1242 0.9284 0.3502
vn -0.0000 0.8979 0.4401
vn -0.5150 0.5940 0.6180
vn -0.7365 0.5767 0.3535
vn -0.0000 0.6356 -0.7720
vn -0.7064 -0.1651 -0.6882
vn -0.2632 0.6004 -0.7552
vn -0.2989 0.6433 -0.7049
vn -0.0000 0.7078 -0.7065
vn 0.0143 0.9979 0.0630
vn 0.0138 0.9980 0.0621
vn 0.0085 0.9986 0.0526
vn 0.0034 0.9994 0.0336
vn -0.0000 0.9994 0.0344
vn 0.0034 0.9994 0.0344
vn -0.9665 0.2568 0.0048
vn -0.1638 0.9865 0.0046
vn -0.7344 0.6770 0.0479
vn -0.7345 0.6769 0.0483
vn -0.7361 0.6747 0.0541
vn -0.0101 0.9999 0.0052
vn -0.8611 0.5059 0.0506
vn -0.4055 0.9139 0.0179
vn -0.0000 1.0000 0.0057
vn -0.4868 0.8734 0.0114
vn 0.0007 0.0003 1.0000
vn 0.0006 0.0003 1.0000
vn 0.0013 0.0007 1.0000
vn 0.4655 0.2591 0.8462
vn 0.7827 0.4057 0.4719
vn 0.4405 0.1058 0.8915
vn 0.5748 0.3074 0.7584
vn -0.8105 -0.0000 0.5857
vn -0.0000 1.0000 0.0078
vn -0.5828 0.8075 0.0908
vn 0.0006 1.0000 0.0075
vn 0.0012 1.0000 0.0074
vn -0.4585 0.8759 0.1502
vn -0.8597 0.4327 0.2716
vn -0.0000 0.8993 0.4373
vn -0.5131 0.7691 0.3811
vn 0.0003 0.8985 0.4390
vn -0.3959 0.7452 0.5367
vn -0.7107 0.4130 0.5696
vn -0.0000 0.8923 -0.4515
vn -0.5149 0.7678 -0.3813
vn -0.4003 0.7488 -0.5282
vn -0.8090 0.2547 -0.5297
vn -0.0000 0.9980 0.0632
vn 0.0006 0.9982 0.0599
vn 0.0022 0.9987 0.0518
vn 0.0083 0.9994 0.0337
vn 0.0040 0.9991 0.0430
vn 0.0050 0.9991 0.0427
vn -0.0000 1.0000 -0.0077
vn 0.0044 0.9985 0.0544
vn 0.0043 0.9985 0.0544
vn 0.9122 0.3498 0.2135
vn -0.9122 0.3498 0.2135
vn -0.9575 -0.0000 0.2883
vn 0.9575 -0.0000 0.2883
vn -0.0000 -1.0000 0.0015
vn -0.0000 -0.9999 0.0102
vn 0.7772 0.6285 0.0289
vn -0.7906 0.6117 0.0281
vn -0.5230 0.8439 -0.1192
vn -0.2618 0.9276 -0.2664
vn -0.0678 0.9448 -0.3205
vn -0.5274 0.8487 0.0383
vn -0.0766 0.9166 -0.3923
vn 0.0116 0.9999 0.0102
vn 0.0072 0.9999 0.0107
vn 0.0061 0.9999 0.0109
vn 0.0221 0.9998 0.0016
vn 0.0238 0.9997 0.0025
vn 0.0234 0.9997 0.0023
vn 0.0245 0.9997 0.0029
vn -0.6688 0.7435 0.0037
vn -0.6690 0.7433 0.0037
vn -0.9243 0.3814 0.0127
vn -0.8432 0.5375 0.0094
vn -0.9315 0.3635 0.0137
vn -0.9276 0.3733 0.0129
vn -0.3815 0.9244 0.0046
vn -0.3824 0.9240 0.0048
vn -0.3813 0.9244 0.0046
vn 0.0110 0.9999 0.0023
vn 0.0108 0.9999 0.0021
vn 0.0061 0.8421 0.5393
vn -0.3419 0.7971 0.4978
vn -0.3359 0.7507 0.5688
vn -0.6355 0.3189 0.7032
vn 0.0243 0.8414 -0.5399
vn -0.3265 0.8042 -0.4966
vn -0.3189 0.7643 -0.5605
vn -0.6357 0.3298 -0.6979
vn 0.0196 0.9991 0.0379
vn 0.0186 0.9991 0.0375
vn 0.0076 0.9994 0.0327
vn 0.0046 0.9990 0.0442
vn -0.9972 -0.0000 0.0754
vn -0.8210 0.5709 -0.0000
vn -0.3765 0.9264 -0.0000
vn -0.4324 0.9017 -0.0000
vn -0.0995 0.7310 0.6751
vn -0.2174 0.4960 0.8407
vn -0.0000 0.5966 0.8025
vn -0.2829 0.5171 0.8078
vn -0.0000 0.4730 0.8810
vn -0.0256 0.9561 -0.2921
vn -0.0000 -0.9023 -0.4312
vn 0.0178 -0.9997 0.0192
vn 0.9921 -0.1203 -0.0357
vn 0.8971 -0.4391 -0.0496
vn 0.7108 -0.7034 -0.0000
vn 0.6895 -0.7243 -0.0000
vn 0.0212 -0.9998 0.0024
vn 0.8086 -0.5867 0.0437
vn 0.8140 -0.5809 -0.0000
vn -0.8299 -0.5580 -0.0001
vn -0.0658 -0.7862 -0.6144
vn -0.1130 -0.7834 -0.6112
vn -0.1012 -0.7940 -0.5994
vn -0.0714 -0.7869 -0.6129
vn 0.0083 -0.8215 -0.5701
vn -0.0326 -0.8287 -0.5587
vn -0.0287 -0.8195 -0.5723
vn -0.0326 -0.8288 -0.5585
vn 0.9952 -0.0652 0.0733
vn -0.0000 -0.9746 -0.2241
vn -0.0000 -0.9910 -0.1338
vn -0.0035 -0.9880 -0.1545
vn -0.0000 -0.0005 1.0000
vn -0.0065 -0.9184 0.3956
vn -0.0113 -0.9152 0.4029
vn -0.0065 -0.9184 0.3957
vn 0.0208 -0.9997 0.0086
vn 0.0382 -0.9993 0.0055
vn 0.0115 -0.9999 0.0102
vn -0.0320 -0.6269 0.7784
vn -0.0007 -0.9994 -0.0334
vn 0.0001 -0.9994 -0.0341
vn -0.0002 -0.9994 -0.0347
vn -0.0009 -0.9994 -0.0341
vn -0.1950 -0.9687 -0.1537
vn -0.1580 -0.9783 -0.1342
vn -0.1133 -0.9889 -0.0965
vn -0.1693 -0.9744 -0.1481
vn -0.0000 -0.9994 -0.0348
vn 0.0059 -0.9993 -0.0362
vn 0.0065 -0.9992 -0.0404
vn 0.0034 -0.9994 -0.0355
vn 0.0065 -0.9992 -0.0403
vn -0.7565 0.5796 0.3030
vn -0.9208 -0.0000 0.3901
vn -0.8341 -0.5112 0.2074
vn -0.7079 -0.7057 -0.0308
vn -0.8268 -0.4143 -0.3806
vn -0.7620 -0.4760 -0.4390
vn -0.8133 -0.4283 -0.3938
vn -0.8796 0.4361 -0.1899
vn -0.6779 0.7339 0.0439
vn -0.5980 0.8000 0.0478
vn -0.0000 -0.8480 -0.5301
vn 0.3685 -0.8030 -0.4684
vn -0.7751 -0.5559 -0.3004
vn -0.0000 -0.8480 -0.5300
vn -0.0000 -0.5144 -0.8575
vn -0.8964 -0.3040 -0.3227
vn 0.1280 -0.6296 -0.7663
vn 0.6291 -0.4321 -0.6462
vn -0.0049 -0.5912 -0.8065
vn -0.4275 0.8953 -0.1255
vn -0.2693 0.9297 -0.2511
vn -0.8942 -0.1244 -0.4301
vn -0.1953 -0.2433 -0.9501
vn -0.7042 -0.2571 -0.6618
vn -0.9194 -0.2814 -0.2748
vn -0.5693 -0.5504 -0.6107
vn -0.5153 -0.8363 -0.1874
vn -0.4891 -0.7272 -0.4817
vn 0.0604 -0.5279 -0.8472
vn -0.0920 -0.5921 -0.8006
vn 0.0467 -0.5343 -0.8440
vn -0.1444 0.9881 0.0529
vn -0.0000 0.7153 -0.6988
vn -0.0028 -0.0000 -1.0000
vn -0.0056 -0.0000 -1.0000
vn 0.3758 -0.6324 0.6774
vn 0.3680 -0.6355 0.6788
vn 0.3701 -0.6347 0.6784
vn -0.6158 0.7822 0.0953
vn 0.0018 1.0000 0.0072
vn -0.4864 0.8592 0.1589
vn -0.8446 0.4641 0.2670
vn -0.0027 0.9999 0.0126
vn -0.0049 0.9999 0.0135
vn -0.0009 0.9999 0.0118
vn -0.7378 0.6724 0.0603
vn -0.1446 0.9881 0.0528
vn -0.9808 0.1951 0.0034
vn 0.0047 0.9979 0.0639
vn 0.0016 0.9984 0.0566
vn 0.0008 0.9984 0.0572
vn -0.7162 0.6929 0.0834
vn -0.0000 0.8255 0.5643
vn -0.0000 0.8255 0.5644
vn 0.0509 0.9973 0.0529
vn -0.0239 0.9994 0.0241
vn 0.0014 0.9991 0.0420
vn 0.0015 0.9984 0.0563
vn -0.0333 0.6330 -0.7735
vn 0.5337 0.7397 -0.4099
vn 0.7954 0.5294 0.2952
vn -0.9469 0.3213 0.0105
vn -0.4594 0.8869 0.0476
vn 0.1098 -0.5035 -0.8570
vn 0.0087 1.0000 0.0001
vn -0.8326 -0.4079 -0.3746
vn -0.0511 -0.8357 -0.5468
vn -0.0544 -0.7911 -0.6092
vn -0.0327 -0.8289 -0.5584
vn -0.1556 -0.9766 -0.1483
vn -0.1352 -0.9793 -0.1506
vn -0.1865 -0.9674 -0.1710
vn -0.1736 -0.9725 -0.1555
vn -0.1681 -0.9744 -0.1492
vn -0.0547 -0.7867 -0.6150
vn 0.0066 -0.9992 -0.0405
vn 0.3667 -0.6360 0.6790
vn -0.0000 -0.9999 0.0123
vn 0.6047 0.6086 0.5137
vn 0.9824 0.1691 0.0793
vn 0.0079 0.9198 0.3924
vn 0.3849 0.9229 0.0052
vn 0.0564 0.8955 0.4414
vn 0.2585 0.8639 0.4322
vn -0.1242 0.9284 0.3502
vn 0.5150 0.5940 0.6180
vn 0.7365 0.5767 0.3535
vn 0.7064 -0.1651 -0.6882
vn 0.2632 0.6004 -0.7552
vn 0.2989 0.6433 -0.7049
vn -0.0143 0.9979 0.0630
vn -0.0085 0.9986 0.0526
vn -0.0138 0.9980 0.0621
vn -0.0034 0.9994 0.0336
vn -0.0034 0.9994 0.0344
vn 0.9665 0.2568 0.0048
vn 0.1638 0.9865 0.0046
vn 0.7344 0.6770 0.0479
vn 0.7361 0.6747 0.0541
vn 0.7345 0.6769 0.0483
vn 0.0101 0.9999 0.0052
vn 0.8611 0.5059 0.0506
vn 0.4055 0.9139 0.0179
vn 0.4868 0.8734 0.0114
vn -0.0007 0.0003 1.0000
vn -0.0013 0.0007 1.0000
vn -0.0006 0.0003 1.0000
vn -0.4655 0.2591 0.8462
vn -0.7827 0.4057 0.4719
vn -0.4405 0.1058 0.8915
vn -0.5748 0.3074 0.7584
vn 0.8105 -0.0000 0.5857
vn 0.5828 0.8075 0.0908
vn -0.0006 1.0000 0.0075
vn -0.0012 1.0000 0.0074
vn 0.4585 0.8759 0.1502
vn 0.8597 0.4327 0.2716
vn 0.5131 0.7691 0.3811
vn -0.0003 0.8985 0.4390
vn 0.3959 0.7452 0.5367
vn 0.7107 0.4130 0.5696
vn 0.5149 0.7678 -0.3813
vn 0.4003 0.7488 -0.5282
vn 0.8090 0.2547 -0.5297
vn -0.0030 0.9991 0.0432
vn -0.0040 0.9991 0.0430
vn -0.0083 0.9994 0.0337
vn -0.0023 0.9991 0.0428
vn -0.0050 0.9991 0.0427
vn -0.0043 0.9985 0.0544
vn -0.0044 0.9985 0.0544
vn -0.7772 0.6285 0.0289
vn 0.7906 0.6117 0.0281
vn 0.5230 0.8439 -0.1192
vn 0.2618 0.9276 -0.2664
vn 0.0678 0.9448 -0.3205
vn 0.5274 0.8487 0.0383
vn 0.0766 0.9166 -0.3923
vn -0.0116 0.9999 0.0102
vn -0.0061 0.9999 0.0109
vn -0.0072 0.9999 0.0107
vn -0.0221 0.9998 0.0016
vn -0.0234 0.9997 0.0023
vn -0.0238 0.9997 0.0025
vn -0.0245 0.9997 0.0029
vn 0.6688 0.7435 0.0037
vn 0.9243 0.3814 0.0127
vn 0.6690 0.7433 0.0037
vn 0.8432 0.5374 0.0094
vn 0.9315 0.3635 0.0137
vn 0.9276 0.3733 0.0129
vn 0.3815 0.9244 0.0046
vn 0.3813 0.9244 0.0046
vn 0.3823 0.9240 0.0048
vn -0.0110 0.9999 0.0023
vn -0.0108 0.9999 0.0021
vn -0.0061 0.8421 0.5393
vn 0.3419 0.7971 0.4978
vn 0.3359 0.7507 0.5688
vn 0.6355 0.3189 0.7032
vn -0.0243 0.8414 -0.5399
vn 0.3265 0.8042 -0.4966
vn 0.3189 0.7643 -0.5605
vn 0.6357 0.3298 -0.6979
vn -0.0196 0.9991 0.0379
vn -0.0186 0.9991 0.0375
vn -0.0076 0.9994 0.0327
vn -0.0046 0.9990 0.0442
vn 0.9972 -0.0000 0.0754
vn 0.8210 0.5709 -0.0000
vn 0.3765 0.9264 -0.0000
vn 0.4324 0.9017 -0.0000
vn 0.0995 0.7310 0.6751
vn 0.2174 0.4960 0.8407
vn 0.2829 0.5171 0.8078
vn 0.0256 0.9561 -0.2921
vn -0.0178 -0.9997 0.0192
vn -0.9921 -0.1203 -0.0357
vn -0.8971 -0.4391 -0.0496
vn -0.7108 -0.7034 -0.0000
vn -0.6895 -0.7243 -0.0000
vn -0.0212 -0.9998 0.0024
vn -0.8086 -0.5867 0.0437
vn -0.8140 -0.5809 -0.0000
vn 0.8299 -0.5580 -0.0001
vn 0.0658 -0.7862 -0.6144
vn 0.0714 -0.7869 -0.6129
vn 0.1013 -0.7940 -0.5994
vn 0.1130 -0.7834 -0.6112
vn -0.0083 -0.8215 -0.5701
vn 0.0326 -0.8287 -0.5587
vn 0.0326 -0.8288 -0.5585
vn 0.0287 -0.8195 -0.5723
vn -0.9952 -0.0652 0.0733
vn 0.0035 -0.9880 -0.1545
vn 0.0065 -0.9184 0.3956
vn 0.0113 -0.9152 0.4029
vn -0.0208 -0.9997 0.0086
vn -0.0115 -0.9999 0.0102
vn -0.0382 -0.9993 0.0055
vn 0.0320 -0.6269 0.7784
vn 0.0007 -0.9994 -0.0334
vn 0.0009 -0.9994 -0.0341
vn 0.0002 -0.9994 -0.0347
vn -0.0001 -0.9994 -0.0341
vn 0.1950 -0.9687 -0.1537
vn 0.1693 -0.9744 -0.1481
vn 0.1133 -0.9889 -0.0965
vn 0.1580 -0.9783 -0.1342
vn -0.0059 -0.9993 -0.0362
vn -0.0065 -0.9992 -0.0404
vn -0.0065 -0.9992 -0.0403
vn -0.0034 -0.9994 -0.0355
vn 0.7565 0.5796 0.3030
vn 0.9208 -0.0000 0.3901
vn 0.8341 -0.5112 0.2074
vn 0.7079 -0.7057 -0.0308
vn 0.8268 -0.4143 -0.3806
vn 0.8133 -0.4283 -0.3938
vn 0.7620 -0.4760 -0.4390
vn 0.8796 0.4361 -0.1899
vn 0.6779 0.7339 0.0439
vn 0.5980 0.8000 0.0478
vn -0.3685 -0.8030 -0.4684
vn 0.7751 -0.5559 -0.3004
vn 0.8964 -0.3040 -0.3227
vn -0.1280 -0.6296 -0.7663
vn -0.6291 -0.4321 -0.6462
vn 0.0049 -0.5912 -0.8065
vn 0.4275 0.8953 -0.1255
vn 0.2693 0.9297 -0.2511
vn 0.8942 -0.1244 -0.4301
vn 0.1953 -0.2433 -0.9501
vn 0.7042 -0.2571 -0.6618
vn 0.9194 -0.2814 -0.2748
vn 0.5693 -0.5504 -0.6107
vn 0.5153 -0.8363 -0.1874
vn 0.4891 -0.7272 -0.4817
vn -0.0604 -0.5279 -0.8472
vn -0.0467 -0.5343 -0.8440
vn 0.0920 -0.5921 -0.8006
vn 0.1444 0.9881 0.0529
vn 0.0028 -0.0000 -1.0000
vn 0.0056 -0.0000 -1.0000
vn -0.3758 -0.6324 0.6774
vn -0.3701 -0.6347 0.6784
vn -0.3680 -0.6355 0.6788
vn 0.6158 0.7822 0.0953
vn -0.0018 1.0000 0.0072
vn 0.4864 0.8592 0.1589
vn 0.8446 0.4641 0.2670
vn 0.0027 0.9999 0.0126
vn 0.0009 0.9999 0.0118
vn 0.0049 0.9999 0.0135
vn 0.7378 0.6724 0.0603
vn 0.1446 0.9881 0.0528
vn 0.9808 0.1951 0.0034
vn -0.0047 0.9979 0.0639
vn -0.0046 0.9980 0.0636
vn -0.0016 0.9984 0.0566
vn -0.0008 0.9984 0.0572
vn 0.7162 0.6929 0.0834
vn -0.0509 0.9973 0.0529
vn 0.0239 0.9994 0.0241
vn -0.0014 0.9991 0.0420
vn -0.0015 0.9984 0.0563
vn 0.0333 0.6330 -0.7735
vn -0.5337 0.7397 -0.4099
vn -0.7954 0.5294 0.2952
vn 0.9469 0.3213 0.0105
vn 0.4594 0.8869 0.0476
vn -0.1098 -0.5035 -0.8570
vn -0.0087 1.0000 0.0001
vn 0.8326 -0.4079 -0.3746
vn 0.0544 -0.7911 -0.6092
vn 0.0511 -0.8357 -0.5468
vn 0.0327 -0.8289 -0.5584
vn 0.1556 -0.9766 -0.1483
vn 0.1352 -0.9793 -0.1506
vn 0.1865 -0.9674 -0.1710
vn 0.1736 -0.9725 -0.1555
vn 0.1681 -0.9744 -0.1492
vn 0.0547 -0.7867 -0.6150
vn -0.0066 -0.9992 -0.0405
vn -0.3667 -0.6360 0.6790
vn 0.5832 -0.4975 0.6421
vn -0.5833 0.4975 0.6421
vn 0.5832 0.4975 0.6421
vn -0.5240 -0.0000 -0.8517
vn -0.4460 0.5250 -0.7249
vn -0.4868 0.3699 -0.7913
vn -0.4460 -0.5250 -0.7249
vn -0.4868 -0.3699 -0.7913
vn -0.5117 -0.2160 -0.8316
vn -0.4911 -0.3489 -0.7982
vn -0.5117 0.2160 -0.8316
vn -0.4911 0.3489 -0.7982
vn -0.4869 0.3699 -0.7913
vn -0.4869 -0.3699 -0.7913
vn -0.0248 0.9997 -0.0000
vn -0.9998 0.0205 -0.0000
vn -0.1389 0.2427 0.9601
vn -0.1446 0.2402 0.9599
vn -0.2411 0.1417 0.9601
vn -0.2433 0.1369 0.9602
vn -0.2433 0.1369 -0.9602
vn -0.2411 0.1417 -0.9601
vn -0.1446 0.2402 -0.9599
vn -0.1389 0.2427 -0.9601
vn -0.0039 0.3007 0.9537
vn -0.0039 0.3007 -0.9537
vn 0.9603 0.2789 -0.0000
vn -0.2999 0.0032 0.9540
vn -0.2893 -0.9572 -0.0000
vn -0.2999 0.0032 -0.9540
vn -0.4991 0.4662 0.7304
vn -0.7042 -0.7100 -0.0000
vn 0.6605 0.7508 -0.0000
vn -0.0329 0.9995 -0.0000
vn -0.1523 0.2367 0.9596
vn -0.1570 0.2345 0.9594
vn -0.1570 0.2345 -0.9594
vn -0.1523 0.2367 -0.9596
vn -0.0052 0.3002 0.9539
vn -0.0052 0.3002 -0.9539
vn 0.0248 0.9997 -0.0000
vn 0.9998 0.0205 -0.0000
vn 0.1389 0.2427 0.9601
vn 0.2433 0.1369 0.9602
vn 0.2411 0.1417 0.9601
vn 0.1446 0.2402 0.9599
vn 0.2433 0.1369 -0.9602
vn 0.1389 0.2427 -0.9601
vn 0.1446 0.2402 -0.9599
vn 0.2411 0.1417 -0.9601
vn 0.0039 0.3007 0.9537
vn 0.0039 0.3007 -0.9537
vn -0.9603 0.2789 -0.0000
vn 0.2999 0.0032 0.9540
vn 0.2893 -0.9572 -0.0000
vn 0.2999 0.0032 -0.9540
vn 0.0344 0.9994 -0.0000
vn 0.1543 0.2358 0.9595
vn 0.1588 0.2337 0.9593
vn 0.1543 0.2358 -0.9595
vn 0.1588 0.2337 -0.9593
vn 0.0055 0.3001 0.9539
vn 0.0055 0.3001 -0.9539
vn -0.0000 0.7356 0.6774
vn -0.0000 -0.7356 0.6774
vn 0.7071 -0.7071 -0.0000
vn -0.7071 -0.7071 -0.0000
vn 0.4045 -0.4057 0.8197
vn -0.0000 -0.6660 0.7460
vn -0.4045 -0.4057 0.8197
vn -0.5691 -0.0000 0.8222
vn -0.4045 0.4057 0.8197
vn -0.0000 0.6660 0.7460
vn 0.4045 0.4057 0.8197
vn 0.5692 -0.0000 0.8222
vn -0.7246 0.6891 -0.0000
vn 0.7246 0.6892 -0.0000
vn 0.7246 -0.6892 -0.0000
vn -0.7246 -0.6892 -0.0000
vn -0.0971 0.0957 0.9907
vn -0.0000 0.1883 0.9821
vn 0.0971 0.0957 0.9907
vn 0.1597 -0.0000 0.9872
vn 0.0971 -0.0957 0.9907
vn -0.0000 -0.1883 0.9821
vn -0.0971 -0.0957 0.9907
vn -0.1597 -0.0000 0.9872
vn -0.6644 0.7077 0.2404
vn -0.0000 0.9830 0.1837
vn 0.6644 0.7077 0.2404
vn 0.9806 -0.0000 0.1961
vn 0.6644 -0.7077 0.2404
vn -0.0000 -0.9830 0.1837
vn -0.6644 -0.7077 0.2404
vn -0.9806 -0.0000 0.1961
vn -0.4583 0.8888 -0.0000
vn -0.2858 -0.0000 0.9583
vn -0.4583 -0.8888 -0.0000
vn -0.2858 -0.0000 -0.9583
vn -0.4948 0.5909 -0.6372
vn -0.4948 0.5909 0.6372
vn -0.4948 -0.5909 0.6372
vn -0.4948 -0.5909 -0.6372
vn -0.7099 0.7043 -0.0000
vn -0.0000 0.6594 -0.7518
vn -0.0000 0.5848 0.8112
vn 0.7099 0.7043 -0.0000
vn 0.7423 0.6064 0.2851
vn -0.0000 0.6594 0.7518
vn -0.7423 0.6064 0.2852
vn -0.7047 -0.6702 -0.2326
vn -0.7246 -0.6891 -0.0000
vn -0.7061 -0.6715 -0.2247
vn -0.0000 -0.9890 -0.1478
vn 0.7061 -0.6715 -0.2247
vn 0.7047 -0.6703 -0.2326
vn 0.9748 -0.0000 -0.2231
vn 0.7048 0.6702 -0.2326
vn 0.7061 0.6715 -0.2247
vn -0.0000 0.9890 -0.1478
vn -0.7061 0.6715 -0.2247
vn -0.7047 0.6702 -0.2326
vn -0.9748 -0.0000 -0.2231
vn -0.5648 -0.6099 -0.5559
vn -0.0000 -0.8940 -0.4481
vn 0.5648 -0.6099 -0.5559
vn 0.8777 -0.0000 -0.4792
vn 0.5648 0.6099 -0.5559
vn -0.0000 0.8940 -0.4481
vn -0.5648 0.6099 -0.5559
vn -0.8777 -0.0000 -0.4792
vn -0.0000 0.5355 -0.8445
vn -0.0000 0.6270 0.7790
vn 0.7824 0.5546 -0.2834
vn -0.7824 0.5546 -0.2834
vn -0.0000 0.6270 -0.7790
vn -0.6312 0.6189 0.4675
vn -0.8349 -0.0000 0.5504
vn -0.6312 -0.6189 0.4675
vn -0.0000 -0.9247 0.3806
vn 0.6312 -0.6189 0.4675
vn 0.8349 -0.0000 0.5504
vn 0.6312 0.6189 0.4675
vn -0.0000 0.9247 0.3806
vn -0.0156 -0.1780 -0.9839
vn 0.0162 -0.1786 -0.9838
vn 0.0342 -0.1610 -0.9864
vn -0.0342 -0.1610 -0.9864
vn -0.1634 -0.0090 -0.9865
vn -0.1631 -0.0101 -0.9866
vn -0.1634 0.0090 -0.9865
vn -0.1631 0.0101 -0.9866
vn 0.1631 -0.0101 -0.9866
vn 0.1634 -0.0090 -0.9865
vn 0.1631 0.0101 -0.9866
vn 0.1634 0.0090 -0.9865
vn 0.0156 0.1780 -0.9839
vn 0.0342 0.1610 -0.9864
vn -0.0162 0.1786 -0.9838
vn -0.0342 0.1610 -0.9864
vn 0.5623 0.5555 -0.6126
vn -0.0000 0.8477 -0.5305
vn -0.5623 0.5555 -0.6126
vn -0.7517 -0.0000 -0.6595
vn -0.5623 -0.5555 -0.6126
vn -0.0000 -0.8477 -0.5305
vn 0.5623 -0.5555 -0.6126
vn 0.7517 -0.0000 -0.6595
vn -0.6768 -0.6437 -0.3571
vn -0.0000 -0.9741 -0.2260
vn 0.6768 -0.6437 -0.3571
vn 0.9412 -0.0000 -0.3377
vn 0.6768 0.6437 -0.3571
vn -0.0000 0.9741 -0.2260
vn -0.6768 0.6437 -0.3571
vn -0.9412 -0.0000 -0.3377
vn 0.4991 0.4662 0.7304
vn 0.7042 -0.7100 -0.0000
vn -0.6605 0.7508 -0.0000
vn -0.0248 -0.9997 -0.0000
vn -0.9998 -0.0205 -0.0000
vn -0.1390 -0.2427 0.9601
vn -0.2433 -0.1369 0.9602
vn -0.2411 -0.1417 0.9601
vn -0.1446 -0.2402 0.9599
vn -0.2433 -0.1369 -0.9602
vn -0.1390 -0.2427 -0.9601
vn -0.1446 -0.2402 -0.9599
vn -0.2411 -0.1417 -0.9601
vn -0.0039 -0.3007 0.9537
vn -0.0039 -0.3007 -0.9537
vn 0.9603 -0.2789 -0.0000
vn -0.2999 -0.0032 0.9540
vn -0.2893 0.9572 -0.0000
vn -0.2999 -0.0032 -0.9540
vn -0.4991 -0.4662 0.7304
vn -0.7307 -0.6827 -0.0000
vn -0.7042 0.7100 -0.0000
vn 0.6605 -0.7508 -0.0000
vn -0.1389 -0.2427 0.9601
vn -0.0329 -0.9995 -0.0000
vn -0.1523 -0.2367 0.9596
vn -0.1570 -0.2345 0.9594
vn -0.1523 -0.2367 -0.9596
vn -0.1570 -0.2345 -0.9594
vn -0.0052 -0.3002 0.9539
vn -0.0052 -0.3002 -0.9539
vn 0.0248 -0.9997 -0.0000
vn 0.9998 -0.0205 -0.0000
vn 0.1389 -0.2427 0.9601
vn 0.1446 -0.2402 0.9599
vn 0.2411 -0.1417 0.9601
vn 0.2433 -0.1369 0.9602
vn 0.2433 -0.1369 -0.9602
vn 0.2411 -0.1417 -0.9601
vn 0.1446 -0.2402 -0.9599
vn 0.1389 -0.2427 -0.9601
vn 0.0039 -0.3007 0.9537
vn 0.0039 -0.3007 -0.9537
vn -0.9603 -0.2789 -0.0000
vn 0.2999 -0.0032 0.9540
vn 0.2893 0.9572 -0.0000
vn 0.2999 -0.0032 -0.9540
vn 0.0344 -0.9994 -0.0000
vn 0.1543 -0.2358 0.9595
vn 0.1588 -0.2337 0.9593
vn 0.1588 -0.2337 -0.9593
vn 0.1543 -0.2358 -0.9595
vn 0.0055 -0.3001 0.9539
vn 0.0055 -0.3001 -0.9539
vn -0.4044 -0.4057 0.8197
vn -0.7246 0.6892 -0.0000
vn -0.7099 -0.7043 -0.0000
vn -0.0000 -0.6594 -0.7518
vn -0.0000 -0.5848 0.8112
vn 0.7099 -0.7043 -0.0000
vn 0.7423 -0.6064 0.2851
vn -0.0000 -0.6594 0.7518
vn -0.7423 -0.6064 0.2852
vn 0.7047 0.6703 -0.2326
vn 0.7047 -0.6702 -0.2326
vn -0.7048 -0.6702 -0.2326
vn 0.7537 -0.6572 -0.0000
vn -0.0000 -0.5355 -0.8445
vn -0.0000 -0.6270 0.7790
vn -0.7537 -0.6572 -0.0000
vn 0.7824 -0.5546 -0.2834
vn -0.7824 -0.5546 -0.2834
vn -0.0000 -0.6270 -0.7790
vn 0.4991 -0.4662 0.7304
vn 0.7307 -0.6827 -0.0000
vn 0.7042 0.7100 -0.0000
vn -0.6605 -0.7508 -0.0000
vn -0.0000 0.5736 -0.8192
vn 0.9619 0.0903 -0.2580
vn -0.9619 0.0903 -0.2580
vn 0.9619 -0.0903 -0.2580
vn -0.0000 -0.5736 -0.8192
vn -0.9619 -0.0903 -0.2580
vn 0.9432 -0.0000 -0.3323
vn -0.9432 -0.0000 -0.3323
vn 0.6530 -0.5356 -0.5356
vn 0.6530 -0.1960 -0.7316
vn 0.6530 0.1960 -0.7316
vn 0.6530 0.5356 -0.5356
vn 0.6530 0.7316 -0.1960
vn 0.6530 0.7316 0.1960
vn 0.6530 0.5356 0.5356
vn 0.6530 0.1960 0.7316
vn 0.6530 -0.1960 0.7316
vn 0.6530 -0.5356 0.5356
vn 0.6530 -0.7316 0.1960
vn 0.6530 -0.7316 -0.1960
vn -0.0000 -0.7071 -0.7071
vn -0.0000 -0.2588 -0.9659
vn -0.0000 0.2588 -0.9659
vn -0.0000 0.7071 -0.7071
vn -0.0000 0.9659 -0.2588
vn -0.0000 0.9659 0.2588
vn -0.0000 0.7071 0.7071
vn -0.0000 0.2588 0.9659
vn -0.0000 -0.2588 0.9659
vn -0.0000 -0.7071 0.7071
vn -0.0000 -0.9659 0.2588
vn -0.0000 -0.9659 -0.2588
vn -0.0000 -0.9226 0.3857
vn -0.0000 -0.9990 -0.0449
vn -0.0000 -0.7260 -0.6877
vn -0.0000 0.6976 -0.7165
vn -0.0000 0.9981 0.0616
vn 0.5527 0.8319 0.0499
vn 0.6317 0.7738 0.0464
vn 0.9074 0.2974 -0.2969
vn 0.8179 -0.4233 -0.3897
vn 0.6650 -0.7461 -0.0326
vn 0.8177 -0.5333 0.2167
vn 0.9193 -0.0000 0.3935
vn 0.7523 0.5840 0.3049
vn -0.0000 0.5736 0.8192
vn -0.9326 0.1193 0.3406
vn 0.9326 0.1193 0.3407
vn -0.9326 -0.1193 0.3406
vn -0.0000 -0.5736 0.8192
vn 0.9326 -0.1193 0.3407
vn -0.8795 -0.0000 0.4759
vn 0.8795 -0.0000 0.4759
vn 0.7071 -0.0000 0.7071
vn -0.7071 -0.0000 0.7071
vn 0.7071 -0.0000 -0.7071
vn -0.7071 -0.0000 -0.7071
vn 0.9326 0.1193 0.3406
vn -0.9326 -0.1193 0.3407
vn 0.9326 -0.1193 0.3406
vn 0.5240 -0.0000 -0.8517
vn 0.4868 0.3699 -0.7913
vn 0.4460 0.5250 -0.7249
vn 0.4460 -0.5250 -0.7249
vn 0.4868 -0.3699 -0.7913
vn 0.5117 -0.2160 -0.8316
vn 0.4911 -0.3489 -0.7982
vn 0.5117 0.2160 -0.8316
vn 0.4911 0.3489 -0.7982
vn 0.4869 0.3699 -0.7913
vn 0.1390 0.2427 -0.9601
vn 0.0329 0.9995 -0.0000
vn 0.1523 0.2367 0.9596
vn 0.1570 0.2345 0.9594
vn 0.1523 0.2367 -0.9596
vn 0.1570 0.2345 -0.9594
vn 0.0052 0.3002 0.9539
vn 0.0052 0.3002 -0.9539
vn -0.0344 0.9994 -0.0000
vn -0.1543 0.2358 0.9595
vn -0.1588 0.2337 0.9593
vn -0.1588 0.2337 -0.9593
vn -0.1543 0.2358 -0.9595
vn -0.0055 0.3001 0.9539
vn -0.0055 0.3001 -0.9539
vn 0.5691 -0.0000 0.8222
vn -0.5692 -0.0000 0.8222
vn 0.7246 0.6891 -0.0000
vn 0.4583 0.8888 -0.0000
vn 0.2858 -0.0000 0.9583
vn 0.4583 -0.8888 -0.0000
vn 0.2858 -0.0000 -0.9583
vn 0.4948 0.5909 -0.6372
vn 0.4948 0.5909 0.6372
vn 0.4948 -0.5909 0.6372
vn 0.4948 -0.5909 -0.6372
vn -0.7423 0.6064 0.2851
vn 0.7423 0.6064 0.2852
vn 0.7246 -0.6891 -0.0000
vn -0.7047 -0.6703 -0.2326
vn 0.0329 -0.9995 -0.0000
vn 0.1523 -0.2367 0.9596
vn 0.1570 -0.2345 0.9594
vn 0.1570 -0.2345 -0.9593
vn 0.1523 -0.2367 -0.9596
vn 0.0052 -0.3002 0.9539
vn 0.0052 -0.3002 -0.9539
vn -0.0344 -0.9994 -0.0000
vn -0.1543 -0.2358 0.9595
vn -0.1588 -0.2337 0.9593
vn -0.1543 -0.2358 -0.9595
vn -0.1588 -0.2337 -0.9593
vn -0.0055 -0.3001 0.9539
vn -0.0055 -0.3001 -0.9539
vn -0.7423 -0.6064 0.2851
vn 0.7423 -0.6064 0.2852
vn -0.7047 0.6703 -0.2326
vn -0.6530 -0.5356 -0.5356
vn -0.6530 -0.1960 -0.7316
vn -0.6530 0.1960 -0.7316
vn -0.6530 0.5356 -0.5356
vn -0.6530 0.7316 -0.1960
vn -0.6530 0.7316 0.1960
vn -0.6530 0.5356 0.5356
vn -0.6530 0.1960 0.7316
vn -0.6530 -0.1960 0.7316
vn -0.6530 -0.5356 0.5356
vn -0.6530 -0.7316 0.1960
vn -0.6530 -0.7316 -0.1960
vn -0.5527 0.8319 0.0499
vn -0.6317 0.7738 0.0464
vn -0.9074 0.2974 -0.2969
vn -0.8179 -0.4233 -0.3897
vn -0.6650 -0.7461 -0.0326
vn -0.8177 -0.5333 0.2167
vn -0.9193 -0.0000 0.3935
vn -0.7523 0.5840 0.3049
vn -0.9326 0.1193 0.3407
vn -0.0000 0.1433 0.9897
vn 0.0678 -0.1672 0.9836
vn -0.0000 -0.1580 0.9874
vn 0.8403 -0.0582 0.5389
vn 0.8815 0.0638 0.4678
vn 0.8689 0.0481 0.4926
vn 0.9009 0.2489 0.3556
vn 0.8689 0.3657 0.3336
vn 0.8687 0.3662 0.3336
vn 0.8719 0.3588 0.3333
vn 0.8723 0.3578 0.3332
vn 0.8747 0.3310 0.3540
vn -0.0678 -0.1672 0.9836
vn -0.8403 -0.0582 0.5389
vn -0.8815 0.0638 0.4678
vn -0.8689 0.0481 0.4926
vn -0.9009 0.2489 0.3556
vn -0.8687 0.3662 0.3336
vn -0.8723 0.3578 0.3332
vn -0.8747 0.3310 0.3540
vn -0.0000 -0.9896 -0.1441
vn -0.0000 -0.8016 0.5979
vn -0.0000 -0.1441 0.9896
vn -0.0000 0.5978 0.8016
vn -0.0000 0.3827 -0.9239
vn -0.0000 -0.3827 -0.9239
vn -0.0000 -0.9239 -0.3827
vn -0.0000 -0.9239 0.3827
vn -0.0000 -0.3827 0.9239
vn -0.0000 0.3827 0.9239
vn -0.0000 0.9239 0.3827
vn -0.0000 0.9239 -0.3827
vn -0.0000 -0.8167 0.5771
vn -0.0000 0.6445 0.7646
vn -0.0000 0.8167 -0.5771
vn -0.0000 -0.6445 -0.7646
vn -0.0000 -0.8536 -0.5210
vn -0.0000 -0.3626 0.9319
vn -0.0000 0.8536 0.5210
vn -0.0000 0.3626 -0.9319
vn -0.0000 0.3307 -0.9437
vn -0.0000 0.3307 0.9437
vn -0.0000 0.8591 0.5118
vn -0.0000 -0.8591 -0.5118
vn -0.0000 0.5118 -0.8591
vn -0.0000 -0.5118 0.8591
vn -0.7071 0.6075 0.3619
vn 0.7071 0.6075 0.3619
vn -0.7071 -0.6075 -0.3619
vn 0.7071 -0.6075 -0.3619
vn 0.8135 0.1986 -0.5465
vn 0.5332 -0.1705 -0.8286
vn 0.8227 0.2187 -0.5247
vn -0.0000 -0.4850 -0.8745
vn -0.5332 -0.1705 -0.8286
vn -0.8135 0.1986 -0.5465
vn -0.8227 0.2187 -0.5247
vn -0.8135 0.3861 -0.4349
vn -0.8227 0.3573 -0.4422
vn -0.5332 0.8099 -0.2445
vn -0.0000 0.9999 0.0103
vn 0.5332 0.8099 -0.2445
vn 0.8135 0.3861 -0.4349
vn 0.8227 0.3573 -0.4422
vn 0.9226 0.1975 -0.3315
vn -0.9226 -0.1975 0.3315
vn -0.3858 0.4722 -0.7926
vn 0.3858 -0.4722 0.7926
vn -0.6523 0.4679 0.5963
vn 0.6524 0.7471 0.1275
vn -0.6524 -0.7471 -0.1275
vn 0.6523 -0.4678 -0.5963
vn -0.3857 0.4722 -0.7926
vn 0.3471 -0.1246 -0.9295
vn -0.1941 -0.5050 -0.8410
vn -0.7669 -0.3631 -0.5292
vn -0.7669 0.6382 0.0673
vn -0.1941 0.9800 0.0437
vn 0.3472 0.8767 -0.3330
vn 0.7023 0.3644 -0.6116
vn -0.0000 0.5622 0.8270
vn -0.0000 -0.9949 -0.1007
vn 0.1676 -0.9809 -0.0992
vn -0.3731 0.4749 -0.7971
vn 0.1676 0.5542 0.8153
vn 0.3731 -0.4749 0.7971
vn -0.0000 -0.9949 -0.1006
vn -0.9226 0.1975 -0.3315
vn 0.9226 -0.1975 0.3315
vn 0.3858 0.4722 -0.7926
vn -0.3858 -0.4722 0.7926
vn 0.6523 0.4679 0.5963
vn -0.6524 0.7471 0.1275
vn 0.6524 -0.7471 -0.1275
vn -0.6523 -0.4678 -0.5963
vn 0.3857 0.4722 -0.7926
vn -0.7023 0.3644 -0.6116
vn -0.3472 0.8767 -0.3330
vn 0.1941 0.9800 0.0437
vn 0.7669 0.6382 0.0673
vn 0.7669 -0.3631 -0.5292
vn 0.1941 -0.5050 -0.8410
vn -0.3471 -0.1246 -0.9295
vn -0.0000 0.4289 0.9033
vn -0.0000 -0.9986 0.0529
vn 0.5355 -0.4322 0.7255
vn -0.5355 -0.4322 0.7255
vn 0.9318 -0.1858 0.3118
vn -0.9318 -0.1858 0.3118
vn -0.1676 -0.9809 -0.0992
vn 0.3731 0.4749 -0.7971
vn -0.1676 0.5542 0.8153
vn -0.3731 -0.4749 0.7971
vn -0.0000 0.3434 0.9392
vn 0.9335 -0.0000 0.3586
vn -0.9335 -0.0000 0.3586
vn -0.6219 -0.0000 0.7831
vn 0.6219 -0.0000 0.7831
vn 0.0696 0.9395 -0.3355
vn -0.0000 -0.9940 -0.1092
vn -0.2385 -0.2526 0.9377
vn -0.0000 0.9674 -0.2532
vn 0.2295 0.9683 -0.0991
vn -0.0000 -0.8258 0.5639
vn 0.5658 -0.1853 0.8034
vn -0.0779 0.9343 0.3480
vn -0.5658 -0.1853 0.8034
vn -0.0000 -0.7485 -0.6632
vn 0.0490 -0.2236 0.9735
vn -0.0000 -0.2386 -0.9711
vn -0.9939 0.0873 -0.0670
vn 0.4804 0.2191 0.8493
vn 0.9939 0.0873 -0.0670
vn -0.0000 0.2420 -0.9703
vn -0.8614 0.4914 -0.1286
vn 0.3268 -0.3617 0.8732
vn 0.8614 0.4913 -0.1286
vn -0.0924 0.9808 0.1718
vn 0.0924 0.9808 0.1718
vn -0.0408 0.9859 -0.1624
vn 0.0357 0.9850 -0.1686
vn 0.0408 0.9859 -0.1624
vn 0.1473 0.4516 0.8800
vn 0.1580 0.4507 0.8786
vn 0.1475 0.4515 0.8800
vn -0.1580 0.4507 0.8786
vn -0.1473 0.4516 0.8800
vn -0.1475 0.4515 0.8800
vn 0.0710 0.2916 0.9539
vn -0.0710 0.2916 0.9539
vn 0.0962 -0.1870 0.9776
vn -0.0000 0.0206 0.9998
vn -0.0000 0.0207 0.9998
vn -0.0962 -0.1870 0.9776
vn -0.8876 0.4399 -0.1368
vn 0.8876 0.4399 -0.1368
vn -0.9764 0.2139 -0.0286
vn -0.1641 0.8449 0.5091
vn 0.9764 0.2139 -0.0286
vn 0.8429 -0.0514 0.5355
vn -0.8429 -0.0514 0.5355
vn 0.9750 0.1541 0.1603
vn -0.9750 0.1541 0.1603
vn 0.9210 0.3708 0.1197
vn 0.1956 0.9554 0.2214
vn -0.9210 0.3708 0.1197
vn 0.1684 0.9319 -0.3211
vn 0.7656 0.5841 0.2695
vn 0.0088 0.9794 -0.2016
vn 0.8545 -0.0422 0.5178
vn -0.0000 -0.9986 0.0522
vn -0.8545 -0.0422 0.5178
vn -0.0088 0.9794 -0.2016
vn -0.7656 0.5841 0.2695
vn 0.2369 0.9574 0.1649
vn 0.9756 0.2151 0.0437
vn 0.1035 0.9699 0.2203
vn -0.1035 0.9699 0.2203
vn -0.9756 0.2151 0.0437
vn -0.9755 0.0939 0.1990
vn -0.1581 0.4508 0.8785
vn -0.0000 -0.6617 -0.7498
vn 0.1581 0.4508 0.8785
vn 0.9755 0.0939 0.1990
vn 0.3512 0.5155 0.7816
vn -0.4804 0.2191 0.8493
vn -0.3267 -0.3617 0.8732
vn -0.1956 0.9554 0.2214
vn 0.2385 -0.2526 0.9377
vn 0.0779 0.9343 0.3480
vn -0.0358 0.9850 -0.1686
vn 0.1641 0.8449 0.5091
vn -0.1684 0.9319 -0.3211
vn -0.2295 0.9683 -0.0991
vn -0.2369 0.9574 0.1649
vn -0.0696 0.9395 -0.3355
vn -0.0489 -0.2236 0.9735
vn -0.3512 0.5155 0.7816
vn -0.0000 0.2928 0.9562
vn -0.0000 -0.3325 0.9431
vn -0.0000 0.6886 0.7252
vn -0.0000 -0.3997 0.9166
vn -0.0000 0.9621 0.2726
vn -0.0000 0.9778 -0.2095
vn -0.0000 0.8037 0.5950
vn -0.0000 0.9443 -0.3291
vn -0.0000 0.9948 -0.1018
vn -0.0000 0.9860 0.1665
vn -0.0000 0.9930 0.1184
vn -0.0000 0.0149 0.9999
vn -0.0000 0.6853 0.7282
vn -0.9829 0.0831 0.1643
vn -0.0315 0.0219 0.9993
vn -0.9960 0.0821 -0.0355
vn -0.0000 -0.0179 -0.9998
vn 0.9960 0.0821 -0.0355
vn 0.0315 0.0219 0.9993
vn 0.9829 0.0831 0.1643
vn -0.4646 -0.0171 0.8853
vn -0.0000 0.0144 0.9999
vn 0.4646 -0.0171 0.8853
vn -0.7865 -0.6164 -0.0386
vn -0.7875 -0.6163 0.0071
vn -0.3512 -0.4961 0.7940
vn -0.7866 -0.4416 -0.4315
vn -0.7948 -0.0752 -0.6022
vn -0.5528 0.4384 -0.7087
vn -0.0000 0.7042 -0.7100
vn -0.6270 -0.5474 0.5543
vn -0.8086 -0.5884 -0.0000
vn -0.7882 -0.4066 -0.4620
vn 0.5528 0.4384 -0.7087
vn 0.7948 -0.0752 -0.6022
vn 0.7882 -0.4066 -0.4620
vn 0.7866 -0.4417 -0.4315
vn 0.7865 -0.6164 -0.0386
vn 0.8086 -0.5884 -0.0000
vn 0.7875 -0.6163 0.0071
vn 0.6270 -0.5474 0.5543
vn 0.3511 -0.4962 0.7940
vn -0.0000 -0.2730 0.9620
vn -0.8164 0.0549 -0.5748
vn 0.8165 0.0549 -0.5748
vn -0.9051 -0.3820 -0.1867
vn -0.4525 0.8533 -0.2591
vn 0.9051 -0.3820 -0.1867
vn -0.0000 -0.9154 -0.4026
vn -0.0000 -0.9154 -0.4027
vn -0.0000 -0.8776 -0.4793
vn -0.0033 0.1223 -0.9925
vn -0.0065 0.1233 -0.9923
vn -0.0058 0.1231 -0.9924
vn 0.9730 0.0262 -0.2294
vn -0.9730 0.0262 -0.2294
vn -0.0000 -0.9091 0.4167
vn 0.4808 -0.6741 0.5607
vn -0.4808 -0.6741 0.5607
vn 0.6621 -0.0800 0.7451
vn -0.2679 0.3267 0.9064
vn -0.6620 -0.0800 0.7452
vn -0.0312 -0.8701 0.4919
vn 0.7122 -0.6864 0.1470
vn -0.7122 -0.6864 0.1470
vn -0.3671 0.7561 0.5418
vn -0.4850 0.7745 0.4062
vn -0.2952 0.7349 0.6106
vn 0.4525 0.8533 -0.2591
vn 0.0065 0.1233 -0.9923
vn 0.0032 0.1223 -0.9925
vn 0.0059 0.1231 -0.9924
vn 0.0312 -0.8701 0.4919
vn 0.6690 0.7384 0.0851
vn 0.3672 0.7640 0.5305
vn 0.4974 0.7815 0.3767
vn 0.2687 0.3190 0.9088
vn -0.0000 0.9811 -0.1933
vn -0.0000 -0.8884 0.4591
vn -0.0000 -0.7542 0.6566
vn -0.0000 -0.1541 0.9881
vn -0.0000 0.9189 0.3945
vn -0.0000 0.5755 0.8178
vn 0.2664 -0.7627 0.5894
vn -0.2697 -0.8945 0.3567
vn 0.3473 -0.1296 0.9287
vn -0.3281 0.8361 0.4396
vn -0.2664 -0.7627 0.5894
vn 0.2697 -0.8945 0.3567
vn -0.3475 -0.1296 0.9287
vn 0.8056 -0.0874 0.5859
vn 0.3125 0.8165 0.4854
vn -0.8053 -0.0875 0.5864
vn -0.6549 0.7440 0.1323
vn 0.2884 0.7409 0.6065
vn -0.0000 0.8228 -0.5683
vn -0.0000 0.6506 0.7594
vn -0.0000 -0.6289 -0.7775
vn -0.0000 -0.3751 -0.9270
vn -0.0000 -0.9581 -0.2863
vn -0.0000 0.9745 0.2243
vn -0.0000 -0.9745 0.2243
vn -0.0000 0.0587 0.9983
vn -0.0000 -0.7052 -0.7090
vn -0.0000 0.7052 -0.7090
vn -0.0000 0.0601 0.9982
vn -0.0000 0.3413 -0.9400
vn -0.0000 -0.2512 0.9679
vn 0.9823 -0.1872 0.0004
vn -0.0000 0.9944 -0.1060
vn -0.0000 -0.2751 0.9614
vn -0.0000 -0.4131 -0.9107
vn -0.0000 0.3786 0.9256
vn -0.0508 0.9937 -0.0995
vn 0.0508 0.9937 -0.0995
vn 0.7775 0.6255 -0.0653
vn -0.7775 0.6255 -0.0653
vn -0.0000 0.5801 -0.8145
vn 0.7908 0.6121 -0.0000
vn -0.0000 0.5801 0.8145
vn -0.7908 0.6121 -0.0000
vn 0.9809 -0.1941 0.0129
vn -0.0000 -0.4880 -0.8728
vn -0.0000 -0.7925 0.6099
vn -0.8223 0.5690 -0.0000
vn -0.0000 0.5690 0.8223
vn 0.8223 0.5690 -0.0000
vn -0.0000 0.5690 -0.8223
vn -0.6707 0.7418 -0.0000
vn -0.0000 0.4375 0.8992
vn 0.6707 0.7418 -0.0000
vn -0.0000 0.4375 -0.8992
vn -0.0000 0.7418 -0.6707
vn -0.8992 0.4375 -0.0000
vn -0.0000 0.7418 0.6707
vn 0.8992 0.4375 -0.0000
vn -0.9666 0.2563 -0.0000
vn -0.0000 0.2563 0.9666
vn 0.9666 0.2563 -0.0000
vn -0.0000 0.2563 -0.9666
vn -0.0490 -0.2236 0.9735
vn 0.8614 0.4914 -0.1286
vn -0.3268 -0.3617 0.8732
vn -0.8614 0.4913 -0.1286
vn -0.0357 0.9850 -0.1686
vn -0.0000 0.0205 0.9998
vn 0.0962 -0.1869 0.9776
vn 0.3267 -0.3617 0.8732
vn 0.0358 0.9850 -0.1686
vn 0.0489 -0.2236 0.9735
vn 0.3512 -0.4961 0.7940
vn 0.7866 -0.4416 -0.4315
vn -0.7866 -0.4417 -0.4315
vn -0.3511 -0.4962 0.7940
vn 0.8164 0.0549 -0.5748
vn -0.8165 0.0549 -0.5748
vn 0.0033 0.1223 -0.9925
vn 0.0058 0.1231 -0.9924
vn -0.6621 -0.0800 0.7451
vn 0.2679 0.3267 0.9064
vn 0.6620 -0.0800 0.7452
vn 0.3671 0.7561 0.5418
vn 0.2952 0.7349 0.6106
vn 0.4850 0.7745 0.4062
vn -0.0059 0.1231 -0.9924
vn -0.0032 0.1223 -0.9925
vn -0.6690 0.7384 0.0851
vn -0.4974 0.7815 0.3767
vn -0.3672 0.7640 0.5305
vn -0.2687 0.3190 0.9088
vn -0.3473 -0.1296 0.9287
vn 0.3281 0.8361 0.4396
vn 0.3475 -0.1296 0.9287
vn -0.8056 -0.0874 0.5859
vn -0.3125 0.8165 0.4854
vn 0.8053 -0.0875 0.5864
vn 0.6549 0.7440 0.1323
vn -0.2884 0.7409 0.6065
vn -0.9823 -0.1872 0.0004
vn -0.9809 -0.1941 0.0129
vn 0.0778 0.9343 0.3480
vn -0.9764 0.2139 -0.0285
vn -0.8429 -0.0514 0.5356
vn 0.8429 -0.0514 0.5356
vn -0.0000 -0.9153 -0.4027
vn -0.0000 -0.9091 0.4166
vn 0.4849 0.7745 0.4062
vn -0.3672 0.7641 0.5305
vn -0.0000 0.3413 -0.9399
vn -0.0000 0.5802 0.8145
vn 0.9764 0.2139 -0.0285
vn -0.0000 0.2529 0.9675
vn -0.0000 0.7384 0.6743
vn -0.0000 -0.9361 0.3516
vn -0.0000 -0.9675 0.2529
vn -0.7230 -0.6684 0.1747
vn -0.0000 -0.9399 0.3414
vn -0.0000 -0.9467 0.3221
vn -0.6919 0.1826 0.6986
vn -0.0000 -0.3720 0.9282
vn 0.6519 0.1918 0.7337
vn -0.6519 0.1918 0.7337
vn -0.0000 0.5964 0.8027
vn 0.7230 -0.6684 0.1747
vn 0.6919 0.1826 0.6986
vn -0.0000 -0.2529 -0.9675
vn -0.0000 0.9675 -0.2529
vn 0.7526 -0.6371 0.1665
vn 1.0000 -0.0005 0.0001
vn 1.0000 -0.0009 0.0002
vn -0.6607 0.7262 -0.1898
vn 0.6607 0.7262 -0.1898
vn -0.0000 0.9666 0.2563
vn -0.6203 0.1984 0.7588
vn -0.0000 -0.6871 0.7266
vn 0.4196 -0.1143 0.9005
vn -0.0000 0.8543 0.5198
vn -0.3877 -0.1245 0.9133
vn -0.0000 -0.4701 0.8826
vn -0.0000 -0.7748 -0.6322
vn 0.3969 -0.5509 -0.7342
vn 0.6433 -0.1942 -0.7406
vn 0.6433 -0.1942 -0.7405
vn 0.6430 -0.1938 -0.7410
vn -0.0000 0.4065 -0.9136
vn -0.3854 0.2329 -0.8929
vn -0.0000 0.3664 -0.9305
vn 0.6430 -0.1937 -0.7410
vn 0.3807 0.2263 -0.8966
vn -0.7526 -0.6371 0.1665
vn -1.0000 -0.0005 0.0001
vn -1.0000 -0.0009 0.0002
vn 0.6203 0.1984 0.7588
vn -0.4196 -0.1143 0.9005
vn 0.3877 -0.1245 0.9133
vn -0.3969 -0.5509 -0.7342
vn -0.6433 -0.1942 -0.7406
vn -0.6430 -0.1938 -0.7409
vn -0.6433 -0.1942 -0.7405
vn 0.3854 0.2329 -0.8929
vn -0.0000 0.3663 -0.9305
vn -0.6430 -0.1937 -0.7410
vn -0.3807 0.2263 -0.8966
vt 0.081648 0.759954
vt 0.425293 0.026978
vt 0.068192 0.512329
vt 0.068176 0.512329
vt 0.143860 0.107666
vt 0.143107 0.082851
vt 0.142792 0.055206
vt 0.151069 0.128487
vt 0.011673 0.011688
vt 0.011673 0.011658
vt 0.015076 0.009766
vt 0.015076 0.009796
vt 0.065948 0.764099
vt 0.068526 0.517061
vt 0.065964 0.764099
vt 0.213703 0.539765
vt 0.134279 0.540068
vt 0.134279 0.503854
vt 0.192900 0.503724
vt 0.213703 0.503678
vt 0.070862 0.763916
vt 0.142502 0.106689
vt 0.142349 0.107849
vt 0.142365 0.107849
vt 0.086292 0.523787
vt 0.284088 0.505615
vt 0.284058 0.505615
vt 0.142365 0.104675
vt 0.142334 0.104675
vt 0.142334 0.104706
vt 0.142365 0.104706
vt 0.079834 0.228943
vt 0.079834 0.228973
vt 0.134673 0.586578
vt 0.180200 0.586465
vt 0.168173 0.562366
vt 0.134402 0.562295
vt 0.134940 0.607280
vt 0.179784 0.606999
vt 0.222149 0.655715
vt 0.217627 0.714492
vt 0.238299 0.715760
vt 0.237958 0.657779
vt 0.142303 0.083374
vt 0.143158 0.108398
vt 0.133469 0.539765
vt 0.133469 0.503678
vt 0.154273 0.503724
vt 0.212894 0.503854
vt 0.212894 0.540068
vt 0.143272 0.058411
vt 0.142773 0.085364
vt 0.284805 0.506409
vt 0.284790 0.506409
vt 0.284798 0.506409
vt 0.483164 0.591725
vt 0.477826 0.582479
vt 0.472489 0.591725
vt 0.467151 0.582479
vt 0.472489 0.573234
vt 0.483164 0.573234
vt 0.488502 0.582479
vt 0.333893 0.519007
vt 0.084057 0.511838
vt 0.064987 0.761261
vt 0.199600 0.360535
vt 0.199753 0.381409
vt 0.199751 0.381409
vt 0.199602 0.360535
vt 0.285477 0.505188
vt 0.064987 0.512939
vt 0.068855 0.769012
vt 0.082343 0.951201
vt 0.082343 0.989875
vt 0.065000 0.989915
vt 0.065000 0.951242
vt 0.081116 0.231689
vt 0.081120 0.231689
vt 0.081123 0.231659
vt 0.081123 0.231689
vt 0.080383 0.230957
vt 0.080387 0.230957
vt 0.080391 0.230957
vt 0.081121 0.231689
vt 0.081121 0.231659
vt 0.081123 0.231674
vt 0.695174 0.711214
vt 0.708288 0.711089
vt 0.677554 0.709728
vt 0.670651 0.710379
vt 0.710187 0.710562
vt 0.285477 0.505981
vt 0.142789 0.108765
vt 0.142788 0.108765
vt 0.142792 0.108765
vt 0.464807 0.879868
vt 0.464713 0.903008
vt 0.464710 0.925136
vt 0.464832 0.891047
vt 0.464682 0.895120
vt 0.464663 0.843323
vt 0.464613 0.851684
vt 0.464634 0.908977
vt 0.464754 0.832025
vt 0.464732 0.817515
vt 0.464663 0.823698
vt 0.464609 0.842972
vt 0.464611 0.821948
vt 0.464634 0.775856
vt 0.464685 0.768237
vt 0.464615 0.812203
vt 0.464615 0.812300
vt 0.143982 0.083618
vt 0.464631 0.900557
vt 0.464630 0.899423
vt 0.464835 0.963886
vt 0.464750 0.970016
vt 0.464707 0.971058
vt 0.464698 0.972214
vt 0.464860 0.962162
vt 0.464876 0.979838
vt 0.464901 0.978115
vt 0.464791 0.985969
vt 0.464748 0.987010
vt 0.464739 0.988168
vt 0.465699 0.979838
vt 0.465699 0.978115
vt 0.465699 0.985969
vt 0.465699 0.987010
vt 0.465699 0.988168
vt 0.464884 0.918720
vt 0.464880 0.926808
vt 0.465699 0.926808
vt 0.465699 0.918720
vt 0.464876 0.914027
vt 0.465699 0.914027
vt 0.464801 0.850071
vt 0.464829 0.833204
vt 0.464871 0.936374
vt 0.465699 0.962162
vt 0.465699 0.936374
vt 0.464860 0.907368
vt 0.465699 0.907368
vt 0.465699 0.891047
vt 0.748612 0.792725
vt 0.748612 0.823578
vt 0.646857 0.792725
vt 0.736144 0.846949
vt 0.724446 0.859632
vt 0.702008 0.876009
vt 0.646857 0.876009
vt 0.748613 0.831132
vt 0.464734 0.768174
vt 0.464826 0.768173
vt 0.465699 0.879868
vt 0.465699 0.833204
vt 0.465353 0.813268
vt 0.574615 0.876009
vt 0.574615 0.792725
vt 0.490791 0.876009
vt 0.490791 0.792725
vt 0.465699 0.813268
vt 0.465054 0.768173
vt 0.066528 0.761261
vt 0.066528 0.761292
vt 0.196780 0.677381
vt 0.217430 0.676468
vt 0.216797 0.705670
vt 0.201616 0.713451
vt 0.199870 0.376892
vt 0.199871 0.376892
vt 0.199217 0.363159
vt 0.199219 0.363159
vt 0.141846 0.106567
vt 0.195404 0.358948
vt 0.324933 0.513704
vt 0.420902 0.692978
vt 0.407145 0.692153
vt 0.415020 0.675959
vt 0.398001 0.681841
vt 0.398826 0.668085
vt 0.409137 0.658940
vt 0.422894 0.659766
vt 0.432038 0.670077
vt 0.431213 0.683834
vt 0.285095 0.505310
vt 0.285088 0.505310
vt 0.141052 0.056421
vt 0.330674 0.512468
vt 0.314550 0.658189
vt 0.332156 0.658189
vt 0.332156 0.697087
vt 0.314550 0.697087
vt 0.349763 0.658189
vt 0.349763 0.697087
vt 0.332495 0.751519
vt 0.332495 0.697087
vt 0.350101 0.697087
vt 0.350101 0.751519
vt 0.314888 0.697087
vt 0.314888 0.751519
vt 0.143125 0.078912
vt 0.150864 0.104431
vt 0.143126 0.032501
vt 0.013153 0.007751
vt 0.150864 0.130737
vt 0.152235 0.101294
vt 0.210541 0.362854
vt 0.142807 0.057220
vt 0.690499 0.868775
vt 0.747480 0.868775
vt 0.744608 0.871616
vt 0.693371 0.871616
vt 0.144642 0.103327
vt 0.690499 0.857094
vt 0.747480 0.857094
vt 0.142638 0.082247
vt 0.141724 0.084229
vt 0.141754 0.084229
vt 0.152253 0.106142
vt 0.140503 0.056976
vt 0.140511 0.056976
vt 0.177470 0.472867
vt 0.177500 0.472867
vt 0.177439 0.472867
vt 0.335313 0.513035
vt 0.324386 0.508434
vt 0.143106 0.107737
vt 0.328323 0.518054
vt 0.143036 0.034836
vt 0.143066 0.107468
vt 0.143036 0.107468
vt 0.143863 0.080691
vt 0.285607 0.506302
vt 0.142189 0.082214
vt 0.911891 0.064022
vt 0.974707 0.064022
vt 0.923905 0.186848
vt 0.502539 0.856022
vt 0.502539 0.824202
vt 0.525746 0.824202
vt 0.625092 0.846111
vt 0.625057 0.859356
vt 0.034637 0.503876
vt 0.034617 0.503876
vt 0.284729 0.503021
vt 0.284716 0.503021
vt 0.596610 0.709134
vt 0.596474 0.694033
vt 0.720561 0.694033
vt 0.720697 0.709134
vt 0.205610 0.634523
vt 0.205610 0.679151
vt 0.183741 0.684331
vt 0.183741 0.634523
vt 0.080774 0.232727
vt 0.080780 0.232727
vt 0.141724 0.053085
vt 0.141724 0.053101
vt 0.141740 0.053085
vt 0.141754 0.053085
vt 0.895061 0.186848
vt 0.895061 0.072101
vt 0.034607 0.503876
vt 0.502539 0.872508
vt 0.612150 0.872508
vt 0.080750 0.232727
vt 0.139557 0.085281
vt 0.139557 0.085297
vt 0.139553 0.085281
vt 0.596338 0.687207
vt 0.700638 0.687207
vt 0.141724 0.524048
vt 0.144056 0.105835
vt 0.144043 0.105835
vt 0.141602 0.059387
vt 0.141612 0.059387
vt 0.507850 0.978173
vt 0.535202 0.874985
vt 0.795623 0.874985
vt 0.795623 0.887501
vt 0.795624 0.924965
vt 0.500286 0.731755
vt 0.502935 0.713861
vt 0.748203 0.713861
vt 0.748203 0.731755
vt 0.747019 0.751937
vt 0.747019 0.872313
vt 0.502535 0.872313
vt 0.502535 0.751937
vt 0.746783 0.751747
vt 0.746783 0.872702
vt 0.501316 0.872702
vt 0.501316 0.751747
vt 0.795623 0.950877
vt 0.795623 0.978173
vt 0.080772 0.232727
vt 0.625179 0.779046
vt 0.525746 0.761368
vt 0.502539 0.761368
vt 0.502539 0.750175
vt 0.625179 0.750175
vt 0.525746 0.806469
vt 0.625179 0.806469
vt 0.904728 0.627595
vt 0.935434 0.627595
vt 0.935434 0.727844
vt 0.904728 0.727844
vt 0.997638 0.954485
vt 0.940080 0.954485
vt 0.940080 0.786142
vt 0.997638 0.786142
vt 0.576420 0.979179
vt 0.537541 0.920172
vt 0.697379 0.938398
vt 0.719083 0.971350
vt 0.522247 0.896960
vt 0.670904 0.898219
vt 0.935434 0.749800
vt 0.904728 0.749800
vt 0.940080 0.749286
vt 0.997638 0.749286
vt 0.720691 0.924646
vt 0.742401 0.957595
vt 0.694217 0.884466
vt 0.894276 0.861643
vt 0.894276 0.823730
vt 0.918897 0.823730
vt 0.908017 0.865863
vt 0.894276 0.777495
vt 0.918897 0.771255
vt 0.858944 0.861643
vt 0.894276 0.871179
vt 0.858944 0.871179
vt 0.858944 0.777495
vt 0.858944 0.768794
vt 0.894276 0.768794
vt 0.918897 0.768794
vt 0.034607 0.503845
vt 0.140381 0.058350
vt 0.182800 0.567617
vt 0.216451 0.575221
vt 0.219797 0.604227
vt 0.182800 0.604800
vt 0.141479 0.036240
vt 0.141479 0.036224
vt 0.141487 0.036224
vt 0.141487 0.036240
vt 0.014954 0.010376
vt 0.144938 0.108129
vt 0.205124 0.361408
vt 0.151978 0.130676
vt 0.142463 0.107363
vt 0.100119 0.273051
vt 0.100119 0.273052
vt 0.142639 0.106812
vt 0.142639 0.105469
vt 0.081238 0.764526
vt 0.215388 0.503199
vt 0.193261 0.538104
vt 0.153579 0.538104
vt 0.147874 0.531450
vt 0.147874 0.503199
vt 0.079529 0.768921
vt 0.079529 0.768860
vt 0.142944 0.105835
vt 0.142151 0.106934
vt 0.136101 0.538475
vt 0.136101 0.567236
vt 0.238452 0.567236
vt 0.238452 0.538475
vt 0.129552 0.668806
vt 0.456787 0.027222
vt 0.015625 0.012573
vt 0.144073 0.107910
vt 0.144104 0.107910
vt 0.142120 0.108398
vt 0.142151 0.108398
vt 0.078247 0.233582
vt 0.089417 0.280396
vt 0.089355 0.280396
vt 0.093140 0.517212
vt 0.081421 0.235168
vt 0.091553 0.257019
vt 0.115234 0.761719
vt 0.115227 0.761719
vt 0.115173 0.761719
vt 0.069153 0.511475
vt 0.069153 0.511536
vt 0.144104 0.037598
vt 0.144073 0.037598
vt 0.115179 0.761719
vt 0.323608 0.512085
vt 0.080322 0.228271
vt 0.323608 0.512146
vt 0.230739 0.534709
vt 0.176314 0.534709
vt 0.176314 0.572007
vt 0.230739 0.572007
vt 0.144074 0.107910
vt 0.143280 0.104980
vt 0.143280 0.104919
vt 0.143154 0.105902
vt 0.144043 0.080078
vt 0.132973 0.503199
vt 0.200487 0.503199
vt 0.200487 0.531450
vt 0.194782 0.538104
vt 0.155100 0.538104
vt 0.062116 0.761475
vt 0.062115 0.761475
vt 0.144682 0.081787
vt 0.144684 0.081787
vt 0.012558 0.009033
vt 0.012573 0.009033
vt 0.062119 0.761475
vt 0.204636 0.361450
vt 0.204625 0.361450
vt 0.204620 0.361450
vt 0.204626 0.361450
vt 0.144257 0.081848
vt 0.144260 0.081848
vt 0.142462 0.105591
vt 0.142462 0.105652
vt 0.142463 0.105652
vt 0.142463 0.105591
vt 0.142573 0.078430
vt 0.142578 0.078430
vt 0.145599 0.081421
vt 0.144257 0.082642
vt 0.144257 0.082703
vt 0.144257 0.081787
vt 0.144260 0.081787
vt 0.142464 0.105591
vt 0.142464 0.105652
vt 0.144680 0.081787
vt 0.142654 0.104980
vt 0.142670 0.104980
vt 0.143555 0.032349
vt 0.143211 0.106445
vt 0.143211 0.106384
vt 0.140915 0.106445
vt 0.214505 0.605033
vt 0.206475 0.637939
vt 0.180953 0.638113
vt 0.183322 0.602830
vt 0.069511 0.508789
vt 0.209229 0.362915
vt 0.141523 0.084161
vt 0.079773 0.768372
vt 0.079712 0.768372
vt 0.077026 0.767822
vt 0.077042 0.767822
vt 0.058562 0.798375
vt 0.078291 0.798375
vt 0.078291 0.782453
vt 0.057663 0.782453
vt 0.069831 0.761414
vt 0.069832 0.761414
vt 0.188060 0.613942
vt 0.181671 0.602195
vt 0.134573 0.602091
vt 0.127962 0.613770
vt 0.143788 0.109253
vt 0.143791 0.109253
vt 0.143799 0.109253
vt 0.143784 0.109253
vt 0.069824 0.761414
vt 0.033196 0.812870
vt 0.055722 0.812870
vt 0.050156 0.768826
vt 0.033196 0.768826
vt 0.153076 0.080566
vt 0.144104 0.106567
vt 0.205139 0.361328
vt 0.205139 0.362122
vt 0.205200 0.362122
vt 0.140991 0.766968
vt 0.155204 0.780872
vt 0.152538 0.788436
vt 0.155196 0.788436
vt 0.151536 0.777788
vt 0.155208 0.776882
vt 0.151536 0.764206
vt 0.151536 0.776080
vt 0.155210 0.775443
vt 0.155228 0.759138
vt 0.079163 0.514954
vt 0.140656 0.106140
vt 0.138139 0.625871
vt 0.138139 0.662211
vt 0.169245 0.662054
vt 0.169245 0.625871
vt 0.145142 0.080383
vt 0.145081 0.080383
vt 0.145083 0.080383
vt 0.143372 0.082947
vt 0.142639 0.033386
vt 0.144348 0.082764
vt 0.141235 0.078003
vt 0.060936 0.513913
vt 0.140664 0.106140
vt 0.140671 0.106140
vt 0.140663 0.106140
vt 0.143440 0.083618
vt 0.143448 0.083618
vt 0.143433 0.083618
vt 0.205566 0.361328
vt 0.075348 0.511902
vt 0.205688 0.359131
vt 0.205673 0.359131
vt 0.205139 0.360779
vt 0.205078 0.360779
vt 0.142334 0.106079
vt 0.268921 0.028564
vt 0.128043 0.629918
vt 0.186629 0.630137
vt 0.142700 0.082214
vt 0.141968 0.105713
vt 0.152956 0.955853
vt 0.152716 0.921707
vt 0.128064 0.921707
vt 0.128064 0.955762
vt 0.217922 0.961869
vt 0.241087 0.960773
vt 0.240556 0.909041
vt 0.217506 0.915862
vt 0.142029 0.107239
vt 0.095694 0.670721
vt 0.131238 0.670721
vt 0.131195 0.619785
vt 0.092939 0.619572
vt 0.137085 0.774048
vt 0.134432 0.752948
vt 0.050719 0.758232
vt 0.051616 0.800408
vt 0.139785 0.800890
vt 0.080913 0.253753
vt 0.079891 0.279647
vt 0.320325 0.519331
vt 0.084229 0.763916
vt 0.149163 0.711057
vt 0.149163 0.661052
vt 0.106725 0.661052
vt 0.106725 0.711057
vt 0.204834 0.365417
vt 0.129552 0.668807
vt 0.142944 0.107239
vt 0.142944 0.107178
vt 0.089966 0.274963
vt 0.079712 0.253479
vt 0.102174 0.549151
vt 0.138954 0.549151
vt 0.143834 0.522497
vt 0.097294 0.522496
vt 0.078979 0.277466
vt 0.079834 0.249695
vt 0.216648 0.607037
vt 0.215459 0.565686
vt 0.183977 0.565686
vt 0.182780 0.607037
vt 0.115180 0.761719
vt 0.152466 0.106384
vt 0.152466 0.106323
vt 0.236967 0.571290
vt 0.236967 0.534844
vt 0.169983 0.534844
vt 0.169983 0.571290
vt 0.061033 0.522080
vt 0.004607 0.522080
vt 0.004607 0.560190
vt 0.061034 0.560190
vt 0.142089 0.106434
vt 0.142090 0.030884
vt 0.524094 0.181417
vt 0.151982 0.105261
vt 0.151982 0.076711
vt 0.151982 0.076712
vt 0.151982 0.075760
vt 0.151982 0.078615
vt 0.142783 0.083056
vt 0.550407 0.409203
vt 0.543356 0.402155
vt 0.543356 0.253523
vt 0.550407 0.246475
vt 0.610891 0.246475
vt 0.617942 0.253523
vt 0.617941 0.402155
vt 0.610890 0.409203
vt 0.682672 0.368019
vt 0.688381 0.373135
vt 0.688381 0.417016
vt 0.682672 0.422132
vt 0.613002 0.422132
vt 0.607293 0.417016
vt 0.607293 0.373135
vt 0.613002 0.368019
vt 0.500707 0.363882
vt 0.500707 0.281244
vt 0.504618 0.274472
vt 0.538167 0.274472
vt 0.542078 0.281244
vt 0.542078 0.363882
vt 0.538166 0.370654
vt 0.504618 0.370654
vt 0.144415 0.087267
vt 0.142470 0.124743
vt 0.036194 0.325606
vt 0.143153 0.126757
vt 0.142812 0.101254
vt 0.142728 0.079296
vt 0.142982 0.126757
vt 0.037537 0.326948
vt 0.141912 0.102147
vt 0.143545 0.129895
vt 0.284891 0.506226
vt 0.284891 0.506210
vt 0.399657 0.524626
vt 0.750200 0.750472
vt 0.688169 0.750472
vt 0.688169 0.873494
vt 0.750200 0.873494
vt 0.284882 0.506210
vt 0.284897 0.506210
vt 0.284897 0.506226
vt 0.284882 0.506226
vt 0.501242 0.966090
vt 0.511119 0.876069
vt 0.531285 0.966090
vt 0.597094 0.876069
vt 0.564199 0.966090
vt 0.597094 0.966090
vt 0.501330 0.885751
vt 0.143066 0.082336
vt 0.143062 0.082336
vt 0.454041 0.029419
vt 0.454010 0.029419
vt 0.454025 0.029419
vt 0.143951 0.058167
vt 0.143945 0.058167
vt 0.143944 0.058167
s 1
f 1/1/1 3/1/1 26/1/1 25/1/1
f 3/1/2 5/1/2 27/1/2 26/1/2
f 38/2/3 41/2/3 40/2/3 39/2/3
f 18/3/4 20/4/4 19/4/4 17/3/4
f 21/3/5 24/4/5 23/4/5 22/3/5
f 8/1/6 9/1/6 11/1/7 31/1/8
f 6/1/9 11/1/9 12/1/9 4/1/9
f 4/1/10 12/1/10 10/1/10 2/1/10
f 1/1/11 14/1/11 15/1/11 3/1/11
f 3/1/12 15/1/12 16/1/12 5/1/12
f 5/1/12 16/1/13 30/1/14
f 9/5/15 17/5/15 19/5/15 11/5/15
f 11/5/16 19/5/16 20/5/16 12/5/16
f 12/5/17 20/5/17 18/5/17 10/5/17
f 14/5/18 22/5/18 23/5/18 15/5/18
f 15/5/19 23/5/19 24/5/19 16/5/19
f 16/5/20 24/5/20 21/5/20 13/5/20
f 25/1/21 26/1/21 4/1/21 2/1/21
f 27/1/22 6/1/22 4/1/22 26/1/22
f 28/1/23 8/1/23 31/1/23 29/1/23
f 30/1/24 7/1/24 28/1/24 29/1/24
f 16/1/13 13/1/25 7/1/25 30/1/14
f 42/2/3 43/2/3 39/2/3 40/2/3
f 11/1/7 6/1/9 31/1/8
f 5/1/2 32/1/2 33/1/2 27/1/2
f 29/1/26 34/1/26 35/1/26 30/1/26
f 30/1/12 35/1/12 32/1/12 5/1/12
f 31/1/27 36/1/27 34/1/27 29/1/27
f 27/1/22 33/1/22 37/1/22 6/1/22
f 6/1/9 37/1/9 36/1/9 31/1/9
f 32/2/28 38/2/28 39/2/28 33/2/28
f 34/2/29 40/2/29 41/2/29 35/2/29
f 35/2/30 41/2/30 38/2/30 32/2/30
f 36/2/31 42/2/31 40/2/31 34/2/31
f 33/2/32 39/2/32 43/2/32 37/2/32
f 37/2/33 43/2/33 42/2/33 36/2/33
f 65/6/34 66/6/34 67/6/34 68/6/34 69/6/34
f 52/6/35 53/6/35 54/6/35 55/6/35
f 55/6/36 54/6/36 58/6/36 59/6/36
f 56/6/37 57/6/37 59/6/37 58/6/37
f 47/6/38 52/6/38 55/6/38 51/6/38
f 54/6/39 53/6/39 46/6/39 50/6/39
f 56/6/39 58/6/39 48/6/39 45/6/39
f 49/6/38 59/6/38 57/6/38 44/6/38
f 58/6/40 54/6/40 50/6/40 48/6/40
f 51/6/41 55/6/41 59/6/41 49/6/41
f 48/6/40 50/6/40 60/6/40
f 61/6/39 62/6/39 63/6/39 64/6/39
f 50/6/42 46/6/42 62/6/42 61/6/42
f 60/6/34 50/6/34 61/6/34 64/6/34
f 44/6/43 57/6/43 66/6/43 65/6/43
f 57/6/44 56/6/44 67/6/44 66/6/44
f 56/6/45 45/6/45 68/6/45 67/6/45
f 65/6/34 69/6/34 89/6/34 88/6/34 87/6/34
f 74/6/46 77/6/46 76/6/46 75/6/46
f 77/6/47 81/6/47 80/6/47 76/6/47
f 78/6/48 80/6/48 81/6/48 79/6/48
f 47/6/38 51/6/38 77/6/38 74/6/38
f 76/6/49 73/6/49 71/6/49 75/6/49
f 78/6/49 70/6/49 72/6/49 80/6/49
f 49/6/38 44/6/38 79/6/38 81/6/38
f 80/6/50 72/6/50 73/6/50 76/6/50
f 51/6/41 49/6/41 81/6/41 77/6/41
f 72/6/50 82/6/50 73/6/50
f 83/6/49 86/6/49 85/6/49 84/6/49
f 73/6/51 83/6/51 84/6/51 71/6/51
f 82/6/34 86/6/34 83/6/34 73/6/34
f 44/6/43 65/6/43 87/6/43 79/6/43
f 79/6/52 87/6/52 88/6/52 78/6/52
f 78/6/53 88/6/53 89/6/53 70/6/53
f 98/6/54 99/6/54 100/6/54 101/6/54
f 94/6/55 95/6/55 97/6/55 96/6/55
f 106/7/38 107/7/38 108/7/38 109/7/38
f 91/6/56 97/6/56 95/6/56 93/6/56
f 96/6/57 90/6/57 92/6/57 94/6/57
f 90/6/58 91/6/58 99/6/58 98/6/58
f 91/6/59 93/6/59 100/6/59 99/6/59
f 92/6/60 90/6/60 98/6/60 101/6/60
f 96/6/38 97/6/38 103/6/38 102/6/38
f 97/6/38 91/6/38 104/6/38 103/6/38
f 91/6/38 90/6/38 105/6/38 104/6/38
f 90/6/38 96/6/38 102/6/38 105/6/38
f 102/6/61 103/6/61 107/6/61 106/6/61
f 103/6/62 104/6/62 108/6/62 107/6/62
f 104/6/63 105/6/63 109/6/63 108/6/63
f 105/6/64 102/6/64 106/6/64 109/6/64
f 110/8/34 112/8/34 113/8/34 111/8/34
f 112/8/65 114/8/65 115/8/65 113/8/65
f 116/8/66 110/8/66 111/8/66 117/8/66
f 118/8/34 120/8/34 121/8/34 119/8/34
f 120/8/65 122/8/65 123/8/65 121/8/65
f 124/8/66 118/8/66 119/8/66 125/8/66
f 126/8/34 128/8/34 129/8/34 127/8/34
f 128/8/65 130/8/65 131/8/65 129/8/65
f 132/8/66 126/8/66 127/8/66 133/8/66
f 134/8/34 136/8/34 137/8/34 135/8/34
f 136/8/65 138/8/65 139/8/65 137/8/65
f 140/8/66 134/8/66 135/8/66 141/8/66
f 142/8/34 144/8/34 145/8/34 143/8/34
f 144/8/65 146/8/65 147/8/65 145/8/65
f 148/8/66 142/8/66 143/8/66 149/8/66
f 150/8/34 152/8/34 153/8/34 151/8/34
f 152/8/65 154/8/65 155/8/65 153/8/65
f 156/8/66 150/8/66 151/8/66 157/8/66
f 158/8/34 160/8/34 161/8/34 159/8/34
f 160/8/65 162/8/65 163/8/65 161/8/65
f 164/8/66 158/8/66 159/8/66 165/8/66
f 190/9/34 195/10/34 194/10/34 193/10/34 214/9/34 192/9/34 191/9/34
f 242/11/67 249/12/67 248/12/67 247/12/67 246/12/67 245/11/67 244/11/67 243/11/67
f 197/13/68 265/13/68 264/13/68 198/13/68
f 203/14/69 176/14/69 177/14/69 204/14/69
f 196/15/70 266/15/70 265/13/70 197/13/70
f 171/14/71 176/14/71 267/14/71
f 267/14/71 176/14/71 269/14/71
f 176/14/71 203/14/71 269/14/71
f 269/14/71 203/14/71 270/14/71
f 203/14/71 202/14/71 270/14/71
f 270/14/71 202/14/71 268/14/71
f 179/14/72 206/14/72 205/14/72 252/14/72 178/14/72
f 261/15/73 200/15/73 199/13/73 262/13/73
f 260/15/74 201/15/74 200/15/74 261/15/74
f 170/14/38 207/14/38 206/14/38 179/14/38
f 198/13/75 264/13/75 263/13/75 217/13/75
f 204/16/76 177/17/76 225/18/76 250/19/76 224/20/76
f 168/21/34 184/21/34 185/21/34 182/21/34
f 182/21/34 185/21/34 186/21/34 183/21/34
f 173/21/77 216/21/77 215/21/77 187/21/77
f 173/21/34 187/21/34 188/21/34 172/21/34
f 172/21/34 188/21/34 189/21/34 167/21/34
f 167/21/78 189/21/78 184/21/78 168/21/78
f 184/22/79 190/22/79 191/22/79 185/22/79
f 185/22/80 191/22/80 192/22/80 186/22/80
f 187/22/81 215/22/82 214/22/83 193/22/81
f 187/22/84 193/22/84 194/22/84 188/22/84
f 188/22/85 194/22/85 195/22/85 189/22/85
f 189/22/86 195/22/86 190/22/86 184/22/86
f 167/21/87 196/21/87 197/21/87 172/21/87
f 172/21/88 197/21/88 198/21/88 173/21/88
f 198/21/89 217/21/89 216/21/89 173/21/89
f 200/21/90 182/21/90 183/21/90 199/21/90
f 201/21/91 168/21/91 182/21/91 200/21/91
f 202/23/92 203/24/92 209/24/92 208/23/92
f 209/24/93 203/24/93 204/24/93 210/24/93
f 210/24/94 204/24/94 224/24/94 223/24/94
f 206/24/95 212/24/95 211/24/95 205/24/95
f 207/23/96 213/23/96 212/24/96 206/24/96
f 208/23/97 209/24/97 174/24/97 166/23/97
f 174/24/98 209/24/98 210/24/98 175/24/98
f 175/24/99 210/24/99 223/24/99 222/24/99
f 212/24/100 180/24/100 181/24/100 211/24/100
f 213/23/101 169/23/101 180/24/101 212/24/101
f 186/22/102 192/22/102 214/22/83 215/22/82
f 183/21/103 186/21/103 215/21/103 216/21/103
f 183/21/104 216/21/104 217/21/104 199/21/104
f 199/13/105 217/13/105 263/13/105 262/13/105
f 219/24/106 211/24/106 181/24/106 218/24/106
f 220/24/107 205/24/107 211/24/107 219/24/107
f 221/14/108 178/14/109 252/14/109 251/14/110
f 223/24/111 219/24/111 218/24/111 222/24/111
f 224/24/112 220/24/112 219/24/112 223/24/112
f 225/14/113 221/14/108 251/14/110 250/14/114
f 218/14/115 175/25/116 222/25/117
f 171/26/118 226/27/118 227/27/118 176/27/118
f 176/27/119 227/27/119 228/27/119 177/27/119
f 177/27/120 228/27/120 229/27/120 225/27/120
f 225/27/120 229/27/120 230/27/120 221/27/120
f 221/27/120 230/27/120 231/27/120 178/27/120
f 178/27/121 231/27/121 232/27/121 179/27/121
f 179/27/122 232/27/122 233/27/122 170/26/122
f 170/14/123 233/14/123 226/14/123 171/14/123
f 226/28/124 234/28/124 235/28/124 227/28/124
f 227/28/125 235/28/125 236/29/125 228/29/125
f 228/29/126 236/29/126 237/29/126 229/29/126
f 229/29/127 237/29/127 238/30/127 230/30/127
f 230/30/127 238/30/127 239/30/127 231/30/127
f 231/30/128 239/30/128 240/30/128 232/30/128
f 232/30/129 240/30/129 241/31/129 233/31/129
f 233/31/130 241/31/130 234/28/130 226/28/130
f 234/32/38 242/32/38 243/32/38 235/32/38
f 235/32/131 243/32/131 244/32/131 236/32/131
f 236/32/132 244/32/132 245/32/132 237/32/132
f 237/32/133 245/32/133 246/33/133 238/33/133
f 238/33/133 246/33/133 247/33/133 239/33/133
f 239/33/134 247/33/134 248/33/134 240/33/134
f 240/33/71 248/33/71 249/33/71 241/33/71
f 241/33/135 249/33/135 242/32/135 234/32/135
f 251/34/110 220/35/136 224/36/136 250/37/114
f 252/38/109 205/39/109 220/35/109 251/34/110
f 169/14/38 253/14/38 254/14/38 180/14/38
f 180/14/137 254/14/137 255/14/137 181/14/137
f 256/40/138 218/41/138 181/42/138 255/43/138
f 257/25/139 175/25/116 218/14/115
f 258/14/140 174/14/140 175/14/140 257/14/140
f 259/14/141 166/14/141 174/14/141 258/14/141
f 253/14/142 260/14/142 261/14/142 254/14/142
f 254/14/143 261/14/143 262/14/143 255/14/143
f 263/14/144 256/14/144 255/14/144 262/14/144
f 263/14/145 264/25/145 257/25/145 256/14/145
f 265/14/146 258/14/146 257/14/146 264/14/146
f 266/14/147 259/14/147 258/14/147 265/14/147
f 272/44/71 274/44/71 273/44/71 271/44/71
f 268/45/148 272/45/148 271/45/148 270/45/148
f 270/45/149 271/45/149 273/45/149 269/45/149
f 269/45/150 273/45/150 274/45/150 267/45/150
f 267/45/151 274/45/151 272/45/151 268/45/151
f 256/14/152 257/25/152 218/14/152
f 275/8/34 276/8/34 278/8/34 277/8/34
f 277/8/65 278/8/65 280/8/65 279/8/65
f 281/8/66 282/8/66 276/8/66 275/8/66
f 283/8/34 284/8/34 286/8/34 285/8/34
f 285/8/65 286/8/65 288/8/65 287/8/65
f 289/8/66 290/8/66 284/8/66 283/8/66
f 291/8/34 292/8/34 294/8/34 293/8/34
f 293/8/65 294/8/65 296/8/65 295/8/65
f 297/8/66 298/8/66 292/8/66 291/8/66
f 299/8/34 300/8/34 302/8/34 301/8/34
f 301/8/65 302/8/65 304/8/65 303/8/65
f 305/8/66 306/8/66 300/8/66 299/8/66
f 307/8/34 308/8/34 310/8/34 309/8/34
f 309/8/65 310/8/65 312/8/65 311/8/65
f 313/8/66 314/8/66 308/8/66 307/8/66
f 315/8/34 316/8/34 318/8/34 317/8/34
f 317/8/65 318/8/65 320/8/65 319/8/65
f 321/8/66 322/8/66 316/8/66 315/8/66
f 323/8/34 324/8/34 326/8/34 325/8/34
f 325/8/65 326/8/65 328/8/65 327/8/65
f 329/8/66 330/8/66 324/8/66 323/8/66
f 355/9/34 356/9/34 357/9/34 379/9/34 358/10/34 359/10/34 360/10/34
f 407/11/153 408/11/153 409/11/153 410/11/153 411/12/153 412/12/153 413/12/153 414/12/153
f 362/13/154 363/13/154 429/13/154 430/13/154
f 368/14/155 369/14/155 342/14/155 341/14/155
f 361/15/70 362/13/70 430/13/70 431/15/70
f 336/14/71 432/14/71 341/14/71
f 432/14/71 434/14/71 341/14/71
f 341/14/71 434/14/71 368/14/71
f 434/14/71 435/14/71 368/14/71
f 368/14/71 435/14/71 367/14/71
f 435/14/71 433/14/71 367/14/71
f 344/14/156 343/14/156 417/14/156 370/14/156 371/14/156
f 426/15/157 427/13/157 364/13/157 365/15/157
f 425/15/158 426/15/158 365/15/158 366/15/158
f 335/14/38 344/14/38 371/14/38 372/14/38
f 363/13/159 382/13/159 428/13/159 429/13/159
f 369/46/160 389/47/160 415/48/161 390/49/162 342/50/160
f 333/21/34 347/21/34 350/21/34 349/21/34
f 347/21/34 348/21/34 351/21/34 350/21/34
f 338/21/163 352/21/163 380/21/163 381/21/163
f 338/21/34 337/21/34 353/21/34 352/21/34
f 337/21/34 332/21/34 354/21/34 353/21/34
f 332/21/78 333/21/78 349/21/78 354/21/78
f 349/22/79 350/22/79 356/22/79 355/22/79
f 350/22/164 351/22/164 357/22/164 356/22/164
f 352/22/165 358/22/165 379/22/166 380/22/167
f 352/22/168 353/22/168 359/22/168 358/22/168
f 353/22/85 354/22/85 360/22/85 359/22/85
f 354/22/169 349/22/169 355/22/169 360/22/169
f 332/21/87 337/21/87 362/21/87 361/21/87
f 337/21/170 338/21/170 363/21/170 362/21/170
f 363/21/171 338/21/171 381/21/171 382/21/171
f 365/21/172 364/21/172 348/21/172 347/21/172
f 366/21/173 365/21/173 347/21/173 333/21/173
f 367/23/92 373/23/92 374/24/92 368/24/92
f 374/24/174 375/24/174 369/24/174 368/24/174
f 375/24/175 388/24/175 389/24/175 369/24/175
f 371/24/176 370/24/176 376/24/176 377/24/176
f 372/23/177 371/24/177 377/24/177 378/23/177
f 373/23/97 331/23/97 339/24/97 374/24/97
f 339/24/178 340/24/178 375/24/178 374/24/178
f 340/24/179 387/24/179 388/24/179 375/24/179
f 377/24/180 376/24/180 346/24/180 345/24/180
f 378/23/181 377/24/181 345/24/181 334/23/181
f 351/22/182 380/22/167 379/22/166 357/22/182
f 348/21/183 381/21/183 380/21/183 351/21/183
f 348/21/184 364/21/184 382/21/184 381/21/184
f 364/13/185 427/13/185 428/13/185 382/13/185
f 384/24/186 383/24/186 346/24/186 376/24/186
f 385/24/187 384/24/187 376/24/187 370/24/187
f 386/14/188 416/14/188 417/14/188 343/14/188
f 388/24/189 387/24/189 383/24/189 384/24/189
f 389/24/190 388/24/190 384/24/190 385/24/190
f 390/14/162 415/14/161 416/14/191 386/14/192
f 383/14/193 387/25/194 340/25/195
f 336/26/118 341/27/118 392/27/118 391/27/118
f 341/27/196 342/27/196 393/27/196 392/27/196
f 342/27/197 390/27/197 394/27/197 393/27/197
f 390/27/197 386/27/197 395/27/197 394/27/197
f 386/27/197 343/27/197 396/27/197 395/27/197
f 343/27/198 344/27/198 397/27/198 396/27/198
f 344/27/122 335/26/122 398/27/122 397/27/122
f 335/14/199 336/14/199 391/14/199 398/14/199
f 391/28/200 392/28/200 400/28/200 399/28/200
f 392/28/201 393/29/201 401/29/201 400/28/201
f 393/29/202 394/29/202 402/29/202 401/29/202
f 394/29/203 395/30/203 403/30/203 402/29/203
f 395/30/203 396/30/203 404/30/203 403/30/203
f 396/30/204 397/30/204 405/30/204 404/30/204
f 397/30/129 398/31/129 406/31/129 405/30/129
f 398/31/205 391/28/205 399/28/205 406/31/205
f 399/32/38 400/32/38 408/32/38 407/32/38
f 400/32/206 401/32/206 409/32/206 408/32/206
f 401/32/207 402/32/207 410/32/207 409/32/207
f 402/32/208 403/33/208 411/33/208 410/32/208
f 403/33/208 404/33/208 412/33/208 411/33/208
f 404/33/209 405/33/209 413/33/209 412/33/209
f 405/33/71 406/33/71 414/33/71 413/33/71
f 406/33/210 399/32/210 407/32/210 414/33/210
f 416/34/191 415/37/161 389/36/211 385/35/211
f 417/38/188 416/34/188 385/35/188 370/39/188
f 334/14/38 345/14/38 419/14/38 418/14/38
f 345/14/212 346/14/212 420/14/212 419/14/212
f 421/40/213 420/43/213 346/42/213 383/41/213
f 422/25/214 383/14/193 340/25/195
f 423/14/215 422/14/215 340/14/215 339/14/215
f 424/14/141 423/14/141 339/14/141 331/14/141
f 418/14/216 419/14/216 426/14/216 425/14/216
f 419/14/217 420/14/217 427/14/217 426/14/217
f 428/14/218 427/14/218 420/14/218 421/14/218
f 428/14/219 421/14/219 422/25/219 429/25/219
f 430/14/220 429/14/220 422/14/220 423/14/220
f 431/14/147 430/14/147 423/14/147 424/14/147
f 437/44/71 436/44/71 438/44/71 439/44/71
f 433/45/221 435/45/221 436/45/221 437/45/221
f 435/45/222 434/45/222 438/45/222 436/45/222
f 434/45/223 432/45/223 439/45/223 438/45/223
f 432/45/224 433/45/224 437/45/224 439/45/224
f 421/14/225 383/14/225 422/25/225
f 440/51/34 441/51/34 443/51/34 442/51/34
f 444/51/55 445/51/55 447/51/55 446/51/55
f 446/51/38 447/51/38 441/51/38 440/51/38
f 441/51/226 447/51/226 445/51/226 443/51/226
f 446/51/227 440/51/227 442/51/227 444/51/227
f 448/52/34 449/52/34 451/52/34 450/52/34
f 452/52/55 453/52/55 455/52/55 454/52/55
f 454/52/38 455/52/38 449/52/38 448/52/38
f 449/52/228 455/52/228 453/52/228 451/52/228
f 454/52/229 448/52/229 450/52/229 452/52/229
f 456/52/34 457/52/34 459/52/34 458/52/34
f 460/52/55 461/52/55 463/52/55 462/52/55
f 462/52/38 463/52/38 457/52/38 456/52/38
f 457/52/228 463/52/228 461/52/228 459/52/228
f 462/52/229 456/52/229 458/52/229 460/52/229
f 464/52/34 465/52/34 467/52/34 466/52/34
f 468/52/55 469/52/55 471/52/55 470/52/55
f 470/52/38 471/52/38 465/52/38 464/52/38
f 465/52/228 471/52/228 469/52/228 467/52/228
f 470/52/229 464/52/229 466/52/229 468/52/229
f 472/53/230 478/54/230 479/54/230 473/55/230
f 473/55/231 479/54/231 480/54/231 474/55/231
f 474/55/232 480/54/232 481/53/232 475/55/232
f 475/55/233 481/53/233 482/53/233 476/55/233
f 476/55/234 482/53/234 483/53/234 477/54/234
f 477/54/235 483/53/235 478/54/235 472/53/235
f 473/55/236 484/55/236 472/53/236
f 474/55/236 484/55/236 473/55/236
f 475/55/236 484/55/236 474/55/236
f 476/55/236 484/55/236 475/55/236
f 477/54/236 484/55/236 476/55/236
f 472/53/236 484/55/236 477/54/236
f 485/56/237 487/57/237 486/58/237
f 486/58/237 487/57/237 488/59/237
f 488/59/237 487/57/237 489/60/237
f 489/60/237 487/57/237 490/61/237
f 490/61/237 487/57/237 491/62/237
f 491/62/237 487/57/237 485/56/237
f 478/54/238 494/54/238 493/54/238 479/54/238
f 479/54/239 493/54/239 492/53/239 480/54/239
f 480/54/240 492/53/240 497/54/240 481/53/240
f 481/53/241 497/54/241 496/54/241 482/53/241
f 482/53/242 496/54/242 495/54/242 483/53/242
f 483/53/243 495/54/243 494/54/243 478/54/243
f 493/63/244 486/63/244 488/63/244 492/63/244
f 494/63/245 485/63/245 486/63/245 493/63/245
f 495/63/246 491/63/246 485/63/246 494/63/246
f 496/63/247 490/63/247 491/63/247 495/63/247
f 497/63/248 489/63/248 490/63/248 496/63/248
f 492/63/249 488/63/249 489/63/249 497/63/249
f 498/53/250 499/55/250 505/54/250 504/54/250
f 499/55/251 500/55/251 506/54/251 505/54/251
f 500/55/252 501/55/252 507/53/252 506/54/252
f 501/55/253 502/55/253 508/53/253 507/53/253
f 502/55/254 503/54/254 509/53/254 508/53/254
f 503/54/255 498/53/255 504/54/255 509/53/255
f 499/55/256 498/53/256 510/55/256
f 500/55/256 499/55/256 510/55/256
f 501/55/256 500/55/256 510/55/256
f 502/55/256 501/55/256 510/55/256
f 503/54/256 502/55/256 510/55/256
f 498/53/256 503/54/256 510/55/256
f 511/56/257 512/58/257 513/57/257
f 512/58/257 514/59/257 513/57/257
f 514/59/257 515/60/257 513/57/257
f 515/60/257 516/61/257 513/57/257
f 516/61/257 517/62/257 513/57/257
f 517/62/257 511/56/257 513/57/257
f 504/54/258 505/54/258 519/54/258 520/54/258
f 505/54/259 506/54/259 518/53/259 519/54/259
f 506/54/260 507/53/260 523/54/260 518/53/260
f 507/53/261 508/53/261 522/54/261 523/54/261
f 508/53/262 509/53/262 521/54/262 522/54/262
f 509/53/263 504/54/263 520/54/263 521/54/263
f 519/63/264 518/63/264 514/63/264 512/63/264
f 520/63/265 519/63/265 512/63/265 511/63/265
f 521/63/266 520/63/266 511/63/266 517/63/266
f 522/63/267 521/63/267 517/63/267 516/63/267
f 523/63/268 522/63/268 516/63/268 515/63/268
f 518/63/269 523/63/269 515/63/269 514/63/269
f 556/64/270 566/64/270 567/64/270 557/64/270
f 565/64/271 566/64/271 556/64/271 558/64/271
f 528/65/272 609/65/272 742/65/272
f 535/66/273 612/66/273 613/66/273
f 534/66/274 546/66/274 527/66/274
f 538/64/275 606/64/275 598/64/275 636/64/275
f 539/67/276 545/67/276 534/67/276
f 540/66/277 638/66/277 561/66/277 562/66/277 612/66/277 535/66/277
f 542/66/278 536/66/278 541/66/278
f 543/67/279 699/67/279 700/67/279 538/67/279
f 533/68/280 544/68/280 627/67/280 628/67/280
f 532/69/281 623/69/281 625/66/281 624/66/281
f 531/69/282 530/69/282 542/66/282 630/66/282
f 577/70/38 551/70/38 678/70/38 554/70/38 555/70/38
f 529/68/283 697/68/283 698/67/283 629/67/283
f 544/68/284 631/68/284 632/67/284 627/67/284
f 546/67/285 545/67/285 633/67/285 634/67/285
f 634/66/286 635/66/286 578/66/286 546/66/286
f 565/64/287 558/64/288 564/64/289
f 548/64/290 524/64/290 584/64/290 585/64/290
f 524/64/291 581/64/291 582/64/291 583/64/291
f 537/64/34 542/64/34 554/64/34 552/64/34
f 542/64/34 530/64/34 555/64/34 554/64/34
f 702/66/292 607/66/292 606/66/292 701/66/292
f 527/66/293 547/66/293 604/66/293 605/66/293
f 547/66/294 618/66/294 615/66/294 575/66/294 603/66/294 604/66/294
f 525/66/295 611/66/295 563/66/295 601/66/295 602/66/295
f 600/64/296 742/64/296 524/64/296
f 560/69/297 568/69/297 621/66/297 569/66/297 561/66/297 637/66/297
f 562/66/298 561/66/298 569/66/298 570/66/298
f 563/66/299 610/66/299 562/66/299 570/66/299 608/66/299 571/66/299
f 600/66/300 601/66/300 563/66/300 571/66/300 528/66/300
f 568/69/301 620/69/301 622/66/301 621/66/301
f 570/66/302 569/66/302 541/66/302 536/66/302
f 571/66/303 608/66/303 609/66/303 528/66/303
f 626/67/304 540/67/304 573/67/304
f 574/66/305 540/66/305 535/66/305
f 575/66/306 574/66/306 535/66/306 613/66/306 525/66/306
f 602/66/307 603/66/307 575/66/307 525/66/307
f 583/64/308 584/64/308 524/64/308
f 580/71/309 579/71/309 674/71/309
f 582/71/310 581/71/310 579/71/310 580/71/310
f 583/64/311 582/64/311 553/64/311
f 576/64/312 584/64/312 583/64/312 553/64/312
f 585/64/313 584/64/313 576/64/313 550/64/313
f 586/64/314 585/64/314 550/64/314 549/64/314
f 587/64/315 586/64/315 549/64/315
f 549/64/39 550/64/39 589/64/39 588/64/316
f 550/71/39 576/71/39 590/71/39 589/71/39
f 576/64/39 553/64/39 591/64/39 590/64/39
f 587/64/317 549/64/317 588/64/317 592/64/317
f 742/64/71 537/64/71 524/64/71
f 593/64/318 524/64/318 548/64/318 559/64/318
f 559/64/319 564/64/319 594/64/319 593/64/319
f 595/64/320 594/64/320 741/64/320
f 558/64/321 596/64/321 595/64/321
f 597/64/322 596/64/322 558/64/322 556/64/322
f 557/64/323 744/64/323 599/64/323 703/64/323 556/64/323
f 600/64/324 524/64/324 593/64/324
f 593/64/325 594/64/325 601/64/325 600/64/325
f 602/64/326 601/64/326 594/64/326 595/64/326
f 595/64/327 603/64/327 602/64/327
f 604/64/328 603/64/328 595/64/328 596/64/328
f 605/64/329 604/64/329 596/64/329 597/64/329
f 607/64/330 599/64/330 598/64/330 606/64/330
f 703/64/331 599/64/331 607/64/331 702/64/331
f 611/66/332 610/66/332 563/66/332
f 618/66/333 619/66/333 617/66/333 614/66/333 616/66/333 615/66/333
f 627/67/334 632/67/334 633/67/334 545/67/334
f 628/67/335 627/67/335 545/67/335 539/67/335
f 629/67/336 698/67/336 699/67/336 543/67/336
f 630/72/337 542/72/337 541/72/337
f 750/73/338 749/74/338 751/75/338 752/76/338
f 633/67/339 632/67/339 626/67/339 573/67/339
f 634/67/340 633/67/340 574/67/340
f 574/66/341 635/66/341 634/66/341
f 636/64/342 598/64/342 743/64/342 526/64/342
f 538/66/343 700/66/343 701/66/343 606/66/343
f 638/66/281 637/66/281 561/66/281
f 572/68/344 532/68/344 624/67/344 540/67/344 626/67/344
f 527/66/345 578/66/346 614/66/347 617/66/347 547/66/347
f 547/77/348 617/77/348 769/78/349 766/77/350
f 617/77/351 619/77/351 768/77/352 769/78/353
f 619/77/354 618/77/354 767/77/355 768/77/356
f 618/77/357 547/77/357 766/77/358 767/77/359
f 609/79/360 608/80/360 770/80/361 771/79/362
f 608/80/363 570/80/363 773/80/364 770/80/365
f 570/80/366 536/79/366 772/79/367 773/80/368
f 536/79/369 609/79/369 771/79/370 772/79/371
f 613/80/372 612/80/372 757/80/373 758/80/374
f 612/80/375 562/80/375 756/80/376 757/80/377
f 562/80/378 610/80/378 755/80/379 756/80/380
f 610/80/381 611/77/381 754/77/382 755/80/383
f 611/77/384 525/77/384 753/77/385 754/77/386
f 525/77/387 613/80/387 758/80/388 753/77/389
f 615/81/390 616/81/390 761/82/391 762/81/392
f 616/81/393 614/83/393 760/83/394 761/82/395
f 614/83/396 578/83/396 759/83/397 760/83/398
f 578/83/399 635/83/399 765/83/400 759/83/401
f 635/83/402 574/83/402 764/83/403 765/83/404
f 574/83/405 575/81/405 763/81/406 764/83/407
f 575/81/408 615/81/408 762/81/409 763/81/410
f 621/80/411 622/80/411 775/80/412 776/80/413
f 622/80/414 620/84/415 774/84/416 775/80/417
f 531/85/418 630/79/418 779/79/419 780/85/420
f 630/79/421 541/79/421 778/86/422 779/79/423
f 541/79/424 569/80/424 777/80/425 778/86/426
f 569/80/427 621/80/427 776/80/428 777/80/429
f 624/80/430 625/80/430 782/80/431 783/80/432
f 625/80/433 623/84/433 781/84/434 782/80/435
f 560/84/436 637/80/436 786/80/437 787/84/438
f 637/80/439 638/80/439 785/80/440 786/80/441
f 638/80/442 540/80/442 784/80/443 785/80/444
f 540/80/445 624/80/445 783/80/446 784/80/447
f 582/71/448 580/71/448 674/71/448 675/71/448
f 553/71/449 582/71/449 675/71/449 676/71/449
f 591/71/34 553/71/34 676/71/34 677/71/34
f 674/64/450 579/64/450 537/64/450 552/64/450
f 674/87/451 552/88/451 678/89/451 679/90/451
f 552/88/38 554/91/38 678/89/38
f 675/92/452 674/92/452 679/92/452 680/92/452
f 676/92/453 675/92/453 680/92/453 681/92/453
f 677/92/49 676/92/49 681/92/49 682/92/49
f 679/92/454 678/92/455 680/92/456
f 680/92/456 678/92/455 683/92/457 682/92/457
f 551/92/458 684/92/458 696/92/459 683/92/457 678/92/455
f 680/92/456 682/92/457 681/92/457
f 590/92/38 591/92/38 677/92/38 682/92/38
f 589/92/460 590/92/460 682/92/460
f 682/92/461 683/92/461 685/92/461 589/92/461
f 696/92/38 684/92/38 686/92/38 695/92/38
f 589/92/462 685/92/462 687/92/462 688/92/462
f 695/92/38 686/92/38 689/92/38 694/92/38
f 589/92/39 688/92/463 588/92/316
f 688/92/464 687/92/465 690/92/465 691/92/466
f 694/92/467 689/92/468 692/92/468 693/92/467
f 588/92/469 688/92/464 691/92/466 592/92/469
f 687/92/470 694/92/470 693/92/470 690/92/470
f 685/92/471 695/92/472 687/92/473
f 683/92/474 696/92/475 685/92/476
f 709/93/477 533/93/477 628/94/477 708/94/477
f 707/95/478 708/94/478 628/94/478 539/95/478
f 706/95/479 707/95/479 539/95/479 534/95/479
f 705/95/480 706/95/480 534/95/480 527/95/480
f 605/95/481 704/95/481 705/95/481 527/95/481
f 705/95/482 704/95/482 702/95/482 701/95/482
f 701/95/483 700/95/483 706/95/483 705/95/483
f 700/95/484 699/95/484 707/95/484 706/95/484
f 699/95/485 698/94/485 708/94/485 707/95/485
f 697/93/486 709/93/486 708/94/486 698/94/486
f 652/96/487 648/97/487 658/98/487 659/99/487
f 647/100/488 649/101/488 672/102/488 673/103/488
f 658/98/489 648/97/489 647/100/489 673/103/489
f 649/101/490 650/104/490 643/105/490 645/106/490
f 671/107/491 672/102/491 666/108/491
f 665/109/492 666/108/492 645/106/492 646/110/492
f 670/107/493 671/107/493 661/108/493
f 670/107/494 661/108/494 660/111/494 662/112/494
f 666/108/493 661/108/493 671/107/493
f 654/113/495 653/113/495 641/113/495 642/113/495
f 639/113/496 641/113/496 653/113/496 655/113/496
f 668/103/497 667/114/497 669/115/497 710/103/497
f 666/108/498 672/102/498 649/101/498 645/106/498
f 657/116/499 658/98/499 711/117/499
f 711/117/500 658/98/500 673/103/500 712/118/500
f 712/118/501 673/103/501 668/103/501
f 712/118/502 668/103/502 710/103/502 713/119/502
f 656/120/503 657/116/504 714/121/505 715/122/503
f 657/116/504 711/117/506 716/123/506 714/121/505
f 711/117/507 712/118/507 717/124/507 716/123/507
f 712/118/508 713/119/508 718/125/508 717/124/508
f 715/122/509 714/121/510 719/126/511 720/127/509
f 714/121/510 716/123/512 721/128/512 719/126/511
f 716/123/513 717/124/513 722/129/513 721/128/513
f 717/124/514 718/125/514 723/130/514 722/129/514
f 640/131/515 639/132/516 724/133/517 725/134/515
f 642/135/49 640/131/49 725/134/49 726/136/49
f 651/137/518 652/96/518 735/138/518
f 655/139/519 656/120/519 730/140/519 731/141/519
f 659/99/49 654/142/49 733/143/49 732/144/49
f 654/142/520 642/135/520 726/136/520 733/143/520
f 639/132/516 655/139/521 731/141/521 724/133/517
f 656/120/49 715/122/49 720/127/49 730/140/49
f 663/145/522 664/146/523 739/147/524
f 664/146/523 646/148/525 739/147/524
f 646/148/525 644/149/526 739/147/524
f 644/149/526 736/150/71 739/147/524
f 736/150/71 737/151/71 739/147/524
f 646/148/527 664/146/527 665/152/527
f 650/104/528 651/137/529 735/138/530
f 643/105/531 650/104/528 735/138/530
f 644/153/532 643/105/532 735/138/532 736/154/532
f 652/96/533 659/99/533 732/144/533 729/155/533
f 735/138/534 652/96/534 729/155/534 727/156/534
f 738/157/535 735/138/535 727/156/535
f 738/158/536 740/159/537 739/147/537 737/151/536
f 728/160/538 734/161/71 740/159/71 738/158/538
f 738/157/539 727/156/539 728/162/539
f 738/157/540 737/163/540 736/154/540 735/138/540
f 595/64/541 741/64/541 558/64/541
f 741/64/542 594/64/542 564/64/542
f 558/64/288 741/64/543 564/64/289
f 526/64/544 743/64/544 744/64/544 557/64/544
f 556/64/545 703/64/545 597/64/545
f 524/64/71 537/64/71 579/64/71 581/64/71
f 528/164/546 742/164/546 600/165/546
f 742/65/547 536/65/547 537/65/547
f 742/65/272 609/65/272 536/65/272
f 537/66/548 536/66/548 542/66/548
f 744/166/549 743/167/549 598/168/549 599/169/549
f 574/67/550 573/67/550 540/67/550
f 572/170/551 626/171/551 747/171/551 745/170/551
f 626/171/552 632/171/552 748/171/552 747/171/552
f 632/171/553 631/170/553 746/170/553 748/171/553
f 745/172/554 747/173/554 751/173/554 749/172/554
f 747/173/555 748/173/555 752/173/555 751/173/555
f 748/173/556 746/172/556 750/172/556 752/173/556
f 574/67/557 633/67/557 573/67/557
f 534/67/558 545/67/558 546/67/558
f 527/66/345 546/66/559 578/66/346
f 702/174/560 704/174/560 605/174/560
f 703/175/561 702/175/561 605/175/561 597/175/561
f 754/77/386 753/77/385 652/77/562 651/77/562
f 755/80/383 754/77/382 651/77/563 650/80/563
f 756/80/380 755/80/379 650/80/564 649/80/564
f 757/80/377 756/80/376 649/80/565 647/80/565
f 758/80/374 757/80/373 647/80/566 648/80/566
f 753/77/389 758/80/388 648/80/567 652/77/567
f 760/83/398 759/83/397 656/83/568 655/83/568
f 761/82/395 760/83/394 655/83/569 653/83/569
f 762/81/392 761/82/391 653/83/570 654/81/570
f 763/81/410 762/81/409 654/81/571 659/81/571
f 764/83/407 763/81/406 659/81/572 658/83/572
f 765/83/404 764/83/403 658/83/573 657/83/573
f 759/83/401 765/83/400 657/83/574 656/83/574
f 767/77/359 766/77/358 640/77/575 642/77/575
f 768/77/356 767/77/355 642/77/576 641/77/576
f 769/78/353 768/77/352 641/77/577 639/80/577
f 766/77/350 769/78/349 639/80/578 640/77/578
f 771/79/362 770/80/361 643/80/579 644/79/579
f 772/79/371 771/79/370 644/79/580 646/79/580
f 773/80/368 772/79/367 646/79/581 645/80/581
f 770/80/365 773/80/364 645/80/582 643/80/582
f 775/80/417 774/84/416 662/84/583 660/80/584
f 776/80/413 775/80/412 660/80/585 661/80/585
f 777/80/429 776/80/428 661/80/586 666/80/586
f 778/86/426 777/80/425 666/80/587 665/80/587
f 779/79/423 778/86/422 665/80/588 664/79/588
f 780/85/420 779/79/419 664/79/589 663/85/589
f 782/80/435 781/84/434 669/84/590 667/80/590
f 783/80/432 782/80/431 667/80/591 668/80/591
f 784/80/447 783/80/446 668/80/592 673/80/592
f 785/80/444 784/80/443 673/80/593 672/80/593
f 786/80/441 785/80/440 672/80/594 671/80/594
f 787/84/438 786/80/437 671/80/595 670/84/595
f 812/64/596 813/64/596 822/64/596 821/64/596
f 820/64/597 814/64/597 812/64/597 821/64/597
f 792/65/598 973/65/598 861/65/598
f 794/66/599 865/66/599 864/66/599
f 793/66/600 791/66/600 804/66/600
f 797/64/601 885/64/601 850/64/601 858/64/601
f 798/67/602 793/67/602 803/67/602
f 799/66/603 794/66/603 864/66/603 817/66/603 816/66/603 887/66/603
f 801/66/604 800/66/604 795/66/604
f 802/67/605 797/67/605 939/67/605 938/67/605
f 533/68/606 878/67/606 877/67/606 544/68/606
f 532/69/281 874/66/281 875/66/281 623/69/281
f 531/69/282 880/66/282 801/66/282 530/69/282
f 577/70/38 555/70/38 811/70/38 923/70/38 551/70/38
f 529/68/607 879/67/607 937/67/607 697/68/607
f 544/68/608 877/67/608 881/67/608 631/68/608
f 804/67/609 883/67/609 882/67/609 803/67/609
f 883/66/610 804/66/610 830/66/610 884/66/610
f 820/64/611 819/64/611 814/64/611
f 806/64/612 837/64/612 836/64/612 788/64/612
f 788/64/613 835/64/613 834/64/613 833/64/613
f 796/64/34 809/64/34 811/64/34 801/64/34
f 801/64/34 811/64/34 555/64/34 530/64/34
f 941/66/614 940/66/614 858/66/614 859/66/614
f 791/66/615 857/66/615 856/66/615 805/66/615
f 805/66/616 856/66/616 855/66/616 828/66/616 867/66/616 870/66/616
f 789/66/617 854/66/617 853/66/617 818/66/617 863/66/617
f 852/64/618 788/64/618 973/64/618
f 560/69/297 886/66/297 816/66/297 823/66/297 872/66/297 568/69/297
f 817/66/619 824/66/619 823/66/619 816/66/619
f 818/66/620 825/66/620 860/66/620 824/66/620 817/66/620 862/66/620
f 852/66/621 792/66/621 825/66/621 818/66/621 853/66/621
f 568/69/301 872/66/301 873/66/301 620/69/301
f 824/66/622 795/66/622 800/66/622 823/66/622
f 825/66/623 792/66/623 861/66/623 860/66/623
f 876/67/624 826/67/624 799/67/624
f 827/66/625 794/66/625 799/66/625
f 828/66/626 789/66/626 865/66/626 794/66/626 827/66/626
f 854/66/627 789/66/627 828/66/627 855/66/627
f 835/64/628 788/64/628 836/64/628
f 832/71/629 919/71/629 831/71/629
f 834/71/630 832/71/630 831/71/630 833/71/630
f 835/64/631 810/64/631 834/64/631
f 829/64/632 810/64/632 835/64/632 836/64/632
f 837/64/633 808/64/633 829/64/633 836/64/633
f 838/64/634 807/64/634 808/64/634 837/64/634
f 839/64/635 807/64/635 838/64/635
f 807/64/49 840/64/49 841/64/49 808/64/49
f 808/71/49 841/71/49 842/71/49 829/71/49
f 829/64/49 842/64/49 843/64/49 810/64/49
f 839/64/636 844/64/636 840/64/636 807/64/636
f 973/64/71 788/64/71 796/64/71
f 845/64/637 815/64/637 806/64/637 788/64/637
f 815/64/638 845/64/638 846/64/638 819/64/638
f 847/64/639 972/64/639 846/64/639
f 814/64/640 847/64/640 848/64/640
f 849/64/641 812/64/641 814/64/641 848/64/641
f 813/64/642 812/64/642 942/64/642 851/64/642 975/64/642
f 852/64/643 845/64/643 788/64/643
f 845/64/644 852/64/644 853/64/644 846/64/644
f 854/64/645 847/64/645 846/64/645 853/64/645
f 847/64/646 854/64/646 855/64/646
f 856/64/647 848/64/647 847/64/647 855/64/647
f 857/64/648 849/64/648 848/64/648 856/64/648
f 859/64/649 858/64/649 850/64/649 851/64/649
f 942/64/650 941/64/650 859/64/650 851/64/650
f 863/66/651 818/66/651 862/66/651
f 870/66/652 867/66/652 868/66/652 866/66/652 869/66/652 871/66/652
f 877/67/653 803/67/653 882/67/653 881/67/653
f 878/67/654 798/67/654 803/67/654 877/67/654
f 879/67/655 802/67/655 938/67/655 937/67/655
f 880/72/656 800/72/656 801/72/656
f 750/73/657 979/76/657 978/75/657 749/74/657
f 882/67/658 826/67/658 876/67/658 881/67/658
f 883/67/659 827/67/659 882/67/659
f 827/66/660 883/66/660 884/66/660
f 885/64/661 790/64/661 974/64/661 850/64/661
f 797/66/662 858/66/662 940/66/662 939/66/662
f 887/66/281 816/66/281 886/66/281
f 572/68/663 876/67/663 799/67/663 874/67/663 532/68/663
f 791/66/664 805/66/665 869/66/665 866/66/665 830/66/666
f 805/77/667 993/77/668 996/78/669 869/77/667
f 869/77/670 996/78/671 995/77/672 871/77/670
f 871/77/673 995/77/674 994/77/675 870/77/673
f 870/77/676 994/77/677 993/77/678 805/77/676
f 861/79/679 998/79/680 997/80/681 860/80/679
f 860/80/682 997/80/683 1000/80/684 824/80/682
f 824/80/685 1000/80/686 999/79/687 795/79/685
f 795/79/688 999/79/689 998/79/690 861/79/688
f 865/80/691 985/80/692 984/80/693 864/80/691
f 864/80/694 984/80/695 983/80/696 817/80/694
f 817/80/697 983/80/698 982/80/699 862/80/697
f 862/80/700 982/80/701 981/77/702 863/77/700
f 863/77/703 981/77/704 980/77/705 789/77/703
f 789/77/706 980/77/707 985/80/708 865/80/706
f 867/81/709 989/81/710 988/82/711 868/81/709
f 868/81/712 988/82/713 987/83/714 866/83/712
f 866/83/715 987/83/716 986/83/717 830/83/715
f 830/83/718 986/83/719 992/83/720 884/83/718
f 884/83/721 992/83/722 991/83/723 827/83/721
f 827/83/724 991/83/725 990/81/726 828/81/724
f 828/81/727 990/81/728 989/81/729 867/81/727
f 872/80/730 1002/80/731 1001/80/732 873/80/730
f 873/80/733 1001/80/734 774/84/416 620/84/415
f 531/85/418 780/85/420 1005/79/419 880/79/418
f 880/79/735 1005/79/736 1004/86/737 800/79/735
f 800/79/738 1004/86/739 1003/80/740 823/80/738
f 823/80/427 1003/80/429 1002/80/428 872/80/427
f 874/80/741 1007/80/742 1006/80/743 875/80/741
f 875/80/744 1006/80/745 781/84/746 623/84/744
f 560/84/436 787/84/438 1010/80/437 886/80/436
f 886/80/747 1010/80/748 1009/80/749 887/80/747
f 887/80/750 1009/80/751 1008/80/752 799/80/750
f 799/80/445 1008/80/447 1007/80/446 874/80/445
f 834/71/753 920/71/753 919/71/753 832/71/753
f 810/71/754 921/71/754 920/71/754 834/71/754
f 843/71/34 922/71/34 921/71/34 810/71/34
f 919/64/755 809/64/755 796/64/755 831/64/755
f 919/87/756 924/90/756 923/89/756 809/88/756
f 809/88/38 923/89/38 811/91/38
f 920/92/757 925/92/757 924/92/757 919/92/757
f 921/92/758 926/92/758 925/92/758 920/92/758
f 922/92/39 927/92/39 926/92/39 921/92/39
f 924/92/759 925/92/760 923/92/761
f 925/92/760 927/92/762 928/92/762 923/92/761
f 925/92/760 926/92/762 927/92/762
f 842/92/38 927/92/38 922/92/38 843/92/38
f 841/92/763 927/92/763 842/92/763
f 927/92/764 841/92/764 929/92/764 928/92/764
f 936/92/38 935/92/38 686/92/38 684/92/38
f 841/92/765 840/92/765 930/92/765 929/92/765
f 935/92/38 934/92/38 689/92/38 686/92/38
f 840/92/766 932/92/766 931/92/767 930/92/767
f 934/92/768 933/92/768 692/92/468 689/92/468
f 840/92/766 844/92/769 932/92/766
f 930/92/770 931/92/770 933/92/770 934/92/770
f 929/92/771 930/92/772 935/92/773
f 928/92/774 929/92/775 936/92/776
f 923/92/761 928/92/762 936/92/777 684/92/458 551/92/458
f 709/93/778 947/94/778 878/94/778 533/93/778
f 946/95/779 798/95/779 878/94/779 947/94/779
f 945/95/780 793/95/780 798/95/780 946/95/780
f 944/95/781 791/95/781 793/95/781 945/95/781
f 857/95/782 791/95/782 944/95/782 943/95/782
f 944/95/783 940/95/783 941/95/783 943/95/783
f 940/95/784 944/95/784 945/95/784 939/95/784
f 939/95/785 945/95/785 946/95/785 938/95/785
f 938/95/786 946/95/786 947/94/786 937/94/786
f 697/93/787 937/94/787 947/94/787 709/93/787
f 901/96/788 908/99/788 907/98/788 897/97/788
f 896/100/789 918/103/789 917/102/789 898/101/789
f 907/98/790 918/103/790 896/100/790 897/97/790
f 898/101/791 894/106/791 892/105/791 899/104/791
f 916/107/792 913/108/792 917/102/792
f 912/109/793 895/110/793 894/106/793 913/108/793
f 670/107/493 910/108/493 916/107/493
f 670/107/794 662/112/794 909/111/794 910/108/794
f 913/108/493 916/107/493 910/108/493
f 903/113/795 891/113/795 890/113/795 902/113/795
f 888/113/796 904/113/796 902/113/796 890/113/796
f 915/103/497 710/103/497 669/115/497 914/114/497
f 913/108/797 894/106/797 898/101/797 917/102/797
f 906/116/798 948/117/798 907/98/798
f 948/117/799 949/118/799 918/103/799 907/98/799
f 949/118/501 915/103/501 918/103/501
f 949/118/800 713/119/800 710/103/800 915/103/800
f 905/120/801 951/122/801 950/121/802 906/116/803
f 906/116/803 950/121/802 952/123/804 948/117/804
f 948/117/805 952/123/805 953/124/805 949/118/805
f 949/118/806 953/124/806 718/125/806 713/119/806
f 951/122/807 955/127/807 954/126/808 950/121/809
f 950/121/809 954/126/808 956/128/810 952/123/810
f 952/123/811 956/128/811 957/129/811 953/124/811
f 953/124/812 957/129/812 723/130/812 718/125/812
f 889/131/813 959/134/813 958/133/814 888/132/815
f 891/135/39 960/136/39 959/134/39 889/131/39
f 900/137/816 968/138/816 901/96/816
f 904/139/817 965/141/817 964/140/817 905/120/817
f 908/99/39 966/144/39 967/143/39 903/142/39
f 903/142/818 967/143/818 960/136/818 891/135/818
f 888/132/815 958/133/814 965/141/819 904/139/819
f 905/120/39 964/140/39 955/127/39 951/122/39
f 895/148/820 912/152/820 911/146/820
f 663/145/522 739/147/524 911/146/821
f 911/146/821 739/147/524 895/148/822
f 895/148/822 739/147/524 893/149/823
f 893/149/823 739/147/524 969/150/71
f 739/147/524 970/151/71 969/150/71
f 899/104/824 968/138/825 900/137/826
f 892/105/827 968/138/825 899/104/824
f 893/153/828 969/154/828 968/138/828 892/105/828
f 901/96/829 963/155/829 966/144/829 908/99/829
f 968/138/830 961/156/830 963/155/830 901/96/830
f 971/157/831 961/156/831 968/138/831
f 971/158/832 970/151/832 739/147/537 740/159/537
f 734/161/71 962/160/833 971/158/833 740/159/71
f 971/157/834 962/162/834 961/156/834
f 971/157/835 968/138/835 969/154/835 970/163/835
f 847/64/836 814/64/836 972/64/836
f 972/64/837 819/64/837 846/64/837
f 814/64/838 819/64/838 972/64/838
f 790/64/839 813/64/839 975/64/839 974/64/839
f 812/64/840 849/64/840 942/64/840
f 788/64/71 833/64/71 831/64/71 796/64/71
f 792/164/841 852/165/841 973/164/841
f 973/65/842 796/65/842 795/65/842
f 973/65/598 795/65/598 861/65/598
f 796/66/843 801/66/843 795/66/843
f 975/166/844 851/169/844 850/168/844 974/167/844
f 827/67/845 799/67/845 826/67/845
f 572/170/846 745/170/846 976/171/846 876/171/846
f 876/171/847 976/171/847 977/171/847 881/171/847
f 881/171/848 977/171/848 746/170/848 631/170/848
f 745/172/849 749/172/849 978/173/849 976/173/849
f 976/173/850 978/173/850 979/173/850 977/173/850
f 977/173/851 979/173/851 750/172/851 746/172/851
f 827/67/852 826/67/852 882/67/852
f 793/67/853 804/67/853 803/67/853
f 791/66/664 830/66/666 804/66/854
f 941/174/855 857/174/855 943/174/855
f 942/175/856 849/175/856 857/175/856 941/175/856
f 981/77/704 900/77/857 901/77/857 980/77/705
f 982/80/701 899/80/858 900/77/858 981/77/702
f 983/80/698 898/80/859 899/80/859 982/80/699
f 984/80/695 896/80/860 898/80/860 983/80/696
f 985/80/692 897/80/861 896/80/861 984/80/693
f 980/77/707 901/77/862 897/80/862 985/80/708
f 987/83/716 904/83/863 905/83/863 986/83/717
f 988/82/713 902/83/864 904/83/864 987/83/714
f 989/81/710 903/81/865 902/83/865 988/82/711
f 990/81/728 908/81/866 903/81/866 989/81/729
f 991/83/725 907/83/867 908/81/867 990/81/726
f 992/83/722 906/83/868 907/83/868 991/83/723
f 986/83/719 905/83/869 906/83/869 992/83/720
f 994/77/677 891/77/870 889/77/870 993/77/678
f 995/77/674 890/77/871 891/77/871 994/77/675
f 996/78/671 888/80/872 890/77/872 995/77/672
f 993/77/668 889/77/873 888/80/873 996/78/669
f 998/79/680 893/79/874 892/80/874 997/80/681
f 999/79/689 895/79/875 893/79/875 998/79/690
f 1000/80/686 894/80/876 895/79/876 999/79/687
f 997/80/683 892/80/877 894/80/877 1000/80/684
f 1001/80/734 909/80/878 662/84/583 774/84/416
f 1002/80/731 910/80/879 909/80/879 1001/80/732
f 1003/80/429 913/80/586 910/80/586 1002/80/428
f 1004/86/739 912/80/880 913/80/880 1003/80/740
f 1005/79/736 911/79/881 912/80/881 1004/86/737
f 780/85/420 663/85/589 911/79/589 1005/79/419
f 1006/80/745 914/80/882 669/84/882 781/84/746
f 1007/80/742 915/80/883 914/80/883 1006/80/743
f 1008/80/447 918/80/592 915/80/592 1007/80/446
f 1009/80/751 917/80/884 918/80/884 1008/80/752
f 1010/80/748 916/80/885 917/80/885 1009/80/749
f 787/84/438 670/84/595 916/80/595 1010/80/437
f 936/92/776 929/92/775 935/92/886
f 685/92/476 696/92/475 695/92/887
f 687/92/473 695/92/472 694/92/888
f 935/92/773 930/92/772 934/92/889
f 1011/176/890 1012/176/890 1020/176/890 1019/176/890
f 1012/176/891 1013/176/891 1021/176/891 1020/176/891
f 1013/176/892 1014/176/892 1022/176/892 1021/176/892
f 1014/176/893 1015/176/893 1023/176/893 1022/176/893
f 1015/176/894 1016/176/894 1024/176/894 1023/176/894
f 1016/176/895 1017/176/895 1025/176/895 1024/176/895
f 1017/176/896 1018/176/896 1026/176/896 1025/176/896
f 1018/176/897 1011/176/897 1019/176/897 1026/176/897
f 1053/176/55 1052/176/55 1054/176/55
f 1055/176/55 1053/176/55 1054/176/55
f 1056/176/55 1055/176/55 1054/176/55
f 1057/176/55 1056/176/55 1054/176/55
f 1058/176/55 1057/176/55 1054/176/55
f 1059/176/55 1058/176/55 1054/176/55
f 1060/176/55 1059/176/55 1054/176/55
f 1052/176/55 1060/176/55 1054/176/55
f 1043/177/34 1044/178/34 1045/179/34
f 1044/178/34 1046/180/34 1045/179/34
f 1046/180/34 1047/181/34 1045/179/34
f 1047/181/34 1048/182/34 1045/179/34
f 1048/182/34 1049/183/34 1045/179/34
f 1049/183/34 1050/184/34 1045/179/34
f 1050/184/34 1051/185/34 1045/179/34
f 1051/185/34 1043/177/34 1045/179/34
f 1019/176/898 1020/176/898 1028/176/898 1027/176/898
f 1020/176/899 1021/176/899 1029/176/899 1028/176/899
f 1021/176/900 1022/176/900 1030/176/900 1029/176/900
f 1022/176/901 1023/176/901 1031/176/901 1030/176/901
f 1023/176/902 1024/176/902 1032/176/902 1031/176/902
f 1024/176/903 1025/176/903 1033/176/903 1032/176/903
f 1025/176/904 1026/176/904 1034/176/904 1033/176/904
f 1026/176/905 1019/176/905 1027/176/905 1034/176/905
f 1027/176/34 1028/176/34 1036/176/34 1035/176/34
f 1028/176/34 1029/176/34 1037/176/34 1036/176/34
f 1029/176/34 1030/176/34 1038/176/34 1037/176/34
f 1030/176/34 1031/176/34 1039/176/34 1038/176/34
f 1031/176/34 1032/176/34 1040/176/34 1039/176/34
f 1032/176/34 1033/176/34 1041/176/34 1040/176/34
f 1033/176/34 1034/176/34 1042/176/34 1041/176/34
f 1034/176/34 1027/176/34 1035/176/34 1042/176/34
f 1035/186/906 1036/187/906 1044/187/906 1043/186/906
f 1036/187/907 1037/187/907 1046/187/907 1044/187/907
f 1037/187/908 1038/187/908 1047/187/908 1046/187/908
f 1038/187/909 1039/187/909 1048/186/909 1047/187/909
f 1039/187/910 1040/186/910 1049/186/910 1048/186/910
f 1040/186/911 1041/186/911 1050/186/911 1049/186/911
f 1041/186/912 1042/186/912 1051/186/912 1050/186/912
f 1042/186/913 1035/186/913 1043/186/913 1051/186/913
f 1012/176/914 1011/176/914 1052/176/914 1053/176/914
f 1013/176/915 1012/176/915 1053/176/915 1055/176/915
f 1014/176/916 1013/176/916 1055/176/916 1056/176/916
f 1015/176/917 1014/176/917 1056/176/917 1057/176/917
f 1016/176/918 1015/176/918 1057/176/918 1058/176/918
f 1017/176/919 1016/176/919 1058/176/919 1059/176/919
f 1018/176/920 1017/176/920 1059/176/920 1060/176/920
f 1011/176/921 1018/176/921 1060/176/921 1052/176/921
f 1061/188/34 1062/188/34 1064/188/34 1063/188/34
f 1063/188/922 1064/188/922 1066/188/922 1065/188/922
f 1065/188/55 1066/188/55 1068/188/55 1067/188/55
f 1067/188/923 1068/188/923 1062/188/923 1061/188/923
f 1070/188/924 1069/188/924 1071/188/924 1072/188/924
f 1073/188/925 1074/188/925 1075/188/925 1076/188/925
f 1062/188/923 1068/188/923 1069/188/923 1070/188/923
f 1068/188/926 1066/188/926 1071/188/926 1069/188/926
f 1066/188/922 1064/188/922 1072/188/922 1071/188/922
f 1064/188/927 1062/188/927 1070/188/927 1072/188/927
f 1067/188/923 1061/188/923 1074/188/923 1073/188/923
f 1061/188/928 1063/188/928 1075/188/928 1074/188/928
f 1063/188/922 1065/188/922 1076/188/922 1075/188/922
f 1065/188/929 1067/188/929 1073/188/929 1076/188/929
f 1077/189/930 1087/189/931 1088/189/931 1079/189/930
f 1079/190/932 1088/191/71 1091/192/71 1092/193/932
f 1081/189/933 1085/189/934 1086/189/934 1083/189/933
f 1078/189/935 1089/189/935 1090/189/935 1080/189/935
f 1093/189/936 1077/189/936 1079/189/936 1092/189/936
f 1085/189/934 1082/189/937 1084/189/937 1086/189/934
f 1088/189/931 1087/189/931 1078/189/938 1080/189/938
f 1091/192/71 1088/191/71 1080/194/939 1090/195/939
f 1089/189/935 1084/189/935 1082/189/935 1090/189/935
f 1085/196/71 1091/197/71 1090/198/939 1082/199/939
f 1092/200/932 1091/197/71 1085/196/71 1081/201/932
f 1083/189/936 1093/189/936 1092/189/936 1081/189/936
f 1094/202/940 1102/202/940 1103/202/940 1095/202/940
f 1095/202/941 1103/202/941 1104/202/941 1096/202/941
f 1096/202/942 1104/202/942 1105/202/942 1097/202/942
f 1097/202/943 1105/202/943 1106/202/943 1098/202/943
f 1098/202/944 1106/202/944 1107/202/944 1099/202/944
f 1099/202/945 1107/202/945 1108/202/945 1100/202/945
f 1100/202/946 1108/202/946 1109/202/946 1101/202/946
f 1101/202/947 1109/202/947 1102/202/947 1094/202/947
f 1158/202/34 1160/202/34 1159/202/34
f 1159/202/34 1160/202/34 1161/202/34
f 1161/202/34 1160/202/34 1162/202/34
f 1162/202/34 1160/202/34 1163/202/34
f 1163/202/34 1160/202/34 1164/202/34
f 1164/202/34 1160/202/34 1165/202/34
f 1165/202/34 1160/202/34 1166/202/34
f 1166/202/34 1160/202/34 1158/202/34
f 1102/202/948 1110/202/948 1111/202/948 1103/202/948
f 1103/202/949 1111/202/949 1112/202/949 1104/202/949
f 1104/202/950 1112/202/950 1113/202/950 1105/202/950
f 1105/202/951 1113/202/951 1114/202/951 1106/202/951
f 1106/202/952 1114/202/952 1115/202/952 1107/202/952
f 1107/202/953 1115/202/953 1116/202/953 1108/202/953
f 1108/202/954 1116/202/954 1117/202/954 1109/202/954
f 1109/202/955 1117/202/955 1110/202/955 1102/202/955
f 1110/203/940 1118/203/940 1119/203/940 1111/203/940
f 1111/203/941 1119/203/941 1120/203/941 1112/203/941
f 1112/203/942 1120/203/942 1121/203/942 1113/203/942
f 1113/203/943 1121/203/943 1122/203/943 1114/203/943
f 1114/203/944 1122/203/944 1123/203/944 1115/203/944
f 1115/203/945 1123/203/945 1124/203/945 1116/203/945
f 1116/203/946 1124/203/946 1125/203/946 1117/203/946
f 1117/203/947 1125/203/947 1118/203/947 1110/203/947
f 1118/202/956 1126/202/956 1127/202/956 1119/202/956
f 1119/202/957 1127/202/957 1128/202/957 1120/202/957
f 1120/202/958 1128/202/958 1129/202/958 1121/202/958
f 1121/202/959 1129/202/959 1130/202/959 1122/202/959
f 1122/202/960 1130/202/960 1131/202/960 1123/202/960
f 1123/202/961 1131/202/961 1132/202/961 1124/202/961
f 1124/202/962 1132/202/962 1133/202/962 1125/202/962
f 1125/202/963 1133/202/963 1126/202/963 1118/202/963
f 1126/202/940 1134/202/940 1135/202/940 1127/202/940
f 1127/202/941 1135/202/941 1136/202/941 1128/202/941
f 1128/202/942 1136/202/942 1137/202/942 1129/202/942
f 1129/202/943 1137/202/943 1138/202/943 1130/202/943
f 1130/202/944 1138/202/944 1139/202/944 1131/202/944
f 1131/202/945 1139/202/945 1140/202/945 1132/202/945
f 1132/202/946 1140/202/946 1141/202/946 1133/202/946
f 1133/202/947 1141/202/947 1134/202/947 1126/202/947
f 1134/202/964 1142/202/964 1143/202/964 1135/202/964
f 1135/202/965 1143/202/965 1144/202/965 1136/202/965
f 1136/202/966 1144/202/966 1145/202/966 1137/202/966
f 1137/202/967 1145/202/967 1146/202/967 1138/202/967
f 1138/202/968 1146/202/968 1147/202/968 1139/202/968
f 1139/202/969 1147/202/969 1148/202/969 1140/202/969
f 1140/202/970 1148/202/970 1149/202/970 1141/202/970
f 1141/202/971 1149/202/971 1142/202/971 1134/202/971
f 1142/202/972 1150/202/972 1151/202/972 1143/202/972
f 1143/202/973 1151/202/973 1152/202/973 1144/202/973
f 1144/202/974 1152/202/974 1153/202/974 1145/202/974
f 1145/202/975 1153/202/975 1154/202/975 1146/202/975
f 1146/202/976 1154/202/976 1155/202/976 1147/202/976
f 1147/202/977 1155/202/977 1156/202/977 1148/202/977
f 1148/202/978 1156/202/978 1157/202/978 1149/202/978
f 1149/202/979 1157/202/979 1150/202/979 1142/202/979
f 1150/202/944 1158/202/944 1159/202/944 1151/202/944
f 1151/202/945 1159/202/945 1161/202/945 1152/202/945
f 1152/202/946 1161/202/946 1162/202/946 1153/202/946
f 1153/202/947 1162/202/947 1163/202/947 1154/202/947
f 1154/202/940 1163/202/940 1164/202/940 1155/202/940
f 1155/202/941 1164/202/941 1165/202/941 1156/202/941
f 1156/202/942 1165/202/942 1166/202/942 1157/202/942
f 1157/202/943 1166/202/943 1158/202/943 1150/202/943
f 1167/202/980 1175/202/980 1176/202/980 1168/202/980
f 1168/202/981 1176/202/981 1177/202/981 1169/202/981
f 1169/202/982 1177/202/982 1178/202/982 1170/202/982
f 1170/202/983 1178/202/983 1179/202/983 1171/202/983
f 1171/202/984 1179/202/984 1180/202/984 1172/202/984
f 1172/202/985 1180/202/985 1181/202/985 1173/202/985
f 1173/202/986 1181/202/986 1182/202/986 1174/202/986
f 1174/202/987 1182/202/987 1175/202/987 1167/202/987
f 1183/202/34 1185/202/34 1184/202/34
f 1184/202/34 1185/202/34 1186/202/34
f 1186/202/34 1185/202/34 1187/202/34
f 1187/202/34 1185/202/34 1188/202/34
f 1188/202/34 1185/202/34 1189/202/34
f 1189/202/34 1185/202/34 1190/202/34
f 1190/202/34 1185/202/34 1191/202/34
f 1191/202/34 1185/202/34 1183/202/34
f 1175/202/988 1183/202/988 1184/202/988 1176/202/988
f 1176/202/989 1184/202/989 1186/202/989 1177/202/989
f 1177/202/990 1186/202/990 1187/202/990 1178/202/990
f 1178/202/991 1187/202/991 1188/202/991 1179/202/991
f 1179/202/992 1188/202/992 1189/202/992 1180/202/992
f 1180/202/993 1189/202/993 1190/202/993 1181/202/993
f 1181/202/994 1190/202/994 1191/202/994 1182/202/994
f 1182/202/995 1191/202/995 1183/202/995 1175/202/995
f 1192/204/34 1193/204/34 1194/204/34 1195/204/34
f 1196/202/996 1193/202/996 1192/202/996 1197/202/996
f 1198/202/997 1197/202/997 1192/202/997 1195/202/997
f 1198/202/998 1195/202/998 1194/202/998 1199/202/998
f 1199/202/999 1194/202/999 1193/202/999 1196/202/999
f 1197/202/34 1198/202/34 1200/202/34 1201/202/34
f 1198/202/34 1202/202/34 1200/202/34
f 1198/202/34 1203/202/34 1202/202/34
f 1198/202/34 1199/202/34 1204/202/34 1203/202/34
f 1199/202/34 1205/202/34 1204/202/34
f 1199/202/34 1206/202/34 1205/202/34
f 1199/202/34 1196/202/34 1207/202/34 1206/202/34
f 1196/202/34 1208/202/34 1207/202/34
f 1196/202/34 1197/202/34 1209/202/34 1208/202/34
f 1197/202/34 1201/202/34 1209/202/34
f 1211/202/1000 1210/202/1000 1201/202/1000 1200/202/1000
f 1212/202/1001 1211/202/1001 1200/202/1001 1202/202/1001
f 1213/202/1002 1212/202/1002 1202/202/1002 1203/202/1002
f 1214/202/1003 1213/202/1003 1203/202/1003 1204/202/1003
f 1215/202/1004 1214/202/1004 1204/202/1004 1205/202/1004
f 1216/202/1005 1215/202/1005 1205/202/1005 1206/202/1005
f 1217/202/1006 1216/202/1006 1206/202/1006 1207/202/1006
f 1218/202/1007 1217/202/1007 1207/202/1007 1208/202/1007
f 1219/202/1008 1218/202/1008 1208/202/1008 1209/202/1008
f 1210/202/1009 1219/202/1009 1209/202/1009 1201/202/1009
f 1220/202/941 1221/202/941 1229/202/941 1228/202/941
f 1221/202/940 1222/202/940 1230/202/940 1229/202/940
f 1222/202/947 1223/202/947 1231/202/947 1230/202/947
f 1223/202/946 1224/202/946 1232/202/946 1231/202/946
f 1224/202/945 1225/202/945 1233/202/945 1232/202/945
f 1225/202/944 1226/202/944 1234/202/944 1233/202/944
f 1226/202/943 1227/202/943 1235/202/943 1234/202/943
f 1227/202/942 1220/202/942 1228/202/942 1235/202/942
f 1284/205/34 1285/205/34 1286/205/34
f 1285/205/34 1287/205/34 1286/205/34
f 1287/205/34 1288/205/34 1286/205/34
f 1288/205/34 1289/205/34 1286/205/34
f 1289/205/34 1290/205/34 1286/205/34
f 1290/205/34 1291/205/34 1286/205/34
f 1291/205/34 1292/205/34 1286/205/34
f 1292/205/34 1284/205/34 1286/205/34
f 1228/202/1010 1229/202/1010 1237/202/1010 1236/202/1010
f 1229/202/1011 1230/202/1011 1238/202/1011 1237/202/1011
f 1230/202/1012 1231/202/1012 1239/202/1012 1238/202/1012
f 1231/202/1013 1232/202/1013 1240/202/1013 1239/202/1013
f 1232/202/1014 1233/202/1014 1241/202/1014 1240/202/1014
f 1233/202/1015 1234/202/1015 1242/202/1015 1241/202/1015
f 1234/202/1016 1235/202/1016 1243/202/1016 1242/202/1016
f 1235/202/1017 1228/202/1017 1236/202/1017 1243/202/1017
f 1236/206/941 1237/206/941 1245/206/941 1244/206/941
f 1237/206/940 1238/206/940 1246/206/940 1245/206/940
f 1238/206/947 1239/206/947 1247/206/947 1246/206/947
f 1239/206/946 1240/206/946 1248/206/946 1247/206/946
f 1240/206/945 1241/206/945 1249/206/945 1248/206/945
f 1241/206/944 1242/206/944 1250/206/944 1249/206/944
f 1242/206/943 1243/206/943 1251/206/943 1250/206/943
f 1243/206/942 1236/206/942 1244/206/942 1251/206/942
f 1244/202/957 1245/202/957 1253/202/957 1252/202/957
f 1245/202/956 1246/202/956 1254/202/956 1253/202/956
f 1246/202/963 1247/202/963 1255/202/963 1254/202/963
f 1247/202/962 1248/202/962 1256/202/962 1255/202/962
f 1248/202/961 1249/202/961 1257/202/961 1256/202/961
f 1249/202/960 1250/202/960 1258/202/960 1257/202/960
f 1250/202/959 1251/202/959 1259/202/959 1258/202/959
f 1251/202/958 1244/202/958 1252/202/958 1259/202/958
f 1252/202/941 1253/202/941 1261/202/941 1260/202/941
f 1253/202/940 1254/202/940 1262/202/940 1261/202/940
f 1254/202/947 1255/202/947 1263/202/947 1262/202/947
f 1255/202/946 1256/202/946 1264/202/946 1263/202/946
f 1256/202/945 1257/202/945 1265/202/945 1264/202/945
f 1257/202/944 1258/202/944 1266/202/944 1265/202/944
f 1258/202/943 1259/202/943 1267/202/943 1266/202/943
f 1259/202/942 1252/202/942 1260/202/942 1267/202/942
f 1260/202/965 1261/202/965 1269/202/965 1268/202/965
f 1261/202/964 1262/202/964 1270/202/964 1269/202/964
f 1262/202/971 1263/202/971 1271/202/971 1270/202/971
f 1263/202/970 1264/202/970 1272/202/970 1271/202/970
f 1264/202/969 1265/202/969 1273/202/969 1272/202/969
f 1265/202/968 1266/202/968 1274/202/968 1273/202/968
f 1266/202/967 1267/202/967 1275/202/967 1274/202/967
f 1267/202/966 1260/202/966 1268/202/966 1275/202/966
f 1268/202/973 1269/202/973 1277/202/973 1276/202/973
f 1269/202/972 1270/202/972 1278/202/972 1277/202/972
f 1270/202/979 1271/202/979 1279/202/979 1278/202/979
f 1271/202/978 1272/202/978 1280/202/978 1279/202/978
f 1272/202/977 1273/202/977 1281/202/977 1280/202/977
f 1273/202/976 1274/202/976 1282/202/976 1281/202/976
f 1274/202/975 1275/202/975 1283/202/975 1282/202/975
f 1275/202/974 1268/202/974 1276/202/974 1283/202/974
f 1276/202/945 1277/202/945 1285/202/945 1284/202/945
f 1277/202/944 1278/202/944 1287/202/944 1285/202/944
f 1278/202/943 1279/202/943 1288/202/943 1287/202/943
f 1279/202/942 1280/202/942 1289/202/942 1288/202/942
f 1280/202/941 1281/202/941 1290/202/941 1289/202/941
f 1281/202/940 1282/202/940 1291/202/940 1290/202/940
f 1282/202/947 1283/202/947 1292/202/947 1291/202/947
f 1283/202/946 1276/202/946 1284/202/946 1292/202/946
f 1293/202/981 1294/202/981 1302/202/981 1301/202/981
f 1294/202/980 1295/202/980 1303/202/980 1302/202/980
f 1295/202/987 1296/202/987 1304/202/987 1303/202/987
f 1296/202/986 1297/202/986 1305/202/986 1304/202/986
f 1297/202/985 1298/202/985 1306/202/985 1305/202/985
f 1298/202/984 1299/202/984 1307/202/984 1306/202/984
f 1299/202/983 1300/202/983 1308/202/983 1307/202/983
f 1300/202/982 1293/202/982 1301/202/982 1308/202/982
f 1309/202/34 1310/202/34 1311/202/34
f 1310/202/34 1312/202/34 1311/202/34
f 1312/202/34 1313/202/34 1311/202/34
f 1313/202/34 1314/202/34 1311/202/34
f 1314/202/34 1315/202/34 1311/202/34
f 1315/202/34 1316/202/34 1311/202/34
f 1316/202/34 1317/202/34 1311/202/34
f 1317/202/34 1309/202/34 1311/202/34
f 1301/202/989 1302/202/989 1310/202/989 1309/202/989
f 1302/202/988 1303/202/988 1312/202/988 1310/202/988
f 1303/202/995 1304/202/995 1313/202/995 1312/202/995
f 1304/202/994 1305/202/994 1314/202/994 1313/202/994
f 1305/202/993 1306/202/993 1315/202/993 1314/202/993
f 1306/202/992 1307/202/992 1316/202/992 1315/202/992
f 1307/202/991 1308/202/991 1317/202/991 1316/202/991
f 1308/202/990 1301/202/990 1309/202/990 1317/202/990
f 1318/207/1018 1320/207/1018 1321/207/1018 1319/207/1018
f 1320/207/71 1322/207/71 1323/207/71 1321/207/71
f 1322/207/55 1324/207/55 1325/207/55 1323/207/55
f 1326/207/38 1329/207/38 1328/207/38 1327/207/38
f 1319/207/49 1321/207/49 1323/207/49 1325/207/49
f 1324/207/39 1322/207/39 1320/207/39 1318/207/39
f 1324/207/55 1326/207/55 1327/207/55 1325/207/55
f 1325/207/1019 1327/207/1019 1328/207/1019 1319/207/1019
f 1339/208/34 1341/208/34 1340/208/34 1338/208/34
f 1318/207/1020 1329/207/1020 1326/207/1020 1324/207/1020
f 1319/207/34 1331/207/34 1330/207/34 1318/207/34
f 1318/207/34 1330/207/34 1332/207/34 1329/207/34
f 1329/207/34 1332/207/34 1333/207/34 1328/207/34
f 1328/207/34 1333/207/34 1331/207/34 1319/207/34
f 1331/209/71 1335/209/71 1334/209/71 1330/209/71
f 1330/209/1020 1334/209/1020 1336/209/1020 1332/209/1020
f 1332/209/38 1336/209/38 1337/209/38 1333/209/38
f 1333/209/1019 1337/209/1019 1335/209/1019 1331/209/1019
f 1335/208/1021 1339/208/1021 1338/208/1021 1334/208/1021
f 1334/208/1022 1338/208/1022 1340/208/1022 1336/208/1022
f 1336/208/1023 1340/208/1023 1341/208/1023 1337/208/1023
f 1337/208/1024 1341/208/1024 1339/208/1024 1335/208/1024
f 1342/207/1018 1343/207/1018 1345/207/1018 1344/207/1018
f 1344/207/71 1345/207/71 1347/207/71 1346/207/71
f 1346/207/55 1347/207/55 1349/207/55 1348/207/55
f 1350/207/38 1351/207/38 1352/207/38 1353/207/38
f 1343/207/39 1349/207/39 1347/207/39 1345/207/39
f 1348/207/49 1342/207/49 1344/207/49 1346/207/49
f 1348/207/55 1349/207/55 1351/207/55 1350/207/55
f 1349/207/1020 1343/207/1020 1352/207/1020 1351/207/1020
f 1363/208/34 1362/208/34 1364/208/34 1365/208/34
f 1342/207/1019 1348/207/1019 1350/207/1019 1353/207/1019
f 1343/207/34 1342/207/34 1354/207/34 1355/207/34
f 1342/207/34 1353/207/34 1356/207/34 1354/207/34
f 1353/207/34 1352/207/34 1357/207/34 1356/207/34
f 1352/207/34 1343/207/34 1355/207/34 1357/207/34
f 1355/209/71 1354/209/71 1358/209/71 1359/209/71
f 1354/209/1019 1356/209/1019 1360/209/1019 1358/209/1019
f 1356/209/38 1357/209/38 1361/209/38 1360/209/38
f 1357/209/1020 1355/209/1020 1359/209/1020 1361/209/1020
f 1359/208/1021 1358/208/1021 1362/208/1021 1363/208/1021
f 1358/208/1025 1360/208/1025 1364/208/1025 1362/208/1025
f 1360/208/1023 1361/208/1023 1365/208/1023 1364/208/1023
f 1361/208/1026 1359/208/1026 1363/208/1026 1365/208/1026
f 1366/207/1018 1367/207/1018 1369/207/1018 1368/207/1018
f 1368/207/71 1369/207/71 1371/207/71 1370/207/71
f 1370/207/55 1371/207/55 1373/207/55 1372/207/55
f 1374/207/38 1375/207/38 1376/207/38 1377/207/38
f 1367/207/39 1373/207/39 1371/207/39 1369/207/39
f 1372/207/49 1366/207/49 1368/207/49 1370/207/49
f 1372/207/55 1373/207/55 1375/207/55 1374/207/55
f 1373/207/1020 1367/207/1020 1376/207/1020 1375/207/1020
f 1387/208/34 1386/208/34 1388/208/34 1389/208/34
f 1366/207/1019 1372/207/1019 1374/207/1019 1377/207/1019
f 1367/207/34 1366/207/34 1378/207/34 1379/207/34
f 1366/207/34 1377/207/34 1380/207/34 1378/207/34
f 1377/207/34 1376/207/34 1381/207/34 1380/207/34
f 1376/207/34 1367/207/34 1379/207/34 1381/207/34
f 1379/209/71 1378/209/71 1382/209/71 1383/209/71
f 1378/209/1019 1380/209/1019 1384/209/1019 1382/209/1019
f 1380/209/38 1381/209/38 1385/209/38 1384/209/38
f 1381/209/1020 1379/209/1020 1383/209/1020 1385/209/1020
f 1383/208/1021 1382/208/1021 1386/208/1021 1387/208/1021
f 1382/208/1025 1384/208/1025 1388/208/1025 1386/208/1025
f 1384/208/1027 1385/208/1027 1389/208/1027 1388/208/1027
f 1385/208/1028 1383/208/1028 1387/208/1028 1389/208/1028
f 1402/210/71 1403/211/71 1404/212/71 1405/213/71
f 1394/214/55 1395/214/55 1397/214/55 1396/214/55
f 1396/214/38 1397/214/38 1391/214/38 1390/214/38
f 1391/214/1029 1397/214/1029 1395/214/1029 1393/214/1029
f 1396/214/1030 1390/214/1030 1392/214/1030 1394/214/1030
f 1390/214/38 1391/214/38 1399/214/38 1398/214/38
f 1391/214/39 1393/214/39 1400/214/39 1399/214/39
f 1403/211/71 1402/210/71 1406/215/71 1407/216/71
f 1392/214/49 1390/214/49 1398/214/49 1401/214/49
f 1393/214/71 1395/214/71 1404/214/71 1403/214/71
f 1395/214/71 1394/214/71 1405/214/71 1404/214/71
f 1394/214/71 1392/214/71 1402/214/71 1405/214/71
f 1392/214/71 1401/214/71 1406/214/71 1402/214/71
f 1401/214/71 1400/214/71 1407/214/71 1406/214/71
f 1400/214/71 1393/214/71 1403/214/71 1407/214/71
f 1420/210/71 1421/211/71 1422/212/71 1423/213/71
f 1412/214/55 1413/214/55 1415/214/55 1414/214/55
f 1414/214/38 1415/214/38 1409/214/38 1408/214/38
f 1409/214/1029 1415/214/1029 1413/214/1029 1411/214/1029
f 1414/214/1030 1408/214/1030 1410/214/1030 1412/214/1030
f 1408/214/38 1409/214/38 1417/214/38 1416/214/38
f 1409/214/39 1411/214/39 1418/214/39 1417/214/39
f 1421/211/71 1420/210/71 1424/215/71 1425/216/71
f 1410/214/49 1408/214/49 1416/214/49 1419/214/49
f 1411/214/71 1413/214/71 1422/214/71 1421/214/71
f 1413/214/71 1412/214/71 1423/214/71 1422/214/71
f 1412/214/71 1410/214/71 1420/214/71 1423/214/71
f 1410/214/71 1419/214/71 1424/214/71 1420/214/71
f 1419/214/71 1418/214/71 1425/214/71 1424/214/71
f 1418/214/71 1411/214/71 1421/214/71 1425/214/71
f 1438/210/71 1439/211/71 1440/212/71 1441/213/71
f 1430/214/55 1431/214/55 1433/214/55 1432/214/55
f 1432/214/38 1433/214/38 1427/214/38 1426/214/38
f 1427/214/1029 1433/214/1029 1431/214/1029 1429/214/1029
f 1432/214/1030 1426/214/1030 1428/214/1030 1430/214/1030
f 1426/214/38 1427/214/38 1435/214/38 1434/214/38
f 1427/214/39 1429/214/39 1436/214/39 1435/214/39
f 1439/211/71 1438/210/71 1442/215/71 1443/216/71
f 1428/214/49 1426/214/49 1434/214/49 1437/214/49
f 1429/214/71 1431/214/71 1440/214/71 1439/214/71
f 1431/214/71 1430/214/71 1441/214/71 1440/214/71
f 1430/214/71 1428/214/71 1438/214/71 1441/214/71
f 1428/214/71 1437/214/71 1442/214/71 1438/214/71
f 1437/214/71 1436/214/71 1443/214/71 1442/214/71
f 1436/214/71 1429/214/71 1439/214/71 1443/214/71
f 1456/210/71 1457/211/71 1458/212/71 1459/213/71
f 1448/214/55 1449/214/55 1451/214/55 1450/214/55
f 1450/214/38 1451/214/38 1445/214/38 1444/214/38
f 1445/214/1029 1451/214/1029 1449/214/1029 1447/214/1029
f 1450/214/1030 1444/214/1030 1446/214/1030 1448/214/1030
f 1444/214/38 1445/214/38 1453/214/38 1452/214/38
f 1445/214/39 1447/214/39 1454/214/39 1453/214/39
f 1457/211/71 1456/210/71 1460/215/71 1461/216/71
f 1446/214/49 1444/214/49 1452/214/49 1455/214/49
f 1447/214/71 1449/214/71 1458/214/71 1457/214/71
f 1449/214/71 1448/214/71 1459/214/71 1458/214/71
f 1448/214/71 1446/214/71 1456/214/71 1459/214/71
f 1446/214/71 1455/214/71 1460/214/71 1456/214/71
f 1455/214/71 1454/214/71 1461/214/71 1460/214/71
f 1454/214/71 1447/214/71 1457/214/71 1461/214/71
f 1462/217/71 1464/217/71 1465/217/71 1463/217/71
f 1462/217/34 1463/217/34 1467/217/34 1466/217/34
f 1465/217/1031 1469/217/1031 1468/217/1031 1463/217/1031
f 1463/217/34 1468/217/34 1470/217/34 1467/217/34
f 1468/217/1032 1469/217/1032 1471/217/1032 1470/217/1032
f 1471/218/38 1473/218/38 1472/219/38 1470/218/38
f 1475/220/1033 1474/220/1033 1480/220/1033 1481/220/1033
f 1476/220/1034 1475/220/1034 1481/220/1034 1482/220/1034
f 1553/220/1035 1476/220/1035 1482/220/1035 1552/220/1035
f 1478/220/1036 1477/220/1036 1483/220/1036 1484/220/1036
f 1479/220/1037 1478/220/1037 1484/220/1037 1485/220/1037
f 1481/220/39 1480/220/39 1486/220/39 1487/220/39
f 1482/220/39 1481/220/39 1487/220/39 1488/220/39
f 1557/220/39 1552/220/39 1482/220/39 1488/220/39
f 1484/220/39 1483/220/39 1489/220/39 1490/220/39
f 1485/220/39 1484/220/39 1490/220/39 1491/220/39
f 1487/220/1038 1486/220/1038 1492/220/1038 1493/220/1038
f 1488/220/1039 1487/220/1039 1493/220/1039 1494/220/1039
f 1557/220/1040 1488/220/1040 1494/220/1040 1556/220/1040
f 1490/220/1041 1489/220/1041 1495/220/1041 1496/220/1041
f 1491/220/1042 1490/220/1042 1496/220/1042 1497/220/1042
f 1493/220/1043 1492/220/1043 1498/220/1043 1499/220/1043
f 1494/220/1044 1493/220/1044 1499/220/1044 1500/220/1044
f 1556/220/1045 1494/220/1045 1500/220/1045 1555/220/1045
f 1496/220/1046 1495/220/1046 1501/220/1046 1502/220/1046
f 1497/220/1047 1496/220/1047 1502/220/1047 1503/220/1047
f 1499/220/49 1498/220/49 1504/220/49 1505/220/49
f 1500/220/49 1499/220/49 1505/220/49 1506/220/49
f 1555/220/49 1500/220/49 1506/220/49 1554/220/49
f 1502/220/49 1501/220/49 1507/220/49 1508/220/49
f 1503/220/49 1502/220/49 1508/220/49 1509/220/49
f 1505/220/1048 1504/220/1048 1474/220/1048 1475/220/1048
f 1506/220/1049 1505/220/1049 1475/220/1049 1476/220/1049
f 1554/220/1050 1506/220/1050 1476/220/1050 1553/220/1050
f 1508/220/1051 1507/220/1051 1477/220/1051 1478/220/1051
f 1509/220/1052 1508/220/1052 1478/220/1052 1479/220/1052
f 1480/220/1053 1474/220/1053 1510/220/1053 1511/220/1053
f 1479/220/1054 1485/220/1054 1513/220/1054 1512/220/1054
f 1486/220/39 1480/220/39 1511/220/39 1514/220/39
f 1485/220/39 1491/220/39 1515/220/39 1513/220/39
f 1492/220/1054 1486/220/1054 1514/220/1054 1516/220/1054
f 1491/220/1053 1497/220/1053 1517/220/1053 1515/220/1053
f 1498/220/1055 1492/220/1055 1516/220/1055 1518/220/1055
f 1497/220/1056 1503/220/1056 1519/220/1056 1517/220/1056
f 1504/220/49 1498/220/49 1518/220/49 1520/220/49
f 1503/220/49 1509/220/49 1521/220/49 1519/220/49
f 1474/220/1056 1504/220/1056 1520/220/1056 1510/220/1056
f 1509/220/1055 1479/220/1055 1512/220/1055 1521/220/1055
f 1511/221/55 1510/221/55 1522/221/55 1523/221/55
f 1512/222/55 1513/222/55 1525/222/55 1524/222/55
f 1514/221/55 1511/221/55 1523/221/55 1526/221/55
f 1513/222/55 1515/221/55 1527/221/55 1525/222/55
f 1516/221/55 1514/221/55 1526/221/55 1528/221/55
f 1515/221/55 1517/221/55 1529/221/55 1527/221/55
f 1518/221/55 1516/221/55 1528/221/55 1530/221/55
f 1517/221/55 1519/221/55 1531/221/55 1529/221/55
f 1520/221/55 1518/221/55 1530/221/55 1532/221/55
f 1519/221/55 1521/222/55 1533/222/55 1531/221/55
f 1510/221/55 1520/221/55 1532/221/55 1522/221/55
f 1521/222/55 1512/222/55 1524/222/55 1533/222/55
f 1523/221/1053 1522/221/1053 1534/221/1053 1535/221/1053
f 1524/222/1054 1525/222/1054 1537/222/1054 1536/222/1054
f 1526/221/39 1523/221/39 1535/221/39 1538/221/39
f 1525/222/39 1527/221/39 1539/221/39 1537/222/39
f 1528/221/1054 1526/221/1054 1538/221/1054 1540/221/1054
f 1527/221/1053 1529/221/1053 1541/221/1053 1539/221/1053
f 1530/221/1055 1528/221/1055 1540/221/1055 1542/221/1055
f 1529/221/1056 1531/221/1056 1543/221/1056 1541/221/1056
f 1532/221/49 1530/221/49 1542/221/49 1544/221/49
f 1531/221/49 1533/222/49 1545/222/49 1543/221/49
f 1522/221/1056 1532/221/1056 1544/221/1056 1534/221/1056
f 1533/222/1055 1524/222/1055 1536/222/1055 1545/222/1055
f 1477/220/1035 1547/220/1035 1546/220/1035 1483/220/1035
f 1507/220/1050 1548/220/1050 1547/220/1050 1477/220/1050
f 1501/220/49 1549/220/49 1548/220/49 1507/220/49
f 1495/220/1045 1550/220/1045 1549/220/1045 1501/220/1045
f 1489/220/1040 1551/220/1040 1550/220/1040 1495/220/1040
f 1483/220/39 1546/220/39 1551/220/39 1489/220/39
f 1559/223/1035 1558/224/1035 1560/224/1035 1561/223/1035
f 1563/223/1050 1562/224/1050 1558/224/1050 1559/223/1050
f 1565/223/49 1564/224/49 1562/224/49 1563/223/49
f 1567/223/1045 1566/224/1045 1564/224/1045 1565/223/1045
f 1569/223/1040 1568/224/1040 1566/224/1040 1567/223/1040
f 1569/223/39 1561/223/39 1560/224/39 1568/224/39
f 1553/225/1057 1552/225/1057 1560/224/1057 1558/224/1057
f 1546/223/1058 1547/223/1058 1559/223/1058 1561/223/1058
f 1554/225/1059 1553/225/1059 1558/224/1059 1562/224/1059
f 1547/223/1060 1548/223/1060 1563/223/1060 1559/223/1060
f 1555/225/1061 1554/225/1061 1562/224/1061 1564/224/1061
f 1548/223/1062 1549/223/1062 1565/223/1062 1563/223/1062
f 1556/225/1063 1555/225/1063 1564/224/1063 1566/224/1063
f 1549/223/1064 1550/223/1064 1567/223/1064 1565/223/1064
f 1557/225/1065 1556/225/1065 1566/224/1065 1568/224/1065
f 1550/223/1066 1551/223/1066 1569/223/1066 1567/223/1066
f 1551/223/1067 1546/223/1067 1561/223/1067 1569/223/1067
f 1552/225/1068 1557/225/1068 1568/224/1068 1560/224/1068
f 1570/207/1018 1572/207/1018 1573/207/1018 1571/207/1018
f 1572/207/71 1574/207/71 1575/207/71 1573/207/71
f 1574/207/55 1576/207/55 1577/207/55 1575/207/55
f 1578/207/38 1581/207/38 1580/207/38 1579/207/38
f 1571/207/49 1573/207/49 1575/207/49 1577/207/49
f 1576/207/39 1574/207/39 1572/207/39 1570/207/39
f 1576/207/55 1578/207/55 1579/207/55 1577/207/55
f 1577/207/1019 1579/207/1019 1580/207/1019 1571/207/1019
f 1591/208/34 1593/208/34 1592/208/34 1590/208/34
f 1570/207/1020 1581/207/1020 1578/207/1020 1576/207/1020
f 1571/207/34 1583/207/34 1582/207/34 1570/207/34
f 1570/207/34 1582/207/34 1584/207/34 1581/207/34
f 1581/207/34 1584/207/34 1585/207/34 1580/207/34
f 1580/207/34 1585/207/34 1583/207/34 1571/207/34
f 1583/209/71 1587/209/71 1586/209/71 1582/209/71
f 1582/209/1020 1586/209/1020 1588/209/1020 1584/209/1020
f 1584/209/38 1588/209/38 1589/209/38 1585/209/38
f 1585/209/1019 1589/209/1019 1587/209/1019 1583/209/1019
f 1587/208/1021 1591/208/1021 1590/208/1021 1586/208/1021
f 1586/208/1069 1590/208/1069 1592/208/1069 1588/208/1069
f 1588/208/1027 1592/208/1027 1593/208/1027 1589/208/1027
f 1589/208/1070 1593/208/1070 1591/208/1070 1587/208/1070
f 1595/220/1033 1594/220/1033 1600/220/1033 1601/220/1033
f 1596/220/1034 1595/220/1034 1601/220/1034 1602/220/1034
f 1673/220/1035 1596/220/1035 1602/220/1035 1672/220/1035
f 1598/220/1036 1597/220/1036 1603/220/1036 1604/220/1036
f 1599/220/1037 1598/220/1037 1604/220/1037 1605/220/1037
f 1601/220/39 1600/220/39 1606/220/39 1607/220/39
f 1602/220/39 1601/220/39 1607/220/39 1608/220/39
f 1677/220/39 1672/220/39 1602/220/39 1608/220/39
f 1604/220/39 1603/220/39 1609/220/39 1610/220/39
f 1605/220/39 1604/220/39 1610/220/39 1611/220/39
f 1607/220/1038 1606/220/1038 1612/220/1038 1613/220/1038
f 1608/220/1039 1607/220/1039 1613/220/1039 1614/220/1039
f 1677/220/1040 1608/220/1040 1614/220/1040 1676/220/1040
f 1610/220/1041 1609/220/1041 1615/220/1041 1616/220/1041
f 1611/220/1042 1610/220/1042 1616/220/1042 1617/220/1042
f 1613/220/1043 1612/220/1043 1618/220/1043 1619/220/1043
f 1614/220/1044 1613/220/1044 1619/220/1044 1620/220/1044
f 1676/220/1045 1614/220/1045 1620/220/1045 1675/220/1045
f 1616/220/1046 1615/220/1046 1621/220/1046 1622/220/1046
f 1617/220/1047 1616/220/1047 1622/220/1047 1623/220/1047
f 1619/220/49 1618/220/49 1624/220/49 1625/220/49
f 1620/220/49 1619/220/49 1625/220/49 1626/220/49
f 1675/220/49 1620/220/49 1626/220/49 1674/220/49
f 1622/220/49 1621/220/49 1627/220/49 1628/220/49
f 1623/220/49 1622/220/49 1628/220/49 1629/220/49
f 1625/220/1048 1624/220/1048 1594/220/1048 1595/220/1048
f 1626/220/1049 1625/220/1049 1595/220/1049 1596/220/1049
f 1674/220/1050 1626/220/1050 1596/220/1050 1673/220/1050
f 1628/220/1051 1627/220/1051 1597/220/1051 1598/220/1051
f 1629/220/1052 1628/220/1052 1598/220/1052 1599/220/1052
f 1600/220/1053 1594/220/1053 1630/220/1053 1631/220/1053
f 1599/220/1054 1605/220/1054 1633/220/1054 1632/220/1054
f 1606/220/39 1600/220/39 1631/220/39 1634/220/39
f 1605/220/39 1611/220/39 1635/220/39 1633/220/39
f 1612/220/1054 1606/220/1054 1634/220/1054 1636/220/1054
f 1611/220/1053 1617/220/1053 1637/220/1053 1635/220/1053
f 1618/220/1055 1612/220/1055 1636/220/1055 1638/220/1055
f 1617/220/1056 1623/220/1056 1639/220/1056 1637/220/1056
f 1624/220/49 1618/220/49 1638/220/49 1640/220/49
f 1623/220/49 1629/220/49 1641/220/49 1639/220/49
f 1594/220/1056 1624/220/1056 1640/220/1056 1630/220/1056
f 1629/220/1055 1599/220/1055 1632/220/1055 1641/220/1055
f 1631/221/55 1630/221/55 1642/221/55 1643/221/55
f 1632/222/55 1633/222/55 1645/222/55 1644/222/55
f 1634/221/55 1631/221/55 1643/221/55 1646/221/55
f 1633/222/55 1635/221/55 1647/221/55 1645/222/55
f 1636/221/55 1634/221/55 1646/221/55 1648/221/55
f 1635/221/55 1637/221/55 1649/221/55 1647/221/55
f 1638/221/55 1636/221/55 1648/221/55 1650/221/55
f 1637/221/55 1639/221/55 1651/221/55 1649/221/55
f 1640/221/55 1638/221/55 1650/221/55 1652/221/55
f 1639/221/55 1641/222/55 1653/222/55 1651/221/55
f 1630/221/55 1640/221/55 1652/221/55 1642/221/55
f 1641/222/55 1632/222/55 1644/222/55 1653/222/55
f 1643/221/1053 1642/221/1053 1654/221/1053 1655/221/1053
f 1644/222/1054 1645/222/1054 1657/222/1054 1656/222/1054
f 1646/221/39 1643/221/39 1655/221/39 1658/221/39
f 1645/222/39 1647/221/39 1659/221/39 1657/222/39
f 1648/221/1054 1646/221/1054 1658/221/1054 1660/221/1054
f 1647/221/1053 1649/221/1053 1661/221/1053 1659/221/1053
f 1650/221/1055 1648/221/1055 1660/221/1055 1662/221/1055
f 1649/221/1056 1651/221/1056 1663/221/1056 1661/221/1056
f 1652/221/49 1650/221/49 1662/221/49 1664/221/49
f 1651/221/49 1653/222/49 1665/222/49 1663/221/49
f 1642/221/1056 1652/221/1056 1664/221/1056 1654/221/1056
f 1653/222/1055 1644/222/1055 1656/222/1055 1665/222/1055
f 1597/220/1035 1667/220/1035 1666/220/1035 1603/220/1035
f 1627/220/1050 1668/220/1050 1667/220/1050 1597/220/1050
f 1621/220/49 1669/220/49 1668/220/49 1627/220/49
f 1615/220/1045 1670/220/1045 1669/220/1045 1621/220/1045
f 1609/220/1040 1671/220/1040 1670/220/1040 1615/220/1040
f 1603/220/39 1666/220/39 1671/220/39 1609/220/39
f 1679/223/1035 1678/224/1035 1680/224/1035 1681/223/1035
f 1683/223/1050 1682/224/1050 1678/224/1050 1679/223/1050
f 1685/223/49 1684/224/49 1682/224/49 1683/223/49
f 1687/223/1045 1686/224/1045 1684/224/1045 1685/223/1045
f 1689/223/1040 1688/224/1040 1686/224/1040 1687/223/1040
f 1689/223/39 1681/223/39 1680/224/39 1688/224/39
f 1673/225/1057 1672/225/1057 1680/224/1057 1678/224/1057
f 1666/223/1058 1667/223/1058 1679/223/1058 1681/223/1058
f 1674/225/1059 1673/225/1059 1678/224/1059 1682/224/1059
f 1667/223/1060 1668/223/1060 1683/223/1060 1679/223/1060
f 1675/225/1061 1674/225/1061 1682/224/1061 1684/224/1061
f 1668/223/1062 1669/223/1062 1685/223/1062 1683/223/1062
f 1676/225/1063 1675/225/1063 1684/224/1063 1686/224/1063
f 1669/223/1064 1670/223/1064 1687/223/1064 1685/223/1064
f 1677/225/1065 1676/225/1065 1686/224/1065 1688/224/1065
f 1670/223/1066 1671/223/1066 1689/223/1066 1687/223/1066
f 1671/223/1067 1666/223/1067 1681/223/1067 1689/223/1067
f 1672/225/1068 1677/225/1068 1688/224/1068 1680/224/1068
f 1690/226/34 1692/226/34 1693/226/34 1691/226/34
f 1692/226/1071 1694/226/1071 1695/226/1071 1693/226/1071
f 1694/226/55 1696/226/55 1697/226/55 1695/226/55
f 1691/226/49 1693/226/49 1695/226/49 1697/226/49
f 1698/227/34 1700/227/34 1701/227/34 1699/227/34
f 1700/227/1071 1702/227/1071 1703/227/1071 1701/227/1071
f 1702/227/55 1704/227/55 1705/227/55 1703/227/55
f 1699/227/49 1701/227/49 1703/227/49 1705/227/49
f 1706/228/1072 1707/228/1072 1709/228/1072 1708/228/1072
f 1708/228/71 1709/228/71 1711/228/71 1710/228/71
f 1710/228/1073 1711/228/1073 1713/228/1073 1712/228/1073
f 1707/228/1074 1713/228/1074 1711/228/1074 1709/228/1074
f 1712/228/1075 1706/228/1075 1708/228/1075 1710/228/1075
f 1717/229/1076 1715/229/1076 1753/229/1076
f 1753/229/1076 1715/229/1076 1752/229/1076
f 1715/229/1076 1719/229/1076 1752/229/1076
f 1752/229/1076 1719/229/1076 1750/229/1076
f 1719/229/1076 1720/229/1076 1750/229/1076
f 1720/229/1076 1751/229/1076 1750/229/1076
f 1722/229/1077 1748/229/1077 1725/229/1077
f 1748/229/1077 1749/229/1077 1725/229/1077
f 1725/229/1077 1749/229/1077 1729/229/1077
f 1749/229/1077 1747/229/1077 1729/229/1077
f 1729/229/1077 1747/229/1077 1727/229/1077
f 1747/229/1077 1746/229/1077 1727/229/1077
f 1718/229/1078 1728/229/1078 1726/229/1078 1721/229/1078
f 1724/229/1079 1714/229/1079 1716/229/1079 1723/229/1079
f 1739/230/38 1738/230/38 1740/230/38 1741/230/38 1742/230/38 1743/230/38 1744/230/38 1745/230/38
f 1714/229/1080 1715/229/1080 1717/229/1080 1716/229/1080
f 1720/229/1081 1719/229/1081 1718/229/1081 1721/229/1081
f 1725/229/1082 1724/229/1082 1723/229/1082 1722/229/1082
f 1728/229/1083 1729/229/1083 1727/229/1083 1726/229/1083
f 1724/229/38 1725/229/38 1730/229/38 1731/229/38
f 1730/229/38 1725/229/38 1729/229/38 1732/229/38
f 1729/229/38 1728/229/38 1733/229/38 1732/229/38
f 1728/229/38 1718/229/38 1734/229/38 1733/229/38
f 1718/229/38 1719/229/38 1735/229/38 1734/229/38
f 1715/229/38 1736/229/38 1735/229/38 1719/229/38
f 1715/229/38 1714/229/38 1737/229/38 1736/229/38
f 1714/229/38 1724/229/38 1731/229/38 1737/229/38
f 1731/230/1084 1730/230/1084 1738/230/1084 1739/230/1084
f 1740/230/1085 1738/230/1085 1730/230/1085 1732/230/1085
f 1732/230/1086 1733/230/1086 1741/230/1086 1740/230/1086
f 1733/230/1087 1734/230/1087 1742/230/1087 1741/230/1087
f 1734/230/1088 1735/230/1088 1743/230/1088 1742/230/1088
f 1736/230/1089 1744/230/1089 1743/230/1089 1735/230/1089
f 1736/230/1090 1737/230/1090 1745/230/1090 1744/230/1090
f 1737/230/1091 1731/230/1091 1739/230/1091 1745/230/1091
f 1755/231/1092 1754/231/1092 1756/231/1092 1757/231/1092
f 1759/231/1093 1758/231/1093 1760/231/1093 1761/231/1093
f 1747/231/38 1749/232/38 1754/231/38 1755/231/38
f 1749/232/1094 1748/232/1094 1756/231/1094 1754/231/1094
f 1746/231/1095 1747/231/1095 1755/231/1095 1757/231/1095
f 1753/232/1096 1752/232/1096 1758/231/1096 1759/231/1096
f 1752/232/38 1750/231/38 1760/231/38 1758/231/38
f 1750/231/1097 1751/231/1097 1761/231/1097 1760/231/1097
f 1768/233/1098 1769/233/1098 1770/233/1098 1771/233/1098
f 1773/233/1099 1772/233/1099 1769/233/1099 1768/233/1099
f 1767/233/1100 1764/233/1100 1770/233/1100 1769/233/1100
f 1765/233/1101 1766/233/1101 1768/233/1101 1771/233/1101
f 1773/233/1102 1763/233/1102 1775/233/1102 1785/233/1102
f 1762/233/1103 1767/233/1103 1769/233/1103 1772/233/1103
f 1766/233/1104 1763/233/1104 1773/233/1104 1768/233/1104
f 1780/233/1105 1783/233/1105 1782/233/1105 1781/233/1105
f 1773/233/38 1785/233/38 1784/233/38 1772/233/38
f 1785/233/1106 1780/233/1106 1781/233/1106 1784/233/1106
f 1779/233/1107 1781/233/1107 1782/233/1107 1776/233/1107
f 1777/233/1108 1783/233/1108 1780/233/1108 1778/233/1108
f 1772/233/1109 1784/233/1109 1774/233/1109 1762/233/1109
f 1774/233/1110 1784/233/1110 1781/233/1110 1779/233/1110
f 1778/233/1111 1780/233/1111 1785/233/1111 1775/233/1111
f 1792/233/1105 1795/233/1105 1794/233/1105 1793/233/1105
f 1797/233/38 1796/233/38 1808/233/38 1809/233/38
f 1797/233/1112 1792/233/1112 1793/233/1112 1796/233/1112
f 1791/233/1107 1793/233/1107 1794/233/1107 1788/233/1107
f 1789/233/1108 1795/233/1108 1792/233/1108 1790/233/1108
f 1796/233/1109 1786/233/1109 1798/233/1109 1808/233/1109
f 1786/233/1113 1796/233/1113 1793/233/1113 1791/233/1113
f 1790/233/1114 1792/233/1114 1797/233/1114 1787/233/1114
f 1804/233/1098 1805/233/1098 1806/233/1098 1807/233/1098
f 1809/233/1099 1808/233/1099 1805/233/1099 1804/233/1099
f 1803/233/1100 1800/233/1100 1806/233/1100 1805/233/1100
f 1801/233/1101 1802/233/1101 1804/233/1101 1807/233/1101
f 1797/233/1102 1809/233/1102 1799/233/1102 1787/233/1102
f 1798/233/1103 1803/233/1103 1805/233/1103 1808/233/1103
f 1802/233/1104 1799/233/1104 1809/233/1104 1804/233/1104
f 1816/233/1098 1817/233/1098 1818/233/1098 1819/233/1098
f 1821/233/1099 1820/233/1099 1817/233/1099 1816/233/1099
f 1815/233/1100 1812/233/1100 1818/233/1100 1817/233/1100
f 1813/233/1101 1814/233/1101 1816/233/1101 1819/233/1101
f 1821/233/1102 1811/233/1102 1823/233/1102 1833/233/1102
f 1810/233/1103 1815/233/1103 1817/233/1103 1820/233/1103
f 1814/233/1104 1811/233/1104 1821/233/1104 1816/233/1104
f 1828/233/1105 1831/233/1105 1830/233/1105 1829/233/1105
f 1821/233/38 1833/233/38 1832/233/38 1820/233/38
f 1833/233/1115 1828/233/1115 1829/233/1115 1832/233/1115
f 1827/233/1107 1829/233/1107 1830/233/1107 1824/233/1107
f 1825/233/1108 1831/233/1108 1828/233/1108 1826/233/1108
f 1820/233/1109 1832/233/1109 1822/233/1109 1810/233/1109
f 1822/233/1116 1832/233/1116 1829/233/1116 1827/233/1116
f 1826/233/1117 1828/233/1117 1833/233/1117 1823/233/1117
f 1837/229/1076 1835/229/1076 1873/229/1076
f 1873/229/1076 1835/229/1076 1872/229/1076
f 1835/229/1076 1839/229/1076 1872/229/1076
f 1872/229/1076 1839/229/1076 1870/229/1076
f 1839/229/1076 1840/229/1076 1870/229/1076
f 1840/229/1076 1871/229/1076 1870/229/1076
f 1842/229/1077 1868/229/1077 1845/229/1077
f 1868/229/1077 1869/229/1077 1845/229/1077
f 1845/229/1077 1869/229/1077 1849/229/1077
f 1869/229/1077 1867/229/1077 1849/229/1077
f 1849/229/1077 1867/229/1077 1847/229/1077
f 1867/229/1077 1866/229/1077 1847/229/1077
f 1838/229/1078 1848/229/1078 1846/229/1078 1841/229/1078
f 1844/229/1079 1834/229/1079 1836/229/1079 1843/229/1079
f 1859/230/38 1858/230/38 1860/230/38 1861/230/38 1862/230/38 1863/230/38 1864/230/38 1865/230/38
f 1834/229/1080 1835/229/1080 1837/229/1080 1836/229/1080
f 1840/229/1081 1839/229/1081 1838/229/1081 1841/229/1081
f 1845/229/1082 1844/229/1082 1843/229/1082 1842/229/1082
f 1848/229/1083 1849/229/1083 1847/229/1083 1846/229/1083
f 1844/229/38 1845/229/38 1850/229/38 1851/229/38
f 1850/229/38 1845/229/38 1849/229/38 1852/229/38
f 1849/229/38 1848/229/38 1853/229/38 1852/229/38
f 1848/229/38 1838/229/38 1854/229/38 1853/229/38
f 1838/229/38 1839/229/38 1855/229/38 1854/229/38
f 1835/229/38 1856/229/38 1855/229/38 1839/229/38
f 1835/229/38 1834/229/38 1857/229/38 1856/229/38
f 1834/229/38 1844/229/38 1851/229/38 1857/229/38
f 1851/230/1084 1850/230/1084 1858/230/1084 1859/230/1084
f 1860/230/1085 1858/230/1085 1850/230/1085 1852/230/1085
f 1852/230/1086 1853/230/1086 1861/230/1086 1860/230/1086
f 1853/230/1087 1854/230/1087 1862/230/1087 1861/230/1087
f 1854/230/1088 1855/230/1088 1863/230/1088 1862/230/1088
f 1856/230/1089 1864/230/1089 1863/230/1089 1855/230/1089
f 1856/230/1090 1857/230/1090 1865/230/1090 1864/230/1090
f 1857/230/1091 1851/230/1091 1859/230/1091 1865/230/1091
f 1875/231/1092 1874/231/1092 1876/231/1092 1877/231/1092
f 1879/231/1093 1878/231/1093 1880/231/1093 1881/231/1093
f 1867/231/38 1869/232/38 1874/231/38 1875/231/38
f 1869/232/1094 1868/232/1094 1876/231/1094 1874/231/1094
f 1866/231/1095 1867/231/1095 1875/231/1095 1877/231/1095
f 1873/232/1096 1872/232/1096 1878/231/1096 1879/231/1096
f 1872/232/38 1870/231/38 1880/231/38 1878/231/38
f 1870/231/1097 1871/231/1097 1881/231/1097 1880/231/1097
f 1885/229/1076 1883/229/1076 1921/229/1076
f 1921/229/1076 1883/229/1076 1920/229/1076
f 1883/229/1076 1887/229/1076 1920/229/1076
f 1920/229/1076 1887/229/1076 1918/229/1076
f 1887/229/1076 1888/229/1076 1918/229/1076
f 1888/229/1076 1919/229/1076 1918/229/1076
f 1890/229/1077 1916/229/1077 1893/229/1077
f 1916/229/1077 1917/229/1077 1893/229/1077
f 1893/229/1077 1917/229/1077 1897/229/1077
f 1917/229/1077 1915/229/1077 1897/229/1077
f 1897/229/1077 1915/229/1077 1895/229/1077
f 1915/229/1077 1914/229/1077 1895/229/1077
f 1886/229/1078 1896/229/1078 1894/229/1078 1889/229/1078
f 1892/229/1079 1882/229/1079 1884/229/1079 1891/229/1079
f 1907/230/38 1906/230/38 1908/230/38 1909/230/38 1910/230/38 1911/230/38 1912/230/38 1913/230/38
f 1882/229/1080 1883/229/1080 1885/229/1080 1884/229/1080
f 1888/229/1081 1887/229/1081 1886/229/1081 1889/229/1081
f 1893/229/1082 1892/229/1082 1891/229/1082 1890/229/1082
f 1896/229/1083 1897/229/1083 1895/229/1083 1894/229/1083
f 1892/229/38 1893/229/38 1898/229/38 1899/229/38
f 1898/229/38 1893/229/38 1897/229/38 1900/229/38
f 1897/229/38 1896/229/38 1901/229/38 1900/229/38
f 1896/229/38 1886/229/38 1902/229/38 1901/229/38
f 1886/229/38 1887/229/38 1903/229/38 1902/229/38
f 1883/229/38 1904/229/38 1903/229/38 1887/229/38
f 1883/229/38 1882/229/38 1905/229/38 1904/229/38
f 1882/229/38 1892/229/38 1899/229/38 1905/229/38
f 1899/230/1118 1898/230/1118 1906/230/1118 1907/230/1118
f 1908/230/1085 1906/230/1085 1898/230/1085 1900/230/1085
f 1900/230/1086 1901/230/1086 1909/230/1086 1908/230/1086
f 1901/230/1087 1902/230/1087 1910/230/1087 1909/230/1087
f 1902/230/1119 1903/230/1119 1911/230/1119 1910/230/1119
f 1904/230/1089 1912/230/1089 1911/230/1089 1903/230/1089
f 1904/230/1120 1905/230/1120 1913/230/1120 1912/230/1120
f 1905/230/1091 1899/230/1091 1907/230/1091 1913/230/1091
f 1923/231/1092 1922/231/1092 1924/231/1092 1925/231/1092
f 1927/231/1093 1926/231/1093 1928/231/1093 1929/231/1093
f 1915/231/38 1917/232/38 1922/231/38 1923/231/38
f 1917/232/1121 1916/232/1121 1924/231/1121 1922/231/1121
f 1914/231/1122 1915/231/1122 1923/231/1122 1925/231/1122
f 1921/232/1123 1920/232/1123 1926/231/1123 1927/231/1123
f 1920/232/38 1918/231/38 1928/231/38 1926/231/38
f 1918/231/1097 1919/231/1097 1929/231/1097 1928/231/1097
f 1933/229/1076 1931/229/1076 1969/229/1076
f 1969/229/1076 1931/229/1076 1968/229/1076
f 1931/229/1076 1935/229/1076 1968/229/1076
f 1968/229/1076 1935/229/1076 1966/229/1076
f 1935/229/1076 1936/229/1076 1966/229/1076
f 1936/229/1076 1967/229/1076 1966/229/1076
f 1938/229/1077 1964/229/1077 1941/229/1077
f 1964/229/1077 1965/229/1077 1941/229/1077
f 1941/229/1077 1965/229/1077 1945/229/1077
f 1965/229/1077 1963/229/1077 1945/229/1077
f 1945/229/1077 1963/229/1077 1943/229/1077
f 1963/229/1077 1962/229/1077 1943/229/1077
f 1934/229/1078 1944/229/1078 1942/229/1078 1937/229/1078
f 1940/229/1079 1930/229/1079 1932/229/1079 1939/229/1079
f 1955/230/38 1954/230/38 1956/230/38 1957/230/38 1958/230/38 1959/230/38 1960/230/38 1961/230/38
f 1930/229/1080 1931/229/1080 1933/229/1080 1932/229/1080
f 1936/229/1081 1935/229/1081 1934/229/1081 1937/229/1081
f 1941/229/1082 1940/229/1082 1939/229/1082 1938/229/1082
f 1944/229/1083 1945/229/1083 1943/229/1083 1942/229/1083
f 1940/229/38 1941/229/38 1946/229/38 1947/229/38
f 1946/229/38 1941/229/38 1945/229/38 1948/229/38
f 1945/229/38 1944/229/38 1949/229/38 1948/229/38
f 1944/229/38 1934/229/38 1950/229/38 1949/229/38
f 1934/229/38 1935/229/38 1951/229/38 1950/229/38
f 1931/229/38 1952/229/38 1951/229/38 1935/229/38
f 1931/229/38 1930/229/38 1953/229/38 1952/229/38
f 1930/229/38 1940/229/38 1947/229/38 1953/229/38
f 1947/230/1118 1946/230/1118 1954/230/1118 1955/230/1118
f 1956/230/1085 1954/230/1085 1946/230/1085 1948/230/1085
f 1948/230/1086 1949/230/1086 1957/230/1086 1956/230/1086
f 1949/230/1087 1950/230/1087 1958/230/1087 1957/230/1087
f 1950/230/1119 1951/230/1119 1959/230/1119 1958/230/1119
f 1952/230/1089 1960/230/1089 1959/230/1089 1951/230/1089
f 1952/230/1120 1953/230/1120 1961/230/1120 1960/230/1120
f 1953/230/1091 1947/230/1091 1955/230/1091 1961/230/1091
f 1971/231/1092 1970/231/1092 1972/231/1092 1973/231/1092
f 1975/231/1093 1974/231/1093 1976/231/1093 1977/231/1093
f 1963/231/38 1965/232/38 1970/231/38 1971/231/38
f 1965/232/1121 1964/232/1121 1972/231/1121 1970/231/1121
f 1962/231/1122 1963/231/1122 1971/231/1122 1973/231/1122
f 1969/232/1123 1968/232/1123 1974/231/1123 1975/231/1123
f 1968/232/38 1966/231/38 1976/231/38 1974/231/38
f 1966/231/1097 1967/231/1097 1977/231/1097 1976/231/1097
f 1978/234/38 1981/234/38 1982/234/38 1983/234/38
f 1984/234/34 1979/234/34 1983/234/34
f 1983/234/34 1979/234/34 1978/234/34
f 1979/234/34 1999/234/34 1998/234/34 1978/234/34
f 1990/234/34 1986/234/34 1988/234/34
f 1979/234/1124 1984/234/1124 1985/234/1124 1980/234/1124
f 1982/234/55 1981/234/55 1985/234/55
f 1985/234/55 1981/234/55 1980/234/55
f 1997/234/55 1996/234/55 1980/234/55 1981/234/55
f 1987/234/55 1991/234/55 1989/234/55
f 1980/234/1125 1996/234/1126 1999/234/1127 1979/234/1125
f 1981/234/49 1978/234/49 1998/234/49 1997/234/49
f 1987/234/1128 1989/234/1128 1988/234/1128 1986/234/1128
f 2005/234/71 1990/234/71 1991/234/71 2007/234/71
f 1994/234/49 2004/234/49 2006/234/49 1993/234/49
f 1995/234/34 1986/234/34 2005/234/34 2004/234/34 1994/234/34
f 1992/234/1129 1987/234/1130 1986/234/1130 1995/234/1131
f 1993/234/55 1992/234/55 1996/234/55 1997/234/55
f 2001/235/49 2003/235/49 2002/235/49 2000/235/49
f 1999/234/34 1995/234/34 1994/234/34 1998/234/34
f 1996/234/1126 1992/234/1129 1995/234/1131 1999/234/1127
f 1998/235/1132 2001/235/1132 2000/235/1132 1997/235/1132
f 1997/235/55 2000/235/55 2002/235/55 1993/235/55
f 1993/235/1133 2002/235/1133 2003/235/1133 1994/235/1133
f 1994/235/34 2003/235/34 2001/235/34 1998/235/34
f 2005/234/34 1986/234/34 1990/234/34
f 2007/234/55 1987/234/55 1992/234/55 1993/234/55 2006/234/55
f 2007/234/55 1991/234/55 1987/234/55
f 2005/234/1134 2007/234/1134 2006/234/1134 2004/234/1134
f 2008/234/38 2013/234/38 2012/234/38 2011/234/38
f 2014/234/34 2013/234/34 2009/234/34
f 2013/234/34 2008/234/34 2009/234/34
f 2009/234/34 2008/234/34 2028/234/34 2029/234/34
f 2020/234/34 2018/234/34 2016/234/34
f 2009/234/1124 2010/234/1124 2015/234/1124 2014/234/1124
f 2012/234/55 2015/234/55 2011/234/55
f 2015/234/55 2010/234/55 2011/234/55
f 2027/234/55 2011/234/55 2010/234/55 2026/234/55
f 2017/234/55 2019/234/55 2021/234/55
f 2010/234/1135 2009/234/1135 2029/234/1136 2026/234/1137
f 2011/234/39 2027/234/39 2028/234/39 2008/234/39
f 2017/234/1128 2016/234/1128 2018/234/1128 2019/234/1128
f 2035/234/71 2037/234/71 2021/234/71 2020/234/71
f 2024/234/39 2023/234/39 2036/234/39 2034/234/39
f 2025/234/34 2024/234/34 2034/234/34 2035/234/34 2016/234/34
f 2022/234/1138 2025/234/1139 2016/234/1140 2017/234/1140
f 2023/234/55 2027/234/55 2026/234/55 2022/234/55
f 2031/235/39 2030/235/39 2032/235/39 2033/235/39
f 2029/234/34 2028/234/34 2024/234/34 2025/234/34
f 2026/234/1137 2029/234/1136 2025/234/1139 2022/234/1138
f 2028/235/1141 2027/235/1141 2030/235/1141 2031/235/1141
f 2027/235/55 2023/235/55 2032/235/55 2030/235/55
f 2023/235/1142 2024/235/1142 2033/235/1142 2032/235/1142
f 2024/235/34 2028/235/34 2031/235/34 2033/235/34
f 2035/234/34 2020/234/34 2016/234/34
f 2037/234/55 2036/234/55 2023/234/55 2022/234/55 2017/234/55
f 2037/234/55 2017/234/55 2021/234/55
f 2035/234/1143 2034/234/1143 2036/234/1143 2037/234/1143
f 2164/64/39 2165/64/39 2069/64/39 2053/64/39
f 2190/236/34 2191/237/34 2063/238/34
f 2145/64/34 2147/64/34 2056/64/34
f 2056/64/34 2147/64/34 2063/64/34
f 2063/64/34 2147/64/34 2146/64/34
f 2076/64/71 2075/64/71 2077/64/71 2078/64/71
f 2109/239/55 2129/240/55 2133/241/55 2130/242/55 2111/243/55
f 2166/64/38 2167/64/38 2045/64/38 2041/64/38
f 2072/64/39 2161/64/39 2162/64/39 2071/64/39
f 2047/244/38 2169/244/38 2160/245/38 2048/245/38
f 2077/64/1144 2075/64/1145 2079/64/1145 2080/64/1144 2186/64/1144 2180/64/1144
f 2067/246/39 2059/246/39 2159/246/39 2187/246/39 2157/246/39 2060/246/39 2066/246/39
f 2062/247/38 2061/247/38 2057/246/38 2058/246/38
f 2094/248/55 2093/249/55 2095/250/55 2096/251/55
f 2085/252/39 2053/253/39 2040/254/39 2050/255/39
f 2173/64/39 2174/64/39 2046/64/39 2084/64/39
f 2083/64/39 2084/64/39 2046/64/39 2070/64/39
f 2081/256/34 2144/257/34 2082/257/34 2039/257/34 2116/257/34 2043/256/34
f 2068/258/1146 2054/259/1146 2059/259/1146 2067/258/1146
f 2054/259/1147 2158/259/1147 2159/259/1147 2059/259/1147
f 2055/259/1148 2065/258/1148 2066/258/1148 2060/259/1148
f 2052/260/1149 2051/261/1149 2057/261/1149 2061/260/1149
f 2047/261/1150 2048/260/1150 2062/260/1150 2058/261/1150
f 2192/262/34 2193/263/34 2190/236/34 2063/238/34
f 2161/264/1151 2169/244/1151 2047/244/1151 2065/264/1151
f 2066/258/1152 2065/258/1152 2047/261/1152 2058/261/1152
f 2057/246/1153 2067/246/1153 2066/246/1153 2058/246/1153
f 2051/261/1154 2068/258/1154 2067/258/1154 2057/261/1154
f 2165/64/1151 2166/64/1151 2041/64/1151 2069/64/1151
f 2112/265/55 2109/239/55 2111/243/55 2113/266/55
f 2082/257/1155 2083/267/1155 2070/267/1155 2039/257/1155
f 2064/268/1155 2196/268/1155 2197/269/1155 2056/269/1155
f 2038/268/1156 2195/268/1157 2196/268/1158 2064/268/1156
f 2042/270/1159 2194/270/1160 2195/268/1160 2038/268/1159
f 2044/64/49 2049/64/49 2075/64/49 2076/64/49
f 2050/64/1161 2040/64/1161 2078/64/1161 2077/64/1161
f 2095/250/55 2093/249/55 2097/271/55 2098/272/55
f 2174/64/1162 2080/64/1162 2046/64/1162
f 2144/64/34 2145/64/34 2056/64/34 2082/64/34
f 2056/64/1155 2197/64/1155 2071/64/1155 2188/64/1155 2083/64/1155 2082/64/1155
f 2188/273/39 2189/273/39 2084/273/39 2083/273/39
f 2162/64/39 2163/64/39 2084/64/39 2189/64/39
f 2164/64/39 2053/64/39 2085/64/39
f 2086/64/1163 2044/64/1163 2087/64/1163 2088/64/1163
f 2040/64/1164 2053/64/1164 2090/64/1164 2089/64/1164
f 2053/64/1165 2086/64/1165 2088/64/1165 2090/64/1165
f 2044/64/1166 2076/64/1166 2091/64/1166 2087/64/1166
f 2076/64/55 2078/64/55 2092/64/55 2091/64/55
f 2078/64/1167 2040/64/1167 2089/64/1167 2092/64/1167
f 2088/274/1168 2087/274/1169 2093/274/1170 2094/274/1168
f 2089/275/1171 2090/275/1171 2096/275/1171 2095/275/1171
f 2090/275/71 2088/274/71 2094/274/71 2096/275/71
f 2087/274/1169 2091/274/1172 2097/274/1172 2093/274/1170
f 2091/274/38 2092/275/38 2098/275/38 2097/274/38
f 2092/275/1173 2089/275/1173 2095/275/1173 2098/275/1173
f 2053/64/1174 2069/64/1174 2100/64/1174 2099/64/1174
f 2069/64/1175 2041/64/1175 2102/64/1175 2100/64/1175
f 2041/64/1176 2045/64/1176 2101/64/1176 2102/64/1176
f 2086/64/1177 2053/64/1177 2099/64/1177 2103/64/1177
f 2099/276/1178 2100/276/1178 2105/276/1178 2104/276/1178
f 2100/276/1179 2102/276/1179 2107/276/1179 2105/276/1179
f 2102/276/1180 2101/277/1180 2106/277/1180 2107/276/1180
f 2103/277/1181 2099/276/1181 2104/276/1181 2108/277/1181
f 2104/278/1182 2105/279/1183 2111/280/1183 2130/281/1183 2110/282/1184
f 2105/283/1185 2107/284/1185 2113/285/1185 2111/286/1185
f 2107/287/71 2106/288/71 2112/289/71 2113/290/71
f 2108/291/38 2104/292/38 2115/293/38 2114/294/38
f 2104/278/1182 2110/282/1184 2128/295/49 2115/296/49
f 2117/64/71 2116/64/71 2039/64/71 2070/64/71
f 2118/64/1186 2117/64/1186 2070/64/1186 2046/64/1186
f 2043/256/1187 2116/257/1187 2120/257/1187 2119/256/1187
f 2119/256/1188 2120/257/1188 2122/257/1188 2121/256/1188
f 2121/256/1189 2122/257/1189 2125/297/1189 2126/256/1189
f 2126/256/1189 2125/297/1189 2124/297/1189 2123/256/1189
f 2128/298/55 2131/299/55 2127/300/55 2114/301/55 2115/302/55
f 2132/303/55 2131/299/55 2128/298/55 2110/304/55
f 2130/242/55 2133/241/55 2132/303/55 2110/304/55
f 2127/305/1190 2131/306/1190 2135/307/1190 2134/308/1190
f 2133/309/1191 2129/310/1191 2136/311/1191 2137/312/1191
f 2131/313/49 2132/314/49 2138/315/49 2135/316/49
f 2132/314/49 2133/317/49 2137/318/49 2138/315/49
f 2134/308/38 2135/307/38 2140/319/38 2139/320/38
f 2137/312/71 2136/311/71 2141/321/71 2142/322/71
f 2135/316/49 2138/315/49 2143/323/49 2140/324/49
f 2138/315/49 2137/318/49 2142/325/49 2143/323/49
f 2140/326/34 2143/327/34 2149/328/34 2148/329/34
f 2143/327/34 2142/330/34 2150/331/34 2149/328/34
f 2139/332/34 2140/326/34 2152/333/34 2151/334/34
f 2140/326/34 2148/329/34 2152/333/34
f 2142/330/34 2141/335/34 2153/336/34 2154/337/34
f 2150/331/34 2142/330/34 2154/337/34 2155/338/34
f 2157/259/1192 2156/259/1192 2055/259/1192 2060/259/1192
f 2181/259/1193 2187/259/1193 2175/259/1193
f 2162/264/39 2161/264/39 2065/264/39 2055/264/39
f 2163/64/39 2171/64/39 2172/64/39
f 2156/264/39 2163/339/39 2162/264/39 2055/264/39
f 2068/264/39 2165/264/39 2164/264/39 2054/264/39
f 2051/244/1151 2166/244/1151 2165/264/1151 2068/264/1151
f 2052/245/38 2167/245/38 2166/244/38 2051/244/38
f 2158/264/39 2054/264/39 2164/264/39 2168/339/39
f 2085/64/39 2168/64/39 2164/64/39
f 2170/264/39 2171/339/39 2163/339/39 2156/264/39
f 2084/64/39 2163/64/39 2172/64/39 2173/64/39
f 2073/64/1151 2169/64/1151 2161/64/1151 2072/64/1151
f 2074/64/38 2160/64/38 2169/64/38 2073/64/38
f 2181/340/1194 2182/340/1194 2171/340/1194 2170/340/1194
f 2172/340/1195 2171/340/1195 2182/340/1195 2183/340/1195
f 2173/340/1196 2172/340/1196 2183/340/1196 2184/340/1196
f 2184/340/1197 2185/340/1197 2174/340/1197 2173/340/1197
f 2185/340/1198 2186/340/1198 2080/340/1198 2174/340/1198
f 2158/264/39 2168/339/39 2176/339/39 2175/264/39
f 2177/64/39 2176/64/39 2168/64/39 2085/64/39
f 2178/64/39 2177/64/39 2085/64/39
f 2085/64/39 2050/64/39 2179/64/39 2178/64/39
f 2050/64/1199 2077/64/1199 2180/64/1199 2179/64/1199
f 2175/340/1200 2176/340/1200 2182/340/1200 2181/340/1200
f 2183/340/1201 2182/340/1201 2176/340/1201 2177/340/1201
f 2184/340/1202 2183/340/1202 2177/340/1202 2178/340/1202
f 2178/340/1203 2179/340/1203 2185/340/1203 2184/340/1203
f 2179/340/1204 2180/340/1204 2186/340/1204 2185/340/1204
f 2159/259/1205 2158/259/1205 2175/259/1205 2187/259/1205
f 2170/259/1206 2187/259/1206 2181/259/1206
f 2187/259/1205 2170/259/1205 2156/259/1205 2157/259/1205
f 2071/341/39 2162/342/39 2189/343/39 2188/344/39
f 2064/345/34 2056/346/34 2191/346/34 2190/345/34
f 2056/346/34 2063/347/34 2191/346/34
f 2042/348/34 2038/345/34 2193/345/34 2192/348/34
f 2038/345/34 2064/345/34 2190/345/34 2193/345/34
f 2194/64/1160 2074/64/1160 2073/64/1160 2195/64/1160
f 2196/64/1158 2195/64/1157 2073/64/1207 2072/64/1207
f 2197/64/1155 2196/64/1155 2072/64/1155 2071/64/1155
f 2287/64/49 2206/64/49 2219/64/49 2288/64/49
f 2312/236/34 2063/238/34 2313/237/34
f 2272/64/34 2209/64/34 2273/64/34
f 2209/64/34 2063/64/34 2273/64/34
f 2063/64/34 2146/64/34 2273/64/34
f 2076/64/71 2225/64/71 2224/64/71 2075/64/71
f 2109/239/55 2250/243/55 2261/242/55 2264/241/55 2129/240/55
f 2289/64/38 2201/64/38 2045/64/38 2167/64/38
f 2222/64/49 2221/64/49 2285/64/49 2284/64/49
f 2203/244/38 2048/245/38 2160/245/38 2291/244/38
f 2224/64/1208 2302/64/1208 2308/64/1208 2226/64/1208 2079/64/1145 2075/64/1145
f 2217/246/49 2216/246/49 2213/246/49 2281/246/49 2309/246/49 2283/246/49 2212/246/49
f 2062/247/38 2211/246/38 2210/246/38 2061/247/38
f 2238/248/55 2240/251/55 2239/250/55 2237/249/55
f 2230/252/49 2204/255/49 2200/254/49 2206/253/49
f 2295/64/49 2229/64/49 2202/64/49 2296/64/49
f 2228/64/49 2220/64/49 2202/64/49 2229/64/49
f 2081/256/34 2043/256/34 2253/257/34 2199/257/34 2227/257/34 2271/257/34
f 2218/258/1209 2217/258/1209 2212/259/1209 2207/259/1209
f 2207/259/1210 2212/259/1210 2283/259/1210 2282/259/1210
f 2208/259/1211 2213/259/1211 2216/258/1211 2215/258/1211
f 2052/260/1149 2061/260/1149 2210/261/1149 2205/261/1149
f 2203/261/1150 2211/261/1150 2062/260/1150 2048/260/1150
f 2192/262/34 2063/238/34 2312/236/34 2314/263/34
f 2284/264/1212 2215/264/1212 2203/244/1212 2291/244/1212
f 2216/258/1213 2211/261/1213 2203/261/1213 2215/258/1213
f 2210/246/1214 2211/246/1214 2216/246/1214 2217/246/1214
f 2205/261/1215 2210/261/1215 2217/258/1215 2218/258/1215
f 2288/64/1212 2219/64/1212 2201/64/1212 2289/64/1212
f 2112/265/55 2251/266/55 2250/243/55 2109/239/55
f 2227/257/1216 2199/257/1216 2220/267/1216 2228/267/1216
f 2214/268/1216 2209/269/1216 2317/269/1216 2316/268/1216
f 2198/268/1217 2214/268/1217 2316/268/1218 2315/268/1219
f 2042/270/1159 2198/268/1159 2315/268/1160 2194/270/1160
f 2204/64/1220 2224/64/1220 2225/64/1220 2200/64/1220
f 2239/250/55 2242/272/55 2241/271/55 2237/249/55
f 2296/64/1221 2202/64/1221 2226/64/1221
f 2271/64/34 2227/64/34 2209/64/34 2272/64/34
f 2209/64/1216 2227/64/1216 2228/64/1216 2310/64/1216 2221/64/1216 2317/64/1216
f 2310/273/49 2228/273/49 2229/273/49 2311/273/49
f 2285/64/49 2311/64/49 2229/64/49 2286/64/49
f 2287/64/49 2230/64/49 2206/64/49
f 2086/64/1222 2232/64/1222 2231/64/1222 2044/64/1222
f 2200/64/1223 2233/64/1223 2234/64/1223 2206/64/1223
f 2206/64/1165 2234/64/1165 2232/64/1165 2086/64/1165
f 2044/64/1224 2231/64/1224 2235/64/1224 2076/64/1224
f 2076/64/55 2235/64/55 2236/64/55 2225/64/55
f 2225/64/1225 2236/64/1225 2233/64/1225 2200/64/1225
f 2232/274/1226 2238/274/1226 2237/274/1227 2231/274/1228
f 2233/275/1229 2239/275/1229 2240/275/1229 2234/275/1229
f 2234/275/71 2240/275/71 2238/274/71 2232/274/71
f 2231/274/1228 2237/274/1227 2241/274/1230 2235/274/1230
f 2235/274/38 2241/274/38 2242/275/38 2236/275/38
f 2236/275/1231 2242/275/1231 2239/275/1231 2233/275/1231
f 2206/64/1232 2243/64/1232 2244/64/1232 2219/64/1232
f 2219/64/1233 2244/64/1233 2245/64/1233 2201/64/1233
f 2201/64/1176 2245/64/1176 2101/64/1176 2045/64/1176
f 2086/64/1177 2103/64/1177 2243/64/1177 2206/64/1177
f 2243/276/1234 2246/276/1234 2247/276/1234 2244/276/1234
f 2244/276/1235 2247/276/1235 2248/276/1235 2245/276/1235
f 2245/276/1180 2248/276/1180 2106/277/1180 2101/277/1180
f 2103/277/1181 2108/277/1181 2246/276/1181 2243/276/1181
f 2246/278/1236 2249/282/1237 2261/281/1238 2250/280/1238 2247/279/1238
f 2247/283/1239 2250/286/1239 2251/285/1239 2248/284/1239
f 2248/287/71 2251/290/71 2112/289/71 2106/288/71
f 2108/291/38 2114/294/38 2252/293/38 2246/292/38
f 2246/278/1236 2252/296/39 2260/295/39 2249/282/1237
f 2254/64/71 2220/64/71 2199/64/71 2253/64/71
f 2255/64/1240 2202/64/1240 2220/64/1240 2254/64/1240
f 2043/256/1187 2119/256/1187 2256/257/1187 2253/257/1187
f 2119/256/1188 2121/256/1188 2257/257/1188 2256/257/1188
f 2121/256/1189 2126/256/1189 2259/297/1189 2257/257/1189
f 2126/256/1189 2123/256/1189 2258/297/1189 2259/297/1189
f 2260/298/55 2252/302/55 2114/301/55 2127/300/55 2262/299/55
f 2263/303/55 2249/304/55 2260/298/55 2262/299/55
f 2261/242/55 2249/304/55 2263/303/55 2264/241/55
f 2127/305/1190 2134/308/1190 2265/307/1190 2262/306/1190
f 2264/309/1191 2266/312/1191 2136/311/1191 2129/310/1191
f 2262/313/39 2265/316/39 2267/315/39 2263/314/39
f 2263/314/39 2267/315/39 2266/318/39 2264/317/39
f 2134/308/38 2139/320/38 2268/319/38 2265/307/38
f 2266/312/71 2269/322/71 2141/321/71 2136/311/71
f 2265/316/39 2268/324/39 2270/323/39 2267/315/39
f 2267/315/39 2270/323/39 2269/325/39 2266/318/39
f 2268/326/34 2274/329/34 2275/328/34 2270/327/34
f 2270/327/34 2275/328/34 2276/331/34 2269/330/34
f 2139/332/34 2151/334/34 2277/333/34 2268/326/34
f 2268/326/34 2277/333/34 2274/329/34
f 2269/330/34 2278/337/34 2153/336/34 2141/335/34
f 2276/331/34 2279/338/34 2278/337/34 2269/330/34
f 2281/259/1241 2213/259/1241 2208/259/1241 2280/259/1241
f 2303/259/1242 2297/259/1242 2309/259/1242
f 2285/264/49 2208/264/49 2215/264/49 2284/264/49
f 2286/64/49 2294/64/49 2293/64/49
f 2280/264/49 2208/264/49 2285/264/49 2286/339/49
f 2218/264/49 2207/264/49 2287/264/49 2288/264/49
f 2205/244/1212 2218/264/1212 2288/264/1212 2289/244/1212
f 2052/245/38 2205/244/38 2289/244/38 2167/245/38
f 2282/264/49 2290/339/49 2287/264/49 2207/264/49
f 2230/64/49 2287/64/49 2290/64/49
f 2292/264/49 2280/264/49 2286/339/49 2293/339/49
f 2229/64/49 2295/64/49 2294/64/49 2286/64/49
f 2223/64/1212 2222/64/1212 2284/64/1212 2291/64/1212
f 2074/64/38 2223/64/38 2291/64/38 2160/64/38
f 2303/340/1243 2292/340/1243 2293/340/1243 2304/340/1243
f 2294/340/1244 2305/340/1244 2304/340/1244 2293/340/1244
f 2295/340/1245 2306/340/1245 2305/340/1245 2294/340/1245
f 2306/340/1246 2295/340/1246 2296/340/1246 2307/340/1246
f 2307/340/1247 2296/340/1247 2226/340/1247 2308/340/1247
f 2282/264/49 2297/264/49 2298/339/49 2290/339/49
f 2299/64/49 2230/64/49 2290/64/49 2298/64/49
f 2300/64/49 2230/64/49 2299/64/49
f 2230/64/49 2300/64/49 2301/64/49 2204/64/49
f 2204/64/1248 2301/64/1248 2302/64/1248 2224/64/1248
f 2297/340/1249 2303/340/1249 2304/340/1249 2298/340/1249
f 2305/340/1250 2299/340/1250 2298/340/1250 2304/340/1250
f 2306/340/1251 2300/340/1251 2299/340/1251 2305/340/1251
f 2300/340/1252 2306/340/1252 2307/340/1252 2301/340/1252
f 2301/340/1253 2307/340/1253 2308/340/1253 2302/340/1253
f 2283/259/1254 2309/259/1254 2297/259/1254 2282/259/1254
f 2292/259/1255 2303/259/1255 2309/259/1255
f 2309/259/1254 2281/259/1254 2280/259/1254 2292/259/1254
f 2221/341/49 2310/344/49 2311/343/49 2285/342/49
f 2214/345/34 2312/345/34 2313/346/34 2209/346/34
f 2209/346/34 2313/346/34 2063/347/34
f 2042/348/34 2192/348/34 2314/345/34 2198/345/34
f 2198/345/34 2314/345/34 2312/345/34 2214/345/34
f 2194/64/1160 2315/64/1160 2223/64/1160 2074/64/1160
f 2316/64/1218 2222/64/1256 2223/64/1256 2315/64/1219
f 2317/64/1216 2221/64/1216 2222/64/1216 2316/64/1216
f 2318/217/71 2319/217/71 2321/217/71 2320/217/71
f 2318/217/34 2322/217/34 2323/217/34 2319/217/34
f 2321/217/1257 2319/217/1257 2324/217/1257 2325/217/1257
f 2319/217/34 2323/217/34 2326/217/34 2324/217/34
f 2324/217/1258 2326/217/1258 2327/217/1258 2325/217/1258
f 2327/218/38 2326/218/38 2328/219/38 2329/218/38
f 2386/349/1259 2387/349/1259 2388/349/1259 2389/349/1259
f 2391/349/1259 2390/349/1259 2392/349/1259 2393/349/1259
f 2395/349/1259 2394/349/1259 2396/349/1259 2397/349/1259
f 2399/349/1259 2398/349/1259 2400/349/1259 2401/349/1259
f 2403/349/1259 2402/349/1259 2404/349/1259 2405/349/1259
f 2407/349/1259 2406/349/1259 2408/349/1259 2409/349/1259
f 2411/349/1259 2410/349/1259 2412/349/1259 2413/349/1259
f 2415/349/1259 2414/349/1259 2416/349/1259 2417/349/1259
f 2419/349/1259 2418/349/1259 2420/349/1259 2421/349/1259
f 2330/350/1259 2349/350/1259 2351/350/1259 2350/350/1259
f 2349/350/1259 2348/350/1259 2352/350/1259 2351/350/1259
f 2348/350/1259 2332/350/1259 2353/350/1259 2352/350/1259
f 2332/350/1259 2330/350/1259 2350/350/1259 2353/350/1259
f 2334/350/1259 2335/350/1259 2354/350/1259 2355/350/1259
f 2335/350/1259 2331/350/1259 2356/350/1259 2354/350/1259
f 2331/350/1259 2333/350/1259 2357/350/1259 2356/350/1259
f 2333/350/1259 2334/350/1259 2355/350/1259 2357/350/1259
f 2336/350/1259 2337/350/1259 2358/350/1259 2359/350/1259
f 2337/350/1259 2335/350/1259 2360/350/1259 2358/350/1259
f 2335/350/1259 2334/350/1259 2361/350/1259 2360/350/1259
f 2334/350/1259 2336/350/1259 2359/350/1259 2361/350/1259
f 2338/350/1259 2339/350/1259 2362/350/1259 2363/350/1259
f 2339/350/1259 2337/350/1259 2364/350/1259 2362/350/1259
f 2337/350/1259 2336/350/1259 2365/350/1259 2364/350/1259
f 2336/350/1259 2338/350/1259 2363/350/1259 2365/350/1259
f 2340/350/1259 2341/350/1259 2366/350/1259 2367/350/1259
f 2341/350/1259 2339/350/1259 2368/350/1259 2366/350/1259
f 2339/350/1259 2338/350/1259 2369/350/1259 2368/350/1259
f 2338/350/1259 2340/350/1259 2367/350/1259 2369/350/1259
f 2342/350/1259 2343/350/1259 2370/350/1259 2371/350/1259
f 2343/350/1259 2341/350/1259 2372/350/1259 2370/350/1259
f 2341/350/1259 2340/350/1259 2373/350/1259 2372/350/1259
f 2340/350/1259 2342/350/1259 2371/350/1259 2373/350/1259
f 2344/350/1259 2345/350/1259 2374/350/1259 2375/350/1259
f 2345/350/1259 2343/350/1259 2376/350/1259 2374/350/1259
f 2343/350/1259 2342/350/1259 2377/350/1259 2376/350/1259
f 2342/350/1259 2344/350/1259 2375/350/1259 2377/350/1259
f 2346/350/1259 2347/350/1259 2378/350/1259 2379/350/1259
f 2347/350/1259 2345/350/1259 2380/350/1259 2378/350/1259
f 2345/350/1259 2344/350/1259 2381/350/1259 2380/350/1259
f 2344/350/1259 2346/350/1259 2379/350/1259 2381/350/1259
f 2348/350/1259 2349/350/1259 2382/350/1259 2383/350/1259
f 2349/350/1259 2347/350/1259 2384/350/1259 2382/350/1259
f 2347/350/1259 2346/350/1259 2385/350/1259 2384/350/1259
f 2346/350/1259 2348/350/1259 2383/350/1259 2385/350/1259
f 2350/350/1260 2351/350/1260 2387/350/1260 2386/350/1260
f 2351/350/1261 2352/350/1261 2388/350/1261 2387/350/1261
f 2352/350/1262 2353/350/1262 2389/350/1262 2388/350/1262
f 2353/350/1263 2350/350/1263 2386/350/1263 2389/350/1263
f 2355/350/1263 2354/350/1263 2390/350/1263 2391/350/1263
f 2354/350/1260 2356/350/1260 2392/350/1260 2390/350/1260
f 2356/350/1261 2357/350/1261 2393/350/1261 2392/350/1261
f 2357/350/1262 2355/350/1262 2391/350/1262 2393/350/1262
f 2359/350/1263 2358/350/1263 2394/350/1263 2395/350/1263
f 2358/350/1260 2360/350/1260 2396/350/1260 2394/350/1260
f 2360/350/1261 2361/350/1261 2397/350/1261 2396/350/1261
f 2361/350/1262 2359/350/1262 2395/350/1262 2397/350/1262
f 2363/350/1263 2362/350/1263 2398/350/1263 2399/350/1263
f 2362/350/1260 2364/350/1260 2400/350/1260 2398/350/1260
f 2364/350/1261 2365/350/1261 2401/350/1261 2400/350/1261
f 2365/350/1262 2363/350/1262 2399/350/1262 2401/350/1262
f 2367/350/1263 2366/350/1263 2402/350/1263 2403/350/1263
f 2366/350/1260 2368/350/1260 2404/350/1260 2402/350/1260
f 2368/350/1261 2369/350/1261 2405/350/1261 2404/350/1261
f 2369/350/1262 2367/350/1262 2403/350/1262 2405/350/1262
f 2371/350/1263 2370/350/1263 2406/350/1263 2407/350/1263
f 2370/350/1260 2372/350/1260 2408/350/1260 2406/350/1260
f 2372/350/1261 2373/350/1261 2409/350/1261 2408/350/1261
f 2373/350/1262 2371/350/1262 2407/350/1262 2409/350/1262
f 2375/350/1263 2374/350/1263 2410/350/1263 2411/350/1263
f 2374/350/1260 2376/350/1260 2412/350/1260 2410/350/1260
f 2376/350/1261 2377/350/1261 2413/350/1261 2412/350/1261
f 2377/350/1262 2375/350/1262 2411/350/1262 2413/350/1262
f 2379/350/1263 2378/350/1263 2414/350/1263 2415/350/1263
f 2378/350/1260 2380/350/1260 2416/350/1260 2414/350/1260
f 2380/350/1261 2381/350/1261 2417/350/1261 2416/350/1261
f 2381/350/1262 2379/350/1262 2415/350/1262 2417/350/1262
f 2383/350/1263 2382/350/1263 2418/350/1263 2419/350/1263
f 2382/350/1260 2384/350/1260 2420/350/1260 2418/350/1260
f 2384/350/1261 2385/350/1261 2421/350/1261 2420/350/1261
f 2385/350/1262 2383/350/1262 2419/350/1262 2421/350/1262
f 2422/351/1264 2424/351/1264 2425/351/1264 2423/351/1264
f 2424/351/1265 2426/351/1265 2427/351/1265 2425/351/1265
f 2426/351/1266 2428/351/1266 2429/351/1266 2427/351/1266
f 2423/351/1267 2425/351/1267 2427/351/1267 2429/351/1267
f 2428/351/1268 2426/351/1268 2424/351/1268 2422/351/1268
f 2423/352/1269 2431/352/1269 2430/352/1269 2422/352/1269
f 2428/352/1270 2432/352/1270 2433/352/1270 2429/352/1270
f 2422/352/1271 2430/352/1271 2432/352/1271 2428/352/1271
f 2429/352/1272 2433/352/1272 2431/352/1272 2423/352/1272
f 2431/352/34 2435/352/34 2434/352/34 2430/352/34
f 2432/352/55 2436/352/55 2437/352/55 2433/352/55
f 2430/352/1273 2434/352/1273 2436/352/1273 2432/352/1273
f 2433/352/1274 2437/352/1274 2435/352/1274 2431/352/1274
f 2438/227/34 2439/227/34 2441/227/34 2440/227/34
f 2440/227/1275 2441/227/1275 2443/227/1275 2442/227/1275
f 2442/227/55 2443/227/55 2445/227/55 2444/227/55
f 2439/227/39 2445/227/39 2443/227/39 2441/227/39
f 2446/226/34 2447/226/34 2449/226/34 2448/226/34
f 2448/226/1275 2449/226/1275 2451/226/1275 2450/226/1275
f 2450/226/55 2451/226/55 2453/226/55 2452/226/55
f 2447/226/39 2453/226/39 2451/226/39 2449/226/39
f 2458/353/1276 2459/353/1276 2460/353/1276 2461/353/1276
f 2456/353/1277 2457/353/1277 2459/353/1277 2458/353/1277
f 2457/353/1278 2455/353/1278 2460/353/1278 2459/353/1278
f 2454/353/1279 2456/353/1279 2458/353/1279 2461/353/1279
f 2462/354/34 2464/355/34 2465/355/34 2463/354/34
f 2464/355/1280 2466/354/1280 2467/354/1280 2465/355/1280
f 2468/354/1281 2462/355/1281 2463/355/1281 2469/354/1281
f 2470/354/34 2472/355/34 2473/355/34 2471/354/34
f 2472/355/1280 2474/354/1280 2475/354/1280 2473/355/1280
f 2476/354/1281 2470/355/1281 2471/355/1281 2477/354/1281
f 2478/354/34 2480/355/34 2481/355/34 2479/354/34
f 2480/355/1280 2482/354/1280 2483/354/1280 2481/355/1280
f 2484/354/1281 2478/355/1281 2479/355/1281 2485/354/1281
f 2486/354/34 2488/355/34 2489/355/34 2487/354/34
f 2488/355/1280 2490/354/1280 2491/354/1280 2489/355/1280
f 2492/354/1281 2486/355/1281 2487/355/1281 2493/354/1281
f 2494/354/34 2496/355/34 2497/355/34 2495/354/34
f 2496/355/1280 2498/354/1280 2499/354/1280 2497/355/1280
f 2500/354/1281 2494/355/1281 2495/355/1281 2501/354/1281
f 2502/64/1282 2511/64/1282 2510/64/1282 2503/64/1282
f 2504/64/1283 2506/64/1283 2507/64/1283 2505/64/1283
f 2506/64/1284 2513/64/1284 2512/64/1284 2507/64/1284
f 2508/64/1285 2502/64/1285 2503/64/1285 2509/64/1285
f 2511/64/1286 2504/64/1286 2505/64/1286 2510/64/1286
f 2513/64/1287 2508/64/1287 2509/64/1287 2512/64/1287
f 2502/356/1288 2514/356/1288 2515/356/1288 2511/356/1288
f 2504/356/1289 2516/356/1289 2517/356/1289 2506/356/1289
f 2506/356/1290 2517/356/1290 2518/356/1290 2513/356/1290
f 2508/356/1291 2519/356/1291 2514/356/1291 2502/356/1291
f 2511/356/1292 2515/356/1292 2516/356/1292 2504/356/1292
f 2513/356/1293 2518/356/1293 2519/356/1293 2508/356/1293
f 2514/356/1294 2520/356/1294 2521/356/1294 2515/356/1294
f 2516/356/1295 2522/356/1295 2523/356/1295 2517/356/1295
f 2517/356/1296 2523/356/1296 2524/356/1296 2518/356/1296
f 2519/356/512 2525/356/512 2520/356/512 2514/356/512
f 2515/356/1297 2521/356/1297 2522/356/1297 2516/356/1297
f 2518/356/1298 2524/356/1298 2525/356/1298 2519/356/1298
f 2510/357/1299 2527/357/1299 2526/357/1299 2503/357/1299
f 2507/357/1300 2529/357/1300 2528/357/1300 2505/357/1300
f 2512/357/1301 2530/357/1301 2529/357/1301 2507/357/1301
f 2503/357/1302 2526/357/1302 2531/357/1302 2509/357/1302
f 2505/357/1303 2528/357/1303 2527/357/1303 2510/357/1303
f 2509/357/1304 2531/357/1304 2530/357/1304 2512/357/1304
f 2527/357/1305 2533/357/1305 2532/357/1305 2526/357/1305
f 2529/357/1306 2535/357/1306 2534/357/1306 2528/357/1306
f 2530/357/1307 2536/357/1307 2535/357/1307 2529/357/1307
f 2526/357/1308 2532/357/1308 2537/357/1308 2531/357/1308
f 2528/357/1309 2534/357/1309 2533/357/1309 2527/357/1309
f 2531/357/1310 2537/357/1310 2536/357/1310 2530/357/1310
f 2539/358/1311 2545/358/1311 2543/358/1311 2538/358/1311
f 2574/64/49 2576/64/49 2575/64/49 2573/64/49
f 2541/358/55 2542/358/55 2544/358/55 2540/358/55
f 2581/64/39 2583/64/39 2582/64/39 2580/64/39
f 2543/358/38 2545/358/38 2544/358/38 2542/358/38
f 2550/358/71 2547/358/71 2546/358/71 2549/358/71
f 2580/64/39 2586/64/39 2585/64/39 2584/64/39 2581/64/39
f 2538/358/1312 2546/358/1312 2547/358/1312 2539/358/1312
f 2573/359/49 2579/360/49 2578/361/49 2577/362/49 2574/363/49
f 2540/358/55 2551/358/55 2548/358/55 2541/358/55
f 2548/358/1313 2551/358/1313 2550/358/1313 2549/358/1313
f 2539/358/1314 2552/358/1314 2554/358/1314 2545/358/1314
f 2545/358/1315 2554/358/1315 2555/358/1315 2544/358/1315
f 2544/358/1316 2555/358/1316 2553/358/1316 2540/358/1316
f 2540/358/1316 2553/358/1316 2556/358/1316 2551/358/1316
f 2551/358/1317 2556/358/1317 2557/358/1317 2550/358/1317
f 2550/358/1318 2557/358/1318 2558/358/1318 2547/358/1318
f 2547/358/1319 2558/358/1319 2552/358/1319 2539/358/1319
f 2541/358/1320 2559/358/1320 2561/358/1320 2542/358/1320
f 2542/358/1321 2561/358/1321 2562/358/1321 2543/358/1321
f 2543/358/1322 2562/358/1322 2560/358/1322 2538/358/1322
f 2538/358/1323 2560/358/1323 2563/358/1323 2546/358/1323
f 2546/358/1324 2563/358/1324 2564/358/1324 2549/358/1324
f 2549/358/1325 2564/358/1325 2565/358/1325 2548/358/1325
f 2548/358/1320 2565/358/1320 2559/358/1320 2541/358/1320
f 2552/364/49 2566/364/49 2568/365/49 2554/365/49
f 2554/365/49 2568/365/49 2569/365/49 2555/365/49
f 2555/365/49 2569/365/49 2567/364/49 2553/364/49
f 2553/364/49 2567/364/49 2570/364/49 2556/364/49
f 2556/364/49 2570/364/49 2571/364/49 2557/364/49
f 2557/364/49 2571/364/49 2572/364/49 2558/364/49
f 2558/364/49 2572/364/49 2566/364/49 2552/364/49
f 2566/366/1326 2573/366/1326 2575/366/1326 2568/366/1326
f 2568/366/1327 2575/366/1327 2576/366/1327 2569/366/1327
f 2569/366/1328 2576/366/1328 2574/366/1328 2567/366/1328
f 2567/366/1328 2574/366/1328 2577/366/1328 2570/366/1328
f 2570/366/1329 2577/366/1329 2578/366/1329 2571/366/1329
f 2571/366/1330 2578/366/1330 2579/366/1330 2572/366/1330
f 2572/366/1331 2579/366/1331 2573/366/1331 2566/366/1331
f 2559/367/39 2580/367/39 2582/367/39 2561/367/39
f 2561/367/39 2582/367/39 2583/367/39 2562/367/39
f 2562/367/39 2583/367/39 2581/367/39 2560/367/39
f 2560/367/39 2581/367/39 2584/367/39 2563/367/39
f 2563/367/39 2584/367/39 2585/367/39 2564/367/39
f 2564/367/39 2585/367/39 2586/367/39 2565/367/39
f 2565/367/39 2586/367/39 2580/367/39 2559/367/39
f 2587/354/34 2589/355/34 2590/355/34 2588/354/34
f 2589/355/1280 2591/354/1280 2592/354/1280 2590/355/1280
f 2593/354/1281 2587/355/1281 2588/355/1281 2594/354/1281
f 2603/368/38 2608/369/38 2688/370/38 2687/371/38
f 2686/372/39 2685/372/39 2595/372/39 2604/372/39
f 2668/373/55 2674/373/55 2673/373/55 2672/373/55 2671/373/55 2670/373/55 2669/373/55 2667/373/55
f 2644/374/34 2650/374/34 2649/374/34 2648/374/34 2647/374/34 2646/374/34 2645/374/34 2643/374/34
f 2595/372/1332 2685/372/1332 2684/372/1332 2733/372/1332 2731/372/1332 2596/372/1332
f 2599/372/1333 2732/372/1333 2734/372/1333 2683/372/1333 2690/372/1333 2600/372/1333
f 2603/372/1334 2687/372/1334 2686/372/1334 2604/372/1334
f 2607/372/1335 2689/372/1335 2688/372/1335 2608/372/1335
f 2597/375/1336 2709/375/1337 2708/375/1338 2598/375/1336
f 2708/375/1339 2707/376/1339 2602/376/1340 2598/375/1340
f 2602/376/1341 2707/376/1342 2714/376/1343 2601/376/1341
f 2601/376/1344 2714/376/1343 2713/376/1345 2610/376/1344
f 2610/376/1346 2713/376/1345 2712/376/1347 2609/376/1346
f 2609/376/1348 2712/376/1349 2711/375/1349 2606/375/1348
f 2606/375/1350 2711/375/1351 2710/375/1352 2605/375/1350
f 2605/375/1353 2710/375/1352 2709/375/1337 2597/375/1353
f 2604/377/1354 2704/377/1354 2703/377/1354 2603/377/1354
f 2603/377/1355 2703/377/1355 2702/378/1355 2608/378/1355
f 2608/378/1356 2702/378/1356 2701/378/1356 2607/378/1356
f 2607/378/1357 2701/378/1357 2700/378/1357 2600/378/1357
f 2600/378/1358 2700/378/1358 2699/378/1358 2599/378/1358
f 2596/377/1359 2599/378/1359 2699/378/1359 2706/377/1359
f 2596/377/1360 2706/377/1360 2705/377/1360 2595/377/1360
f 2595/377/1361 2705/377/1361 2704/377/1361 2604/377/1361
f 2612/379/1362 2628/379/1362 2627/379/1362 2611/379/1362
f 2611/379/71 2627/379/71 2629/379/71 2613/379/71
f 2613/379/1363 2629/379/1363 2630/379/1363 2614/379/1363
f 2614/379/39 2630/379/39 2631/379/39 2615/379/39
f 2615/379/1364 2631/379/1364 2632/379/1364 2616/379/1364
f 2617/379/38 2616/379/38 2632/379/38 2633/379/38
f 2617/379/1365 2633/379/1365 2634/379/1365 2618/379/1365
f 2618/379/49 2634/379/49 2628/379/49 2612/379/49
f 2628/380/1366 2636/381/1366 2635/381/1366 2627/381/1366
f 2627/381/1367 2635/381/1367 2637/381/1367 2629/381/1367
f 2629/381/1368 2637/381/1368 2638/381/1368 2630/381/1368
f 2630/381/1369 2638/381/1369 2639/381/1369 2631/381/1369
f 2631/381/1370 2639/381/1370 2640/381/1370 2632/381/1370
f 2633/381/1371 2632/381/1371 2640/381/1371 2641/381/1371
f 2633/381/1372 2641/381/1372 2642/381/1372 2634/380/1372
f 2634/380/1373 2642/381/1373 2636/381/1373 2628/380/1373
f 2636/381/1374 2644/381/1374 2643/381/1374 2635/381/1374
f 2635/381/1375 2643/381/1375 2645/381/1375 2637/381/1375
f 2637/381/1376 2645/381/1376 2646/381/1376 2638/381/1376
f 2638/381/1377 2646/381/1377 2647/381/1377 2639/381/1377
f 2639/381/1378 2647/381/1378 2648/381/1378 2640/381/1378
f 2641/381/1379 2640/381/1379 2648/381/1379 2649/381/1379
f 2641/381/1380 2649/381/1380 2650/381/1380 2642/381/1380
f 2642/381/1381 2650/381/1381 2644/381/1381 2636/381/1381
f 2607/382/49 2600/382/49 2690/382/49 2689/382/49
f 2683/372/71 2734/372/71 2733/372/71 2684/372/71
f 2620/383/1382 2652/383/1383 2651/383/1383 2619/383/1384
f 2619/383/1385 2651/383/38 2653/383/38 2621/383/1385
f 2621/383/1386 2653/383/1387 2654/383/1387 2622/383/1388
f 2622/383/1389 2654/383/39 2655/383/39 2623/383/1389
f 2623/383/1390 2655/383/1391 2656/383/1391 2624/383/1392
f 2624/383/1393 2656/383/71 2657/383/71 2625/383/1393
f 2625/383/1394 2657/383/1395 2658/383/1395 2626/383/1396
f 2626/383/1397 2658/383/49 2652/383/49 2620/383/1397
f 2652/384/55 2660/384/55 2659/384/55 2651/384/55
f 2651/384/55 2659/384/55 2661/384/55 2653/384/55
f 2653/384/55 2661/384/55 2662/384/55 2654/384/55
f 2654/384/55 2662/384/55 2663/384/55 2655/384/55
f 2655/384/55 2663/384/55 2664/384/55 2656/384/55
f 2656/384/55 2664/384/55 2665/384/55 2657/384/55
f 2657/384/55 2665/384/55 2666/384/55 2658/384/55
f 2658/384/55 2666/384/55 2660/384/55 2652/384/55
f 2660/384/1398 2668/384/1398 2667/384/1398 2659/384/1398
f 2659/384/1399 2667/384/1399 2669/384/1399 2661/384/1399
f 2661/384/1400 2669/384/1400 2670/384/1400 2662/384/1400
f 2662/384/1401 2670/384/1401 2671/384/1401 2663/384/1401
f 2663/384/1402 2671/384/1402 2672/384/1402 2664/384/1402
f 2664/384/1403 2672/384/1403 2673/384/1403 2665/384/1403
f 2665/384/1404 2673/384/1404 2674/384/1404 2666/384/1404
f 2666/384/1405 2674/384/1405 2668/384/1405 2660/384/1405
f 2676/385/34 2615/385/34 2616/385/34 2675/385/34
f 2677/385/34 2614/385/34 2615/385/34 2676/385/34
f 2678/385/34 2613/385/34 2614/385/34 2677/385/34
f 2679/386/34 2611/385/34 2613/385/34 2678/385/34
f 2680/387/34 2612/387/34 2611/385/34 2679/386/34
f 2681/387/34 2618/387/34 2612/387/34 2680/387/34
f 2682/386/34 2617/385/34 2618/387/34 2681/387/34
f 2675/385/34 2616/385/34 2617/385/34 2682/386/34
f 2691/372/1406 2683/372/1406 2684/372/1406 2692/372/1406
f 2685/372/1407 2693/372/1407 2692/372/1407 2684/372/1407
f 2694/372/39 2693/372/39 2685/372/39 2686/372/39
f 2687/372/1408 2695/372/1408 2694/372/1408 2686/372/1408
f 2688/372/1409 2696/372/1409 2695/372/1409 2687/372/1409
f 2689/372/1410 2697/372/1410 2696/372/1410 2688/372/1410
f 2690/388/1411 2698/388/1411 2697/388/1411 2689/389/1411
f 2683/372/1412 2691/372/1412 2698/372/1412 2690/372/1412
f 2735/390/71 2691/390/71 2692/391/71 2736/391/71
f 2693/391/1332 2737/391/1332 2736/391/1332 2692/391/1332
f 2738/391/39 2737/391/39 2693/391/39 2694/391/39
f 2695/391/1413 2739/391/1413 2738/391/1413 2694/391/1413
f 2696/390/38 2740/390/38 2739/391/38 2695/391/38
f 2697/390/1414 2741/390/1414 2740/390/1414 2696/390/1414
f 2698/390/49 2742/390/49 2741/390/49 2697/390/49
f 2691/390/1415 2735/390/1415 2742/390/1415 2698/390/1415
f 2700/385/1416 2676/385/1416 2675/385/1416 2699/385/1416
f 2701/385/1417 2677/385/1417 2676/385/1417 2700/385/1417
f 2702/385/1418 2678/385/1418 2677/385/1418 2701/385/1418
f 2703/392/1419 2679/386/1419 2678/385/1419 2702/385/1419
f 2704/387/1420 2680/387/1420 2679/386/1420 2703/392/1420
f 2705/387/1421 2681/387/1421 2680/387/1421 2704/387/1421
f 2706/392/1422 2682/386/1422 2681/387/1422 2705/387/1422
f 2699/385/1423 2675/385/1423 2682/386/1423 2706/392/1423
f 2715/393/1424 2719/393/1425 2720/393/1426 2716/393/1427
f 2716/393/1427 2718/393/1428 2717/393/1429 2715/393/1424
f 2718/393/1428 2730/393/1430 2729/393/1431 2717/393/1429
f 2719/393/1425 2721/393/1432 2722/393/1433 2720/393/1426
f 2721/393/1432 2723/393/1434 2724/393/1435 2722/393/1433
f 2723/393/1434 2725/393/1436 2726/393/1437 2724/393/1435
f 2725/393/1436 2727/393/1438 2728/393/1439 2726/393/1437
f 2727/393/1438 2729/393/1431 2730/393/1430 2728/393/1439
f 2717/394/1440 2620/394/1382 2619/394/1384 2715/394/1440
f 2621/394/1385 2719/394/1441 2715/394/1441 2619/394/1385
f 2719/394/1442 2621/394/1386 2622/394/1388 2721/394/1442
f 2721/394/1443 2622/394/1389 2623/394/1389 2723/394/1443
f 2723/394/1444 2623/394/1390 2624/394/1392 2725/394/1444
f 2725/394/1445 2624/394/1393 2625/394/1393 2727/394/1445
f 2727/394/1446 2625/394/1394 2626/394/1396 2729/394/1446
f 2729/394/1447 2626/394/1397 2620/394/1397 2717/394/1447
f 2716/393/1448 2720/393/1448 2707/393/1339 2708/393/1339
f 2709/393/1337 2718/393/1449 2716/393/1450 2708/393/1338
f 2710/393/1352 2730/393/1451 2718/393/1449 2709/393/1337
f 2711/395/1351 2728/393/1452 2730/393/1451 2710/393/1352
f 2712/395/1349 2726/393/1453 2728/393/1453 2711/395/1349
f 2713/393/1345 2724/393/1454 2726/393/1455 2712/395/1347
f 2714/393/1343 2722/393/1456 2724/393/1454 2713/393/1345
f 2707/393/1342 2720/393/1457 2722/393/1456 2714/393/1343
f 2732/372/71 2599/372/71 2596/372/71 2731/372/71
f 2734/396/71 2732/397/71 2731/398/71 2733/399/71
f 2602/376/71 2735/376/71 2736/375/71 2598/375/71
f 2737/400/1332 2597/375/1332 2598/375/1332 2736/375/1332
f 2605/375/39 2597/375/39 2737/400/39 2738/375/39
f 2739/400/1413 2606/375/1413 2605/375/1413 2738/375/1413
f 2740/376/38 2609/376/38 2606/375/38 2739/400/38
f 2741/376/1414 2610/376/1414 2609/376/1414 2740/376/1414
f 2742/376/49 2601/376/49 2610/376/49 2741/376/49
f 2735/376/1415 2602/376/1415 2601/376/1415 2742/376/1415
f 2743/64/1458 2752/64/1458 2751/64/1458 2744/64/1458
f 2745/64/1459 2747/64/1459 2748/64/1459 2746/64/1459
f 2747/64/1460 2754/64/1460 2753/64/1460 2748/64/1460
f 2749/64/1461 2743/64/1461 2744/64/1461 2750/64/1461
f 2752/64/1462 2745/64/1462 2746/64/1462 2751/64/1462
f 2754/64/1463 2749/64/1463 2750/64/1463 2753/64/1463
f 2743/401/1464 2755/402/1464 2756/401/1464 2752/401/1464
f 2745/401/1465 2757/401/1465 2758/401/1465 2747/401/1465
f 2747/401/1466 2758/401/1466 2759/401/1466 2754/401/1466
f 2749/401/1467 2760/401/1467 2755/402/1467 2743/401/1467
f 2752/401/1468 2756/401/1468 2757/401/1468 2745/401/1468
f 2754/401/1469 2759/401/1469 2760/401/1469 2749/401/1469
f 2755/402/1470 2761/402/1470 2762/401/1470 2756/401/1470
f 2757/401/1471 2763/401/1471 2764/401/1471 2758/401/1471
f 2758/401/1472 2764/401/1472 2765/401/1472 2759/401/1472
f 2760/401/1473 2766/401/1473 2761/402/1473 2755/402/1473
f 2756/401/1474 2762/401/1474 2763/401/1474 2757/401/1474
f 2759/401/1475 2765/401/1475 2766/401/1475 2760/401/1475
f 2751/401/1476 2768/401/1476 2767/401/1476 2744/401/1476
f 2748/401/1477 2770/401/1477 2769/401/1477 2746/401/1477
f 2753/401/1478 2771/401/1478 2770/401/1478 2748/401/1478
f 2744/401/1479 2767/401/1479 2772/401/1479 2750/401/1479
f 2746/401/1480 2769/401/1480 2768/401/1480 2751/401/1480
f 2750/401/1481 2772/401/1481 2771/401/1481 2753/401/1481
f 2773/403/1482 2812/403/1482 2811/403/1482 2774/403/1482
f 2774/403/1483 2811/403/1483 2810/403/1483 2775/403/1483
f 2775/403/1484 2810/403/1484 2809/403/1484 2776/403/1484
f 2776/403/1485 2809/403/1485 2808/403/1485 2777/403/1485
f 2777/403/1486 2808/403/1486 2807/403/1486 2778/403/1486
f 2778/403/1487 2807/403/1487 2806/403/1487 2779/403/1487
f 2779/403/1488 2806/403/1488 2813/403/1488 2780/403/1488
f 2780/403/1489 2813/403/1489 2812/403/1489 2773/403/1489
f 2797/404/39 2799/404/39 2798/404/39
f 2798/404/39 2799/404/39 2800/404/39
f 2800/404/39 2799/404/39 2801/404/39
f 2801/404/39 2799/404/39 2802/404/39
f 2802/404/39 2799/404/39 2803/404/39
f 2803/404/39 2799/404/39 2804/404/39
f 2804/404/39 2799/404/39 2805/404/39
f 2805/404/39 2799/404/39 2797/404/39
f 2790/403/1490 2787/403/1490 2788/403/1490 2789/403/1490
f 2791/403/1491 2786/403/1491 2787/403/1491 2790/403/1491
f 2792/403/1492 2785/403/1492 2786/403/1492 2791/403/1492
f 2793/403/1493 2784/403/1493 2785/403/1493 2792/403/1493
f 2794/403/1494 2783/403/1494 2784/403/1494 2793/403/1494
f 2795/403/1495 2782/403/1495 2783/403/1495 2794/403/1495
f 2796/403/1496 2781/403/1496 2782/403/1496 2795/403/1496
f 2789/403/1497 2788/403/1497 2781/403/1497 2796/403/1497
f 2781/403/39 2797/403/39 2798/403/39 2782/403/39
f 2782/403/39 2798/403/39 2800/403/39 2783/403/39
f 2783/403/39 2800/403/39 2801/403/39 2784/403/39
f 2784/403/39 2801/403/39 2802/403/39 2785/403/39
f 2785/403/39 2802/403/39 2803/403/39 2786/403/39
f 2786/403/39 2803/403/39 2804/403/39 2787/403/39
f 2787/403/39 2804/403/39 2805/403/39 2788/403/39
f 2788/403/39 2805/403/39 2797/403/39 2781/403/39
f 2807/403/1498 2815/403/1498 2814/403/1498 2806/403/1498
f 2808/403/1499 2816/403/1499 2815/403/1499 2807/403/1499
f 2809/403/1500 2817/403/1500 2816/403/1500 2808/403/1500
f 2810/403/1501 2818/403/1501 2817/403/1501 2809/403/1501
f 2811/403/1502 2819/403/1502 2818/403/1502 2810/403/1502
f 2812/403/1503 2820/403/1503 2819/403/1503 2811/403/1503
f 2813/403/1504 2821/403/1504 2820/403/1504 2812/403/1504
f 2806/403/1505 2814/403/1505 2821/403/1505 2813/403/1505
f 2815/403/1506 2791/403/1506 2790/403/1506 2814/403/1506
f 2816/403/1507 2792/403/1507 2791/403/1507 2815/403/1507
f 2817/403/1508 2793/403/1508 2792/403/1508 2816/403/1508
f 2818/403/1509 2794/403/1509 2793/403/1509 2817/403/1509
f 2819/403/1510 2795/403/1510 2794/403/1510 2818/403/1510
f 2820/403/1511 2796/403/1511 2795/403/1511 2819/403/1511
f 2821/403/1512 2789/403/1512 2796/403/1512 2820/403/1512
f 2814/403/1513 2790/403/1513 2789/403/1513 2821/403/1513
f 2822/403/1514 2823/403/1514 2860/403/1514 2861/403/1514
f 2823/403/1515 2824/403/1515 2859/403/1515 2860/403/1515
f 2824/403/1516 2825/403/1516 2858/403/1516 2859/403/1516
f 2825/403/1517 2826/403/1517 2857/403/1517 2858/403/1517
f 2826/403/1518 2827/403/1518 2856/403/1518 2857/403/1518
f 2827/403/1519 2828/403/1519 2855/403/1519 2856/403/1519
f 2828/403/1520 2829/403/1520 2862/403/1520 2855/403/1520
f 2829/403/1521 2822/403/1521 2861/403/1521 2862/403/1521
f 2846/404/49 2847/404/49 2848/404/49
f 2847/404/49 2849/404/49 2848/404/49
f 2849/404/49 2850/404/49 2848/404/49
f 2850/404/49 2851/404/49 2848/404/49
f 2851/404/49 2852/404/49 2848/404/49
f 2852/404/49 2853/404/49 2848/404/49
f 2853/404/49 2854/404/49 2848/404/49
f 2854/404/49 2846/404/49 2848/404/49
f 2839/403/1522 2838/403/1522 2837/403/1522 2836/403/1522
f 2840/403/1523 2839/403/1523 2836/403/1523 2835/403/1523
f 2841/403/1524 2840/403/1524 2835/403/1524 2834/403/1524
f 2842/403/1525 2841/403/1525 2834/403/1525 2833/403/1525
f 2843/403/1526 2842/403/1526 2833/403/1526 2832/403/1526
f 2844/403/1527 2843/403/1527 2832/403/1527 2831/403/1527
f 2845/403/1528 2844/403/1528 2831/403/1528 2830/403/1528
f 2838/403/1529 2845/403/1529 2830/403/1529 2837/403/1529
f 2830/403/49 2831/403/49 2847/403/49 2846/403/49
f 2831/403/49 2832/403/49 2849/403/49 2847/403/49
f 2832/403/49 2833/403/49 2850/403/49 2849/403/49
f 2833/403/49 2834/403/49 2851/403/49 2850/403/49
f 2834/403/49 2835/403/49 2852/403/49 2851/403/49
f 2835/403/49 2836/403/49 2853/403/49 2852/403/49
f 2836/403/49 2837/403/49 2854/403/49 2853/403/49
f 2837/403/49 2830/403/49 2846/403/49 2854/403/49
f 2856/403/1530 2855/403/1530 2863/403/1530 2864/403/1530
f 2857/403/1531 2856/403/1531 2864/403/1531 2865/403/1531
f 2858/403/1532 2857/403/1532 2865/403/1532 2866/403/1532
f 2859/403/1533 2858/403/1533 2866/403/1533 2867/403/1533
f 2860/403/1534 2859/403/1534 2867/403/1534 2868/403/1534
f 2861/403/1535 2860/403/1535 2868/403/1535 2869/403/1535
f 2862/403/1536 2861/403/1536 2869/403/1536 2870/403/1536
f 2855/403/1537 2862/403/1537 2870/403/1537 2863/403/1537
f 2864/403/1538 2863/403/1538 2839/403/1538 2840/403/1538
f 2865/403/1539 2864/403/1539 2840/403/1539 2841/403/1539
f 2866/403/1540 2865/403/1540 2841/403/1540 2842/403/1540
f 2867/403/1541 2866/403/1541 2842/403/1541 2843/403/1541
f 2868/403/1542 2867/403/1542 2843/403/1542 2844/403/1542
f 2869/403/1543 2868/403/1543 2844/403/1543 2845/403/1543
f 2870/403/1544 2869/403/1544 2845/403/1544 2838/403/1544
f 2863/403/1545 2870/403/1545 2838/403/1545 2839/403/1545
f 2871/354/34 2872/354/34 2874/355/34 2873/355/34
f 2873/355/1280 2874/355/1280 2876/354/1280 2875/354/1280
f 2877/354/1281 2878/354/1281 2872/355/1281 2871/355/1281
f 2879/354/34 2880/354/34 2882/355/34 2881/355/34
f 2881/355/1280 2882/355/1280 2884/354/1280 2883/354/1280
f 2885/354/1281 2886/354/1281 2880/355/1281 2879/355/1281
f 2887/354/34 2888/354/34 2890/355/34 2889/355/34
f 2889/355/1280 2890/355/1280 2892/354/1280 2891/354/1280
f 2893/354/1281 2894/354/1281 2888/355/1281 2887/355/1281
f 2895/354/34 2896/354/34 2898/355/34 2897/355/34
f 2897/355/1280 2898/355/1280 2900/354/1280 2899/354/1280
f 2901/354/1281 2902/354/1281 2896/355/1281 2895/355/1281
f 2903/354/34 2904/354/34 2906/355/34 2905/355/34
f 2905/355/1280 2906/355/1280 2908/354/1280 2907/354/1280
f 2909/354/1281 2910/354/1281 2904/355/1281 2903/355/1281
f 2911/64/1546 2912/64/1546 2919/64/1546 2920/64/1546
f 2913/64/1547 2914/64/1547 2916/64/1547 2915/64/1547
f 2915/64/1548 2916/64/1548 2921/64/1548 2922/64/1548
f 2917/64/1549 2918/64/1549 2912/64/1549 2911/64/1549
f 2920/64/1550 2919/64/1550 2914/64/1550 2913/64/1550
f 2922/64/1551 2921/64/1551 2918/64/1551 2917/64/1551
f 2911/356/1552 2920/356/1552 2924/356/1552 2923/356/1552
f 2913/356/1553 2915/356/1553 2926/356/1553 2925/356/1553
f 2915/356/1554 2922/356/1554 2927/356/1554 2926/356/1554
f 2917/356/1555 2911/356/1555 2923/356/1555 2928/356/1555
f 2920/356/1556 2913/356/1556 2925/356/1556 2924/356/1556
f 2922/356/1557 2917/356/1557 2928/356/1557 2927/356/1557
f 2923/356/1558 2924/356/1558 2930/356/1558 2929/356/1558
f 2925/356/1559 2926/356/1559 2932/356/1559 2931/356/1559
f 2926/356/1560 2927/356/1560 2933/356/1560 2932/356/1560
f 2928/356/810 2923/356/810 2929/356/810 2934/356/810
f 2924/356/1561 2925/356/1561 2931/356/1561 2930/356/1561
f 2927/356/1562 2928/356/1562 2934/356/1562 2933/356/1562
f 2919/357/1563 2912/357/1563 2935/357/1563 2936/357/1563
f 2916/357/1564 2914/357/1564 2937/357/1564 2938/357/1564
f 2921/357/1565 2916/357/1565 2938/357/1565 2939/357/1565
f 2912/357/1566 2918/357/1566 2940/357/1566 2935/357/1566
f 2914/357/1567 2919/357/1567 2936/357/1567 2937/357/1567
f 2918/357/1568 2921/357/1568 2939/357/1568 2940/357/1568
f 2936/357/1569 2935/357/1569 2941/357/1569 2942/357/1569
f 2938/357/1570 2937/357/1570 2943/357/1570 2944/357/1570
f 2939/357/1571 2938/357/1571 2944/357/1571 2945/357/1571
f 2935/357/1572 2940/357/1572 2946/357/1572 2941/357/1572
f 2937/357/1573 2936/357/1573 2942/357/1573 2943/357/1573
f 2940/357/1574 2939/357/1574 2945/357/1574 2946/357/1574
f 2948/358/1311 2947/358/1311 2952/358/1311 2954/358/1311
f 2983/64/39 2982/64/39 2984/64/39 2985/64/39
f 2950/358/55 2949/358/55 2953/358/55 2951/358/55
f 2990/64/49 2989/64/49 2991/64/49 2992/64/49
f 2952/358/38 2951/358/38 2953/358/38 2954/358/38
f 2959/358/71 2958/358/71 2955/358/71 2956/358/71
f 2989/64/49 2990/64/49 2993/64/49 2994/64/49 2995/64/49
f 2947/358/1312 2948/358/1312 2956/358/1312 2955/358/1312
f 2982/405/39 2983/406/39 2986/407/39 2987/408/39 2988/409/39
f 2949/358/55 2950/358/55 2957/358/55 2960/358/55
f 2957/358/1313 2958/358/1313 2959/358/1313 2960/358/1313
f 2948/358/1322 2954/358/1322 2963/358/1322 2961/358/1322
f 2954/358/1321 2953/358/1321 2964/358/1321 2963/358/1321
f 2953/358/1320 2949/358/1320 2962/358/1320 2964/358/1320
f 2949/358/1320 2960/358/1320 2965/358/1320 2962/358/1320
f 2960/358/1325 2959/358/1325 2966/358/1325 2965/358/1325
f 2959/358/1324 2956/358/1324 2967/358/1324 2966/358/1324
f 2956/358/1323 2948/358/1323 2961/358/1323 2967/358/1323
f 2950/358/1316 2951/358/1316 2970/358/1316 2968/358/1316
f 2951/358/1315 2952/358/1315 2971/358/1315 2970/358/1315
f 2952/358/1314 2947/358/1314 2969/358/1314 2971/358/1314
f 2947/358/1319 2955/358/1319 2972/358/1319 2969/358/1319
f 2955/358/1318 2958/358/1318 2973/358/1318 2972/358/1318
f 2958/358/1317 2957/358/1317 2974/358/1317 2973/358/1317
f 2957/358/1316 2950/358/1316 2968/358/1316 2974/358/1316
f 2961/364/39 2963/365/39 2977/365/39 2975/364/39
f 2963/365/39 2964/365/39 2978/365/39 2977/365/39
f 2964/365/39 2962/364/39 2976/364/39 2978/365/39
f 2962/364/39 2965/364/39 2979/364/39 2976/364/39
f 2965/364/39 2966/364/39 2980/364/39 2979/364/39
f 2966/364/39 2967/364/39 2981/364/39 2980/364/39
f 2967/364/39 2961/364/39 2975/364/39 2981/364/39
f 2975/366/1575 2977/366/1575 2984/366/1575 2982/366/1575
f 2977/366/1576 2978/366/1576 2985/366/1576 2984/366/1576
f 2978/366/1577 2976/366/1577 2983/366/1577 2985/366/1577
f 2976/366/1577 2979/366/1577 2986/366/1577 2983/366/1577
f 2979/366/1578 2980/366/1578 2987/366/1578 2986/366/1578
f 2980/366/1579 2981/366/1579 2988/366/1579 2987/366/1579
f 2981/366/1580 2975/366/1580 2982/366/1580 2988/366/1580
f 2968/367/49 2970/367/49 2991/367/49 2989/367/49
f 2970/367/49 2971/367/49 2992/367/49 2991/367/49
f 2971/367/49 2969/367/49 2990/367/49 2992/367/49
f 2969/367/49 2972/367/49 2993/367/49 2990/367/49
f 2972/367/49 2973/367/49 2994/367/49 2993/367/49
f 2973/367/49 2974/367/49 2995/367/49 2994/367/49
f 2974/367/49 2968/367/49 2989/367/49 2995/367/49
f 2996/354/34 2997/354/34 2999/355/34 2998/355/34
f 2998/355/1280 2999/355/1280 3001/354/1280 3000/354/1280
f 3002/354/1281 3003/354/1281 2997/355/1281 2996/355/1281
f 3012/368/38 3096/371/38 3097/370/38 3017/369/38
f 3095/372/49 3013/372/49 3004/372/49 3094/372/49
f 3077/373/55 3076/373/55 3078/373/55 3079/373/55 3080/373/55 3081/373/55 3082/373/55 3083/373/55
f 3053/374/34 3052/374/34 3054/374/34 3055/374/34 3056/374/34 3057/374/34 3058/374/34 3059/374/34
f 3004/372/1415 3005/372/1415 3140/372/1415 3142/372/1415 3093/372/1415 3094/372/1415
f 3008/372/1581 3009/372/1581 3099/372/1581 3092/372/1581 3143/372/1581 3141/372/1581
f 3012/372/1582 3013/372/1582 3095/372/1582 3096/372/1582
f 3016/372/1583 3017/372/1583 3097/372/1583 3098/372/1583
f 3006/375/1341 3007/375/1341 3117/375/1584 3118/375/1585
f 3117/375/1339 3007/375/1340 3011/376/1340 3116/376/1339
f 3011/376/1336 3010/376/1336 3123/376/1586 3116/376/1587
f 3010/376/1353 3019/376/1353 3122/376/1352 3123/376/1586
f 3019/376/1350 3018/376/1350 3121/376/1351 3122/376/1352
f 3018/376/1348 3015/375/1348 3120/375/1349 3121/376/1349
f 3015/375/1346 3014/375/1346 3119/375/1345 3120/375/1347
f 3014/375/1344 3006/375/1344 3118/375/1585 3119/375/1345
f 3013/377/1588 3012/377/1588 3112/377/1588 3113/377/1588
f 3012/377/1355 3017/378/1355 3111/378/1355 3112/377/1355
f 3017/378/1589 3016/378/1589 3110/378/1589 3111/378/1589
f 3016/378/1590 3009/378/1590 3109/378/1590 3110/378/1590
f 3009/378/1591 3008/378/1591 3108/378/1591 3109/378/1591
f 3005/377/1359 3115/377/1359 3108/378/1359 3008/378/1359
f 3005/377/1592 3004/377/1592 3114/377/1592 3115/377/1592
f 3004/377/1593 3013/377/1593 3113/377/1593 3114/377/1593
f 3021/379/1363 3020/379/1363 3036/379/1363 3037/379/1363
f 3020/379/71 3022/379/71 3038/379/71 3036/379/71
f 3022/379/1362 3023/379/1362 3039/379/1362 3038/379/1362
f 3023/379/49 3024/379/49 3040/379/49 3039/379/49
f 3024/379/1365 3025/379/1365 3041/379/1365 3040/379/1365
f 3026/379/38 3042/379/38 3041/379/38 3025/379/38
f 3026/379/1364 3027/379/1364 3043/379/1364 3042/379/1364
f 3027/379/39 3021/379/39 3037/379/39 3043/379/39
f 3037/380/1368 3036/381/1368 3044/381/1368 3045/381/1368
f 3036/381/1367 3038/381/1367 3046/381/1367 3044/381/1367
f 3038/381/1366 3039/381/1366 3047/381/1366 3046/381/1366
f 3039/381/1594 3040/381/1594 3048/381/1594 3047/381/1594
f 3040/381/1372 3041/381/1372 3049/381/1372 3048/381/1372
f 3042/381/1371 3050/381/1371 3049/381/1371 3041/381/1371
f 3042/381/1370 3043/380/1370 3051/381/1370 3050/381/1370
f 3043/380/1595 3037/380/1595 3045/381/1595 3051/381/1595
f 3045/381/1376 3044/381/1376 3052/381/1376 3053/381/1376
f 3044/381/1375 3046/381/1375 3054/381/1375 3052/381/1375
f 3046/381/1374 3047/381/1374 3055/381/1374 3054/381/1374
f 3047/381/1381 3048/381/1381 3056/381/1381 3055/381/1381
f 3048/381/1380 3049/381/1380 3057/381/1380 3056/381/1380
f 3050/381/1379 3058/381/1379 3057/381/1379 3049/381/1379
f 3050/381/1378 3051/381/1378 3059/381/1378 3058/381/1378
f 3051/381/1377 3045/381/1377 3053/381/1377 3059/381/1377
f 3016/382/39 3098/382/39 3099/382/39 3009/382/39
f 3092/372/71 3093/372/71 3142/372/71 3143/372/71
f 3029/383/1388 3028/383/1596 3060/383/1387 3061/383/1387
f 3028/383/1385 3030/383/1385 3062/383/38 3060/383/38
f 3030/383/1597 3031/383/1382 3063/383/1383 3062/383/1383
f 3031/383/1397 3032/383/1397 3064/383/49 3063/383/49
f 3032/383/1396 3033/383/1394 3065/383/1395 3064/383/1395
f 3033/383/1393 3034/383/1393 3066/383/71 3065/383/71
f 3034/383/1598 3035/383/1390 3067/383/1391 3066/383/1391
f 3035/383/1389 3029/383/1389 3061/383/39 3067/383/39
f 3061/384/55 3060/384/55 3068/384/55 3069/384/55
f 3060/384/55 3062/384/55 3070/384/55 3068/384/55
f 3062/384/55 3063/384/55 3071/384/55 3070/384/55
f 3063/384/55 3064/384/55 3072/384/55 3071/384/55
f 3064/384/55 3065/384/55 3073/384/55 3072/384/55
f 3065/384/55 3066/384/55 3074/384/55 3073/384/55
f 3066/384/55 3067/384/55 3075/384/55 3074/384/55
f 3067/384/55 3061/384/55 3069/384/55 3075/384/55
f 3069/384/1400 3068/384/1400 3076/384/1400 3077/384/1400
f 3068/384/1399 3070/384/1399 3078/384/1399 3076/384/1399
f 3070/384/1398 3071/384/1398 3079/384/1398 3078/384/1398
f 3071/384/1405 3072/384/1405 3080/384/1405 3079/384/1405
f 3072/384/1404 3073/384/1404 3081/384/1404 3080/384/1404
f 3073/384/1403 3074/384/1403 3082/384/1403 3081/384/1403
f 3074/384/1402 3075/384/1402 3083/384/1402 3082/384/1402
f 3075/384/1401 3069/384/1401 3077/384/1401 3083/384/1401
f 3085/385/34 3084/385/34 3025/385/34 3024/385/34
f 3086/385/34 3085/385/34 3024/385/34 3023/385/34
f 3087/385/34 3086/385/34 3023/385/34 3022/385/34
f 3088/386/34 3087/385/34 3022/385/34 3020/385/34
f 3089/387/34 3088/386/34 3020/385/34 3021/387/34
f 3090/387/34 3089/387/34 3021/387/34 3027/387/34
f 3091/386/34 3090/387/34 3027/387/34 3026/385/34
f 3084/385/34 3091/386/34 3026/385/34 3025/385/34
f 3100/372/1406 3101/372/1406 3093/372/1406 3092/372/1406
f 3094/372/1599 3093/372/1599 3101/372/1599 3102/372/1599
f 3103/372/49 3095/372/49 3094/372/49 3102/372/49
f 3096/372/1600 3095/372/1600 3103/372/1600 3104/372/1600
f 3097/372/1409 3096/372/1409 3104/372/1409 3105/372/1409
f 3098/372/1601 3097/372/1601 3105/372/1601 3106/372/1601
f 3099/388/1602 3098/389/1602 3106/388/1602 3107/388/1602
f 3092/372/1603 3099/372/1603 3107/372/1603 3100/372/1603
f 3144/390/71 3145/391/71 3101/391/71 3100/390/71
f 3102/391/1415 3101/391/1415 3145/391/1415 3146/391/1415
f 3147/391/49 3103/391/49 3102/391/49 3146/391/49
f 3104/391/1414 3103/391/1414 3147/391/1414 3148/391/1414
f 3105/390/38 3104/391/38 3148/391/38 3149/390/38
f 3106/390/1413 3105/390/1413 3149/390/1413 3150/390/1413
f 3107/390/39 3106/390/39 3150/390/39 3151/390/39
f 3100/390/1332 3107/390/1332 3151/390/1332 3144/390/1332
f 3109/385/1604 3108/385/1604 3084/385/1604 3085/385/1604
f 3110/385/1605 3109/385/1605 3085/385/1605 3086/385/1605
f 3111/385/1606 3110/385/1606 3086/385/1606 3087/385/1606
f 3112/392/1419 3111/385/1419 3087/385/1419 3088/386/1419
f 3113/387/1607 3112/392/1607 3088/386/1607 3089/387/1607
f 3114/387/1608 3113/387/1608 3089/387/1608 3090/387/1608
f 3115/392/1609 3114/387/1609 3090/387/1609 3091/386/1609
f 3108/385/1423 3115/392/1423 3091/386/1423 3084/385/1423
f 3124/393/1425 3125/393/1426 3129/393/1427 3128/393/1424
f 3125/393/1426 3124/393/1425 3126/393/1432 3127/393/1433
f 3127/393/1433 3126/393/1432 3138/393/1434 3139/393/1610
f 3128/393/1424 3129/393/1427 3131/393/1428 3130/393/1429
f 3130/393/1429 3131/393/1428 3133/393/1430 3132/393/1431
f 3132/393/1431 3133/393/1430 3135/393/1439 3134/393/1438
f 3134/393/1438 3135/393/1439 3137/393/1437 3136/393/1436
f 3136/393/1436 3137/393/1437 3139/393/1610 3138/393/1434
f 3126/394/1442 3124/394/1442 3028/394/1596 3029/394/1388
f 3030/394/1385 3028/394/1385 3124/394/1441 3128/394/1441
f 3128/394/1440 3130/394/1440 3031/394/1382 3030/394/1597
f 3130/394/1447 3132/394/1447 3032/394/1397 3031/394/1397
f 3132/394/1446 3134/394/1446 3033/394/1394 3032/394/1396
f 3134/394/1445 3136/394/1445 3034/394/1393 3033/394/1393
f 3136/394/1444 3138/394/1444 3035/394/1390 3034/394/1598
f 3138/394/1443 3126/394/1443 3029/394/1389 3035/394/1389
f 3125/393/1448 3117/393/1339 3116/393/1339 3129/393/1448
f 3118/393/1585 3117/393/1584 3125/393/1457 3127/393/1456
f 3119/393/1345 3118/393/1585 3127/393/1456 3139/393/1454
f 3120/395/1347 3119/393/1345 3139/393/1454 3137/393/1455
f 3121/395/1349 3120/395/1349 3137/393/1453 3135/393/1453
f 3122/393/1352 3121/395/1351 3135/393/1452 3133/393/1451
f 3123/393/1586 3122/393/1352 3133/393/1451 3131/393/1449
f 3116/393/1587 3123/393/1586 3131/393/1449 3129/393/1450
f 3141/372/71 3140/372/71 3005/372/71 3008/372/71
f 3143/396/71 3142/399/71 3140/398/71 3141/397/71
f 3011/376/71 3007/375/71 3145/375/71 3144/376/71
f 3146/400/1415 3145/375/1415 3007/375/1415 3006/375/1415
f 3014/375/49 3147/375/49 3146/400/49 3006/375/49
f 3148/400/1414 3147/375/1414 3014/375/1414 3015/375/1414
f 3149/376/38 3148/400/38 3015/375/38 3018/376/38
f 3150/376/1413 3149/376/1413 3018/376/1413 3019/376/1413
f 3151/376/39 3150/376/39 3019/376/39 3010/376/39
f 3144/376/1332 3151/376/1332 3010/376/1332 3011/376/1332
f 3152/64/1611 3153/64/1611 3160/64/1611 3161/64/1611
f 3154/64/1612 3155/64/1612 3157/64/1612 3156/64/1612
f 3156/64/1613 3157/64/1613 3162/64/1613 3163/64/1613
f 3158/64/1614 3159/64/1614 3153/64/1614 3152/64/1614
f 3161/64/1615 3160/64/1615 3155/64/1615 3154/64/1615
f 3163/64/1616 3162/64/1616 3159/64/1616 3158/64/1616
f 3152/401/1617 3161/401/1617 3165/401/1617 3164/402/1617
f 3154/401/1618 3156/401/1618 3167/401/1618 3166/401/1618
f 3156/401/1619 3163/401/1619 3168/401/1619 3167/401/1619
f 3158/401/1620 3152/401/1620 3164/402/1620 3169/401/1620
f 3161/401/1621 3154/401/1621 3166/401/1621 3165/401/1621
f 3163/401/1622 3158/401/1622 3169/401/1622 3168/401/1622
f 3164/402/1623 3165/401/1623 3171/401/1623 3170/402/1623
f 3166/401/1624 3167/401/1624 3173/401/1624 3172/401/1624
f 3167/401/1625 3168/401/1625 3174/401/1625 3173/401/1625
f 3169/401/1626 3164/402/1626 3170/402/1626 3175/401/1626
f 3165/401/1627 3166/401/1627 3172/401/1627 3171/401/1627
f 3168/401/1628 3169/401/1628 3175/401/1628 3174/401/1628
f 3160/401/1629 3153/401/1629 3176/401/1629 3177/401/1629
f 3157/401/1630 3155/401/1630 3178/401/1630 3179/401/1630
f 3162/401/1631 3157/401/1631 3179/401/1631 3180/401/1631
f 3153/401/1632 3159/401/1632 3181/401/1632 3176/401/1632
f 3155/401/1633 3160/401/1633 3177/401/1633 3178/401/1633
f 3159/401/1634 3162/401/1634 3180/401/1634 3181/401/1634
f 3188/64/1635 3247/64/1635 3269/64/1635 3270/64/1635
f 3200/410/1636 3201/411/1636 3204/410/1636
f 3185/412/1637 3198/413/1637 3193/413/1637 3187/412/1637
f 3246/64/1638 3249/64/1638 3252/64/1638
f 3191/64/1639 3245/64/1639 3190/64/1639 3182/64/1639 3189/64/1639
f 3265/64/1640 3266/64/1641 3191/64/1642 3189/64/1640
f 3271/64/1643 3272/64/1643 3208/64/1643
f 3238/414/1637 3239/414/1637 3240/415/1637 3241/414/1637
f 3244/64/1644 3245/64/1644 3191/64/1644 3196/64/1644
f 3247/64/1645 3188/64/1645 3197/64/1645 3246/64/1645
f 3205/64/1646 3208/64/1647 3193/64/1648 3198/64/1648
f 3183/410/1649 3199/416/1649 3201/411/1649 3200/410/1649
f 3199/416/1650 3205/416/1650 3206/416/1650 3201/411/1650
f 3198/416/1637 3185/410/1637 3203/410/1637 3202/416/1637
f 3185/64/49 3183/64/49 3200/64/49 3204/64/49 3207/64/49 3203/64/49
f 3204/410/1651 3201/411/1651 3206/416/1651 3207/410/1651
f 3205/416/1652 3198/416/1652 3202/416/1652 3206/416/1652
f 3207/410/1653 3206/416/1653 3202/416/1653 3203/410/1653
f 3210/417/1654 3209/417/1654 3273/418/1655 3212/419/1656 3211/419/1654
f 3193/417/1657 3208/417/1657 3255/417/1658 3256/417/1658
f 3208/417/1659 3272/420/1659 3273/418/1660 3209/417/1659 3255/417/1659
f 3239/414/1637 3259/414/1637 3260/414/1637 3240/415/1637
f 3186/64/1661 3263/64/1661 3264/64/1662 3213/64/1663
f 3186/64/1664 3213/64/1664 3214/64/1664
f 3213/64/1663 3264/64/1662 3265/64/1665 3189/64/1665
f 3214/64/1666 3213/64/1666 3189/64/1666 3182/64/1666
f 3219/421/1667 3195/421/1667 3215/422/1667 3221/422/1667
f 3222/423/1668 3223/424/1668 3224/425/1668 3225/426/1668
f 3215/427/1667 3195/428/1667 3194/427/1667
f 3190/64/38 3195/64/38 3182/64/38
f 3186/429/1669 3214/429/1669 3217/429/1669 3216/429/1669
f 3214/64/38 3182/64/38 3195/64/38 3217/64/38
f 3216/430/1670 3217/431/1670 3219/431/1670 3218/430/1670
f 3217/64/1671 3195/64/1671 3219/64/1671
f 3218/432/1672 3219/421/1672 3221/422/1672 3220/433/1672
f 3220/434/1673 3221/435/1673 3223/424/1673 3222/423/1673
f 3221/435/1674 3215/425/1674 3224/425/1674 3223/424/1674
f 3215/425/49 3187/426/49 3225/426/49 3224/425/49
f 3187/426/1675 3220/434/1675 3222/423/1675 3225/426/1675
f 3218/413/1637 3220/436/1637 3187/412/1637 3193/413/1637
f 3218/437/1676 3193/437/1676 3227/437/1676 3226/437/1676
f 3186/438/1677 3216/437/1677 3229/437/1677 3228/438/1677
f 3216/437/1678 3218/437/1678 3226/437/1678 3229/437/1678
f 3193/417/1679 3256/417/1679 3257/417/1679 3227/417/1679
f 3210/417/1680 3211/419/1680 3231/419/1680 3230/417/1680
f 3263/438/1681 3186/438/1681 3228/438/1681 3262/438/1681
f 3226/437/1637 3227/437/1637 3233/437/1637 3232/437/1637
f 3228/438/1637 3229/437/1637 3235/437/1637 3234/438/1637
f 3229/437/1637 3226/437/1637 3232/437/1637 3235/437/1637
f 3227/417/1637 3257/417/1637 3258/417/1637 3233/417/1637
f 3230/417/1682 3231/419/1637 3237/417/1637 3236/417/1682
f 3262/438/1637 3228/438/1637 3234/438/1637 3261/438/1637
f 3232/439/1683 3233/439/1683 3239/439/1683 3238/439/1683
f 3234/439/1684 3235/439/1684 3241/439/1684 3240/439/1684
f 3235/439/1685 3232/439/1685 3238/439/1685 3241/439/1685
f 3233/417/1686 3258/417/1687 3259/417/1688 3239/417/1686
f 3236/417/1689 3237/417/1689 3243/417/1689 3242/417/1689
f 3261/439/1690 3234/439/1690 3240/439/1690 3260/439/1690
f 3190/64/1691 3245/64/1691 3244/64/1691 3195/64/1691
f 3253/440/1692 3247/440/1692 3246/441/1692 3252/441/1692
f 3269/440/1693 3247/440/1693 3253/440/1693 3268/440/1693
f 3191/64/1645 3250/64/1645 3249/64/1645 3196/64/1645
f 3267/64/1635 3250/64/1635 3191/64/1642 3266/64/1641
f 3250/440/1694 3253/440/1694 3252/441/1694 3249/441/1694
f 3268/440/1695 3253/440/1695 3250/440/1695 3267/440/1695
f 3251/442/1696 3248/442/1696 3254/442/1696
f 3194/64/1697 3195/64/1697 3244/64/1697 3196/64/1697 3249/64/1697 3246/64/1697 3197/64/1697
f 3256/417/1658 3255/417/1658 3209/417/1698 3210/417/1698
f 3257/417/1679 3256/417/1679 3210/417/1679 3230/417/1679
f 3258/417/1637 3257/417/1637 3230/417/1682 3236/417/1682
f 3259/417/1688 3258/417/1687 3236/417/1687 3242/417/1687
f 3260/414/1637 3259/414/1637 3242/414/1699 3243/414/1699
f 3237/439/1700 3261/439/1690 3260/439/1690 3243/439/1700
f 3231/438/1637 3262/438/1637 3261/438/1637 3237/437/1637
f 3211/438/1701 3263/438/1701 3262/438/1701 3231/438/1701
f 3264/419/1702 3263/419/1702 3211/419/1702 3212/419/1702
f 3265/419/1703 3264/419/1703 3212/419/1703 3184/419/1703
f 3184/64/1704 3192/64/1704 3266/64/1704 3265/64/1704
f 3251/64/1705 3267/64/1705 3266/64/1705 3192/64/1705
f 3254/440/1706 3268/440/1706 3267/440/1706 3251/440/1706
f 3248/440/1707 3269/440/1707 3268/440/1707 3254/440/1707
f 3270/64/1708 3269/64/1708 3248/64/1708 3183/64/1708
f 3199/64/1643 3271/64/1643 3208/64/1647 3205/64/1646
f 3199/443/1643 3251/444/1643 3192/445/1643
f 3199/443/1643 3192/445/1643 3271/446/1643
f 3184/64/1643 3272/64/1643 3271/64/1643 3192/64/1643
f 3273/418/1660 3272/420/1659 3184/419/1660
f 3212/419/1656 3273/418/1655 3184/419/1709
f 3199/447/1643 3248/447/1643 3251/447/1643
f 3183/447/1643 3248/447/1643 3199/447/1643
f 3274/1/1710 3298/1/1710 3299/1/1710 3276/1/1710
f 3276/1/1711 3299/1/1711 3300/1/1711 3278/1/1711
f 3311/2/1712 3312/2/1712 3313/2/1712 3314/2/1712
f 3291/3/1713 3290/3/1713 3292/4/1713 3293/4/1713
f 3294/3/1714 3295/3/1714 3296/4/1714 3297/4/1714
f 3281/1/1715 3304/1/1716 3284/1/1717 3282/1/1715
f 3279/1/1718 3277/1/1718 3285/1/1718 3284/1/1718
f 3277/1/1719 3275/1/1719 3283/1/1719 3285/1/1719
f 3274/1/1720 3276/1/1720 3288/1/1720 3287/1/1720
f 3276/1/1721 3278/1/1721 3289/1/1721 3288/1/1721
f 3278/1/1721 3303/1/1722 3289/1/1723
f 3282/5/1724 3284/5/1724 3292/5/1724 3290/5/1724
f 3284/5/1725 3285/5/1725 3293/5/1725 3292/5/1725
f 3285/5/1726 3283/5/1726 3291/5/1726 3293/5/1726
f 3287/5/1727 3288/5/1727 3296/5/1727 3295/5/1727
f 3288/5/1728 3289/5/1728 3297/5/1728 3296/5/1728
f 3289/5/1729 3286/5/1729 3294/5/1729 3297/5/1729
f 3298/1/1730 3275/1/1730 3277/1/1730 3299/1/1730
f 3300/1/1731 3299/1/1731 3277/1/1731 3279/1/1731
f 3301/1/1732 3302/1/1732 3304/1/1732 3281/1/1732
f 3303/1/1733 3302/1/1733 3301/1/1733 3280/1/1733
f 3289/1/1723 3303/1/1722 3280/1/1734 3286/1/1734
f 3315/2/1712 3313/2/1712 3312/2/1712 3316/2/1712
f 3284/1/1717 3304/1/1716 3279/1/1718
f 3278/1/1711 3300/1/1711 3306/1/1711 3305/1/1711
f 3302/1/1735 3303/1/1735 3308/1/1735 3307/1/1735
f 3303/1/1721 3278/1/1721 3305/1/1721 3308/1/1721
f 3304/1/1736 3302/1/1736 3307/1/1736 3309/1/1736
f 3300/1/1731 3279/1/1731 3310/1/1737 3306/1/1737
f 3279/1/1718 3304/1/1718 3309/1/1718 3310/1/1718
f 3305/2/1738 3306/2/1738 3312/2/1738 3311/2/1738
f 3307/2/1739 3308/2/1739 3314/2/1739 3313/2/1739
f 3308/2/1740 3305/2/1740 3311/2/1740 3314/2/1740
f 3309/2/1741 3307/2/1741 3313/2/1741 3315/2/1741
f 3306/2/1742 3310/2/1742 3316/2/1742 3312/2/1742
f 3310/2/1743 3309/2/1743 3315/2/1743 3316/2/1743
f 3323/64/1635 3405/64/1635 3404/64/1635 3382/64/1635
f 3335/410/1744 3339/410/1744 3336/411/1744
f 3320/412/1637 3322/412/1637 3328/413/1637 3333/413/1637
f 3381/64/1638 3387/64/1638 3384/64/1638
f 3326/64/1745 3324/64/1745 3317/64/1745 3325/64/1745 3380/64/1745
f 3400/64/1746 3324/64/1746 3326/64/1747 3401/64/1748
f 3406/64/1643 3343/64/1643 3407/64/1643
f 3373/414/1637 3376/414/1637 3375/415/1637 3374/414/1637
f 3379/64/1749 3331/64/1749 3326/64/1749 3380/64/1749
f 3382/64/1645 3381/64/1645 3332/64/1645 3323/64/1645
f 3340/64/1750 3333/64/1751 3328/64/1751 3343/64/1752
f 3318/410/1753 3335/410/1753 3336/411/1753 3334/416/1753
f 3334/416/1754 3336/411/1754 3341/416/1754 3340/416/1754
f 3333/416/1637 3337/416/1637 3338/410/1637 3320/410/1637
f 3320/64/39 3338/64/39 3342/64/39 3339/64/39 3335/64/39 3318/64/39
f 3339/410/1755 3342/410/1755 3341/416/1755 3336/411/1755
f 3340/416/1756 3341/416/1756 3337/416/1756 3333/416/1756
f 3342/410/1757 3338/410/1757 3337/416/1757 3341/416/1757
f 3345/417/1758 3346/419/1758 3347/419/1759 3408/418/1760 3344/417/1758
f 3328/417/1761 3391/417/1762 3390/417/1762 3343/417/1761
f 3343/417/1763 3390/417/1763 3344/417/1763 3408/418/1763 3407/420/1763
f 3374/414/1637 3375/415/1637 3395/414/1637 3394/414/1637
f 3321/64/1764 3348/64/1765 3399/64/1766 3398/64/1764
f 3321/64/1767 3349/64/1767 3348/64/1767
f 3348/64/1765 3324/64/1768 3400/64/1768 3399/64/1766
f 3349/64/1769 3317/64/1769 3324/64/1769 3348/64/1769
f 3354/421/1667 3356/422/1667 3350/422/1667 3330/421/1667
f 3357/423/1668 3360/426/1668 3359/425/1668 3358/424/1668
f 3350/427/1667 3329/427/1667 3330/428/1667
f 3325/64/38 3317/64/38 3330/64/38
f 3321/429/1669 3351/429/1669 3352/429/1669 3349/429/1669
f 3349/64/38 3352/64/38 3330/64/38 3317/64/38
f 3351/430/1770 3353/430/1770 3354/431/1770 3352/431/1770
f 3352/64/1771 3354/64/1771 3330/64/1771
f 3353/432/1672 3355/433/1672 3356/422/1672 3354/421/1672
f 3355/434/1772 3357/423/1772 3358/424/1772 3356/435/1772
f 3356/435/1674 3358/424/1674 3359/425/1674 3350/425/1674
f 3350/425/39 3359/425/39 3360/426/39 3322/426/39
f 3322/426/1675 3360/426/1675 3357/423/1675 3355/434/1675
f 3353/413/1637 3328/413/1637 3322/412/1637 3355/436/1637
f 3353/437/1773 3361/437/1773 3362/437/1773 3328/437/1773
f 3321/438/1677 3363/438/1677 3364/437/1677 3351/437/1677
f 3351/437/1774 3364/437/1774 3361/437/1774 3353/437/1774
f 3328/417/1775 3362/417/1775 3392/417/1775 3391/417/1775
f 3345/417/1680 3365/417/1680 3366/419/1680 3346/419/1680
f 3398/438/1776 3397/438/1776 3363/438/1776 3321/438/1776
f 3361/437/1637 3367/437/1637 3368/437/1637 3362/437/1637
f 3363/438/1637 3369/438/1637 3370/437/1637 3364/437/1637
f 3364/437/1637 3370/437/1637 3367/437/1637 3361/437/1637
f 3362/417/1637 3368/417/1637 3393/417/1637 3392/417/1637
f 3365/417/1682 3371/417/1682 3372/417/1637 3366/419/1637
f 3397/438/1637 3396/438/1637 3369/438/1637 3363/438/1637
f 3367/439/1777 3373/439/1777 3374/439/1777 3368/439/1777
f 3369/439/1684 3375/439/1684 3376/439/1684 3370/439/1684
f 3370/439/1778 3376/439/1778 3373/439/1778 3367/439/1778
f 3368/417/1779 3374/417/1779 3394/417/1780 3393/417/1780
f 3371/417/1689 3377/417/1689 3378/417/1689 3372/417/1689
f 3396/439/1781 3395/439/1781 3375/439/1781 3369/439/1781
f 3325/64/1782 3330/64/1782 3379/64/1782 3380/64/1782
f 3388/440/1783 3387/441/1783 3381/441/1783 3382/440/1783
f 3404/440/1784 3403/440/1784 3388/440/1784 3382/440/1784
f 3326/64/1645 3331/64/1645 3384/64/1645 3385/64/1645
f 3402/64/1635 3401/64/1748 3326/64/1747 3385/64/1635
f 3385/440/1785 3384/441/1785 3387/441/1785 3388/440/1785
f 3403/440/1786 3402/440/1786 3385/440/1786 3388/440/1786
f 3386/442/1696 3389/442/1696 3383/442/1696
f 3329/64/1697 3332/64/1697 3381/64/1697 3384/64/1697 3331/64/1697 3379/64/1697 3330/64/1697
f 3391/417/1762 3345/417/1787 3344/417/1787 3390/417/1762
f 3392/417/1775 3365/417/1775 3345/417/1775 3391/417/1775
f 3393/417/1637 3371/417/1682 3365/417/1682 3392/417/1637
f 3394/417/1780 3377/417/1788 3371/417/1788 3393/417/1780
f 3395/414/1637 3378/414/1699 3377/414/1699 3394/414/1637
f 3372/439/1781 3378/439/1781 3395/439/1781 3396/439/1781
f 3366/438/1637 3372/437/1637 3396/438/1637 3397/438/1637
f 3346/438/1789 3366/438/1789 3397/438/1789 3398/438/1789
f 3399/419/1790 3347/419/1790 3346/419/1790 3398/419/1790
f 3400/419/1791 3319/419/1791 3347/419/1791 3399/419/1791
f 3319/64/1792 3400/64/1792 3401/64/1792 3327/64/1792
f 3386/64/1705 3327/64/1705 3401/64/1705 3402/64/1705
f 3389/440/1793 3386/440/1793 3402/440/1793 3403/440/1793
f 3383/440/1794 3389/440/1794 3403/440/1794 3404/440/1794
f 3405/64/1708 3318/64/1708 3383/64/1708 3404/64/1708
f 3334/64/1643 3340/64/1750 3343/64/1752 3406/64/1643
f 3334/443/1643 3327/445/1643 3386/444/1643
f 3334/443/1643 3406/446/1643 3327/445/1643
f 3319/64/1643 3327/64/1643 3406/64/1643 3407/64/1643
f 3408/418/1763 3319/419/1795 3407/420/1763
f 3347/419/1759 3319/419/1796 3408/418/1760
f 3334/447/1643 3386/447/1643 3383/447/1643
f 3318/447/1643 3334/447/1643 3383/447/1643
f 3409/351/1797 3410/351/1797 3412/351/1797 3411/351/1797
f 3411/351/1798 3412/351/1798 3414/351/1798 3413/351/1798
f 3413/351/1799 3414/351/1799 3416/351/1799 3415/351/1799
f 3410/351/1800 3416/351/1800 3414/351/1800 3412/351/1800
f 3415/351/1801 3409/351/1801 3411/351/1801 3413/351/1801
f 3410/352/1802 3409/352/1802 3417/352/1802 3418/352/1802
f 3415/352/1803 3416/352/1803 3420/352/1803 3419/352/1803
f 3409/352/1804 3415/352/1804 3419/352/1804 3417/352/1804
f 3416/352/1805 3410/352/1805 3418/352/1805 3420/352/1805
f 3418/352/34 3417/352/34 3421/352/34 3422/352/34
f 3419/352/55 3420/352/55 3424/352/55 3423/352/55
f 3417/352/1806 3419/352/1806 3423/352/1806 3421/352/1806
f 3420/352/1807 3418/352/1807 3422/352/1807 3424/352/1807
f 3443/448/34 3444/448/34 3445/448/34 3446/448/34
f 3427/449/71 3428/449/71 3430/449/71 3429/449/71
f 3435/449/55 3436/449/55 3432/449/55 3431/449/55
f 3431/449/38 3432/449/38 3426/449/38 3425/449/38
f 3426/449/1808 3432/449/1808 3436/449/39 3433/449/39
f 3431/449/1809 3425/449/1809 3434/449/49 3435/449/49
f 3446/448/34 3445/448/34 3447/448/34 3448/448/34
f 3435/449/49 3434/449/49 3427/449/1810 3429/449/1810
f 3429/449/55 3430/449/55 3436/449/55 3435/449/55
f 3433/449/39 3436/449/39 3430/449/1811 3428/449/1811
f 3425/449/34 3426/449/34 3438/449/34 3437/449/34
f 3426/449/34 3433/449/34 3439/449/34 3438/449/34
f 3434/449/34 3425/449/34 3437/449/34 3440/449/34
f 3433/449/34 3428/449/34 3441/449/34 3439/449/34
f 3428/449/34 3427/449/34 3442/449/34 3441/449/34
f 3427/449/34 3434/449/34 3440/449/34 3442/449/34
f 3437/449/1812 3438/449/1812 3444/449/1812 3443/449/1812
f 3438/449/1813 3439/449/1813 3445/449/1813 3444/449/1813
f 3440/449/1814 3437/449/1814 3443/449/1814 3446/449/1814
f 3439/449/1815 3441/449/1815 3447/449/1815 3445/449/1815
f 3441/449/1816 3442/449/1816 3448/449/1816 3447/449/1816
f 3442/449/1817 3440/449/1817 3446/449/1817 3448/449/1817
f 3467/448/34 3468/448/34 3469/448/34 3470/448/34
f 3451/449/71 3452/449/71 3454/449/71 3453/449/71
f 3459/449/55 3460/449/55 3456/449/55 3455/449/55
f 3455/449/38 3456/449/38 3450/449/38 3449/449/38
f 3450/449/1808 3456/449/1808 3460/449/39 3457/449/39
f 3455/449/1809 3449/449/1809 3458/449/49 3459/449/49
f 3470/448/34 3469/448/34 3471/448/34 3472/448/34
f 3459/449/49 3458/449/49 3451/449/1810 3453/449/1810
f 3453/449/55 3454/449/55 3460/449/55 3459/449/55
f 3457/449/39 3460/449/39 3454/449/1811 3452/449/1811
f 3449/449/34 3450/449/34 3462/449/34 3461/449/34
f 3450/449/34 3457/449/34 3463/449/34 3462/449/34
f 3458/449/34 3449/449/34 3461/449/34 3464/449/34
f 3457/449/34 3452/449/34 3465/449/34 3463/449/34
f 3452/449/34 3451/449/34 3466/449/34 3465/449/34
f 3451/449/34 3458/449/34 3464/449/34 3466/449/34
f 3461/449/1812 3462/449/1812 3468/449/1812 3467/449/1812
f 3462/449/1813 3463/449/1813 3469/449/1813 3468/449/1813
f 3464/449/1814 3461/449/1814 3467/449/1814 3470/449/1814
f 3463/449/1815 3465/449/1815 3471/449/1815 3469/449/1815
f 3465/449/1816 3466/449/1816 3472/449/1816 3471/449/1816
f 3466/449/1817 3464/449/1817 3470/449/1817 3472/449/1817
f 3491/448/34 3492/448/34 3493/448/34 3494/448/34
f 3475/449/71 3476/449/71 3478/449/71 3477/449/71
f 3483/449/55 3484/449/55 3480/449/55 3479/449/55
f 3479/449/38 3480/449/38 3474/449/38 3473/449/38
f 3474/449/1808 3480/449/1808 3484/449/39 3481/449/39
f 3479/449/1809 3473/449/1809 3482/449/49 3483/449/49
f 3494/448/34 3493/448/34 3495/448/34 3496/448/34
f 3483/449/49 3482/449/49 3475/449/1810 3477/449/1810
f 3477/449/55 3478/449/55 3484/449/55 3483/449/55
f 3481/449/39 3484/449/39 3478/449/1811 3476/449/1811
f 3473/449/34 3474/449/34 3486/449/34 3485/449/34
f 3474/449/34 3481/449/34 3487/449/34 3486/449/34
f 3482/449/34 3473/449/34 3485/449/34 3488/449/34
f 3481/449/34 3476/449/34 3489/449/34 3487/449/34
f 3476/449/34 3475/449/34 3490/449/34 3489/449/34
f 3475/449/34 3482/449/34 3488/449/34 3490/449/34
f 3485/449/1812 3486/449/1812 3492/449/1812 3491/449/1812
f 3486/449/1813 3487/449/1813 3493/449/1813 3492/449/1813
f 3488/449/1814 3485/449/1814 3491/449/1814 3494/449/1814
f 3487/449/1815 3489/449/1815 3495/449/1815 3493/449/1815
f 3489/449/1816 3490/449/1816 3496/449/1816 3495/449/1816
f 3490/449/1817 3488/449/1817 3494/449/1817 3496/449/1817
f 3575/450/1818 3529/451/1818 3500/451/1818 3576/450/1818
f 3535/64/1819 3534/64/1819 3505/64/1819 3510/64/1819
f 3531/452/1820 3530/452/1820 3504/452/1820 3508/452/1820
f 3534/453/1821 3533/452/1821 3517/452/1821 3505/453/1821
f 3598/452/1822 3518/452/1822 3599/452/1822
f 3532/454/1823 3531/455/1823 3508/456/1823 3497/457/1823
f 3512/64/1824 3536/64/1824 3535/64/1824 3510/64/1824
f 3537/64/1825 3536/64/1825 3512/64/1825 3516/64/1825
f 3539/458/1826 3538/459/1826 3514/459/1826 3502/458/1826
f 3538/459/1827 3537/459/1827 3516/459/1827 3514/459/1827
f 3533/452/1828 3532/452/1828 3497/452/1828 3517/452/1828
f 3520/460/1359 3522/461/1359 3521/462/1359 3504/463/1359
f 3501/464/1829 3622/464/1829 3621/465/1829 3513/465/1829
f 3509/466/1830 3618/466/1830 3617/466/1830 3506/466/1830
f 3511/466/1831 3619/466/1831 3618/466/1831 3509/466/1831
f 3513/465/1832 3621/465/1832 3620/467/1832 3515/467/1832
f 3515/467/1833 3620/467/1833 3619/466/1833 3511/466/1833
f 3519/450/1834 3499/451/1834 3583/451/1835 3582/450/1836
f 3596/64/1837 3610/64/1838 3605/64/1839
f 3596/452/1840 3720/452/1840 3580/452/1840 3579/452/1840 3597/452/1840
f 3597/452/1841 3579/452/1841 3578/452/1841
f 3518/452/1842 3578/452/1843 3701/452/1844 3731/452/1842
f 3559/64/1845 3571/64/1845 3565/64/1845
f 3564/64/1846 3509/64/1846 3506/64/1846 3601/64/1846 3600/64/1846 3565/64/1846
f 3511/64/1847 3509/64/1847 3564/64/1847 3563/64/1847
f 3515/64/1848 3511/64/1848 3563/64/1848 3562/64/1848
f 3513/459/1849 3515/468/1849 3562/468/1849 3561/459/1849 3728/459/1849
f 3501/458/1848 3513/459/1848 3728/459/1848 3727/458/1848
f 3508/452/34 3541/452/34 3540/452/34 3497/452/34
f 3514/459/34 3543/459/34 3542/458/34 3502/458/34
f 3517/452/1850 3545/452/1851 3544/453/1852 3505/453/1852
f 3504/452/34 3546/452/34 3541/452/34 3508/452/34
f 3505/64/1853 3544/64/1853 3547/64/1853 3510/64/1853
f 3510/64/1854 3547/64/1854 3548/64/1854 3512/64/1854
f 3516/459/34 3549/459/34 3543/459/34 3514/459/34
f 3512/64/1855 3548/64/1855 3549/64/1855 3516/64/1855
f 3497/452/34 3540/452/34 3545/452/1851 3517/452/1850
f 3500/451/34 3551/451/34 3577/450/34 3576/450/34
f 3521/64/1856 3552/64/1856 3546/64/1856 3504/64/1856
f 3520/64/1857 3550/64/1857 3553/64/1857 3522/64/1857
f 3522/64/34 3553/64/34 3552/64/34 3521/64/34
f 3554/469/1858 3555/470/1858 3696/471/1858 3695/472/1858
f 3556/468/1859 3697/458/1859 3696/459/1859 3555/459/1859
f 3557/64/1860 3698/64/1861 3697/64/1861 3556/64/1860
f 3558/64/1862 3699/64/1862 3698/64/1862 3557/64/1862
f 3699/64/1863 3558/64/1863 3559/64/1863 3730/64/1863 3700/64/1863
f 3560/464/1864 3561/465/1864 3567/465/1864 3566/464/1864
f 3562/467/1865 3568/467/1865 3567/465/1865 3561/465/1865
f 3563/467/1866 3569/467/1866 3568/467/1866 3562/467/1866
f 3564/466/1867 3570/466/1867 3569/467/1867 3563/467/1867
f 3570/466/1868 3564/466/1868 3565/466/1868 3571/466/1868
f 3566/464/1869 3567/465/1869 3555/465/1869 3554/464/1869
f 3568/467/1870 3556/467/1870 3555/465/1870 3567/465/1870
f 3569/467/1869 3557/467/1869 3556/467/1869 3568/467/1869
f 3570/466/1871 3558/466/1871 3557/467/1871 3569/467/1871
f 3558/466/1872 3570/466/1872 3571/466/1872 3559/466/1872
f 3717/450/1818 3572/450/1818 3573/450/1818 3718/450/1818
f 3574/450/34 3719/450/34 3718/450/34 3573/450/34
f 3519/450/1873 3582/450/1873 3581/450/1873
f 3588/473/34 3589/473/34 3585/473/34 3586/473/34
f 3702/474/1874 3715/474/1875 3714/474/1876 3711/474/1877
f 3702/450/1874 3711/450/1877 3581/450/1878 3703/450/1878
f 3582/473/1879 3587/473/1879 3584/473/1879 3581/473/1879
f 3583/451/1835 3705/451/1880 3704/450/1881 3582/450/1836
f 3572/473/1882 3584/473/1882 3585/473/1882 3573/473/1882
f 3576/473/1883 3586/473/1883 3587/473/1883 3575/473/1883
f 3577/473/1884 3588/473/1884 3586/473/1884 3576/473/1884
f 3573/473/1885 3585/473/1885 3589/473/1885 3574/473/1885
f 3574/473/1886 3589/473/38 3588/473/38 3577/473/1887
f 3581/473/1888 3584/473/1888 3572/473/1888 3703/473/1888
f 3575/473/1889 3587/473/1889 3582/473/1889 3704/473/1889
f 3498/475/1890 3681/475/1890 3680/475/1890 3507/475/1890
f 3503/476/1891 3679/476/1891 3678/476/1891 3670/476/1891
f 3506/475/1892 3682/475/1892 3681/475/1892 3498/475/1892 3733/475/1892
f 3507/475/1893 3680/475/1893 3679/475/1893 3503/475/1893
f 3519/476/1894 3676/476/1894 3675/477/1894 3499/477/1894
f 3518/452/1895 3731/478/1896 3730/478/1897 3559/452/1895
f 3599/452/1898 3518/452/1899 3565/452/1900 3600/452/1898
f 3518/452/1899 3559/452/1901 3565/452/1900
f 3507/452/1902 3503/452/1903 3604/452/1904
f 3503/452/1903 3713/452/1905 3604/452/1904
f 3713/452/1905 3712/452/1906 3604/452/1904
f 3712/452/1906 3605/452/1907 3604/452/1904
f 3603/479/1908 3507/480/1909 3604/481/1910
f 3498/482/1822 3507/480/1909 3603/479/1908 3602/483/1822
f 3506/484/1911 3733/485/1912 3732/486/1912 3601/487/1911
f 3602/466/1913 3607/466/1913 3606/466/1913 3601/466/1913 3732/466/1913
f 3603/466/1914 3608/466/1914 3607/466/1914 3602/466/1914
f 3608/466/1915 3603/466/1915 3604/466/1915 3609/466/1915
f 3605/466/1916 3610/466/1916 3609/466/1916 3604/466/1916
f 3607/466/1917 3599/466/1917 3600/466/1917 3606/466/1917
f 3608/466/1918 3598/466/1918 3599/466/1918 3607/466/1918
f 3598/466/1919 3608/466/1919 3609/466/1919 3597/466/1919
f 3610/466/1920 3596/466/1920 3597/466/1920 3609/466/1920
f 3713/488/1921 3714/488/1876 3712/488/1922
f 3712/488/1922 3714/488/1876 3605/488/1839
f 3605/488/1839 3714/488/1876 3596/488/1837
f 3596/488/1837 3714/488/1876 3721/488/1923
f 3580/488/1924 3720/488/1923 3714/488/1876
f 3720/488/1923 3722/488/1923 3714/488/1876
f 3721/488/1923 3714/488/1876 3722/488/1923
f 3601/64/1925 3606/64/1925 3600/64/1925
f 3526/489/49 3663/489/49 3662/489/49 3594/489/49 3611/489/49
f 3612/64/1926 3683/64/1926 3526/64/1926 3611/64/1926
f 3613/64/1927 3684/64/1927 3683/64/1927 3612/64/1927
f 3614/490/71 3685/491/71 3684/492/71 3613/493/71
f 3615/459/1928 3686/459/1928 3685/468/1928 3614/468/1928
f 3616/458/71 3687/458/71 3686/459/71 3615/459/71
f 3618/466/1929 3612/466/1929 3611/466/1929 3617/466/1929
f 3619/466/1930 3613/466/1930 3612/466/1930 3618/466/1930
f 3620/467/1931 3614/467/1931 3613/466/1931 3619/466/1931
f 3621/465/1932 3615/465/1932 3614/467/1932 3620/467/1932
f 3622/464/1933 3616/464/1933 3615/465/1933 3621/465/1933
f 3617/475/71 3611/475/71 3506/475/71
f 3594/475/1934 3682/475/1934 3506/475/1934 3611/475/1934
f 3541/452/1935 3624/452/1935 3623/452/1935 3540/452/1935
f 3543/459/38 3626/459/38 3625/458/38 3542/458/38
f 3545/452/1936 3623/452/1936 3627/453/1936 3544/453/1936
f 3546/452/1937 3628/452/1937 3624/452/1937 3541/452/1937
f 3544/64/1938 3627/64/1938 3629/64/1938 3547/64/1938
f 3547/64/1939 3629/64/1939 3630/64/1939 3548/64/1939
f 3549/64/1940 3631/64/1940 3626/64/1940 3543/64/1940
f 3548/64/1941 3630/64/1941 3631/64/1941 3549/64/1941
f 3540/452/1942 3623/452/1942 3545/452/1942
f 3552/64/1943 3633/64/1943 3628/64/1943 3546/64/1943
f 3550/64/1944 3632/64/1944 3634/64/1944 3553/64/1944
f 3553/64/38 3634/64/38 3633/64/38 3552/64/38
f 3735/494/1945 3595/494/1946 3593/495/1946 3736/495/1947 3743/496/1948
f 3632/64/1949 3628/64/1949 3633/64/1949 3634/64/1949
f 3736/495/1950 3593/495/1951 3737/495/1952
f 3624/64/1953 3628/64/1953 3635/64/1953
f 3590/475/1954 3636/475/1954 3591/475/1954
f 3591/497/1955 3636/497/1955 3637/497/1955 3592/497/1955
f 3592/497/1956 3637/497/1956 3642/497/1956 3641/497/1956 3738/497/1956
f 3635/498/1957 3638/498/1957 3623/498/1957 3624/498/1957
f 3745/499/1958 3643/499/1959 3746/499/1960
f 3747/499/1961 3632/499/1962 3550/499/1962 3719/499/1963
f 3632/64/1964 3643/64/1964 3635/64/1964 3628/64/1964
f 3642/497/1965 3638/497/1965 3635/497/1966 3742/497/1967 3641/497/1968
f 3673/495/1969 3671/495/1970 3740/495/1971 3739/495/1972
f 3646/500/49 3706/500/49 3652/500/49 3651/500/49 3674/500/49 3650/500/49 3734/500/49 3649/500/49 3648/500/49 3647/500/49 3645/500/49
f 3741/501/1973 3640/501/1974 3641/501/1968 3742/501/1967
f 3744/499/1975 3640/499/1974 3741/499/1973 3643/499/1976 3745/499/1977
f 3529/500/1978 3646/500/1978 3645/500/1978 3500/500/1978
f 3500/500/1979 3645/500/1979 3647/500/1979 3551/500/1979
f 3551/500/1980 3647/500/1980 3648/500/1980 3644/500/1980
f 3644/500/1981 3648/500/1981 3649/500/1981 3639/500/1981
f 3734/500/1982 3650/500/1983 3595/500/1983 3735/500/1984
f 3675/500/1985 3674/500/1985 3651/500/1985 3499/500/1985
f 3499/500/1986 3651/500/1986 3652/500/1986 3583/500/1986
f 3583/500/1987 3652/500/1987 3706/500/1987 3705/500/1987
f 3659/502/1988 3661/503/1988 3660/504/1988 3658/502/1988
f 3661/503/1989 3669/503/1989 3668/503/1989 3660/504/1989
f 3663/489/1990 3664/489/1990 3665/489/1990 3662/489/1990
f 3664/489/1991 3666/489/1991 3667/489/1991 3665/489/1991
f 3666/489/1991 3668/503/1991 3669/503/1991 3667/489/1991
f 3523/64/1992 3658/64/1992 3660/64/1992 3524/64/1992
f 3525/64/1993 3664/64/1993 3663/64/1993 3526/64/1993
f 3527/64/1994 3666/64/1994 3664/64/1994 3525/64/1994
f 3524/64/1995 3660/64/1995 3668/64/1995 3528/64/1995
f 3528/64/1996 3668/64/1996 3666/64/1996 3527/64/1996
f 3659/505/38 3653/505/38 3654/505/38 3661/506/38
f 3665/507/38 3655/507/38 3594/507/38 3662/507/38
f 3667/507/38 3656/507/38 3655/507/38 3665/507/38
f 3661/506/38 3654/505/38 3657/506/38 3669/506/38
f 3669/506/38 3657/506/38 3656/507/38 3667/507/38
f 3670/476/1997 3678/476/1997 3677/476/1997 3672/476/1997
f 3677/476/1998 3676/476/1998 3519/476/1998 3672/476/1998
f 3595/500/1999 3650/500/1999 3674/500/1999 3675/500/1999
f 3676/476/2000 3593/476/2000 3595/477/2000 3675/477/2000
f 3673/476/2001 3593/476/2001 3676/476/2001 3677/476/2001
f 3678/476/2002 3671/476/2002 3673/476/2002 3677/476/2002
f 3679/476/2003 3592/476/2003 3671/476/2003 3678/476/2003
f 3680/508/2004 3591/508/2004 3592/508/2004 3679/508/2004
f 3681/508/2005 3590/508/2005 3591/508/2005 3680/508/2005
f 3682/508/2006 3594/508/2007 3729/508/2008
f 3683/64/1926 3525/64/1926 3526/64/1926
f 3684/64/1927 3690/64/1927 3527/64/1927 3525/64/1927 3683/64/1927
f 3689/64/2009 3528/64/2009 3527/64/2009 3690/64/2009
f 3686/459/2010 3687/458/2010 3688/458/2010 3685/468/2010
f 3684/509/39 3691/509/39 3692/509/39 3690/509/39
f 3685/509/2011 3693/509/2011 3691/509/2012 3684/509/2012
f 3688/458/55 3694/458/55 3693/468/2011 3685/468/2011
f 3643/499/2013 3632/499/2013 3747/499/2014 3746/499/2015
f 3695/458/1858 3696/459/1858 3538/459/1858 3539/458/1858
f 3697/458/2016 3537/459/2016 3538/459/2016 3696/459/2016
f 3698/64/1861 3536/64/2017 3537/64/2017 3697/64/1861
f 3699/64/2018 3535/64/2018 3536/64/2018 3698/64/2018
f 3535/64/2019 3699/64/2019 3700/64/2019 3534/64/2019
f 3701/510/2020 3533/510/2021 3534/511/2021 3700/511/2022
f 3578/510/1843 3532/510/2023 3533/510/2023 3701/510/1844
f 3579/510/2024 3531/510/2024 3532/510/2024 3578/510/2024
f 3580/510/2025 3530/510/2025 3531/510/2025 3579/510/2025
f 3703/512/2026 3572/512/2026 3717/512/2027 3702/512/1874
f 3705/513/1880 3529/513/2028 3575/512/2028 3704/512/1881
f 3706/500/2029 3646/500/2029 3529/500/2029 3705/500/2029
f 3584/514/2030 3707/514/2030 3708/514/2031 3585/514/2031
f 3585/514/2031 3708/514/2031 3709/514/2031 3586/514/2031
f 3586/514/2031 3709/514/2031 3710/514/2030 3587/514/2030
f 3587/514/2030 3710/514/2030 3707/514/2030 3584/514/2030
f 3708/515/2031 3707/515/2030 3710/515/2030 3709/515/2031
f 3711/450/2032 3503/450/2032 3672/450/2032 3519/450/2032 3581/450/2032
f 3503/450/71 3670/450/71 3672/450/71
f 3503/474/2033 3711/474/2033 3714/474/2033 3713/474/2033
f 3715/64/1875 3580/64/1924 3714/64/1876
f 3716/512/2034 3530/512/2034 3580/512/1924 3715/512/1875
f 3530/516/1818 3716/517/1818 3520/460/1818 3504/463/1818
f 3716/474/2035 3715/474/1875 3702/474/1874 3717/474/2027
f 3520/474/1818 3716/474/1818 3717/474/1818 3718/474/1818
f 3719/474/34 3550/474/34 3520/474/34 3718/474/34
f 3724/518/1923 3726/518/1923 3725/518/1923 3723/518/1923
f 3720/519/2036 3724/519/2036 3723/519/2036 3722/519/2036
f 3722/519/2037 3723/519/2037 3725/519/2037 3721/519/2037
f 3721/519/2038 3725/519/2038 3726/519/2038 3596/519/2038
f 3596/519/2039 3726/519/2039 3724/519/2039 3720/519/2039
f 3518/452/2040 3598/452/2040 3597/452/2040 3578/452/2040
f 3728/520/1848 3561/521/1848 3560/522/1848 3727/523/1848
f 3682/508/2006 3729/508/2008 3590/508/2041 3681/508/2041
f 3731/524/1896 3701/525/2020 3700/526/2022 3730/527/1897
f 3733/528/1912 3498/528/2042 3602/528/2042 3732/528/1912
f 3639/500/2043 3649/500/2043 3734/500/1982 3735/500/1984
f 3743/499/1948 3736/499/1947 3640/499/2044 3744/499/2045
f 3640/64/2046 3736/64/1950 3737/64/1952 3641/64/2046
f 3738/64/2047 3739/64/1972 3740/64/1971
f 3671/495/1970 3592/495/2048 3738/495/2047 3740/495/1971
f 3593/495/2049 3673/495/1969 3739/495/1972 3737/495/2050
f 3641/64/2051 3737/64/2050 3739/64/1972
f 3738/64/2047 3641/64/2051 3739/64/1972
f 3643/529/1976 3741/530/1973 3742/531/1967 3635/532/1966
f 3639/533/2052 3735/533/1945 3743/533/1948 3744/533/2045
f 3644/534/2053 3639/535/2053 3744/536/1975 3745/537/1977
f 3551/533/1958 3644/533/1958 3745/533/1958 3746/533/1960 3577/533/1958
f 3747/533/2014 3577/533/2054 3746/533/2015
f 3747/533/2055 3574/533/1886 3577/533/1887
f 3574/533/2055 3747/533/1961 3719/533/1963
f 3826/450/1818 3827/450/1818 3751/451/1818 3780/451/1818
f 3786/64/2056 3761/64/2056 3756/64/2056 3785/64/2056
f 3782/452/2057 3759/452/2057 3755/452/2057 3781/452/2057
f 3785/453/2058 3756/453/2058 3768/452/2058 3784/452/2058
f 3849/452/2059 3850/452/2059 3769/452/2059
f 3783/454/2060 3748/457/2060 3759/456/2060 3782/455/2060
f 3763/64/2061 3761/64/2061 3786/64/2061 3787/64/2061
f 3788/64/2062 3767/64/2062 3763/64/2062 3787/64/2062
f 3790/458/1826 3753/458/1826 3765/459/1826 3789/459/1826
f 3789/459/2063 3765/459/2063 3767/459/2063 3788/459/2063
f 3784/452/2064 3768/452/2064 3748/452/2064 3783/452/2064
f 3771/460/1359 3755/463/1359 3772/462/1359 3773/461/1359
f 3752/464/1829 3764/465/1829 3872/465/1829 3873/464/1829
f 3760/466/2065 3757/466/2065 3868/466/2065 3869/466/2065
f 3762/466/2066 3760/466/2066 3869/466/2066 3870/466/2066
f 3764/465/2067 3766/467/2067 3871/467/2067 3872/465/2067
f 3766/467/1833 3762/466/1833 3870/466/1833 3871/467/1833
f 3770/450/2068 3833/450/2069 3834/451/2070 3750/451/2068
f 3847/64/2071 3856/64/2072 3861/64/1838
f 3847/452/2073 3848/452/2073 3830/452/2073 3831/452/2073 3971/452/2073
f 3848/452/2074 3829/452/2074 3830/452/2074
f 3769/452/2075 3982/452/2075 3952/452/2076 3829/452/2077
f 3810/64/2078 3816/64/2078 3822/64/2078
f 3815/64/2079 3816/64/2079 3851/64/2079 3852/64/2079 3757/64/2079 3760/64/2079
f 3762/64/2080 3814/64/2080 3815/64/2080 3760/64/2080
f 3766/64/1848 3813/64/1848 3814/64/1848 3762/64/1848
f 3764/459/2081 3979/459/2081 3812/459/2081 3813/468/2081 3766/468/2081
f 3752/458/1848 3978/458/1848 3979/459/1848 3764/459/1848
f 3759/452/34 3748/452/34 3791/452/34 3792/452/34
f 3765/459/34 3753/458/34 3793/458/34 3794/459/34
f 3768/452/2082 3756/453/2083 3795/453/2083 3796/452/2084
f 3755/452/34 3759/452/34 3792/452/34 3797/452/34
f 3756/64/2085 3761/64/2085 3798/64/2085 3795/64/2085
f 3761/64/2086 3763/64/2086 3799/64/2086 3798/64/2086
f 3767/459/34 3765/459/34 3794/459/34 3800/459/34
f 3763/64/2087 3767/64/2087 3800/64/2087 3799/64/2087
f 3748/452/34 3768/452/2082 3796/452/2084 3791/452/34
f 3751/451/34 3827/450/34 3828/450/34 3802/451/34
f 3772/64/2088 3755/64/2088 3797/64/2088 3803/64/2088
f 3771/64/2089 3773/64/2089 3804/64/2089 3801/64/2089
f 3773/64/34 3772/64/34 3803/64/34 3804/64/34
f 3805/469/1858 3946/472/1858 3947/471/1858 3806/470/1858
f 3807/468/2090 3806/459/2090 3947/459/2090 3948/458/2090
f 3808/64/2091 3807/64/2091 3948/64/2092 3949/64/2092
f 3809/64/2093 3808/64/2093 3949/64/2093 3950/64/2093
f 3950/64/2094 3951/64/2094 3981/64/2094 3810/64/2094 3809/64/2094
f 3811/464/1864 3817/464/1864 3818/465/1864 3812/465/1864
f 3813/467/2095 3812/465/2095 3818/465/2095 3819/467/2095
f 3814/467/2096 3813/467/2096 3819/467/2096 3820/467/2096
f 3815/466/2097 3814/467/2097 3820/467/2097 3821/466/2097
f 3821/466/2098 3822/466/2098 3816/466/2098 3815/466/2098
f 3817/464/1869 3805/464/1869 3806/465/1869 3818/465/1869
f 3819/467/2099 3818/465/2099 3806/465/2099 3807/467/2099
f 3820/467/1869 3819/467/1869 3807/467/1869 3808/467/1869
f 3821/466/2100 3820/467/2100 3808/467/2100 3809/466/2100
f 3809/466/2101 3810/466/2101 3822/466/2101 3821/466/2101
f 3968/450/1818 3969/450/1818 3824/450/1818 3823/450/1818
f 3825/450/34 3824/450/34 3969/450/34 3970/450/34
f 3770/450/1873 3832/450/1873 3833/450/1873
f 3839/473/34 3837/473/34 3836/473/34 3840/473/34
f 3953/474/2102 3962/474/2103 3965/474/2104 3966/474/2105
f 3953/450/2102 3954/450/2106 3832/450/2106 3962/450/2103
f 3833/473/1879 3832/473/1879 3835/473/1879 3838/473/1879
f 3834/451/2070 3833/450/2069 3955/450/2107 3956/451/2108
f 3823/473/1883 3824/473/1883 3836/473/1883 3835/473/1883
f 3827/473/1882 3826/473/1882 3838/473/1882 3837/473/1882
f 3828/473/1885 3827/473/1885 3837/473/1885 3839/473/1885
f 3824/473/1884 3825/473/1884 3840/473/1884 3836/473/1884
f 3825/473/1886 3828/473/1887 3839/473/38 3840/473/38
f 3832/473/2109 3954/473/2109 3823/473/2109 3835/473/2109
f 3826/473/2110 3955/473/2110 3833/473/2110 3838/473/2110
f 3749/475/2111 3758/475/2111 3931/475/2111 3932/475/2111
f 3754/476/2112 3921/476/2112 3929/476/2112 3930/476/2112
f 3757/475/2113 3984/475/2113 3749/475/2113 3932/475/2113 3933/475/2113
f 3758/475/2114 3754/475/2114 3930/475/2114 3931/475/2114
f 3770/476/2115 3750/477/2115 3926/477/2115 3927/476/2115
f 3769/452/2116 3810/452/2116 3981/478/2117 3982/478/2118
f 3850/452/2119 3851/452/2119 3816/452/2120 3769/452/2121
f 3769/452/2121 3816/452/2120 3810/452/2122
f 3758/452/2123 3855/452/2124 3754/452/2125
f 3754/452/2125 3855/452/2124 3964/452/2126
f 3964/452/2126 3855/452/2124 3963/452/2127
f 3855/452/2124 3856/452/2128 3963/452/2127
f 3854/479/2129 3855/481/2130 3758/480/2131
f 3749/482/2059 3853/483/2059 3854/479/2129 3758/480/2131
f 3757/484/2132 3852/487/2132 3983/486/2133 3984/485/2133
f 3853/466/2134 3983/466/2134 3852/466/2134 3857/466/2134 3858/466/2134
f 3854/466/2135 3853/466/2135 3858/466/2135 3859/466/2135
f 3859/466/2136 3860/466/2136 3855/466/2136 3854/466/2136
f 3856/466/2137 3855/466/2137 3860/466/2137 3861/466/2137
f 3858/466/2138 3857/466/2138 3851/466/2138 3850/466/2138
f 3859/466/2139 3858/466/2139 3850/466/2139 3849/466/2139
f 3849/466/2140 3848/466/2140 3860/466/2140 3859/466/2140
f 3861/466/2141 3860/466/2141 3848/466/2141 3847/466/2141
f 3964/488/2142 3963/488/2143 3965/488/2104
f 3963/488/2143 3856/488/2072 3965/488/2104
f 3856/488/2072 3847/488/2071 3965/488/2104
f 3847/488/2071 3972/488/2144 3965/488/2104
f 3831/488/2145 3965/488/2104 3971/488/2144
f 3971/488/2144 3965/488/2104 3973/488/2144
f 3972/488/2144 3973/488/2144 3965/488/2104
f 3852/64/2146 3851/64/2146 3857/64/2146
f 3777/489/39 3862/489/39 3845/489/39 3913/489/39 3914/489/39
f 3863/64/2147 3862/64/2147 3777/64/2147 3934/64/2147
f 3864/64/2148 3863/64/2148 3934/64/2148 3935/64/2148
f 3865/490/71 3864/493/71 3935/492/71 3936/491/71
f 3866/459/2149 3865/468/2149 3936/468/2149 3937/459/2149
f 3867/458/71 3866/459/71 3937/459/71 3938/458/71
f 3869/466/2150 3868/466/2150 3862/466/2150 3863/466/2150
f 3870/466/2151 3869/466/2151 3863/466/2151 3864/466/2151
f 3871/467/1931 3870/466/1931 3864/466/1931 3865/467/1931
f 3872/465/2152 3871/467/2152 3865/467/2152 3866/465/2152
f 3873/464/1933 3872/465/1933 3866/465/1933 3867/464/1933
f 3868/475/71 3757/475/71 3862/475/71
f 3845/475/2153 3862/475/2153 3757/475/2153 3933/475/2153
f 3792/452/1935 3791/452/1935 3874/452/1935 3875/452/1935
f 3794/459/38 3793/458/38 3876/458/38 3877/459/38
f 3796/452/2154 3795/453/2154 3878/453/2154 3874/452/2154
f 3797/452/2155 3792/452/2155 3875/452/2155 3879/452/2155
f 3795/64/2156 3798/64/2156 3880/64/2156 3878/64/2156
f 3798/64/2157 3799/64/2157 3881/64/2157 3880/64/2157
f 3800/64/2158 3794/64/2158 3877/64/2158 3882/64/2158
f 3799/64/2159 3800/64/2159 3882/64/2159 3881/64/2159
f 3791/452/2160 3796/452/2160 3874/452/2160
f 3803/64/2161 3797/64/2161 3879/64/2161 3884/64/2161
f 3801/64/2162 3804/64/2162 3885/64/2162 3883/64/2162
f 3804/64/38 3803/64/38 3884/64/38 3885/64/38
f 3986/494/2163 3994/496/2164 3987/495/2165 3844/495/2166 3846/494/2166
f 3883/64/2167 3885/64/2167 3884/64/2167 3879/64/2167
f 3987/495/2168 3988/495/2169 3844/495/2170
f 3875/64/2171 3886/64/2171 3879/64/2171
f 3841/475/1954 3842/475/1954 3887/475/1954
f 3842/497/1955 3843/497/1955 3888/497/1955 3887/497/1955
f 3843/497/2172 3989/497/2172 3892/497/2172 3893/497/2172 3888/497/2172
f 3886/498/1957 3875/498/1957 3874/498/1957 3889/498/1957
f 3996/499/2173 3997/499/2173 3894/499/2174
f 3998/499/2175 3970/499/2176 3801/499/2177 3883/499/2177
f 3883/64/2178 3879/64/2178 3886/64/2178 3894/64/2178
f 3893/497/2179 3892/497/2180 3993/497/2181 3886/497/2182 3889/497/2179
f 3924/495/2183 3990/495/2184 3991/495/2185 3922/495/2186
f 3897/500/39 3896/500/39 3898/500/39 3899/500/39 3900/500/39 3985/500/39 3901/500/39 3925/500/39 3902/500/39 3903/500/39 3957/500/39
f 3992/501/1973 3993/501/2181 3892/501/2180 3891/501/2187
f 3995/499/2188 3996/499/2189 3894/499/2190 3992/499/1973 3891/499/2187
f 3780/500/2191 3751/500/2191 3896/500/2191 3897/500/2191
f 3751/500/2192 3802/500/2192 3898/500/2192 3896/500/2192
f 3802/500/2193 3895/500/2193 3899/500/2193 3898/500/2193
f 3895/500/2194 3890/500/2194 3900/500/2194 3899/500/2194
f 3985/500/2195 3986/500/2196 3846/500/2197 3901/500/2197
f 3926/500/2198 3750/500/2198 3902/500/2198 3925/500/2198
f 3750/500/2199 3834/500/2199 3903/500/2199 3902/500/2199
f 3834/500/2200 3956/500/2200 3957/500/2200 3903/500/2200
f 3910/502/1988 3909/502/1988 3911/504/1988 3912/503/1988
f 3912/503/2201 3911/504/2201 3919/503/2201 3920/503/2201
f 3914/489/2202 3913/489/2202 3916/489/2202 3915/489/2202
f 3915/489/1991 3916/489/1991 3918/489/1991 3917/489/1991
f 3917/489/1991 3918/489/1991 3920/503/1991 3919/503/1991
f 3774/64/1992 3775/64/1992 3911/64/1992 3909/64/1992
f 3776/64/2203 3777/64/2203 3914/64/2203 3915/64/2203
f 3778/64/2204 3776/64/2204 3915/64/2204 3917/64/2204
f 3775/64/2205 3779/64/2205 3919/64/2205 3911/64/2205
f 3779/64/2206 3778/64/2206 3917/64/2206 3919/64/2206
f 3910/505/38 3912/506/38 3905/505/38 3904/505/38
f 3916/507/38 3913/507/38 3845/507/38 3906/507/38
f 3918/507/38 3916/507/38 3906/507/38 3907/507/38
f 3912/506/38 3920/506/38 3908/506/38 3905/505/38
f 3920/506/38 3918/507/38 3907/507/38 3908/506/38
f 3921/476/2207 3923/476/2207 3928/476/2207 3929/476/2207
f 3928/476/2208 3923/476/2208 3770/476/2208 3927/476/2208
f 3846/500/2209 3926/500/2209 3925/500/2209 3901/500/2209
f 3927/476/2210 3926/477/2210 3846/477/2210 3844/476/2210
f 3924/476/2211 3928/476/2211 3927/476/2211 3844/476/2211
f 3929/476/2212 3928/476/2212 3924/476/2212 3922/476/2212
f 3930/476/2213 3929/476/2213 3922/476/2213 3843/476/2213
f 3931/508/2214 3930/508/2214 3843/508/2214 3842/508/2214
f 3932/508/2215 3931/508/2215 3842/508/2215 3841/508/2215
f 3933/508/2216 3980/508/2217 3845/508/2218
f 3934/64/2147 3777/64/2147 3776/64/2147
f 3935/64/2148 3934/64/2148 3776/64/2148 3778/64/2148 3941/64/2148
f 3940/64/2219 3941/64/2219 3778/64/2219 3779/64/2219
f 3937/459/2010 3936/468/2010 3939/458/2010 3938/458/2010
f 3935/509/49 3941/509/49 3943/509/49 3942/509/49
f 3936/509/2220 3935/509/2221 3942/509/2221 3944/509/2220
f 3939/458/55 3936/468/2220 3944/468/2220 3945/458/55
f 3894/499/2222 3997/499/2223 3998/499/2224 3883/499/2222
f 3946/458/1858 3790/458/1858 3789/459/1858 3947/459/1858
f 3948/458/2225 3947/459/2225 3789/459/2225 3788/459/2225
f 3949/64/2092 3948/64/2092 3788/64/2226 3787/64/2226
f 3950/64/2227 3949/64/2227 3787/64/2227 3786/64/2227
f 3786/64/2228 3785/64/2228 3951/64/2228 3950/64/2228
f 3952/510/2229 3951/511/2230 3785/511/2231 3784/510/2231
f 3829/510/2077 3952/510/2076 3784/510/2232 3783/510/2232
f 3830/510/2233 3829/510/2233 3783/510/2233 3782/510/2233
f 3831/510/2234 3830/510/2234 3782/510/2234 3781/510/2234
f 3954/512/2235 3953/512/2236 3968/512/2237 3823/512/2235
f 3956/513/2108 3955/512/2107 3826/512/2238 3780/513/2238
f 3957/500/2239 3956/500/2239 3780/500/2239 3897/500/2239
f 3835/514/2030 3836/514/2031 3959/514/2030 3958/514/2030
f 3836/514/2031 3837/514/2031 3960/514/2030 3959/514/2030
f 3837/514/2031 3838/514/2030 3961/514/2030 3960/514/2030
f 3838/514/2030 3835/514/2030 3958/514/2030 3961/514/2030
f 3959/515/2030 3960/515/2030 3961/515/2030 3958/515/2030
f 3962/450/2240 3832/450/2240 3770/450/2240 3923/450/2240 3754/450/2240
f 3754/450/71 3923/450/71 3921/450/71
f 3754/474/2241 3964/474/2241 3965/474/2241 3962/474/2241
f 3966/64/2105 3965/64/2104 3831/64/2145
f 3967/512/2242 3966/512/2105 3831/512/2145 3781/512/2242
f 3781/516/1818 3755/463/1818 3771/460/1818 3967/517/1818
f 3967/474/2243 3968/474/2237 3953/474/2236 3966/474/2243
f 3771/474/1818 3969/474/1818 3968/474/1818 3967/474/1818
f 3970/474/34 3969/474/34 3771/474/34 3801/474/34
f 3975/518/2144 3974/518/2144 3976/518/2144 3977/518/2144
f 3971/519/2244 3973/519/2244 3974/519/2244 3975/519/2244
f 3973/519/2245 3972/519/2245 3976/519/2245 3974/519/2245
f 3972/519/2246 3847/519/2246 3977/519/2246 3976/519/2246
f 3847/519/2247 3971/519/2247 3975/519/2247 3977/519/2247
f 3769/452/2248 3829/452/2248 3848/452/2248 3849/452/2248
f 3979/520/1848 3978/523/1848 3811/522/1848 3812/521/1848
f 3933/508/2216 3932/508/2249 3841/508/2249 3980/508/2217
f 3982/524/2118 3981/527/2117 3951/526/2230 3952/525/2229
f 3984/528/2133 3983/528/2133 3853/528/2250 3749/528/2250
f 3890/500/2251 3986/500/2196 3985/500/2195 3900/500/2251
f 3994/499/2164 3995/499/2252 3891/499/2253 3987/499/2165
f 3891/64/2254 3892/64/2254 3988/64/2169 3987/64/2168
f 3989/64/2255 3991/64/2185 3990/64/2184
f 3922/495/2186 3991/495/2185 3989/495/2255 3843/495/2256
f 3844/495/2257 3988/495/2258 3990/495/2184 3924/495/2183
f 3892/64/2259 3990/64/2184 3988/64/2258
f 3989/64/2255 3990/64/2184 3892/64/2259
f 3894/529/2190 3886/532/2182 3993/531/2181 3992/530/1973
f 3890/533/2260 3995/533/2252 3994/533/2164 3986/533/2163
f 3895/534/2261 3996/537/2189 3995/536/2188 3890/535/2261
f 3802/533/2173 3828/533/2173 3997/533/2173 3996/533/2173 3895/533/2173
f 3998/533/2224 3997/533/2223 3828/533/2262
f 3998/533/2055 3828/533/1887 3825/533/1886
f 3825/533/2055 3970/533/2176 3998/533/2175
f 4017/448/34 4020/448/34 4019/448/34 4018/448/34
f 4001/449/71 4003/449/71 4004/449/71 4002/449/71
f 4009/449/55 4005/449/55 4006/449/55 4010/449/55
f 4005/449/38 3999/449/38 4000/449/38 4006/449/38
f 4000/449/1809 4007/449/49 4010/449/49 4006/449/1809
f 4005/449/1808 4009/449/39 4008/449/39 3999/449/1808
f 4020/448/34 4022/448/34 4021/448/34 4019/448/34
f 4009/449/39 4003/449/1811 4001/449/1811 4008/449/39
f 4003/449/55 4009/449/55 4010/449/55 4004/449/55
f 4007/449/49 4002/449/1810 4004/449/1810 4010/449/49
f 3999/449/34 4011/449/34 4012/449/34 4000/449/34
f 4000/449/34 4012/449/34 4013/449/34 4007/449/34
f 4008/449/34 4014/449/34 4011/449/34 3999/449/34
f 4007/449/34 4013/449/34 4015/449/34 4002/449/34
f 4002/449/34 4015/449/34 4016/449/34 4001/449/34
f 4001/449/34 4016/449/34 4014/449/34 4008/449/34
f 4011/449/1812 4017/449/1812 4018/449/1812 4012/449/1812
f 4012/449/1814 4018/449/1814 4019/449/1814 4013/449/1814
f 4014/449/2263 4020/449/2263 4017/449/2263 4011/449/2263
f 4013/449/2264 4019/449/2264 4021/449/2264 4015/449/2264
f 4015/449/1816 4021/449/1816 4022/449/1816 4016/449/1816
f 4016/449/2265 4022/449/2265 4020/449/2265 4014/449/2265
f 4025/538/2266 4036/538/2267 4035/538/2268 4026/538/2266
f 4026/538/49 4035/538/49 4024/538/49
f 4024/538/49 4035/538/49 4023/538/49
f 4035/538/49 4033/538/49 4023/538/49
f 4033/538/49 4031/538/49 4023/538/49
f 4031/538/49 4029/538/49 4023/538/49
f 4023/538/49 4029/538/49 4028/538/49
f 4030/538/2269 4027/538/2266 4028/538/2266 4029/538/2270
f 4032/538/2271 4030/538/2269 4029/538/2270 4031/538/2272
f 4034/538/2273 4032/538/2271 4031/538/2272 4033/538/2274
f 4036/538/2267 4034/538/2273 4033/538/2274 4035/538/2268
f 4039/539/2266 4050/539/2267 4049/539/2275 4040/539/2266
f 4040/539/49 4049/539/49 4038/539/49
f 4038/539/49 4049/539/49 4037/539/49
f 4049/539/49 4047/539/49 4037/539/49
f 4047/539/49 4045/539/49 4037/539/49
f 4045/539/49 4043/539/49 4037/539/49
f 4037/539/49 4043/539/49 4042/539/49
f 4044/539/2269 4041/539/2266 4042/539/2266 4043/539/2276
f 4046/539/2271 4044/539/2269 4043/539/2276 4045/539/2272
f 4048/539/2273 4046/539/2271 4045/539/2272 4047/539/2274
f 4050/539/2267 4048/539/2273 4047/539/2274 4049/539/2275
f 4059/540/1134 4062/540/1134 4061/540/1134 4060/540/1134
f 4063/540/2277 4064/540/2277 4062/540/2277 4059/540/2277
f 4060/540/2278 4061/540/2278 4066/540/2278 4065/540/2278
f 4052/540/2279 4059/540/2280 4060/540/2281 4051/540/2282
f 4053/540/2283 4061/540/2284 4062/540/2285 4054/540/2286
f 4056/540/2287 4063/540/2287 4059/540/2280 4052/540/2279
f 4054/540/2286 4062/540/2285 4064/540/2288 4055/540/2288
f 4055/540/2289 4064/540/2289 4063/540/2289 4056/540/2289
f 4051/540/2282 4060/540/2281 4065/540/2290 4058/540/2290
f 4058/540/2291 4065/540/2291 4066/540/2291 4057/540/2291
f 4057/540/2292 4066/540/2292 4061/540/2284 4053/540/2283
f 4067/351/2293 4069/351/2293 4070/351/2293 4068/351/2293
f 4069/351/1265 4071/351/1265 4072/351/1265 4070/351/1265
f 4071/351/55 4073/351/55 4074/351/55 4072/351/55
f 4068/351/2294 4070/351/2294 4072/351/2294 4074/351/2294
f 4073/351/2295 4071/351/2295 4069/351/2295 4067/351/2295
f 4083/540/1134 4086/540/1134 4085/540/1134 4084/540/1134
f 4087/540/2277 4088/540/2277 4086/540/2277 4083/540/2277
f 4084/540/2278 4085/540/2278 4090/540/2278 4089/540/2278
f 4076/540/2279 4083/540/2280 4084/540/2281 4075/540/2282
f 4077/540/2283 4085/540/2284 4086/540/2285 4078/540/2286
f 4080/540/2287 4087/540/2287 4083/540/2280 4076/540/2279
f 4078/540/2286 4086/540/2285 4088/540/2288 4079/540/2288
f 4079/540/2289 4088/540/2289 4087/540/2289 4080/540/2289
f 4075/540/2282 4084/540/2281 4089/540/2290 4082/540/2290
f 4082/540/2291 4089/540/2291 4090/540/2291 4081/540/2291
f 4081/540/2292 4090/540/2292 4085/540/2284 4077/540/2283
f 4099/540/1134 4102/540/1134 4101/540/1134 4100/540/1134
f 4103/540/2296 4104/540/2296 4102/540/2296 4099/540/2296
f 4100/540/2278 4101/540/2278 4106/540/2278 4105/540/2278
f 4092/540/2297 4099/540/2298 4100/540/2281 4091/540/2282
f 4093/540/2283 4101/540/2284 4102/540/2299 4094/540/2300
f 4096/540/2301 4103/540/2301 4099/540/2298 4092/540/2297
f 4094/540/2300 4102/540/2299 4104/540/2302 4095/540/2302
f 4095/540/2289 4104/540/2289 4103/540/2289 4096/540/2289
f 4091/540/2282 4100/540/2281 4105/540/2290 4098/540/2290
f 4098/540/2291 4105/540/2291 4106/540/2291 4097/540/2291
f 4097/540/2292 4106/540/2292 4101/540/2284 4093/540/2283
f 4115/540/1143 4116/540/1143 4117/540/1143 4118/540/1143
f 4119/540/2303 4115/540/2303 4118/540/2303 4120/540/2303
f 4116/540/2304 4121/540/2304 4122/540/2304 4117/540/2304
f 4108/540/2305 4107/540/2306 4116/540/2307 4115/540/2308
f 4109/540/2309 4110/540/2310 4118/540/2311 4117/540/2312
f 4112/540/2313 4108/540/2305 4115/540/2308 4119/540/2313
f 4110/540/2310 4111/540/2314 4120/540/2314 4118/540/2311
f 4111/540/2315 4112/540/2315 4119/540/2315 4120/540/2315
f 4107/540/2306 4114/540/2316 4121/540/2316 4116/540/2307
f 4114/540/2317 4113/540/2317 4122/540/2317 4121/540/2317
f 4113/540/2318 4109/540/2309 4117/540/2312 4122/540/2318
f 4131/540/1143 4132/540/1143 4133/540/1143 4134/540/1143
f 4135/540/2319 4131/540/2319 4134/540/2319 4136/540/2319
f 4132/540/2304 4137/540/2304 4138/540/2304 4133/540/2304
f 4124/540/2320 4123/540/2306 4132/540/2307 4131/540/2321
f 4125/540/2309 4126/540/2322 4134/540/2323 4133/540/2312
f 4128/540/2324 4124/540/2320 4131/540/2321 4135/540/2324
f 4126/540/2322 4127/540/2325 4136/540/2325 4134/540/2323
f 4127/540/2315 4128/540/2315 4135/540/2315 4136/540/2315
f 4123/540/2306 4130/540/2316 4137/540/2316 4132/540/2307
f 4130/540/2317 4129/540/2317 4138/540/2317 4137/540/2317
f 4129/540/2318 4125/540/2309 4133/540/2312 4138/540/2318
f 4139/354/34 4141/355/34 4142/355/34 4140/354/34
f 4141/355/2326 4143/354/2326 4144/354/2326 4142/355/2326
f 4145/354/2327 4139/355/2327 4140/355/2327 4146/354/2327
f 4147/354/34 4149/355/34 4150/355/34 4148/354/34
f 4149/355/2326 4151/354/2326 4152/354/2326 4150/355/2326
f 4153/354/2327 4147/355/2327 4148/355/2327 4154/354/2327
f 4157/539/2266 4168/539/2267 4167/539/2268 4158/539/2266
f 4158/539/49 4167/539/49 4156/539/49
f 4156/539/49 4167/539/49 4155/539/49
f 4167/539/49 4165/539/49 4155/539/49
f 4165/539/49 4163/539/49 4155/539/49
f 4163/539/49 4161/539/49 4155/539/49
f 4155/539/49 4161/539/49 4160/539/49
f 4162/539/2269 4159/539/2266 4160/539/2266 4161/539/2276
f 4164/539/2271 4162/539/2269 4161/539/2276 4163/539/2272
f 4166/539/2273 4164/539/2271 4163/539/2272 4165/539/2274
f 4168/539/2267 4166/539/2273 4165/539/2274 4167/539/2268
f 4177/540/1143 4178/540/1143 4179/540/1143 4180/540/1143
f 4181/540/2303 4177/540/2303 4180/540/2303 4182/540/2303
f 4178/540/2304 4183/540/2304 4184/540/2304 4179/540/2304
f 4170/540/2305 4169/540/2306 4178/540/2307 4177/540/2308
f 4171/540/2309 4172/540/2310 4180/540/2311 4179/540/2312
f 4174/540/2313 4170/540/2305 4177/540/2308 4181/540/2313
f 4172/540/2310 4173/540/2314 4182/540/2314 4180/540/2311
f 4173/540/2315 4174/540/2315 4181/540/2315 4182/540/2315
f 4169/540/2306 4176/540/2316 4183/540/2316 4178/540/2307
f 4176/540/2317 4175/540/2317 4184/540/2317 4183/540/2317
f 4175/540/2318 4171/540/2309 4179/540/2312 4184/540/2318
f 4309/541/71 4311/541/71 4310/541/71
f 4310/541/71 4311/541/71 4312/541/71
f 4314/541/71 4312/541/71 4313/541/71
f 4311/541/71 4315/541/71 4312/541/71
f 4312/541/71 4315/541/71 4313/541/71
f 4315/541/71 4316/541/71 4313/541/71
f 4193/372/38 4198/372/38 4199/372/38 4196/372/38
f 4385/542/39 4185/543/39 4194/544/39 4386/545/39
f 4294/373/55 4300/373/55 4299/373/55 4298/373/55 4297/373/55 4296/373/55 4295/373/55 4293/373/55
f 4234/374/34 4240/374/34 4239/374/34 4238/374/34 4237/374/34 4236/374/34 4235/374/34 4233/374/34
f 4350/546/1143 4355/546/1143 4354/546/1143 4353/546/1143 4352/546/1143 4351/546/1143 4349/546/1143
f 4357/546/1134 4360/546/1134 4359/546/1134 4358/546/1134 4356/546/1134
f 4193/372/2328 4196/372/2328 4195/372/2328 4346/372/2328 4348/547/2328 4386/372/2328 4194/372/2328
f 4197/372/2329 4200/372/2329 4199/372/2329 4198/372/2329
f 4194/548/2330 4324/548/2330 4323/548/2330 4193/548/2330
f 4193/548/2331 4323/548/2331 4322/548/2331 4198/548/2331
f 4198/548/2332 4322/548/2332 4321/548/2332 4197/548/2332
f 4197/548/2333 4321/548/2333 4320/548/2333 4190/548/2333
f 4190/548/2334 4320/548/2334 4319/548/2334 4189/549/2334
f 4186/549/2335 4189/549/2335 4319/548/2335 4326/548/2335
f 4186/549/2336 4326/548/2336 4325/548/2336 4185/548/2336
f 4185/548/2337 4325/548/2337 4324/548/2337 4194/548/2337
f 4202/379/2338 4218/379/2338 4217/379/2338 4201/379/2338
f 4201/379/71 4217/379/71 4219/379/71 4203/379/71
f 4203/379/2339 4219/379/2339 4220/379/2339 4204/379/2339
f 4204/379/39 4220/379/39 4221/379/39 4205/379/39
f 4205/379/2340 4221/379/2340 4222/379/2340 4206/379/2340
f 4207/379/38 4206/379/38 4222/379/38 4223/379/38
f 4207/379/2341 4223/379/2341 4224/379/2341 4208/379/2341
f 4208/379/49 4224/379/49 4218/379/49 4202/379/49
f 4218/380/2342 4226/381/2342 4225/381/2342 4217/381/2342
f 4217/381/2343 4225/381/2343 4227/381/2343 4219/381/2343
f 4219/381/2344 4227/381/2344 4228/381/2344 4220/381/2344
f 4220/381/2345 4228/381/2345 4229/381/2345 4221/381/2345
f 4221/381/2346 4229/381/2346 4230/381/2346 4222/381/2346
f 4223/381/2347 4222/381/2347 4230/381/2347 4231/381/2347
f 4223/381/2348 4231/381/2348 4232/381/2348 4224/380/2348
f 4224/380/2349 4232/381/2349 4226/381/2349 4218/380/2349
f 4226/381/2350 4234/381/2350 4233/381/2350 4225/381/2350
f 4225/381/2351 4233/381/2351 4235/381/2351 4227/381/2351
f 4227/381/2352 4235/381/2352 4236/381/2352 4228/381/2352
f 4228/381/2353 4236/381/2353 4237/381/2353 4229/381/2353
f 4229/381/2354 4237/381/2354 4238/381/2354 4230/381/2354
f 4231/381/2355 4230/381/2355 4238/381/2355 4239/381/2355
f 4231/381/2356 4239/381/2356 4240/381/2356 4232/381/2356
f 4232/381/2357 4240/381/2357 4234/381/2357 4226/381/2357
f 4197/547/49 4318/547/49 4242/547/49 4243/547/49 4246/372/49 4247/547/49 4200/372/49
f 4200/372/49 4247/547/49 4248/372/49 4251/372/49 4252/372/49 4191/372/49
f 4191/372/49 4252/372/49 4253/372/49 4256/372/49 4257/372/49 4317/372/49 4190/372/49
f 4317/372/49 4257/372/49 4258/372/49 4241/372/49 4242/547/49 4318/547/49
f 4245/550/2358 4250/550/2358 4246/550/2358 4243/550/2358
f 4249/550/2359 4255/550/2359 4251/550/2359 4248/550/2359
f 4254/550/2360 4260/550/2360 4256/550/2360 4253/550/2360
f 4259/550/2361 4244/550/2361 4241/550/2361 4258/550/2361
f 4244/551/49 4259/551/49 4260/551/49 4254/551/49 4255/551/49 4249/551/49 4250/551/49 4245/551/49
f 4241/550/2362 4244/550/2362 4245/550/2362 4243/550/2362
f 4246/550/2363 4250/550/2363 4249/550/2363 4248/550/2363
f 4251/550/2364 4255/550/2364 4254/550/2364 4253/550/2364
f 4256/550/2365 4260/550/2365 4259/550/2365 4258/550/2365
f 4241/372/49 4243/547/49 4242/547/49
f 4246/372/49 4248/372/49 4247/547/49
f 4251/372/49 4253/372/49 4252/372/49
f 4256/372/49 4258/372/49 4257/372/49
f 4344/372/71 4261/372/71 4262/372/71 4186/372/71
f 4262/552/71 4263/553/71 4189/554/71 4186/555/71
f 4189/372/71 4263/372/71 4343/372/71
f 4263/372/71 4264/372/71 4343/372/71
f 4261/372/71 4344/372/71 4267/372/71
f 4344/372/71 4343/372/71 4267/372/71
f 4267/372/71 4343/372/71 4266/372/71
f 4264/372/71 4265/372/71 4343/372/71
f 4343/372/71 4265/372/71 4266/372/71
f 4268/372/71 4261/372/71 4267/372/71
f 4261/556/2366 4269/556/2366 4270/556/2366 4262/556/2366
f 4273/556/2367 4263/556/2367 4262/556/2367 4270/556/2367
f 4268/556/2368 4271/556/2368 4269/556/2368 4261/556/2368
f 4263/556/2369 4273/556/2369 4274/556/2369 4264/556/2369
f 4264/556/2368 4274/556/2368 4272/556/2368 4265/556/2368
f 4265/556/2370 4272/556/2370 4275/556/2370 4266/556/2370
f 4266/556/2371 4275/556/2371 4276/556/2371 4267/556/2371
f 4267/556/2372 4276/556/2372 4271/556/2372 4268/556/2372
f 4210/383/2373 4278/383/2374 4277/383/2374 4209/383/2375
f 4209/383/2376 4277/383/38 4279/383/38 4211/383/2376
f 4211/383/2377 4279/383/2340 4280/383/2340 4212/383/2378
f 4212/383/2379 4280/383/39 4281/383/39 4213/383/2379
f 4213/383/2380 4281/383/2339 4282/383/2339 4214/383/2381
f 4214/383/2382 4282/383/71 4283/383/71 4215/383/2382
f 4215/383/2383 4283/383/2338 4284/383/2338 4216/383/2384
f 4216/383/2385 4284/383/49 4278/383/49 4210/383/2385
f 4278/384/55 4286/384/55 4285/384/55 4277/384/55
f 4277/384/55 4285/384/55 4287/384/55 4279/384/55
f 4279/384/55 4287/384/55 4288/384/55 4280/384/55
f 4280/384/55 4288/384/55 4289/384/55 4281/384/55
f 4281/384/55 4289/384/55 4290/384/55 4282/384/55
f 4282/384/55 4290/384/55 4291/384/55 4283/384/55
f 4283/384/55 4291/384/55 4292/384/55 4284/384/55
f 4284/384/55 4292/384/55 4286/384/55 4278/384/55
f 4286/384/2386 4294/384/2386 4293/384/2386 4285/384/2386
f 4285/384/2387 4293/384/2387 4295/384/2387 4287/384/2387
f 4287/384/2388 4295/384/2388 4296/384/2388 4288/384/2388
f 4288/384/2389 4296/384/2389 4297/384/2389 4289/384/2389
f 4289/384/2390 4297/384/2390 4298/384/2390 4290/384/2390
f 4290/384/2391 4298/384/2391 4299/384/2391 4291/384/2391
f 4291/384/2392 4299/384/2392 4300/384/2392 4292/384/2392
f 4292/384/2393 4300/384/2393 4294/384/2393 4286/384/2393
f 4302/385/34 4205/385/34 4206/385/34 4301/385/34
f 4303/385/34 4204/385/34 4205/385/34 4302/385/34
f 4304/385/34 4203/385/34 4204/385/34 4303/385/34
f 4305/386/34 4201/385/34 4203/385/34 4304/385/34
f 4306/387/34 4202/387/34 4201/385/34 4305/386/34
f 4307/387/34 4208/387/34 4202/387/34 4306/387/34
f 4308/386/34 4207/385/34 4208/387/34 4307/387/34
f 4301/385/34 4206/385/34 4207/385/34 4308/386/34
f 4269/557/1579 4309/557/1579 4310/557/1579 4270/557/1579
f 4271/557/2394 4311/557/2394 4309/557/2394 4269/557/2394
f 4270/557/2395 4310/557/2395 4312/557/2395 4273/557/2395
f 4274/557/2394 4314/557/2394 4313/557/2394 4272/557/2394
f 4273/557/1330 4312/557/1330 4314/557/1330 4274/557/1330
f 4276/557/2396 4315/557/2396 4311/557/2396 4271/557/2396
f 4272/557/2397 4313/557/2397 4316/557/2397 4275/557/2397
f 4275/557/2398 4316/557/2398 4315/557/2398 4276/557/2398
f 4190/558/49 4317/559/49 4318/560/49 4197/561/49
f 4320/385/2399 4302/385/2399 4301/385/2399 4319/385/2399
f 4321/385/2400 4303/385/2400 4302/385/2400 4320/385/2400
f 4322/385/2401 4304/385/2401 4303/385/2401 4321/385/2401
f 4323/562/2402 4305/386/2402 4304/385/2402 4322/385/2402
f 4324/387/2403 4306/387/2403 4305/386/2403 4323/562/2403
f 4325/387/2404 4307/387/2404 4306/387/2404 4324/387/2404
f 4326/562/2405 4308/386/2405 4307/387/2405 4325/387/2405
f 4319/385/2406 4301/385/2406 4308/386/2406 4326/562/2406
f 4327/563/2407 4332/563/2408 4331/563/2409 4328/563/2410
f 4328/563/2410 4329/563/2411 4330/563/2412 4327/563/2407
f 4329/563/2411 4341/563/2413 4342/563/2414 4330/563/2412
f 4332/563/2408 4334/563/2415 4333/563/2416 4331/563/2409
f 4334/563/2415 4336/563/2417 4335/563/2418 4333/563/2416
f 4336/563/2417 4338/563/2419 4337/563/2420 4335/563/2418
f 4338/563/2419 4340/563/2421 4339/563/2422 4337/563/2420
f 4340/563/2421 4342/563/2414 4341/563/2413 4339/563/2422
f 4187/563/2423 4329/563/2423 4328/563/2423 4188/564/2423
f 4328/563/2424 4331/563/2424 4192/564/2424 4188/564/2424
f 4192/564/2425 4331/563/2425 4333/563/2425 4191/563/2425
f 4191/563/2426 4333/563/2426 4335/563/2426 4200/563/2426
f 4200/563/2427 4335/563/2427 4337/563/2427 4199/563/2427
f 4199/563/2428 4337/563/2428 4339/563/2428 4196/563/2428
f 4196/563/2429 4339/563/2429 4341/563/2429 4195/563/2429
f 4195/563/2430 4341/563/2430 4329/563/2430 4187/563/2430
f 4330/394/2431 4210/394/2373 4209/394/2375 4327/394/2431
f 4211/394/2376 4332/394/2432 4327/394/2432 4209/394/2376
f 4332/394/2433 4211/394/2377 4212/394/2378 4334/394/2433
f 4334/394/2434 4212/394/2379 4213/394/2379 4336/394/2434
f 4336/394/2435 4213/394/2380 4214/394/2381 4338/394/2435
f 4338/394/2436 4214/394/2382 4215/394/2382 4340/394/2436
f 4340/394/2437 4215/394/2383 4216/394/2384 4342/394/2437
f 4342/394/2438 4216/394/2385 4210/394/2385 4330/394/2438
f 4344/565/71 4188/566/71 4192/567/71 4343/568/71
f 4195/372/39 4187/372/39 4345/547/39 4346/372/39
f 4345/569/39 4347/570/39 4348/571/39 4346/572/39
f 4185/372/1143 4350/372/1143 4349/372/1143 4186/372/1143
f 4186/372/1143 4349/372/1143 4351/372/1143 4344/372/1143
f 4344/372/1143 4351/372/1143 4352/372/1143 4188/372/1143
f 4188/372/1143 4352/372/1143 4353/372/1143 4187/372/1143
f 4187/372/1143 4353/372/1143 4354/547/1143 4345/547/1143
f 4345/547/1143 4354/547/1143 4355/547/1143 4347/547/1143
f 4347/547/1143 4355/547/1143 4350/372/1143 4185/372/1143 4385/547/1143
f 4189/372/1134 4357/372/1134 4356/372/1134 4190/372/1134
f 4190/372/1134 4356/372/1134 4358/372/1134 4191/372/1134
f 4191/372/1134 4358/372/1134 4359/372/1134 4192/372/1134
f 4192/372/1134 4359/372/1134 4360/372/1134 4343/372/1134
f 4343/372/1134 4360/372/1134 4357/372/1134 4189/372/1134
f 4361/351/2439 4362/351/2439 4364/351/2439 4363/351/2439
f 4363/351/1798 4364/351/1798 4366/351/1798 4365/351/1798
f 4365/351/55 4366/351/55 4368/351/55 4367/351/55
f 4362/351/2440 4368/351/2440 4366/351/2440 4364/351/2440
f 4367/351/2441 4361/351/2441 4363/351/2441 4365/351/2441
f 4369/354/34 4371/355/34 4372/355/34 4370/354/34
f 4371/355/2326 4373/354/2326 4374/354/2326 4372/355/2326
f 4375/354/2327 4369/355/2327 4370/355/2327 4376/354/2327
f 4377/354/34 4379/355/34 4380/355/34 4378/354/34
f 4379/355/2326 4381/354/2326 4382/354/2326 4380/355/2326
f 4383/354/2327 4377/355/2327 4378/355/2327 4384/354/2327
f 4347/547/39 4385/547/39 4386/372/39 4348/547/39
f 4389/538/2266 4390/538/2266 4399/538/2276 4400/538/2269
f 4390/538/49 4388/538/49 4399/538/49
f 4388/538/49 4387/538/49 4399/538/49
f 4399/538/49 4387/538/49 4397/538/49
f 4397/538/49 4387/538/49 4395/538/49
f 4395/538/49 4387/538/49 4393/538/49
f 4387/538/49 4392/538/49 4393/538/49
f 4394/538/2267 4393/538/2275 4392/538/2266 4391/538/2266
f 4396/538/2273 4395/538/2274 4393/538/2275 4394/538/2267
f 4398/538/2271 4397/538/2272 4395/538/2274 4396/538/2273
f 4400/538/2269 4399/538/2276 4397/538/2272 4398/538/2271
f 4403/539/2266 4404/539/2266 4413/539/2276 4414/539/2269
f 4404/539/49 4402/539/49 4413/539/49
f 4402/539/49 4401/539/49 4413/539/49
f 4413/539/49 4401/539/49 4411/539/49
f 4411/539/49 4401/539/49 4409/539/49
f 4409/539/49 4401/539/49 4407/539/49
f 4401/539/49 4406/539/49 4407/539/49
f 4408/539/2267 4407/539/2268 4406/539/2266 4405/539/2266
f 4410/539/2273 4409/539/2274 4407/539/2268 4408/539/2267
f 4412/539/2271 4411/539/2272 4409/539/2274 4410/539/2273
f 4414/539/2269 4413/539/2276 4411/539/2272 4412/539/2271
f 4423/540/2329 4424/540/2329 4425/540/2329 4426/540/2329
f 4427/540/2442 4423/540/2442 4426/540/2442 4428/540/2442
f 4424/540/2443 4429/540/2443 4430/540/2443 4425/540/2443
f 4416/540/2444 4415/540/2445 4424/540/2446 4423/540/2447
f 4417/540/2448 4418/540/2449 4426/540/2450 4425/540/2451
f 4420/540/2452 4416/540/2444 4423/540/2447 4427/540/2452
f 4418/540/2449 4419/540/2453 4428/540/2453 4426/540/2450
f 4419/540/2454 4420/540/2454 4427/540/2454 4428/540/2454
f 4415/540/2445 4422/540/2455 4429/540/2455 4424/540/2446
f 4422/540/2456 4421/540/2456 4430/540/2456 4429/540/2456
f 4421/540/2457 4417/540/2448 4425/540/2451 4430/540/2457
f 4431/351/2458 4432/351/2458 4434/351/2458 4433/351/2458
f 4433/351/2459 4434/351/2459 4436/351/2459 4435/351/2459
f 4435/351/55 4436/351/55 4438/351/55 4437/351/55
f 4432/351/2460 4438/351/2460 4436/351/2460 4434/351/2460
f 4437/351/2461 4431/351/2461 4433/351/2461 4435/351/2461
f 4447/540/2329 4448/540/2329 4449/540/2329 4450/540/2329
f 4451/540/2442 4447/540/2442 4450/540/2442 4452/540/2442
f 4448/540/2443 4453/540/2443 4454/540/2443 4449/540/2443
f 4440/540/2462 4439/540/2445 4448/540/2446 4447/540/2447
f 4441/540/2448 4442/540/2449 4450/540/2450 4449/540/2451
f 4444/540/2452 4440/540/2462 4447/540/2447 4451/540/2452
f 4442/540/2449 4443/540/2453 4452/540/2453 4450/540/2450
f 4443/540/2454 4444/540/2454 4451/540/2454 4452/540/2454
f 4439/540/2445 4446/540/2455 4453/540/2455 4448/540/2446
f 4446/540/2456 4445/540/2456 4454/540/2456 4453/540/2456
f 4445/540/2457 4441/540/2448 4449/540/2451 4454/540/2457
f 4463/540/2329 4464/540/2329 4465/540/2329 4466/540/2329
f 4467/540/2463 4463/540/2463 4466/540/2463 4468/540/2463
f 4464/540/2443 4469/540/2443 4470/540/2443 4465/540/2443
f 4456/540/2464 4455/540/2445 4464/540/2446 4463/540/2465
f 4457/540/2448 4458/540/2466 4466/540/2467 4465/540/2451
f 4460/540/2468 4456/540/2464 4463/540/2465 4467/540/2468
f 4458/540/2466 4459/540/2469 4468/540/2469 4466/540/2467
f 4459/540/2454 4460/540/2454 4467/540/2454 4468/540/2454
f 4455/540/2445 4462/540/2455 4469/540/2455 4464/540/2446
f 4462/540/2456 4461/540/2456 4470/540/2456 4469/540/2456
f 4461/540/2457 4457/540/2448 4465/540/2451 4470/540/2457
f 4479/540/2328 4482/540/2328 4481/540/2328 4480/540/2328
f 4483/540/2470 4484/540/2470 4482/540/2470 4479/540/2470
f 4480/540/2471 4481/540/2471 4486/540/2471 4485/540/2471
f 4472/540/2472 4479/540/2473 4480/540/2474 4471/540/2475
f 4473/540/2476 4481/540/2477 4482/540/2478 4474/540/2479
f 4476/540/2480 4483/540/2480 4479/540/2473 4472/540/2472
f 4474/540/2479 4482/540/2478 4484/540/2481 4475/540/2481
f 4475/540/2482 4484/540/2482 4483/540/2482 4476/540/2482
f 4471/540/2475 4480/540/2474 4485/540/2483 4478/540/2483
f 4478/540/2484 4485/540/2484 4486/540/2484 4477/540/2484
f 4477/540/2485 4486/540/2485 4481/540/2477 4473/540/2476
f 4495/540/2328 4498/540/2328 4497/540/2328 4496/540/2328
f 4499/540/2486 4500/540/2486 4498/540/2486 4495/540/2486
f 4496/540/2471 4497/540/2471 4502/540/2471 4501/540/2471
f 4488/540/2487 4495/540/2488 4496/540/2474 4487/540/2475
f 4489/540/2476 4497/540/2477 4498/540/2489 4490/540/2490
f 4492/540/2491 4499/540/2491 4495/540/2488 4488/540/2487
f 4490/540/2490 4498/540/2489 4500/540/2492 4491/540/2492
f 4491/540/2482 4500/540/2482 4499/540/2482 4492/540/2482
f 4487/540/2475 4496/540/2474 4501/540/2483 4494/540/2483
f 4494/540/2484 4501/540/2484 4502/540/2484 4493/540/2484
f 4493/540/2485 4502/540/2485 4497/540/2477 4489/540/2476
f 4503/354/34 4504/354/34 4506/355/34 4505/355/34
f 4505/355/2327 4506/355/2327 4508/354/2327 4507/354/2327
f 4509/354/2326 4510/354/2326 4504/355/2326 4503/355/2326
f 4511/354/34 4512/354/34 4514/355/34 4513/355/34
f 4513/355/2327 4514/355/2327 4516/354/2327 4515/354/2327
f 4517/354/2326 4518/354/2326 4512/355/2326 4511/355/2326
f 4521/539/2266 4522/539/2266 4531/539/2276 4532/539/2269
f 4522/539/49 4520/539/49 4531/539/49
f 4520/539/49 4519/539/49 4531/539/49
f 4531/539/49 4519/539/49 4529/539/49
f 4529/539/49 4519/539/49 4527/539/49
f 4527/539/49 4519/539/49 4525/539/49
f 4519/539/49 4524/539/49 4525/539/49
f 4526/539/2267 4525/539/2268 4524/539/2266 4523/539/2266
f 4528/539/2273 4527/539/2274 4525/539/2268 4526/539/2267
f 4530/539/2271 4529/539/2272 4527/539/2274 4528/539/2273
f 4532/539/2269 4531/539/2276 4529/539/2272 4530/539/2271
f 4541/540/2328 4544/540/2328 4543/540/2328 4542/540/2328
f 4545/540/2470 4546/540/2470 4544/540/2470 4541/540/2470
f 4542/540/2471 4543/540/2471 4548/540/2471 4547/540/2471
f 4534/540/2472 4541/540/2473 4542/540/2474 4533/540/2475
f 4535/540/2476 4543/540/2477 4544/540/2478 4536/540/2479
f 4538/540/2480 4545/540/2480 4541/540/2473 4534/540/2472
f 4536/540/2479 4544/540/2478 4546/540/2481 4537/540/2481
f 4537/540/2482 4546/540/2482 4545/540/2482 4538/540/2482
f 4533/540/2475 4542/540/2474 4547/540/2483 4540/540/2483
f 4540/540/2484 4547/540/2484 4548/540/2484 4539/540/2484
f 4539/540/2485 4548/540/2485 4543/540/2477 4535/540/2476
f 4673/541/38 4674/541/38 4675/541/38
f 4674/541/38 4676/541/38 4675/541/38
f 4678/541/38 4677/541/38 4676/541/38
f 4675/541/38 4676/541/38 4679/541/38
f 4676/541/38 4677/541/38 4679/541/38
f 4679/541/38 4677/541/38 4680/541/38
f 4557/372/71 4560/372/71 4563/372/71 4562/372/71
f 4749/542/39 4750/545/39 4558/544/39 4549/543/39
f 4658/373/55 4657/373/55 4659/373/55 4660/373/55 4661/373/55 4662/373/55 4663/373/55 4664/373/55
f 4598/374/34 4597/374/34 4599/374/34 4600/374/34 4601/374/34 4602/374/34 4603/374/34 4604/374/34
f 4714/546/2328 4713/546/2328 4715/546/2328 4716/546/2328 4717/546/2328 4718/546/2328 4719/546/2328
f 4721/546/2329 4720/546/2329 4722/546/2329 4723/546/2329 4724/546/2329
f 4557/372/1143 4558/372/1143 4750/372/1143 4712/547/1143 4710/372/1143 4559/372/1143 4560/372/1143
f 4561/372/1134 4562/372/1134 4563/372/1134 4564/372/1134
f 4558/548/2336 4557/548/2336 4687/548/2336 4688/548/2336
f 4557/548/2335 4562/548/2335 4686/548/2335 4687/548/2335
f 4562/548/2334 4561/548/2334 4685/548/2334 4686/548/2334
f 4561/548/2333 4554/548/2333 4684/548/2333 4685/548/2333
f 4554/548/2493 4553/549/2493 4683/548/2493 4684/548/2493
f 4550/549/2331 4690/548/2331 4683/548/2331 4553/549/2331
f 4550/549/2330 4549/548/2330 4689/548/2330 4690/548/2330
f 4549/548/2337 4558/548/2337 4688/548/2337 4689/548/2337
f 4566/379/2374 4565/379/2374 4581/379/2374 4582/379/2374
f 4565/379/38 4567/379/38 4583/379/38 4581/379/38
f 4567/379/2340 4568/379/2340 4584/379/2340 4583/379/2340
f 4568/379/39 4569/379/39 4585/379/39 4584/379/39
f 4569/379/2339 4570/379/2339 4586/379/2339 4585/379/2339
f 4571/379/71 4587/379/71 4586/379/71 4570/379/71
f 4571/379/2494 4572/379/2494 4588/379/2494 4587/379/2494
f 4572/379/49 4566/379/49 4582/379/49 4588/379/49
f 4582/380/2348 4581/381/2348 4589/381/2348 4590/381/2348
f 4581/381/2347 4583/381/2347 4591/381/2347 4589/381/2347
f 4583/381/2346 4584/381/2346 4592/381/2346 4591/381/2346
f 4584/381/2345 4585/381/2345 4593/381/2345 4592/381/2345
f 4585/381/2344 4586/381/2344 4594/381/2344 4593/381/2344
f 4587/381/2343 4595/381/2343 4594/381/2343 4586/381/2343
f 4587/381/2342 4588/380/2342 4596/381/2342 4595/381/2342
f 4588/380/2349 4582/380/2349 4590/381/2349 4596/381/2349
f 4590/381/2356 4589/381/2356 4597/381/2356 4598/381/2356
f 4589/381/2355 4591/381/2355 4599/381/2355 4597/381/2355
f 4591/381/2354 4592/381/2354 4600/381/2354 4599/381/2354
f 4592/381/2353 4593/381/2353 4601/381/2353 4600/381/2353
f 4593/381/2352 4594/381/2352 4602/381/2352 4601/381/2352
f 4595/381/2351 4603/381/2351 4602/381/2351 4594/381/2351
f 4595/381/2350 4596/381/2350 4604/381/2350 4603/381/2350
f 4596/381/2357 4590/381/2357 4598/381/2357 4604/381/2357
f 4561/547/49 4564/372/49 4611/547/49 4610/372/49 4607/547/49 4606/547/49 4682/547/49
f 4564/372/49 4555/372/49 4616/372/49 4615/372/49 4612/372/49 4611/547/49
f 4555/372/49 4554/372/49 4681/372/49 4621/372/49 4620/372/49 4617/372/49 4616/372/49
f 4681/372/49 4682/547/49 4606/547/49 4605/372/49 4622/372/49 4621/372/49
f 4609/550/2360 4607/550/2360 4610/550/2360 4614/550/2360
f 4613/550/2359 4612/550/2359 4615/550/2359 4619/550/2359
f 4618/550/2358 4617/550/2358 4620/550/2358 4624/550/2358
f 4623/550/2361 4622/550/2361 4605/550/2361 4608/550/2361
f 4608/551/49 4609/551/49 4614/551/49 4613/551/49 4619/551/49 4618/551/49 4624/551/49 4623/551/49
f 4605/550/2365 4607/550/2365 4609/550/2365 4608/550/2365
f 4610/550/2364 4612/550/2364 4613/550/2364 4614/550/2364
f 4615/550/2363 4617/550/2363 4618/550/2363 4619/550/2363
f 4620/550/2362 4622/550/2362 4623/550/2362 4624/550/2362
f 4605/372/49 4606/547/49 4607/547/49
f 4610/372/49 4611/547/49 4612/372/49
f 4615/372/49 4616/372/49 4617/372/49
f 4620/372/49 4621/372/49 4622/372/49
f 4708/372/38 4550/372/38 4626/372/38 4625/372/38
f 4626/552/38 4550/555/38 4553/554/38 4627/553/38
f 4553/372/38 4707/372/38 4627/372/38
f 4627/372/38 4707/372/38 4628/372/38
f 4625/372/38 4631/372/38 4708/372/38
f 4708/372/38 4631/372/38 4707/372/38
f 4631/372/38 4630/372/38 4707/372/38
f 4628/372/38 4707/372/38 4629/372/38
f 4707/372/38 4630/372/38 4629/372/38
f 4632/372/38 4631/372/38 4625/372/38
f 4625/556/2495 4626/556/2495 4634/556/2495 4633/556/2495
f 4637/556/2496 4634/556/2496 4626/556/2496 4627/556/2496
f 4632/556/2497 4625/556/2497 4633/556/2497 4635/556/2497
f 4627/556/2498 4628/556/2498 4638/556/2498 4637/556/2498
f 4628/556/2497 4629/556/2497 4636/556/2497 4638/556/2497
f 4629/556/2499 4630/556/2499 4639/556/2499 4636/556/2499
f 4630/556/2500 4631/556/2500 4640/556/2500 4639/556/2500
f 4631/556/2501 4632/556/2501 4635/556/2501 4640/556/2501
f 4574/383/2384 4573/383/2383 4641/383/2338 4642/383/2338
f 4573/383/2382 4575/383/2382 4643/383/71 4641/383/71
f 4575/383/2381 4576/383/2502 4644/383/2339 4643/383/2339
f 4576/383/2379 4577/383/2379 4645/383/39 4644/383/39
f 4577/383/2503 4578/383/2377 4646/383/2340 4645/383/2340
f 4578/383/2376 4579/383/2376 4647/383/38 4646/383/38
f 4579/383/2375 4580/383/2504 4648/383/2374 4647/383/2374
f 4580/383/2385 4574/383/2385 4642/383/49 4648/383/49
f 4642/384/55 4641/384/55 4649/384/55 4650/384/55
f 4641/384/55 4643/384/55 4651/384/55 4649/384/55
f 4643/384/55 4644/384/55 4652/384/55 4651/384/55
f 4644/384/55 4645/384/55 4653/384/55 4652/384/55
f 4645/384/55 4646/384/55 4654/384/55 4653/384/55
f 4646/384/55 4647/384/55 4655/384/55 4654/384/55
f 4647/384/55 4648/384/55 4656/384/55 4655/384/55
f 4648/384/55 4642/384/55 4650/384/55 4656/384/55
f 4650/384/2392 4649/384/2392 4657/384/2392 4658/384/2392
f 4649/384/2391 4651/384/2391 4659/384/2391 4657/384/2391
f 4651/384/2390 4652/384/2390 4660/384/2390 4659/384/2390
f 4652/384/2389 4653/384/2389 4661/384/2389 4660/384/2389
f 4653/384/2388 4654/384/2388 4662/384/2388 4661/384/2388
f 4654/384/2387 4655/384/2387 4663/384/2387 4662/384/2387
f 4655/384/2386 4656/384/2386 4664/384/2386 4663/384/2386
f 4656/384/2393 4650/384/2393 4658/384/2393 4664/384/2393
f 4666/385/34 4665/385/34 4570/385/34 4569/385/34
f 4667/385/34 4666/385/34 4569/385/34 4568/385/34
f 4668/385/34 4667/385/34 4568/385/34 4567/385/34
f 4669/386/34 4668/385/34 4567/385/34 4565/385/34
f 4670/387/34 4669/386/34 4565/385/34 4566/387/34
f 4671/387/34 4670/387/34 4566/387/34 4572/387/34
f 4672/386/34 4671/387/34 4572/387/34 4571/385/34
f 4665/385/34 4672/386/34 4571/385/34 4570/385/34
f 4633/557/2505 4634/557/2505 4674/557/2505 4673/557/2505
f 4635/557/2506 4633/557/2506 4673/557/2506 4675/557/2506
f 4634/557/2507 4637/557/2507 4676/557/2507 4674/557/2507
f 4638/557/2506 4636/557/2506 4677/557/2506 4678/557/2506
f 4637/557/2508 4638/557/2508 4678/557/2508 4676/557/2508
f 4640/557/2509 4635/557/2509 4675/557/2509 4679/557/2509
f 4636/557/2510 4639/557/2510 4680/557/2510 4677/557/2510
f 4639/557/2511 4640/557/2511 4679/557/2511 4680/557/2511
f 4554/558/49 4561/561/49 4682/560/49 4681/559/49
f 4684/385/2401 4683/385/2401 4665/385/2401 4666/385/2401
f 4685/385/2400 4684/385/2400 4666/385/2400 4667/385/2400
f 4686/385/2399 4685/385/2399 4667/385/2399 4668/385/2399
f 4687/562/2406 4686/385/2406 4668/385/2406 4669/386/2406
f 4688/387/2405 4687/562/2405 4669/386/2405 4670/387/2405
f 4689/387/2404 4688/387/2404 4670/387/2404 4671/387/2404
f 4690/562/2403 4689/387/2403 4671/387/2403 4672/386/2403
f 4683/385/2402 4690/562/2402 4672/386/2402 4665/385/2402
f 4691/563/2421 4692/563/2422 4695/563/2420 4696/563/2419
f 4692/563/2422 4691/563/2421 4694/563/2414 4693/563/2413
f 4693/563/2413 4694/563/2414 4706/563/2412 4705/563/2411
f 4696/563/2419 4695/563/2420 4697/563/2418 4698/563/2417
f 4698/563/2417 4697/563/2418 4699/563/2416 4700/563/2415
f 4700/563/2415 4699/563/2416 4701/563/2409 4702/563/2408
f 4702/563/2408 4701/563/2409 4703/563/2410 4704/563/2407
f 4704/563/2407 4703/563/2410 4705/563/2411 4706/563/2412
f 4551/563/2429 4552/564/2429 4692/563/2429 4693/563/2429
f 4692/563/2428 4552/564/2428 4556/564/2428 4695/563/2428
f 4556/564/2427 4555/563/2427 4697/563/2427 4695/563/2427
f 4555/563/2426 4564/563/2426 4699/563/2426 4697/563/2426
f 4564/563/2425 4563/563/2425 4701/563/2425 4699/563/2425
f 4563/563/2424 4560/563/2424 4703/563/2424 4701/563/2424
f 4560/563/2423 4559/563/2423 4705/563/2423 4703/563/2423
f 4559/563/2430 4551/563/2430 4693/563/2430 4705/563/2430
f 4694/394/2437 4691/394/2437 4573/394/2383 4574/394/2384
f 4575/394/2382 4573/394/2382 4691/394/2436 4696/394/2436
f 4696/394/2435 4698/394/2435 4576/394/2502 4575/394/2381
f 4698/394/2434 4700/394/2434 4577/394/2379 4576/394/2379
f 4700/394/2433 4702/394/2433 4578/394/2377 4577/394/2503
f 4702/394/2432 4704/394/2432 4579/394/2376 4578/394/2376
f 4704/394/2431 4706/394/2431 4580/394/2504 4579/394/2375
f 4706/394/2438 4694/394/2438 4574/394/2385 4580/394/2385
f 4708/565/38 4707/568/38 4556/567/38 4552/566/38
f 4559/372/39 4710/372/39 4709/547/39 4551/372/39
f 4709/569/39 4710/572/39 4712/571/39 4711/570/39
f 4549/372/2328 4550/372/2328 4713/372/2328 4714/372/2328
f 4550/372/2328 4708/372/2328 4715/372/2328 4713/372/2328
f 4708/372/2328 4552/372/2328 4716/372/2328 4715/372/2328
f 4552/372/2328 4551/372/2328 4717/372/2328 4716/372/2328
f 4551/372/2328 4709/547/2328 4718/547/2328 4717/372/2328
f 4709/547/2328 4711/547/2328 4719/547/2328 4718/547/2328
f 4711/547/2328 4749/547/2328 4549/372/2328 4714/372/2328 4719/547/2328
f 4553/372/2329 4554/372/2329 4720/372/2329 4721/372/2329
f 4554/372/2329 4555/372/2329 4722/372/2329 4720/372/2329
f 4555/372/2329 4556/372/2329 4723/372/2329 4722/372/2329
f 4556/372/2329 4707/372/2329 4724/372/2329 4723/372/2329
f 4707/372/2329 4553/372/2329 4721/372/2329 4724/372/2329
f 4725/351/2512 4727/351/2512 4728/351/2512 4726/351/2512
f 4727/351/2513 4729/351/2513 4730/351/2513 4728/351/2513
f 4729/351/55 4731/351/55 4732/351/55 4730/351/55
f 4726/351/2514 4728/351/2514 4730/351/2514 4732/351/2514
f 4731/351/2515 4729/351/2515 4727/351/2515 4725/351/2515
f 4733/354/34 4734/354/34 4736/355/34 4735/355/34
f 4735/355/2327 4736/355/2327 4738/354/2327 4737/354/2327
f 4739/354/2326 4740/354/2326 4734/355/2326 4733/355/2326
f 4741/354/34 4742/354/34 4744/355/34 4743/355/34
f 4743/355/2327 4744/355/2327 4746/354/2327 4745/354/2327
f 4747/354/2326 4748/354/2326 4742/355/2326 4741/355/2326
f 4711/547/39 4712/547/39 4750/372/39 4749/547/39
f 4755/573/2516 4765/573/2516 4764/573/2516 4756/573/2516
f 4752/573/2517 4756/573/2517 4764/573/2517 4763/573/2517
f 4766/573/2518 4765/573/2518 4755/573/2518 4751/573/2518
f 4759/573/2519 4760/573/2519 4757/573/2519 4754/573/2519
f 4761/573/2520 4758/573/2520 4757/573/2520 4760/573/2520
f 4753/573/2521 4758/573/2521 4761/573/2521 4762/573/2521
f 4763/573/2522 4764/573/2522 4760/573/2522 4759/573/2522
f 4765/573/55 4761/573/55 4760/573/55 4764/573/55
f 4762/573/2523 4761/573/2523 4765/573/2523 4766/573/2523
f 4771/573/2516 4781/573/2516 4780/573/2516 4772/573/2516
f 4768/573/2517 4772/573/2517 4780/573/2517 4779/573/2517
f 4782/573/2518 4781/573/2518 4771/573/2518 4767/573/2518
f 4775/573/2519 4776/573/2519 4773/573/2519 4770/573/2519
f 4777/573/2520 4774/573/2520 4773/573/2520 4776/573/2520
f 4769/573/2521 4774/573/2521 4777/573/2521 4778/573/2521
f 4779/573/2522 4780/573/2522 4776/573/2522 4775/573/2522
f 4781/573/55 4777/573/55 4776/573/55 4780/573/55
f 4778/573/2523 4777/573/2523 4781/573/2523 4782/573/2523
f 4783/403/2524 4795/403/2524 4796/403/2524 4784/403/2524
f 4784/403/2525 4796/403/2525 4797/403/2525 4785/403/2525
f 4785/403/2526 4797/403/2526 4798/403/2526 4786/403/2526
f 4786/403/2527 4798/403/2527 4799/403/2527 4787/403/2527
f 4787/403/2528 4799/403/2528 4800/403/2528 4788/403/2528
f 4788/403/2529 4800/403/2529 4801/403/2529 4789/403/2529
f 4789/403/2530 4801/403/2530 4802/403/2530 4790/403/2530
f 4790/403/2531 4802/403/2531 4803/403/2531 4791/403/2531
f 4791/403/2532 4803/403/2532 4804/403/2532 4792/403/2532
f 4792/403/2533 4804/403/2533 4805/403/2533 4793/403/2533
f 4793/403/2534 4805/403/2534 4806/403/2534 4794/403/2534
f 4794/403/2535 4806/403/2535 4795/403/2535 4783/403/2535
f 4832/403/39 4833/403/39 4831/403/39
f 4834/403/39 4833/403/39 4832/403/39
f 4835/403/39 4833/403/39 4834/403/39
f 4836/403/39 4833/403/39 4835/403/39
f 4837/403/39 4833/403/39 4836/403/39
f 4838/403/39 4833/403/39 4837/403/39
f 4839/403/39 4833/403/39 4838/403/39
f 4840/403/39 4833/403/39 4839/403/39
f 4841/403/39 4833/403/39 4840/403/39
f 4842/403/39 4833/403/39 4841/403/39
f 4843/403/39 4833/403/39 4842/403/39
f 4831/403/39 4833/403/39 4843/403/39
f 4795/403/2536 4807/403/2536 4808/403/2536 4796/403/2536
f 4796/403/2537 4808/403/2537 4809/403/2537 4797/403/2537
f 4797/403/2538 4809/403/2538 4810/403/2538 4798/403/2538
f 4798/403/2539 4810/403/2539 4811/403/2539 4799/403/2539
f 4799/403/2540 4811/403/2540 4812/403/2540 4800/403/2540
f 4800/403/2541 4812/403/2541 4813/403/2541 4801/403/2541
f 4801/403/2542 4813/403/2542 4814/403/2542 4802/403/2542
f 4802/403/2543 4814/403/2543 4815/403/2543 4803/403/2543
f 4803/403/2544 4815/403/2544 4816/403/2544 4804/403/2544
f 4804/403/2545 4816/403/2545 4817/403/2545 4805/403/2545
f 4805/403/2546 4817/403/2546 4818/403/2546 4806/403/2546
f 4806/403/2547 4818/403/2547 4807/403/2547 4795/403/2547
f 4784/403/39 4820/403/39 4819/403/39 4783/403/39
f 4785/403/39 4821/403/39 4820/403/39 4784/403/39
f 4786/403/39 4822/403/39 4821/403/39 4785/403/39
f 4787/403/39 4823/403/39 4822/403/39 4786/403/39
f 4788/403/39 4824/403/39 4823/403/39 4787/403/39
f 4789/403/39 4825/403/39 4824/403/39 4788/403/39
f 4790/403/39 4826/403/39 4825/403/39 4789/403/39
f 4791/403/39 4827/403/39 4826/403/39 4790/403/39
f 4792/403/39 4828/403/39 4827/403/39 4791/403/39
f 4793/403/39 4829/403/39 4828/403/39 4792/403/39
f 4794/403/39 4830/403/39 4829/403/39 4793/403/39
f 4783/403/39 4819/403/39 4830/403/39 4794/403/39
f 4820/574/39 4832/574/39 4831/574/39 4819/574/39
f 4821/574/39 4834/574/39 4832/574/39 4820/574/39
f 4822/574/39 4835/574/39 4834/574/39 4821/574/39
f 4823/574/39 4836/574/39 4835/574/39 4822/574/39
f 4824/574/39 4837/574/39 4836/574/39 4823/574/39
f 4825/574/39 4838/574/39 4837/574/39 4824/574/39
f 4826/574/39 4839/574/39 4838/574/39 4825/574/39
f 4827/574/39 4840/574/39 4839/574/39 4826/574/39
f 4828/574/39 4841/574/39 4840/574/39 4827/574/39
f 4829/574/39 4842/574/39 4841/574/39 4828/574/39
f 4830/574/39 4843/574/39 4842/574/39 4829/574/39
f 4819/574/39 4831/574/39 4843/574/39 4830/574/39
f 4853/403/49 4859/403/49 4858/403/49 4857/403/49 4856/403/49 4855/403/49 4854/403/49 4852/403/49
f 4846/403/1818 4853/403/1818 4852/403/1818 4845/403/1818
f 4845/403/34 4852/403/34 4854/403/34 4847/403/34
f 4847/403/2548 4854/403/2548 4855/403/2548 4851/403/2548
f 4851/403/2549 4855/403/2549 4856/403/2549 4850/403/2549
f 4850/403/2550 4856/403/2550 4857/403/2550 4849/403/2550
f 4849/403/2551 4857/403/2551 4858/403/2551 4844/403/2551
f 4844/403/2552 4858/403/2552 4859/403/2552 4848/403/2552
f 4848/403/2552 4859/403/2552 4853/403/2552 4846/403/2552
f 4860/403/39 4867/403/39 4866/403/39 4865/403/39 4864/403/39 4863/403/39 4862/403/39 4861/403/39
f 4846/403/2553 4860/403/2553 4861/403/2553 4848/403/2553
f 4848/403/2554 4861/403/2554 4862/403/2554 4844/403/2554
f 4844/403/2555 4862/403/2555 4863/403/2555 4849/403/2555
f 4849/403/2556 4863/403/2556 4864/403/2556 4850/403/2556
f 4850/403/2557 4864/403/2557 4865/403/2557 4851/403/2557
f 4851/403/2558 4865/403/2558 4866/403/2558 4847/403/2558
f 4847/403/2559 4866/403/2559 4867/403/2559 4845/403/2559
f 4845/403/2560 4867/403/2560 4860/403/2560 4846/403/2560
f 4872/573/2561 4882/573/2561 4881/573/2561 4873/573/2561
f 4869/573/2562 4873/573/2562 4881/573/2562 4880/573/2562
f 4883/573/2563 4882/573/2563 4872/573/2563 4868/573/2563
f 4876/573/2564 4877/573/2564 4874/573/2564 4871/573/2564
f 4878/573/2565 4875/573/2565 4874/573/2565 4877/573/2565
f 4870/573/2566 4875/573/2566 4878/573/2566 4879/573/2566
f 4880/573/2567 4881/573/2567 4877/573/2567 4876/573/2567
f 4882/573/34 4878/573/34 4877/573/34 4881/573/34
f 4879/573/2568 4878/573/2568 4882/573/2568 4883/573/2568
f 4887/573/34 4890/573/34 4889/573/34 4884/573/34
f 4895/573/55 4898/573/55 4897/573/55 4892/573/55
f 4891/573/49 4896/573/49 4899/573/49 4888/573/49
f 4893/573/39 4886/573/39 4885/573/39 4894/573/39
f 4885/573/2569 4886/573/2569 4887/573/2569 4884/573/2569
f 4889/573/2570 4890/573/2570 4891/573/2570 4888/573/2570
f 4893/573/2571 4894/573/2571 4895/573/2571 4892/573/2571
f 4897/573/2572 4898/573/2572 4899/573/2572 4896/573/2572
f 4904/573/2561 4914/573/2561 4913/573/2561 4905/573/2561
f 4901/573/2562 4905/573/2562 4913/573/2562 4912/573/2562
f 4915/573/2573 4914/573/2573 4904/573/2573 4900/573/2573
f 4908/573/2574 4909/573/2574 4906/573/2574 4903/573/2574
f 4910/573/2565 4907/573/2565 4906/573/2565 4909/573/2565
f 4902/573/2575 4907/573/2575 4910/573/2575 4911/573/2575
f 4912/573/2567 4913/573/2567 4909/573/2567 4908/573/2567
f 4914/573/34 4910/573/34 4909/573/34 4913/573/34
f 4911/573/2568 4910/573/2568 4914/573/2568 4915/573/2568
f 4918/538/2576 4919/538/2576 4928/538/2577 4929/538/2578
f 4919/538/39 4917/538/39 4928/538/39
f 4917/538/39 4916/538/39 4928/538/39
f 4928/538/39 4916/538/39 4926/538/39
f 4926/538/39 4916/538/39 4924/538/39
f 4924/538/39 4916/538/39 4922/538/39
f 4916/538/39 4921/538/39 4922/538/39
f 4923/538/2579 4922/538/2580 4921/538/2576 4920/538/2576
f 4925/538/2581 4924/538/2582 4922/538/2580 4923/538/2579
f 4927/538/2583 4926/538/2584 4924/538/2582 4925/538/2581
f 4929/538/2578 4928/538/2577 4926/538/2584 4927/538/2583
f 4932/539/2576 4933/539/2576 4942/539/2585 4943/539/2578
f 4933/539/39 4931/539/39 4942/539/39
f 4931/539/39 4930/539/39 4942/539/39
f 4942/539/39 4930/539/39 4940/539/39
f 4940/539/39 4930/539/39 4938/539/39
f 4938/539/39 4930/539/39 4936/539/39
f 4930/539/39 4935/539/39 4936/539/39
f 4937/539/2579 4936/539/2580 4935/539/2576 4934/539/2576
f 4939/539/2581 4938/539/2582 4936/539/2580 4937/539/2579
f 4941/539/2583 4940/539/2584 4938/539/2582 4939/539/2581
f 4943/539/2578 4942/539/2585 4940/539/2584 4941/539/2583
f 4952/540/1143 4953/540/1143 4954/540/1143 4955/540/1143
f 4956/540/2303 4952/540/2303 4955/540/2303 4957/540/2303
f 4953/540/2304 4958/540/2304 4959/540/2304 4954/540/2304
f 4945/540/2305 4944/540/2306 4953/540/2307 4952/540/2308
f 4946/540/2309 4947/540/2586 4955/540/2311 4954/540/2312
f 4949/540/2313 4945/540/2305 4952/540/2308 4956/540/2313
f 4947/540/2586 4948/540/2314 4957/540/2314 4955/540/2311
f 4948/540/2315 4949/540/2315 4956/540/2315 4957/540/2315
f 4944/540/2306 4951/540/2316 4958/540/2316 4953/540/2307
f 4951/540/2317 4950/540/2317 4959/540/2317 4958/540/2317
f 4950/540/2318 4946/540/2309 4954/540/2312 4959/540/2318
f 4960/351/2439 4961/351/2439 4963/351/2439 4962/351/2439
f 4962/351/1798 4963/351/1798 4965/351/1798 4964/351/1798
f 4964/351/55 4965/351/55 4967/351/55 4966/351/55
f 4961/351/2440 4967/351/2440 4965/351/2440 4963/351/2440
f 4966/351/2441 4960/351/2441 4962/351/2441 4964/351/2441
f 4976/540/1143 4977/540/1143 4978/540/1143 4979/540/1143
f 4980/540/2303 4976/540/2303 4979/540/2303 4981/540/2303
f 4977/540/2304 4982/540/2304 4983/540/2304 4978/540/2304
f 4969/540/2305 4968/540/2306 4977/540/2307 4976/540/2308
f 4970/540/2309 4971/540/2586 4979/540/2311 4978/540/2312
f 4973/540/2313 4969/540/2305 4976/540/2308 4980/540/2313
f 4971/540/2586 4972/540/2314 4981/540/2314 4979/540/2311
f 4972/540/2315 4973/540/2315 4980/540/2315 4981/540/2315
f 4968/540/2306 4975/540/2316 4982/540/2316 4977/540/2307
f 4975/540/2317 4974/540/2317 4983/540/2317 4982/540/2317
f 4974/540/2318 4970/540/2309 4978/540/2312 4983/540/2318
f 4992/540/1143 4993/540/1143 4994/540/1143 4995/540/1143
f 4996/540/2587 4992/540/2587 4995/540/2587 4997/540/2587
f 4993/540/2304 4998/540/2304 4999/540/2304 4994/540/2304
f 4985/540/2588 4984/540/2306 4993/540/2307 4992/540/2589
f 4986/540/2309 4987/540/2590 4995/540/2591 4994/540/2312
f 4989/540/2592 4985/540/2588 4992/540/2589 4996/540/2592
f 4987/540/2590 4988/540/2593 4997/540/2593 4995/540/2591
f 4988/540/2315 4989/540/2315 4996/540/2315 4997/540/2315
f 4984/540/2306 4991/540/2316 4998/540/2316 4993/540/2307
f 4991/540/2317 4990/540/2317 4999/540/2317 4998/540/2317
f 4990/540/2318 4986/540/2309 4994/540/2312 4999/540/2318
f 5008/540/1134 5011/540/1134 5010/540/1134 5009/540/1134
f 5012/540/2277 5013/540/2277 5011/540/2277 5008/540/2277
f 5009/540/2278 5010/540/2278 5015/540/2278 5014/540/2278
f 5001/540/2279 5008/540/2280 5009/540/2281 5000/540/2282
f 5002/540/2283 5010/540/2284 5011/540/2285 5003/540/2286
f 5005/540/2287 5012/540/2287 5008/540/2280 5001/540/2279
f 5003/540/2286 5011/540/2285 5013/540/2288 5004/540/2288
f 5004/540/2289 5013/540/2289 5012/540/2289 5005/540/2289
f 5000/540/2282 5009/540/2281 5014/540/2290 5007/540/2290
f 5007/540/2291 5014/540/2291 5015/540/2291 5006/540/2291
f 5006/540/2292 5015/540/2292 5010/540/2284 5002/540/2283
f 5024/540/1134 5027/540/1134 5026/540/1134 5025/540/1134
f 5028/540/2594 5029/540/2594 5027/540/2594 5024/540/2594
f 5025/540/2278 5026/540/2278 5031/540/2278 5030/540/2278
f 5017/540/2595 5024/540/2596 5025/540/2281 5016/540/2282
f 5018/540/2283 5026/540/2284 5027/540/2597 5019/540/2598
f 5021/540/2599 5028/540/2599 5024/540/2596 5017/540/2595
f 5019/540/2598 5027/540/2597 5029/540/2600 5020/540/2600
f 5020/540/2289 5029/540/2289 5028/540/2289 5021/540/2289
f 5016/540/2282 5025/540/2281 5030/540/2290 5023/540/2290
f 5023/540/2291 5030/540/2291 5031/540/2291 5022/540/2291
f 5022/540/2292 5031/540/2292 5026/540/2284 5018/540/2283
f 5032/354/34 5033/354/34 5035/355/34 5034/355/34
f 5034/355/2326 5035/355/2326 5037/354/2326 5036/354/2326
f 5038/354/2327 5039/354/2327 5033/355/2327 5032/355/2327
f 5040/354/34 5041/354/34 5043/355/34 5042/355/34
f 5042/355/2326 5043/355/2326 5045/354/2326 5044/354/2326
f 5046/354/2327 5047/354/2327 5041/355/2327 5040/355/2327
f 5050/539/2576 5051/539/2576 5060/539/2577 5061/539/2578
f 5051/539/39 5049/539/39 5060/539/39
f 5049/539/39 5048/539/39 5060/539/39
f 5060/539/39 5048/539/39 5058/539/39
f 5058/539/39 5048/539/39 5056/539/39
f 5056/539/39 5048/539/39 5054/539/39
f 5048/539/39 5053/539/39 5054/539/39
f 5055/539/2579 5054/539/2580 5053/539/2576 5052/539/2576
f 5057/539/2581 5056/539/2582 5054/539/2580 5055/539/2579
f 5059/539/2583 5058/539/2584 5056/539/2582 5057/539/2581
f 5061/539/2578 5060/539/2577 5058/539/2584 5059/539/2583
f 5070/540/1134 5073/540/1134 5072/540/1134 5071/540/1134
f 5074/540/2277 5075/540/2277 5073/540/2277 5070/540/2277
f 5071/540/2278 5072/540/2278 5077/540/2278 5076/540/2278
f 5063/540/2279 5070/540/2280 5071/540/2281 5062/540/2282
f 5064/540/2283 5072/540/2284 5073/540/2285 5065/540/2286
f 5067/540/2287 5074/540/2287 5070/540/2280 5063/540/2279
f 5065/540/2286 5073/540/2285 5075/540/2288 5066/540/2288
f 5066/540/2289 5075/540/2289 5074/540/2289 5067/540/2289
f 5062/540/2282 5071/540/2281 5076/540/2290 5069/540/2290
f 5069/540/2291 5076/540/2291 5077/540/2291 5068/540/2291
f 5068/540/2292 5077/540/2292 5072/540/2284 5064/540/2283
f 5202/541/71 5203/541/71 5204/541/71
f 5203/541/71 5205/541/71 5204/541/71
f 5207/541/71 5206/541/71 5205/541/71
f 5204/541/71 5205/541/71 5208/541/71
f 5205/541/71 5206/541/71 5208/541/71
f 5208/541/71 5206/541/71 5209/541/71
f 5086/372/38 5089/372/38 5092/372/38 5091/372/38
f 5278/542/49 5279/545/49 5087/544/49 5078/543/49
f 5187/373/55 5186/373/55 5188/373/55 5189/373/55 5190/373/55 5191/373/55 5192/373/55 5193/373/55
f 5127/374/34 5126/374/34 5128/374/34 5129/374/34 5130/374/34 5131/374/34 5132/374/34 5133/374/34
f 5243/546/1134 5242/546/1134 5244/546/1134 5245/546/1134 5246/546/1134 5247/546/1134 5248/546/1134
f 5250/546/1143 5249/546/1143 5251/546/1143 5252/546/1143 5253/546/1143
f 5086/372/2329 5087/372/2329 5279/372/2329 5241/547/2329 5239/372/2329 5088/372/2329 5089/372/2329
f 5090/372/2328 5091/372/2328 5092/372/2328 5093/372/2328
f 5087/548/2332 5086/548/2332 5216/548/2332 5217/548/2332
f 5086/548/2331 5091/548/2331 5215/548/2331 5216/548/2331
f 5091/548/2330 5090/548/2330 5214/548/2330 5215/548/2330
f 5090/548/2601 5083/548/2601 5213/548/2601 5214/548/2601
f 5083/548/2336 5082/549/2336 5212/548/2336 5213/548/2336
f 5079/549/2335 5219/548/2335 5212/548/2335 5082/549/2335
f 5079/549/2334 5078/548/2334 5218/548/2334 5219/548/2334
f 5078/548/2602 5087/548/2602 5217/548/2602 5218/548/2602
f 5095/379/2603 5094/379/2603 5110/379/2603 5111/379/2603
f 5094/379/71 5096/379/71 5112/379/71 5110/379/71
f 5096/379/2494 5097/379/2494 5113/379/2494 5112/379/2494
f 5097/379/49 5098/379/49 5114/379/49 5113/379/49
f 5098/379/2341 5099/379/2341 5115/379/2341 5114/379/2341
f 5100/379/38 5116/379/38 5115/379/38 5099/379/38
f 5100/379/2340 5101/379/2340 5117/379/2340 5116/379/2340
f 5101/379/39 5095/379/39 5111/379/39 5117/379/39
f 5111/380/2344 5110/381/2344 5118/381/2344 5119/381/2344
f 5110/381/2343 5112/381/2343 5120/381/2343 5118/381/2343
f 5112/381/2342 5113/381/2342 5121/381/2342 5120/381/2342
f 5113/381/2349 5114/381/2349 5122/381/2349 5121/381/2349
f 5114/381/2348 5115/381/2348 5123/381/2348 5122/381/2348
f 5116/381/2347 5124/381/2347 5123/381/2347 5115/381/2347
f 5116/381/2346 5117/380/2346 5125/381/2346 5124/381/2346
f 5117/380/2345 5111/380/2345 5119/381/2345 5125/381/2345
f 5119/381/2352 5118/381/2352 5126/381/2352 5127/381/2352
f 5118/381/2351 5120/381/2351 5128/381/2351 5126/381/2351
f 5120/381/2350 5121/381/2350 5129/381/2350 5128/381/2350
f 5121/381/2357 5122/381/2357 5130/381/2357 5129/381/2357
f 5122/381/2356 5123/381/2356 5131/381/2356 5130/381/2356
f 5124/381/2355 5132/381/2355 5131/381/2355 5123/381/2355
f 5124/381/2354 5125/381/2354 5133/381/2354 5132/381/2354
f 5125/381/2353 5119/381/2353 5127/381/2353 5133/381/2353
f 5090/547/39 5093/372/39 5140/547/39 5139/372/39 5136/547/39 5135/547/39 5211/547/39
f 5093/372/39 5084/372/39 5145/372/39 5144/372/39 5141/372/39 5140/547/39
f 5084/372/39 5083/372/39 5210/372/39 5150/372/39 5149/372/39 5146/372/39 5145/372/39
f 5210/372/39 5211/547/39 5135/547/39 5134/372/39 5151/372/39 5150/372/39
f 5138/550/2604 5136/550/2604 5139/550/2604 5143/550/2604
f 5142/550/2605 5141/550/2605 5144/550/2605 5148/550/2605
f 5147/550/2606 5146/550/2606 5149/550/2606 5153/550/2606
f 5152/550/2607 5151/550/2607 5134/550/2607 5137/550/2607
f 5137/551/39 5138/551/39 5143/551/39 5142/551/39 5148/551/39 5147/551/39 5153/551/39 5152/551/39
f 5134/550/2608 5136/550/2608 5138/550/2608 5137/550/2608
f 5139/550/2609 5141/550/2609 5142/550/2609 5143/550/2609
f 5144/550/2610 5146/550/2610 5147/550/2610 5148/550/2610
f 5149/550/2611 5151/550/2611 5152/550/2611 5153/550/2611
f 5134/372/39 5135/547/39 5136/547/39
f 5139/372/39 5140/547/39 5141/372/39
f 5144/372/39 5145/372/39 5146/372/39
f 5149/372/39 5150/372/39 5151/372/39
f 5237/372/71 5079/372/71 5155/372/71 5154/372/71
f 5155/552/71 5079/555/71 5082/554/71 5156/553/71
f 5082/372/71 5236/372/71 5156/372/71
f 5156/372/71 5236/372/71 5157/372/71
f 5154/372/71 5160/372/71 5237/372/71
f 5237/372/71 5160/372/71 5236/372/71
f 5160/372/71 5159/372/71 5236/372/71
f 5157/372/71 5236/372/71 5158/372/71
f 5236/372/71 5159/372/71 5158/372/71
f 5161/372/71 5160/372/71 5154/372/71
f 5154/556/2369 5155/556/2369 5163/556/2369 5162/556/2369
f 5166/556/2367 5163/556/2367 5155/556/2367 5156/556/2367
f 5161/556/2368 5154/556/2368 5162/556/2368 5164/556/2368
f 5156/556/2366 5157/556/2366 5167/556/2366 5166/556/2366
f 5157/556/2368 5158/556/2368 5165/556/2368 5167/556/2368
f 5158/556/2612 5159/556/2612 5168/556/2612 5165/556/2612
f 5159/556/2371 5160/556/2371 5169/556/2371 5168/556/2371
f 5160/556/2613 5161/556/2613 5164/556/2613 5169/556/2613
f 5103/383/2503 5102/383/2377 5170/383/2614 5171/383/2614
f 5102/383/2376 5104/383/2376 5172/383/38 5170/383/38
f 5104/383/2375 5105/383/2615 5173/383/2341 5172/383/2341
f 5105/383/2385 5106/383/2385 5174/383/49 5173/383/49
f 5106/383/2384 5107/383/2383 5175/383/2494 5174/383/2494
f 5107/383/2382 5108/383/2382 5176/383/71 5175/383/71
f 5108/383/2381 5109/383/2380 5177/383/2603 5176/383/2603
f 5109/383/2379 5103/383/2379 5171/383/39 5177/383/39
f 5171/384/55 5170/384/55 5178/384/55 5179/384/55
f 5170/384/55 5172/384/55 5180/384/55 5178/384/55
f 5172/384/55 5173/384/55 5181/384/55 5180/384/55
f 5173/384/55 5174/384/55 5182/384/55 5181/384/55
f 5174/384/55 5175/384/55 5183/384/55 5182/384/55
f 5175/384/55 5176/384/55 5184/384/55 5183/384/55
f 5176/384/55 5177/384/55 5185/384/55 5184/384/55
f 5177/384/55 5171/384/55 5179/384/55 5185/384/55
f 5179/384/2388 5178/384/2388 5186/384/2388 5187/384/2388
f 5178/384/2387 5180/384/2387 5188/384/2387 5186/384/2387
f 5180/384/2386 5181/384/2386 5189/384/2386 5188/384/2386
f 5181/384/2393 5182/384/2393 5190/384/2393 5189/384/2393
f 5182/384/2392 5183/384/2392 5191/384/2392 5190/384/2392
f 5183/384/2391 5184/384/2391 5192/384/2391 5191/384/2391
f 5184/384/2390 5185/384/2390 5193/384/2390 5192/384/2390
f 5185/384/2389 5179/384/2389 5187/384/2389 5193/384/2389
f 5195/385/34 5194/385/34 5099/385/34 5098/385/34
f 5196/385/34 5195/385/34 5098/385/34 5097/385/34
f 5197/385/34 5196/385/34 5097/385/34 5096/385/34
f 5198/386/34 5197/385/34 5096/385/34 5094/385/34
f 5199/387/34 5198/386/34 5094/385/34 5095/387/34
f 5200/387/34 5199/387/34 5095/387/34 5101/387/34
f 5201/386/34 5200/387/34 5101/387/34 5100/385/34
f 5194/385/34 5201/386/34 5100/385/34 5099/385/34
f 5162/557/1330 5163/557/1330 5203/557/1330 5202/557/1330
f 5164/557/2394 5162/557/2394 5202/557/2394 5204/557/2394
f 5163/557/2395 5166/557/2395 5205/557/2395 5203/557/2395
f 5167/557/2394 5165/557/2394 5206/557/2394 5207/557/2394
f 5166/557/1579 5167/557/1579 5207/557/1579 5205/557/1579
f 5169/557/2397 5164/557/2397 5204/557/2397 5208/557/2397
f 5165/557/2396 5168/557/2396 5209/557/2396 5206/557/2396
f 5168/557/2398 5169/557/2398 5208/557/2398 5209/557/2398
f 5083/558/39 5090/561/39 5211/560/39 5210/559/39
f 5213/385/2405 5212/385/2405 5194/385/2405 5195/385/2405
f 5214/385/2404 5213/385/2404 5195/385/2404 5196/385/2404
f 5215/385/2403 5214/385/2403 5196/385/2403 5197/385/2403
f 5216/562/2402 5215/385/2402 5197/385/2402 5198/386/2402
f 5217/387/2401 5216/562/2401 5198/386/2401 5199/387/2401
f 5218/387/2400 5217/387/2400 5199/387/2400 5200/387/2400
f 5219/562/2399 5218/387/2399 5200/387/2399 5201/386/2399
f 5212/385/2406 5219/562/2406 5201/386/2406 5194/385/2406
f 5220/563/2408 5221/563/2409 5224/563/2410 5225/563/2407
f 5221/563/2409 5220/563/2408 5223/563/2415 5222/563/2416
f 5222/563/2416 5223/563/2415 5235/563/2417 5234/563/2418
f 5225/563/2407 5224/563/2410 5226/563/2411 5227/563/2412
f 5227/563/2412 5226/563/2411 5228/563/2413 5229/563/2414
f 5229/563/2414 5228/563/2413 5230/563/2422 5231/563/2421
f 5231/563/2421 5230/563/2422 5232/563/2420 5233/563/2419
f 5233/563/2419 5232/563/2420 5234/563/2418 5235/563/2417
f 5080/563/2425 5081/564/2425 5221/563/2425 5222/563/2425
f 5221/563/2424 5081/564/2424 5085/564/2424 5224/563/2424
f 5085/564/2423 5084/563/2423 5226/563/2423 5224/563/2423
f 5084/563/2430 5093/563/2430 5228/563/2430 5226/563/2430
f 5093/563/2429 5092/563/2429 5230/563/2429 5228/563/2429
f 5092/563/2428 5089/563/2428 5232/563/2428 5230/563/2428
f 5089/563/2427 5088/563/2427 5234/563/2427 5232/563/2427
f 5088/563/2426 5080/563/2426 5222/563/2426 5234/563/2426
f 5223/394/2433 5220/394/2433 5102/394/2377 5103/394/2503
f 5104/394/2376 5102/394/2376 5220/394/2432 5225/394/2432
f 5225/394/2431 5227/394/2431 5105/394/2615 5104/394/2375
f 5227/394/2438 5229/394/2438 5106/394/2385 5105/394/2385
f 5229/394/2437 5231/394/2437 5107/394/2383 5106/394/2384
f 5231/394/2436 5233/394/2436 5108/394/2382 5107/394/2382
f 5233/394/2435 5235/394/2435 5109/394/2380 5108/394/2381
f 5235/394/2434 5223/394/2434 5103/394/2379 5109/394/2379
f 5237/565/71 5236/568/71 5085/567/71 5081/566/71
f 5088/372/49 5239/372/49 5238/547/49 5080/372/49
f 5238/569/49 5239/572/49 5241/571/49 5240/570/49
f 5078/372/1134 5079/372/1134 5242/372/1134 5243/372/1134
f 5079/372/1134 5237/372/1134 5244/372/1134 5242/372/1134
f 5237/372/1134 5081/372/1134 5245/372/1134 5244/372/1134
f 5081/372/1134 5080/372/1134 5246/372/1134 5245/372/1134
f 5080/372/1134 5238/547/1134 5247/547/1134 5246/372/1134
f 5238/547/1134 5240/547/1134 5248/547/1134 5247/547/1134
f 5240/547/1134 5278/547/1134 5078/372/1134 5243/372/1134 5248/547/1134
f 5082/372/1143 5083/372/1143 5249/372/1143 5250/372/1143
f 5083/372/1143 5084/372/1143 5251/372/1143 5249/372/1143
f 5084/372/1143 5085/372/1143 5252/372/1143 5251/372/1143
f 5085/372/1143 5236/372/1143 5253/372/1143 5252/372/1143
f 5236/372/1143 5082/372/1143 5250/372/1143 5253/372/1143
f 5254/351/2293 5256/351/2293 5257/351/2293 5255/351/2293
f 5256/351/1265 5258/351/1265 5259/351/1265 5257/351/1265
f 5258/351/55 5260/351/55 5261/351/55 5259/351/55
f 5255/351/2294 5257/351/2294 5259/351/2294 5261/351/2294
f 5260/351/2295 5258/351/2295 5256/351/2295 5254/351/2295
f 5262/354/34 5263/354/34 5265/355/34 5264/355/34
f 5264/355/2326 5265/355/2326 5267/354/2326 5266/354/2326
f 5268/354/2327 5269/354/2327 5263/355/2327 5262/355/2327
f 5270/354/34 5271/354/34 5273/355/34 5272/355/34
f 5272/355/2326 5273/355/2326 5275/354/2326 5274/354/2326
f 5276/354/2327 5277/354/2327 5271/355/2327 5270/355/2327
f 5240/547/49 5241/547/49 5279/372/49 5278/547/49
f 5282/538/2576 5293/538/2579 5292/538/2580 5283/538/2576
f 5283/538/39 5292/538/39 5281/538/39
f 5281/538/39 5292/538/39 5280/538/39
f 5292/538/39 5290/538/39 5280/538/39
f 5290/538/39 5288/538/39 5280/538/39
f 5288/538/39 5286/538/39 5280/538/39
f 5280/538/39 5286/538/39 5285/538/39
f 5287/538/2578 5284/538/2576 5285/538/2576 5286/538/2585
f 5289/538/2583 5287/538/2578 5286/538/2585 5288/538/2584
f 5291/538/2581 5289/538/2583 5288/538/2584 5290/538/2582
f 5293/538/2579 5291/538/2581 5290/538/2582 5292/538/2580
f 5296/539/2576 5307/539/2579 5306/539/2580 5297/539/2576
f 5297/539/39 5306/539/39 5295/539/39
f 5295/539/39 5306/539/39 5294/539/39
f 5306/539/39 5304/539/39 5294/539/39
f 5304/539/39 5302/539/39 5294/539/39
f 5302/539/39 5300/539/39 5294/539/39
f 5294/539/39 5300/539/39 5299/539/39
f 5301/539/2578 5298/539/2576 5299/539/2576 5300/539/2585
f 5303/539/2583 5301/539/2578 5300/539/2585 5302/539/2584
f 5305/539/2581 5303/539/2583 5302/539/2584 5304/539/2582
f 5307/539/2579 5305/539/2581 5304/539/2582 5306/539/2580
f 5316/540/2328 5319/540/2328 5318/540/2328 5317/540/2328
f 5320/540/2470 5321/540/2470 5319/540/2470 5316/540/2470
f 5317/540/2471 5318/540/2471 5323/540/2471 5322/540/2471
f 5309/540/2472 5316/540/2473 5317/540/2474 5308/540/2475
f 5310/540/2476 5318/540/2477 5319/540/2478 5311/540/2479
f 5313/540/2480 5320/540/2480 5316/540/2473 5309/540/2472
f 5311/540/2479 5319/540/2478 5321/540/2481 5312/540/2481
f 5312/540/2482 5321/540/2482 5320/540/2482 5313/540/2482
f 5308/540/2475 5317/540/2474 5322/540/2483 5315/540/2483
f 5315/540/2484 5322/540/2484 5323/540/2484 5314/540/2484
f 5314/540/2485 5323/540/2485 5318/540/2477 5310/540/2476
f 5324/351/2512 5326/351/2512 5327/351/2512 5325/351/2512
f 5326/351/2513 5328/351/2513 5329/351/2513 5327/351/2513
f 5328/351/55 5330/351/55 5331/351/55 5329/351/55
f 5325/351/2514 5327/351/2514 5329/351/2514 5331/351/2514
f 5330/351/2515 5328/351/2515 5326/351/2515 5324/351/2515
f 5340/540/2328 5343/540/2328 5342/540/2328 5341/540/2328
f 5344/540/2470 5345/540/2470 5343/540/2470 5340/540/2470
f 5341/540/2471 5342/540/2471 5347/540/2471 5346/540/2471
f 5333/540/2472 5340/540/2473 5341/540/2474 5332/540/2475
f 5334/540/2476 5342/540/2477 5343/540/2478 5335/540/2479
f 5337/540/2480 5344/540/2480 5340/540/2473 5333/540/2472
f 5335/540/2479 5343/540/2478 5345/540/2481 5336/540/2481
f 5336/540/2482 5345/540/2482 5344/540/2482 5337/540/2482
f 5332/540/2475 5341/540/2474 5346/540/2483 5339/540/2483
f 5339/540/2484 5346/540/2484 5347/540/2484 5338/540/2484
f 5338/540/2485 5347/540/2485 5342/540/2477 5334/540/2476
f 5356/540/2328 5359/540/2328 5358/540/2328 5357/540/2328
f 5360/540/2616 5361/540/2616 5359/540/2616 5356/540/2616
f 5357/540/2471 5358/540/2471 5363/540/2471 5362/540/2471
f 5349/540/2617 5356/540/2618 5357/540/2474 5348/540/2475
f 5350/540/2476 5358/540/2477 5359/540/2619 5351/540/2620
f 5353/540/2621 5360/540/2621 5356/540/2618 5349/540/2617
f 5351/540/2620 5359/540/2619 5361/540/2622 5352/540/2622
f 5352/540/2482 5361/540/2482 5360/540/2482 5353/540/2482
f 5348/540/2475 5357/540/2474 5362/540/2483 5355/540/2483
f 5355/540/2484 5362/540/2484 5363/540/2484 5354/540/2484
f 5354/540/2485 5363/540/2485 5358/540/2477 5350/540/2476
f 5372/540/2329 5373/540/2329 5374/540/2329 5375/540/2329
f 5376/540/2442 5372/540/2442 5375/540/2442 5377/540/2442
f 5373/540/2443 5378/540/2443 5379/540/2443 5374/540/2443
f 5365/540/2462 5364/540/2445 5373/540/2446 5372/540/2447
f 5366/540/2448 5367/540/2449 5375/540/2450 5374/540/2451
f 5369/540/2452 5365/540/2462 5372/540/2447 5376/540/2452
f 5367/540/2449 5368/540/2453 5377/540/2453 5375/540/2450
f 5368/540/2454 5369/540/2454 5376/540/2454 5377/540/2454
f 5364/540/2445 5371/540/2455 5378/540/2455 5373/540/2446
f 5371/540/2456 5370/540/2456 5379/540/2456 5378/540/2456
f 5370/540/2457 5366/540/2448 5374/540/2451 5379/540/2457
f 5388/540/2329 5389/540/2329 5390/540/2329 5391/540/2329
f 5392/540/2623 5388/540/2623 5391/540/2623 5393/540/2623
f 5389/540/2443 5394/540/2443 5395/540/2443 5390/540/2443
f 5381/540/2624 5380/540/2445 5389/540/2446 5388/540/2625
f 5382/540/2448 5383/540/2626 5391/540/2627 5390/540/2451
f 5385/540/2628 5381/540/2624 5388/540/2625 5392/540/2628
f 5383/540/2626 5384/540/2629 5393/540/2629 5391/540/2627
f 5384/540/2454 5385/540/2454 5392/540/2454 5393/540/2454
f 5380/540/2445 5387/540/2455 5394/540/2455 5389/540/2446
f 5387/540/2456 5386/540/2456 5395/540/2456 5394/540/2456
f 5386/540/2457 5382/540/2448 5390/540/2451 5395/540/2457
f 5396/354/34 5398/355/34 5399/355/34 5397/354/34
f 5398/355/2327 5400/354/2327 5401/354/2327 5399/355/2327
f 5402/354/2326 5396/355/2326 5397/355/2326 5403/354/2326
f 5404/354/34 5406/355/34 5407/355/34 5405/354/34
f 5406/355/2327 5408/354/2327 5409/354/2327 5407/355/2327
f 5410/354/2326 5404/355/2326 5405/355/2326 5411/354/2326
f 5414/539/2576 5425/539/2579 5424/539/2580 5415/539/2576
f 5415/539/39 5424/539/39 5413/539/39
f 5413/539/39 5424/539/39 5412/539/39
f 5424/539/39 5422/539/39 5412/539/39
f 5422/539/39 5420/539/39 5412/539/39
f 5420/539/39 5418/539/39 5412/539/39
f 5412/539/39 5418/539/39 5417/539/39
f 5419/539/2578 5416/539/2576 5417/539/2576 5418/539/2585
f 5421/539/2583 5419/539/2578 5418/539/2585 5420/539/2584
f 5423/539/2581 5421/539/2583 5420/539/2584 5422/539/2582
f 5425/539/2579 5423/539/2581 5422/539/2582 5424/539/2580
f 5434/540/2329 5435/540/2329 5436/540/2329 5437/540/2329
f 5438/540/2442 5434/540/2442 5437/540/2442 5439/540/2442
f 5435/540/2443 5440/540/2443 5441/540/2443 5436/540/2443
f 5427/540/2462 5426/540/2445 5435/540/2446 5434/540/2447
f 5428/540/2448 5429/540/2449 5437/540/2450 5436/540/2451
f 5431/540/2452 5427/540/2462 5434/540/2447 5438/540/2452
f 5429/540/2449 5430/540/2453 5439/540/2453 5437/540/2450
f 5430/540/2454 5431/540/2454 5438/540/2454 5439/540/2454
f 5426/540/2445 5433/540/2455 5440/540/2455 5435/540/2446
f 5433/540/2456 5432/540/2456 5441/540/2456 5440/540/2456
f 5432/540/2457 5428/540/2448 5436/540/2451 5441/540/2457
f 5566/541/38 5568/541/38 5567/541/38
f 5567/541/38 5568/541/38 5569/541/38
f 5571/541/38 5569/541/38 5570/541/38
f 5568/541/38 5572/541/38 5569/541/38
f 5569/541/38 5572/541/38 5570/541/38
f 5572/541/38 5573/541/38 5570/541/38
f 5450/372/71 5455/372/71 5456/372/71 5453/372/71
f 5642/542/49 5442/543/49 5451/544/49 5643/545/49
f 5551/373/55 5557/373/55 5556/373/55 5555/373/55 5554/373/55 5553/373/55 5552/373/55 5550/373/55
f 5491/374/34 5497/374/34 5496/374/34 5495/374/34 5494/374/34 5493/374/34 5492/374/34 5490/374/34
f 5607/546/2329 5612/546/2329 5611/546/2329 5610/546/2329 5609/546/2329 5608/546/2329 5606/546/2329
f 5614/546/2328 5617/546/2328 5616/546/2328 5615/546/2328 5613/546/2328
f 5450/372/1134 5453/372/1134 5452/372/1134 5603/372/1134 5605/547/1134 5643/372/1134 5451/372/1134
f 5454/372/1143 5457/372/1143 5456/372/1143 5455/372/1143
f 5451/548/2334 5581/548/2334 5580/548/2334 5450/548/2334
f 5450/548/2335 5580/548/2335 5579/548/2335 5455/548/2335
f 5455/548/2336 5579/548/2336 5578/548/2336 5454/548/2336
f 5454/548/2601 5578/548/2601 5577/548/2601 5447/548/2601
f 5447/548/2330 5577/548/2330 5576/548/2330 5446/549/2330
f 5443/549/2331 5446/549/2331 5576/548/2331 5583/548/2331
f 5443/549/2332 5583/548/2332 5582/548/2332 5442/548/2332
f 5442/548/2602 5582/548/2602 5581/548/2602 5451/548/2602
f 5459/379/2614 5475/379/2614 5474/379/2614 5458/379/2614
f 5458/379/38 5474/379/38 5476/379/38 5460/379/38
f 5460/379/2341 5476/379/2341 5477/379/2341 5461/379/2341
f 5461/379/49 5477/379/49 5478/379/49 5462/379/49
f 5462/379/2494 5478/379/2494 5479/379/2494 5463/379/2494
f 5464/379/71 5463/379/71 5479/379/71 5480/379/71
f 5464/379/2339 5480/379/2339 5481/379/2339 5465/379/2339
f 5465/379/39 5481/379/39 5475/379/39 5459/379/39
f 5475/380/2346 5483/381/2346 5482/381/2346 5474/381/2346
f 5474/381/2347 5482/381/2347 5484/381/2347 5476/381/2347
f 5476/381/2348 5484/381/2348 5485/381/2348 5477/381/2348
f 5477/381/2349 5485/381/2349 5486/381/2349 5478/381/2349
f 5478/381/2342 5486/381/2342 5487/381/2342 5479/381/2342
f 5480/381/2343 5479/381/2343 5487/381/2343 5488/381/2343
f 5480/381/2344 5488/381/2344 5489/381/2344 5481/380/2344
f 5481/380/2345 5489/381/2345 5483/381/2345 5475/380/2345
f 5483/381/2354 5491/381/2354 5490/381/2354 5482/381/2354
f 5482/381/2355 5490/381/2355 5492/381/2355 5484/381/2355
f 5484/381/2356 5492/381/2356 5493/381/2356 5485/381/2356
f 5485/381/2357 5493/381/2357 5494/381/2357 5486/381/2357
f 5486/381/2350 5494/381/2350 5495/381/2350 5487/381/2350
f 5488/381/2351 5487/381/2351 5495/381/2351 5496/381/2351
f 5488/381/2352 5496/381/2352 5497/381/2352 5489/381/2352
f 5489/381/2353 5497/381/2353 5491/381/2353 5483/381/2353
f 5454/547/39 5575/547/39 5499/547/39 5500/547/39 5503/372/39 5504/547/39 5457/372/39
f 5457/372/39 5504/547/39 5505/372/39 5508/372/39 5509/372/39 5448/372/39
f 5448/372/39 5509/372/39 5510/372/39 5513/372/39 5514/372/39 5574/372/39 5447/372/39
f 5574/372/39 5514/372/39 5515/372/39 5498/372/39 5499/547/39 5575/547/39
f 5502/550/2606 5507/550/2606 5503/550/2606 5500/550/2606
f 5506/550/2605 5512/550/2605 5508/550/2605 5505/550/2605
f 5511/550/2604 5517/550/2604 5513/550/2604 5510/550/2604
f 5516/550/2607 5501/550/2607 5498/550/2607 5515/550/2607
f 5501/551/39 5516/551/39 5517/551/39 5511/551/39 5512/551/39 5506/551/39 5507/551/39 5502/551/39
f 5498/550/2611 5501/550/2611 5502/550/2611 5500/550/2611
f 5503/550/2610 5507/550/2610 5506/550/2610 5505/550/2610
f 5508/550/2609 5512/550/2609 5511/550/2609 5510/550/2609
f 5513/550/2608 5517/550/2608 5516/550/2608 5515/550/2608
f 5498/372/39 5500/547/39 5499/547/39
f 5503/372/39 5505/372/39 5504/547/39
f 5508/372/39 5510/372/39 5509/372/39
f 5513/372/39 5515/372/39 5514/372/39
f 5601/372/38 5518/372/38 5519/372/38 5443/372/38
f 5519/552/38 5520/553/38 5446/554/38 5443/555/38
f 5446/372/38 5520/372/38 5600/372/38
f 5520/372/38 5521/372/38 5600/372/38
f 5518/372/38 5601/372/38 5524/372/38
f 5601/372/38 5600/372/38 5524/372/38
f 5524/372/38 5600/372/38 5523/372/38
f 5521/372/38 5522/372/38 5600/372/38
f 5600/372/38 5522/372/38 5523/372/38
f 5525/372/38 5518/372/38 5524/372/38
f 5518/556/2498 5526/556/2498 5527/556/2498 5519/556/2498
f 5530/556/2496 5520/556/2496 5519/556/2496 5527/556/2496
f 5525/556/2497 5528/556/2497 5526/556/2497 5518/556/2497
f 5520/556/2495 5530/556/2495 5531/556/2495 5521/556/2495
f 5521/556/2497 5531/556/2497 5529/556/2497 5522/556/2497
f 5522/556/2630 5529/556/2630 5532/556/2630 5523/556/2630
f 5523/556/2500 5532/556/2500 5533/556/2500 5524/556/2500
f 5524/556/2631 5533/556/2631 5528/556/2631 5525/556/2631
f 5467/383/2380 5535/383/2603 5534/383/2603 5466/383/2381
f 5466/383/2382 5534/383/71 5536/383/71 5468/383/2382
f 5468/383/2383 5536/383/2494 5537/383/2494 5469/383/2632
f 5469/383/2385 5537/383/49 5538/383/49 5470/383/2385
f 5470/383/2504 5538/383/2341 5539/383/2341 5471/383/2375
f 5471/383/2376 5539/383/38 5540/383/38 5472/383/2376
f 5472/383/2377 5540/383/2614 5541/383/2614 5473/383/2503
f 5473/383/2379 5541/383/39 5535/383/39 5467/383/2379
f 5535/384/55 5543/384/55 5542/384/55 5534/384/55
f 5534/384/55 5542/384/55 5544/384/55 5536/384/55
f 5536/384/55 5544/384/55 5545/384/55 5537/384/55
f 5537/384/55 5545/384/55 5546/384/55 5538/384/55
f 5538/384/55 5546/384/55 5547/384/55 5539/384/55
f 5539/384/55 5547/384/55 5548/384/55 5540/384/55
f 5540/384/55 5548/384/55 5549/384/55 5541/384/55
f 5541/384/55 5549/384/55 5543/384/55 5535/384/55
f 5543/384/2390 5551/384/2390 5550/384/2390 5542/384/2390
f 5542/384/2391 5550/384/2391 5552/384/2391 5544/384/2391
f 5544/384/2392 5552/384/2392 5553/384/2392 5545/384/2392
f 5545/384/2393 5553/384/2393 5554/384/2393 5546/384/2393
f 5546/384/2386 5554/384/2386 5555/384/2386 5547/384/2386
f 5547/384/2387 5555/384/2387 5556/384/2387 5548/384/2387
f 5548/384/2388 5556/384/2388 5557/384/2388 5549/384/2388
f 5549/384/2389 5557/384/2389 5551/384/2389 5543/384/2389
f 5559/385/34 5462/385/34 5463/385/34 5558/385/34
f 5560/385/34 5461/385/34 5462/385/34 5559/385/34
f 5561/385/34 5460/385/34 5461/385/34 5560/385/34
f 5562/386/34 5458/385/34 5460/385/34 5561/385/34
f 5563/387/34 5459/387/34 5458/385/34 5562/386/34
f 5564/387/34 5465/387/34 5459/387/34 5563/387/34
f 5565/386/34 5464/385/34 5465/387/34 5564/387/34
f 5558/385/34 5463/385/34 5464/385/34 5565/386/34
f 5526/557/2508 5566/557/2508 5567/557/2508 5527/557/2508
f 5528/557/2506 5568/557/2506 5566/557/2506 5526/557/2506
f 5527/557/2507 5567/557/2507 5569/557/2507 5530/557/2507
f 5531/557/2506 5571/557/2506 5570/557/2506 5529/557/2506
f 5530/557/2505 5569/557/2505 5571/557/2505 5531/557/2505
f 5533/557/2510 5572/557/2510 5568/557/2510 5528/557/2510
f 5529/557/2509 5570/557/2509 5573/557/2509 5532/557/2509
f 5532/557/2511 5573/557/2511 5572/557/2511 5533/557/2511
f 5447/558/39 5574/559/39 5575/560/39 5454/561/39
f 5577/385/2403 5559/385/2403 5558/385/2403 5576/385/2403
f 5578/385/2404 5560/385/2404 5559/385/2404 5577/385/2404
f 5579/385/2405 5561/385/2405 5560/385/2405 5578/385/2405
f 5580/562/2406 5562/386/2406 5561/385/2406 5579/385/2406
f 5581/387/2399 5563/387/2399 5562/386/2399 5580/562/2399
f 5582/387/2400 5564/387/2400 5563/387/2400 5581/387/2400
f 5583/562/2401 5565/386/2401 5564/387/2401 5582/387/2401
f 5576/385/2402 5558/385/2402 5565/386/2402 5583/562/2402
f 5584/563/2419 5589/563/2421 5588/563/2422 5585/563/2420
f 5585/563/2420 5586/563/2418 5587/563/2417 5584/563/2419
f 5586/563/2418 5598/563/2416 5599/563/2415 5587/563/2417
f 5589/563/2421 5591/563/2414 5590/563/2413 5588/563/2422
f 5591/563/2414 5593/563/2412 5592/563/2411 5590/563/2413
f 5593/563/2412 5595/563/2407 5594/563/2410 5592/563/2411
f 5595/563/2407 5597/563/2408 5596/563/2409 5594/563/2410
f 5597/563/2408 5599/563/2415 5598/563/2416 5596/563/2409
f 5444/563/2427 5586/563/2427 5585/563/2427 5445/564/2427
f 5585/563/2428 5588/563/2428 5449/564/2428 5445/564/2428
f 5449/564/2429 5588/563/2429 5590/563/2429 5448/563/2429
f 5448/563/2430 5590/563/2430 5592/563/2430 5457/563/2430
f 5457/563/2423 5592/563/2423 5594/563/2423 5456/563/2423
f 5456/563/2424 5594/563/2424 5596/563/2424 5453/563/2424
f 5453/563/2425 5596/563/2425 5598/563/2425 5452/563/2425
f 5452/563/2426 5598/563/2426 5586/563/2426 5444/563/2426
f 5587/394/2435 5467/394/2380 5466/394/2381 5584/394/2435
f 5468/394/2382 5589/394/2436 5584/394/2436 5466/394/2382
f 5589/394/2437 5468/394/2383 5469/394/2632 5591/394/2437
f 5591/394/2438 5469/394/2385 5470/394/2385 5593/394/2438
f 5593/394/2431 5470/394/2504 5471/394/2375 5595/394/2431
f 5595/394/2432 5471/394/2376 5472/394/2376 5597/394/2432
f 5597/394/2433 5472/394/2377 5473/394/2503 5599/394/2433
f 5599/394/2434 5473/394/2379 5467/394/2379 5587/394/2434
f 5601/565/38 5445/566/38 5449/567/38 5600/568/38
f 5452/372/49 5444/372/49 5602/547/49 5603/372/49
f 5602/569/49 5604/570/49 5605/571/49 5603/572/49
f 5442/372/2329 5607/372/2329 5606/372/2329 5443/372/2329
f 5443/372/2329 5606/372/2329 5608/372/2329 5601/372/2329
f 5601/372/2329 5608/372/2329 5609/372/2329 5445/372/2329
f 5445/372/2329 5609/372/2329 5610/372/2329 5444/372/2329
f 5444/372/2329 5610/372/2329 5611/547/2329 5602/547/2329
f 5602/547/2329 5611/547/2329 5612/547/2329 5604/547/2329
f 5604/547/2329 5612/547/2329 5607/372/2329 5442/372/2329 5642/547/2329
f 5446/372/2328 5614/372/2328 5613/372/2328 5447/372/2328
f 5447/372/2328 5613/372/2328 5615/372/2328 5448/372/2328
f 5448/372/2328 5615/372/2328 5616/372/2328 5449/372/2328
f 5449/372/2328 5616/372/2328 5617/372/2328 5600/372/2328
f 5600/372/2328 5617/372/2328 5614/372/2328 5446/372/2328
f 5618/351/2458 5619/351/2458 5621/351/2458 5620/351/2458
f 5620/351/2459 5621/351/2459 5623/351/2459 5622/351/2459
f 5622/351/55 5623/351/55 5625/351/55 5624/351/55
f 5619/351/2460 5625/351/2460 5623/351/2460 5621/351/2460
f 5624/351/2461 5618/351/2461 5620/351/2461 5622/351/2461
f 5626/354/34 5628/355/34 5629/355/34 5627/354/34
f 5628/355/2327 5630/354/2327 5631/354/2327 5629/355/2327
f 5632/354/2326 5626/355/2326 5627/355/2326 5633/354/2326
f 5634/354/34 5636/355/34 5637/355/34 5635/354/34
f 5636/355/2327 5638/354/2327 5639/354/2327 5637/355/2327
f 5640/354/2326 5634/355/2326 5635/355/2326 5641/354/2326
f 5604/547/49 5642/547/49 5643/372/49 5605/547/49
f 5648/573/2516 5649/573/2516 5657/573/2516 5658/573/2516
f 5645/573/2518 5656/573/2518 5657/573/2518 5649/573/2518
f 5659/573/2517 5644/573/2517 5648/573/2517 5658/573/2517
f 5652/573/2521 5647/573/2521 5650/573/2521 5653/573/2521
f 5654/573/2520 5653/573/2520 5650/573/2520 5651/573/2520
f 5646/573/2519 5655/573/2519 5654/573/2519 5651/573/2519
f 5656/573/2523 5652/573/2523 5653/573/2523 5657/573/2523
f 5658/573/55 5657/573/55 5653/573/55 5654/573/55
f 5655/573/2522 5659/573/2522 5658/573/2522 5654/573/2522
f 5664/573/2516 5665/573/2516 5673/573/2516 5674/573/2516
f 5661/573/2518 5672/573/2518 5673/573/2518 5665/573/2518
f 5675/573/2517 5660/573/2517 5664/573/2517 5674/573/2517
f 5668/573/2521 5663/573/2521 5666/573/2521 5669/573/2521
f 5670/573/2520 5669/573/2520 5666/573/2520 5667/573/2520
f 5662/573/2519 5671/573/2519 5670/573/2519 5667/573/2519
f 5672/573/2523 5668/573/2523 5669/573/2523 5673/573/2523
f 5674/573/55 5673/573/55 5669/573/55 5670/573/55
f 5671/573/2522 5675/573/2522 5674/573/2522 5670/573/2522
f 5676/403/2633 5677/403/2633 5689/403/2633 5688/403/2633
f 5677/403/2634 5678/403/2634 5690/403/2634 5689/403/2634
f 5678/403/2635 5679/403/2635 5691/403/2635 5690/403/2635
f 5679/403/2636 5680/403/2636 5692/403/2636 5691/403/2636
f 5680/403/2637 5681/403/2637 5693/403/2637 5692/403/2637
f 5681/403/2638 5682/403/2638 5694/403/2638 5693/403/2638
f 5682/403/2639 5683/403/2639 5695/403/2639 5694/403/2639
f 5683/403/2640 5684/403/2640 5696/403/2640 5695/403/2640
f 5684/403/2641 5685/403/2641 5697/403/2641 5696/403/2641
f 5685/403/2642 5686/403/2642 5698/403/2642 5697/403/2642
f 5686/403/2643 5687/403/2643 5699/403/2643 5698/403/2643
f 5687/403/2644 5676/403/2644 5688/403/2644 5699/403/2644
f 5725/403/49 5724/403/49 5726/403/49
f 5727/403/49 5725/403/49 5726/403/49
f 5728/403/49 5727/403/49 5726/403/49
f 5729/403/49 5728/403/49 5726/403/49
f 5730/403/49 5729/403/49 5726/403/49
f 5731/403/49 5730/403/49 5726/403/49
f 5732/403/49 5731/403/49 5726/403/49
f 5733/403/49 5732/403/49 5726/403/49
f 5734/403/49 5733/403/49 5726/403/49
f 5735/403/49 5734/403/49 5726/403/49
f 5736/403/49 5735/403/49 5726/403/49
f 5724/403/49 5736/403/49 5726/403/49
f 5688/403/2536 5689/403/2536 5701/403/2536 5700/403/2536
f 5689/403/2537 5690/403/2537 5702/403/2537 5701/403/2537
f 5690/403/2538 5691/403/2538 5703/403/2538 5702/403/2538
f 5691/403/2539 5692/403/2539 5704/403/2539 5703/403/2539
f 5692/403/2540 5693/403/2540 5705/403/2540 5704/403/2540
f 5693/403/2541 5694/403/2541 5706/403/2541 5705/403/2541
f 5694/403/2542 5695/403/2542 5707/403/2542 5706/403/2542
f 5695/403/2543 5696/403/2543 5708/403/2543 5707/403/2543
f 5696/403/2544 5697/403/2544 5709/403/2544 5708/403/2544
f 5697/403/2545 5698/403/2545 5710/403/2545 5709/403/2545
f 5698/403/2546 5699/403/2546 5711/403/2546 5710/403/2546
f 5699/403/2547 5688/403/2547 5700/403/2547 5711/403/2547
f 5677/403/49 5676/403/49 5712/403/49 5713/403/49
f 5678/403/49 5677/403/49 5713/403/49 5714/403/49
f 5679/403/49 5678/403/49 5714/403/49 5715/403/49
f 5680/403/49 5679/403/49 5715/403/49 5716/403/49
f 5681/403/49 5680/403/49 5716/403/49 5717/403/49
f 5682/403/49 5681/403/49 5717/403/49 5718/403/49
f 5683/403/49 5682/403/49 5718/403/49 5719/403/49
f 5684/403/49 5683/403/49 5719/403/49 5720/403/49
f 5685/403/49 5684/403/49 5720/403/49 5721/403/49
f 5686/403/49 5685/403/49 5721/403/49 5722/403/49
f 5687/403/49 5686/403/49 5722/403/49 5723/403/49
f 5676/403/49 5687/403/49 5723/403/49 5712/403/49
f 5713/574/49 5712/574/49 5724/574/49 5725/574/49
f 5714/574/49 5713/574/49 5725/574/49 5727/574/49
f 5715/574/49 5714/574/49 5727/574/49 5728/574/49
f 5716/574/49 5715/574/49 5728/574/49 5729/574/49
f 5717/574/49 5716/574/49 5729/574/49 5730/574/49
f 5718/574/49 5717/574/49 5730/574/49 5731/574/49
f 5719/574/49 5718/574/49 5731/574/49 5732/574/49
f 5720/574/49 5719/574/49 5732/574/49 5733/574/49
f 5721/574/49 5720/574/49 5733/574/49 5734/574/49
f 5722/574/49 5721/574/49 5734/574/49 5735/574/49
f 5723/574/49 5722/574/49 5735/574/49 5736/574/49
f 5712/574/49 5723/574/49 5736/574/49 5724/574/49
f 5746/403/39 5745/403/39 5747/403/39 5748/403/39 5749/403/39 5750/403/39 5751/403/39 5752/403/39
f 5739/403/1818 5738/403/1818 5745/403/1818 5746/403/1818
f 5738/403/34 5740/403/34 5747/403/34 5745/403/34
f 5740/403/2548 5744/403/2548 5748/403/2548 5747/403/2548
f 5744/403/2549 5743/403/2549 5749/403/2549 5748/403/2549
f 5743/403/2550 5742/403/2550 5750/403/2550 5749/403/2550
f 5742/403/2551 5737/403/2551 5751/403/2551 5750/403/2551
f 5737/403/2552 5741/403/2552 5752/403/2552 5751/403/2552
f 5741/403/2552 5739/403/2552 5746/403/2552 5752/403/2552
f 5753/403/49 5754/403/49 5755/403/49 5756/403/49 5757/403/49 5758/403/49 5759/403/49 5760/403/49
f 5739/403/2645 5741/403/2645 5754/403/2645 5753/403/2645
f 5741/403/2646 5737/403/2646 5755/403/2646 5754/403/2646
f 5737/403/2647 5742/403/2647 5756/403/2647 5755/403/2647
f 5742/403/2648 5743/403/2648 5757/403/2648 5756/403/2648
f 5743/403/2649 5744/403/2649 5758/403/2649 5757/403/2649
f 5744/403/2650 5740/403/2650 5759/403/2650 5758/403/2650
f 5740/403/2651 5738/403/2651 5760/403/2651 5759/403/2651
f 5738/403/2652 5739/403/2652 5753/403/2652 5760/403/2652
f 5765/573/2561 5766/573/2561 5774/573/2561 5775/573/2561
f 5762/573/2573 5773/573/2573 5774/573/2573 5766/573/2573
f 5776/573/2653 5761/573/2653 5765/573/2653 5775/573/2653
f 5769/573/2575 5764/573/2575 5767/573/2575 5770/573/2575
f 5771/573/2565 5770/573/2565 5767/573/2565 5768/573/2565
f 5763/573/2574 5772/573/2574 5771/573/2574 5768/573/2574
f 5773/573/2568 5769/573/2568 5770/573/2568 5774/573/2568
f 5775/573/34 5774/573/34 5770/573/34 5771/573/34
f 5772/573/2567 5776/573/2567 5775/573/2567 5771/573/2567
f 5780/573/34 5777/573/34 5782/573/34 5783/573/34
f 5788/573/55 5785/573/55 5790/573/55 5791/573/55
f 5784/573/39 5781/573/39 5792/573/39 5789/573/39
f 5786/573/49 5787/573/49 5778/573/49 5779/573/49
f 5778/573/2570 5777/573/2570 5780/573/2570 5779/573/2570
f 5782/573/2569 5781/573/2569 5784/573/2569 5783/573/2569
f 5786/573/2572 5785/573/2572 5788/573/2572 5787/573/2572
f 5790/573/2571 5789/573/2571 5792/573/2571 5791/573/2571
f 5797/573/2561 5798/573/2561 5806/573/2561 5807/573/2561
f 5794/573/2573 5805/573/2573 5806/573/2573 5798/573/2573
f 5808/573/2562 5793/573/2562 5797/573/2562 5807/573/2562
f 5801/573/2566 5796/573/2566 5799/573/2566 5802/573/2566
f 5803/573/2565 5802/573/2565 5799/573/2565 5800/573/2565
f 5795/573/2564 5804/573/2564 5803/573/2564 5800/573/2564
f 5805/573/2568 5801/573/2568 5802/573/2568 5806/573/2568
f 5807/573/34 5806/573/34 5802/573/34 5803/573/34
f 5804/573/2567 5808/573/2567 5807/573/2567 5803/573/2567
f 5838/575/2654 5837/575/2654 5843/575/2654 5842/575/2654
f 5839/575/2654 5838/575/2654 5840/575/2654
f 5840/575/2654 5838/575/2654 5842/575/2654 5841/575/2654
f 5832/575/301 5831/575/301 5833/575/301
f 5833/575/2655 5831/575/2655 5835/575/2655 5834/575/2655
f 5836/575/2656 5835/575/2656 5831/575/2656 5830/575/2656
f 5828/575/2657 5827/575/2657 5826/575/2657 5829/575/2657
f 5814/575/2658 5813/575/2658 5812/575/2658 5811/575/2658
f 5811/575/2659 5810/575/2659 5809/575/2659 5814/575/2659
f 5818/575/2660 5817/575/2660 5820/575/2660 5819/575/2660
f 5821/575/2661 5820/575/2662 5817/575/2663
f 5817/575/2663 5816/575/2664 5815/575/2664 5821/575/2661
f 5825/575/2665 5824/575/2665 5823/575/2665 5822/575/2665
f 5870/575/2654 5874/575/2654 5843/575/2654 5837/575/2654
f 5871/575/2654 5872/575/2654 5870/575/2654
f 5872/575/2654 5873/575/2654 5874/575/2654 5870/575/2654
f 5866/575/301 5867/575/301 5865/575/301
f 5867/575/2666 5868/575/2666 5869/575/2666 5865/575/2666
f 5836/575/2656 5830/575/2656 5865/575/2656 5869/575/2656
f 5863/575/2667 5864/575/2667 5861/575/2667 5862/575/2667
f 5849/575/2668 5846/575/2668 5847/575/2668 5848/575/2668
f 5846/575/2669 5849/575/2669 5844/575/2669 5845/575/2669
f 5853/575/2670 5854/575/2670 5855/575/2670 5852/575/2670
f 5856/575/2671 5852/575/2671 5855/575/2671
f 5852/575/2672 5856/575/2672 5850/575/2672 5851/575/2672
f 5860/575/2673 5857/575/2673 5858/575/2673 5859/575/2673
f 5875/576/2674 5876/576/2674 5881/576/2674 5880/576/2674
f 5876/576/2675 5877/576/2675 5882/576/2675 5881/576/2675
f 5877/576/2676 5878/576/2676 5883/576/2676 5882/576/2676
f 5878/576/2677 5879/576/2677 5884/576/2677 5883/576/2677
f 5876/576/39 5875/576/39 5885/577/39
f 5877/576/39 5876/576/39 5885/577/39
f 5878/576/39 5877/576/39 5885/577/39
f 5879/576/39 5878/576/39 5885/577/39
f 5880/576/49 5881/576/49 5886/578/49
f 5881/576/49 5882/576/49 5886/578/49
f 5882/576/49 5883/576/49 5886/578/49
f 5883/576/49 5884/576/49 5886/578/49
f 5887/576/2678 5888/576/2678 5896/576/2678 5895/576/2678
f 5888/576/2679 5889/576/2679 5897/576/2679 5896/576/2679
f 5889/576/2680 5890/576/2680 5898/576/2680 5897/576/2680
f 5890/576/2681 5891/576/2681 5899/576/2681 5898/576/2681
f 5891/576/2682 5892/576/2682 5900/576/2682 5899/576/2682
f 5892/576/2683 5893/576/2683 5901/576/2683 5900/576/2683
f 5893/576/2684 5894/576/2684 5902/576/2684 5901/576/2684
f 5894/576/2685 5887/576/2685 5895/576/2685 5902/576/2685
f 5888/576/39 5887/576/39 5903/579/39
f 5889/576/39 5888/576/39 5903/579/39
f 5890/576/39 5889/576/39 5903/579/39
f 5891/576/39 5890/576/39 5903/579/39
f 5892/576/39 5891/576/39 5903/579/39
f 5893/576/39 5892/576/39 5903/579/39
f 5894/576/39 5893/576/39 5903/579/39
f 5887/576/39 5894/576/39 5903/579/39
f 5895/576/49 5896/576/49 5904/579/49
f 5896/576/49 5897/576/49 5904/579/49
f 5897/576/49 5898/576/49 5904/579/49
f 5898/576/49 5899/576/49 5904/579/49
f 5899/576/49 5900/576/49 5904/579/49
f 5900/576/49 5901/576/49 5904/579/49
f 5901/576/49 5902/576/49 5904/579/49
f 5902/576/49 5895/576/49 5904/579/49
f 5905/576/2686 5906/576/2686 5908/576/2686 5907/576/2686
f 5907/576/2687 5908/576/2687 5910/576/2687 5909/576/2687
f 5909/576/2688 5910/576/2688 5912/576/2688 5911/576/2688
f 5911/576/2689 5912/576/2689 5906/576/2689 5905/576/2689
f 5906/576/39 5912/576/39 5910/576/39 5908/576/39
f 5911/576/49 5905/576/49 5907/576/49 5909/576/49
f 5913/576/2678 5914/576/2678 5922/576/2678 5921/576/2678
f 5914/576/2679 5915/576/2679 5923/576/2679 5922/576/2679
f 5915/576/2680 5916/576/2680 5924/576/2680 5923/576/2680
f 5916/576/2681 5917/576/2681 5925/576/2681 5924/576/2681
f 5917/576/2682 5918/576/2682 5926/576/2682 5925/576/2682
f 5918/576/2683 5919/576/2683 5927/576/2683 5926/576/2683
f 5919/576/2684 5920/576/2684 5928/576/2684 5927/576/2684
f 5920/576/2685 5913/576/2685 5921/576/2685 5928/576/2685
f 5914/576/39 5913/576/39 5929/580/39
f 5915/576/39 5914/576/39 5929/580/39
f 5916/576/39 5915/576/39 5929/580/39
f 5917/576/39 5916/576/39 5929/580/39
f 5918/576/39 5917/576/39 5929/580/39
f 5919/576/39 5918/576/39 5929/580/39
f 5920/576/39 5919/576/39 5929/580/39
f 5913/576/39 5920/576/39 5929/580/39
f 5921/576/49 5922/576/49 5930/580/49
f 5922/576/49 5923/576/49 5930/580/49
f 5923/576/49 5924/576/49 5930/580/49
f 5924/576/49 5925/576/49 5930/580/49
f 5925/576/49 5926/576/49 5930/580/49
f 5926/576/49 5927/576/49 5930/580/49
f 5927/576/49 5928/576/49 5930/580/49
f 5928/576/49 5921/576/49 5930/580/49
f 5931/576/2690 5932/576/2690 5934/576/2690 5933/576/2690
f 5933/576/2691 5934/576/2691 5936/576/2691 5935/576/2691
f 5935/576/2692 5936/576/2692 5938/576/2692 5937/576/2692
f 5937/576/2693 5938/576/2693 5932/576/2693 5931/576/2693
f 5932/576/39 5938/576/39 5936/576/39 5934/576/39
f 5937/576/49 5931/576/49 5933/576/49 5935/576/49
f 5939/576/2694 5940/576/2694 5945/576/2694 5944/576/2694
f 5941/576/2695 5942/576/2695 5947/576/2695 5946/576/2695
f 5942/576/2684 5943/576/2684 5948/576/2684 5947/576/2684
f 5943/576/2685 5939/576/2685 5944/576/2685 5948/576/2685
f 5940/576/39 5939/576/39 5949/576/39
f 5942/576/39 5941/576/39 5949/576/39
f 5943/576/39 5942/576/39 5949/576/39
f 5939/576/39 5943/576/39 5949/576/39
f 5944/576/49 5945/576/49 5950/576/49
f 5946/576/49 5947/576/49 5950/576/49
f 5947/576/49 5948/576/49 5950/576/49
f 5948/576/49 5944/576/49 5950/576/49
f 5954/581/2696 5952/581/2696 5955/581/2696 5958/581/2696
f 5959/581/2697 5962/581/2697 5965/581/2697 5964/581/2697
f 5963/581/39 5966/581/39 5957/581/39 5956/581/39
f 5961/581/49 5960/581/49 5951/581/49 5953/581/49
f 5976/582/2698 5975/583/2698 5977/584/2698 5978/585/2698 5979/586/2698 5980/587/2698 5981/588/2698 5982/589/2698
f 5960/581/2699 5959/581/2699 5964/581/2699 5963/581/2699 5956/581/2699 5955/581/2699 5952/581/2699 5951/581/2699
f 5951/581/2700 5952/581/2700 5954/581/2700 5953/581/2700
f 5955/581/2701 5956/581/2701 5957/581/2701 5958/581/2701
f 5959/581/2702 5960/581/2702 5961/581/2702 5962/581/2702
f 5963/581/2703 5964/581/2703 5965/581/2703 5966/581/2703
f 5953/581/2698 5954/581/2698 5967/581/2698 5968/581/2698
f 5954/581/2698 5958/581/2698 5969/581/2698 5967/581/2698
f 5958/581/2698 5957/581/2698 5970/581/2698 5969/581/2698
f 5957/581/2698 5966/581/2698 5971/581/2698 5970/581/2698
f 5966/581/2698 5965/581/2698 5972/581/2698 5971/581/2698
f 5965/581/2698 5962/581/2698 5973/581/2698 5972/581/2698
f 5962/581/2698 5961/581/2698 5974/581/2698 5973/581/2698
f 5961/581/2698 5953/581/2698 5968/581/2698 5974/581/2698
f 5968/581/2704 5967/581/2705 5975/581/2705 5976/581/2706
f 5967/581/2707 5969/581/2707 5977/581/2707 5975/581/2707
f 5969/581/2708 5970/581/2709 5978/581/2710 5977/581/2708
f 5970/581/2709 5971/581/2711 5979/581/2712 5978/581/2710
f 5971/581/2711 5972/581/2713 5980/581/2713 5979/581/2712
f 5972/581/2714 5973/581/2714 5981/581/2714 5980/581/2714
f 5973/581/2715 5974/581/2716 5982/581/2717 5981/581/2715
f 5974/581/2716 5968/581/2704 5976/581/2706 5982/581/2717
f 5986/581/2696 5984/581/2696 5987/581/2696 5990/581/2696
f 5991/581/2697 5994/581/2697 5997/581/2697 5996/581/2697
f 5995/581/2718 5998/581/2718 5989/581/2718 5988/581/2718
f 5993/581/2719 5992/581/2719 5983/581/2719 5985/581/2719
f 6008/590/2720 6007/591/2720 6009/592/2720 6010/593/2720 6011/594/2720 6012/595/2720 6013/596/2720 6014/597/2720
f 5992/581/2721 5991/581/2721 5996/581/2721 5995/581/2721 5988/581/2721 5987/581/2721 5984/581/2721 5983/581/2721
f 5983/581/2722 5984/581/2722 5986/581/2722 5985/581/2722
f 5987/581/2723 5988/581/2723 5989/581/2723 5990/581/2723
f 5991/581/2724 5992/581/2724 5993/581/2724 5994/581/2724
f 5995/581/2725 5996/581/2725 5997/581/2725 5998/581/2725
f 5985/581/2720 5986/581/2720 5999/581/2720 6000/581/2720
f 5986/581/2720 5990/581/2720 6001/581/2720 5999/581/2720
f 5990/581/2720 5989/581/2726 6002/581/2726 6001/581/2720
f 5989/581/2726 5998/581/2726 6003/581/2726 6002/581/2726
f 5998/581/2726 5997/581/2720 6004/581/2720 6003/581/2726
f 5997/581/2720 5994/581/2720 6005/581/2720 6004/581/2720
f 5994/581/2720 5993/581/2720 6006/581/2720 6005/581/2720
f 5993/581/2720 5985/581/2720 6000/581/2720 6006/581/2720
f 6000/581/2727 5999/581/2727 6007/581/2727 6008/581/2727
f 5999/581/2728 6001/581/2728 6009/581/2728 6007/581/2728
f 6001/581/2729 6002/581/2729 6010/581/2729 6009/581/2729
f 6002/581/49 6003/581/49 6011/581/49 6010/581/49
f 6003/581/2730 6004/581/2730 6012/581/2730 6011/581/2730
f 6004/581/2731 6005/581/2731 6013/581/2731 6012/581/2731
f 6005/581/2732 6006/581/2732 6014/581/2732 6013/581/2732
f 6006/581/2733 6000/581/2733 6008/581/2733 6014/581/2733
f 6015/576/2699 6016/576/2699 6018/576/2699 6017/576/2699
f 6017/576/2734 6018/576/2734 6020/576/2734 6019/576/2734
f 6019/576/2698 6020/576/2698 6022/576/2698 6021/576/2698
f 6021/576/2735 6022/576/2735 6016/576/2735 6015/576/2735
f 6024/576/39 6023/576/39 6025/576/39 6026/576/39
f 6016/576/2736 6022/576/2736 6023/576/2736 6024/576/2736
f 6022/576/2737 6020/576/2737 6025/576/2737 6023/576/2737
f 6020/576/2738 6018/576/2738 6026/576/2738 6025/576/2738
f 6018/576/2739 6016/576/2739 6024/576/2739 6026/576/2739
f 6027/576/2699 6028/576/2699 6030/576/2699 6029/576/2699
f 6029/576/2734 6030/576/2734 6032/576/2734 6031/576/2734
f 6031/576/2698 6032/576/2698 6034/576/2698 6033/576/2698
f 6033/576/2740 6034/576/2740 6028/576/2740 6027/576/2740
f 6036/576/39 6035/576/39 6037/576/39 6038/576/39
f 6028/576/2736 6034/576/2736 6035/576/2736 6036/576/2736
f 6034/576/2737 6032/576/2737 6037/576/2737 6035/576/2737
f 6032/576/2738 6030/576/2738 6038/576/2738 6037/576/2738
f 6030/576/2739 6028/576/2739 6036/576/2739 6038/576/2739
f 6042/581/2696 6046/581/2696 6043/581/2696 6040/581/2696
f 6047/581/2697 6052/581/2697 6053/581/2697 6050/581/2697
f 6051/581/2741 6044/581/2741 6045/581/2741 6054/581/2741
f 6049/581/2742 6041/581/2742 6039/581/2742 6048/581/2742
f 6063/598/2743 6064/599/2743 6065/600/2743 6066/601/2743 6067/602/2743 6068/603/2743 6069/604/2743 6070/605/2743
f 6048/581/2744 6039/581/2744 6040/581/2744 6043/581/2744 6044/581/2744 6051/581/2744 6052/581/2744 6047/581/2744
f 6039/581/2745 6041/581/2745 6042/581/2745 6040/581/2745
f 6043/581/2746 6046/581/2746 6045/581/2746 6044/581/2746
f 6047/581/2747 6050/581/2747 6049/581/2747 6048/581/2747
f 6051/581/2748 6054/581/2748 6053/581/2748 6052/581/2748
f 6041/581/2743 6049/581/2743 6056/581/2743 6055/581/2743
f 6049/581/2743 6050/581/2743 6057/581/2743 6056/581/2743
f 6050/581/2743 6053/581/2743 6058/581/2743 6057/581/2743
f 6053/581/2743 6054/581/2749 6059/581/2749 6058/581/2743
f 6054/581/2749 6045/581/2749 6060/581/2749 6059/581/2749
f 6045/581/2749 6046/581/2743 6061/581/2743 6060/581/2749
f 6046/581/2743 6042/581/2743 6062/581/2743 6061/581/2743
f 6042/581/2743 6041/581/2743 6055/581/2743 6062/581/2743
f 6055/581/2750 6056/581/2750 6064/581/2750 6063/581/2750
f 6056/581/2751 6057/581/2751 6065/581/2751 6064/581/2751
f 6057/581/2752 6058/581/2752 6066/581/2752 6065/581/2752
f 6058/581/2753 6059/581/2753 6067/581/2753 6066/581/2753
f 6059/581/39 6060/581/39 6068/581/39 6067/581/39
f 6060/581/2754 6061/581/2754 6069/581/2754 6068/581/2754
f 6061/581/2755 6062/581/2755 6070/581/2755 6069/581/2755
f 6062/581/2756 6055/581/2756 6063/581/2756 6070/581/2756
f 6071/576/2699 6072/576/2699 6074/576/2699 6073/576/2699
f 6073/576/2757 6074/576/2757 6076/576/2757 6075/576/2757
f 6077/576/2758 6078/576/2758 6072/576/2758 6071/576/2758
f 6072/576/2759 6078/576/2759 6076/576/2759 6074/576/2759
f 6077/576/2760 6071/576/2760 6073/576/2760 6075/576/2760
f 6079/576/2699 6080/576/2699 6082/576/2699 6081/576/2699
f 6081/576/2757 6082/576/2757 6084/576/2757 6083/576/2757
f 6085/576/2758 6086/576/2758 6080/576/2758 6079/576/2758
f 6080/576/2761 6086/576/2761 6084/576/2761 6082/576/2761
f 6085/576/2762 6079/576/2762 6081/576/2762 6083/576/2762
f 6087/576/2699 6089/576/2699 6090/576/2699 6088/576/2699
f 6089/576/2734 6091/576/2734 6092/576/2734 6090/576/2734
f 6091/576/2698 6093/576/2698 6094/576/2698 6092/576/2698
f 6093/576/2735 6087/576/2735 6088/576/2735 6094/576/2735
f 6096/576/49 6098/576/49 6097/576/49 6095/576/49
f 6088/576/2763 6096/576/2763 6095/576/2763 6094/576/2763
f 6094/576/2764 6095/576/2764 6097/576/2764 6092/576/2764
f 6092/576/2765 6097/576/2765 6098/576/2765 6090/576/2765
f 6090/576/2766 6098/576/2766 6096/576/2766 6088/576/2766
f 6099/576/2699 6100/576/2699 6102/576/2699 6101/576/2699
f 6101/576/2757 6102/576/2757 6104/576/2757 6103/576/2757
f 6105/576/2758 6106/576/2758 6100/576/2758 6099/576/2758
f 6100/576/2761 6106/576/2761 6104/576/2761 6102/576/2761
f 6105/576/2762 6099/576/2762 6101/576/2762 6103/576/2762
f 6107/576/2699 6109/576/2699 6110/576/2699 6108/576/2699
f 6109/576/2734 6111/576/2734 6112/576/2734 6110/576/2734
f 6111/576/2698 6113/576/2698 6114/576/2698 6112/576/2698
f 6113/576/2740 6107/576/2740 6108/576/2740 6114/576/2740
f 6116/576/49 6118/576/49 6117/576/49 6115/576/49
f 6108/576/2763 6116/576/2763 6115/576/2763 6114/576/2763
f 6114/576/2764 6115/576/2764 6117/576/2764 6112/576/2764
f 6112/576/2765 6117/576/2765 6118/576/2765 6110/576/2765
f 6110/576/2766 6118/576/2766 6116/576/2766 6108/576/2766
f 6131/606/34 6132/606/34 6133/606/34 6134/606/34
f 6121/606/71 6122/606/71 6124/606/71 6123/606/71
f 6127/606/55 6128/606/55 6126/606/55 6125/606/55
f 6120/606/39 6126/606/39 6124/606/39 6122/606/39
f 6125/606/49 6119/606/49 6121/606/49 6123/606/49
f 6129/606/71 6130/606/71 6128/606/71 6127/606/71
f 6124/606/39 6126/606/39 6128/606/39
f 6125/606/49 6123/606/49 6127/606/49
f 6123/606/2767 6124/606/2767 6130/606/2767 6129/606/2767
f 6124/606/39 6128/606/39 6130/606/39
f 6127/606/49 6123/606/49 6129/606/49
f 6120/606/2768 6122/606/2768 6133/606/2768 6132/606/2768
f 6122/606/71 6121/606/71 6134/606/71 6133/606/71
f 6121/606/2769 6119/606/2769 6131/606/2769 6134/606/2769
f 6142/606/2770 6141/606/2770 6143/606/2770 6144/606/2770
f 6145/606/2771 6146/606/2771 6147/606/2771 6148/606/2771
f 6146/606/34 6142/606/34 6144/606/34 6147/606/34
f 6119/606/71 6125/606/71 6135/606/71 6136/606/71
f 6131/606/71 6119/606/71 6136/606/71
f 6126/606/71 6120/606/71 6139/606/71 6138/606/71
f 6120/606/71 6132/606/71 6139/606/71
f 6136/606/71 6141/606/71 6142/606/71
f 6136/606/49 6137/606/49 6143/606/49 6141/606/49
f 6139/606/71 6146/606/71 6145/606/71
f 6140/606/39 6139/606/39 6145/606/39 6148/606/39
f 6132/606/71 6131/606/71 6142/606/71 6146/606/71
f 6131/606/71 6136/606/71 6142/606/71
f 6139/606/71 6132/606/71 6146/606/71
f 6149/607/49 6214/607/49 6215/607/49 6151/607/49
f 6189/608/2772 6209/608/2772 6249/608/2772 6250/608/2772
f 6153/607/39 6212/607/39 6213/607/39 6155/607/39
f 6279/607/2773 6262/607/2773 6263/607/2773 6278/607/2773
f 6162/607/2774 6243/607/2774 6164/607/2774
f 6174/607/2775 6175/607/2775 6229/607/2775 6176/607/2775 6173/607/2775
f 6248/608/2776 6190/608/2776 6201/608/2776 6247/608/2776
f 6159/607/39 6158/607/39 6204/607/39 6205/607/39
f 6281/607/38 6265/607/38 6264/607/38 6280/607/38
f 6157/607/49 6160/607/49 6206/607/49 6207/607/49
f 6283/607/2777 6267/607/2777 6266/607/2777 6282/607/2777
f 6156/607/2778 6154/607/2778 6163/607/2778 6161/607/2778
f 6244/607/2779 6152/607/2779 6164/607/2779 6243/607/2779
f 6152/607/2780 6150/607/2780 6162/607/2780 6164/607/2780
f 6278/607/2781 6263/607/2781 6268/607/2781 6277/607/2781
f 6149/607/49 6151/607/49 6219/607/49 6220/607/49
f 6189/608/2782 6250/608/2782 6251/608/2782 6217/608/2782
f 6153/607/39 6155/607/39 6221/607/39 6222/607/39
f 6275/607/2783 6269/607/2783 6270/607/2783 6276/607/2783
f 6166/607/2784 6167/607/2784 6254/607/2784 6255/607/2784
f 6196/608/2785 6239/608/2785 6261/608/2785 6252/608/2785
f 6168/607/2786 6165/607/2786 6256/607/2786 6257/607/2786
f 6271/607/2787 6272/607/2787 6274/607/2787 6273/607/2787
f 6170/607/2788 6171/607/2788 6175/607/2788 6174/607/2788
f 6198/608/2789 6240/608/2789 6241/608/2789 6200/608/2789
f 6172/607/2790 6169/607/2790 6173/607/2790 6176/607/2790
f 6151/607/2791 6215/607/2791 6216/607/2791 6177/607/2791
f 6212/607/2792 6153/607/2792 6180/607/2792 6211/607/2792
f 6178/607/2793 6157/607/2793 6207/607/2793 6208/607/2793
f 6152/607/2794 6244/607/2794 6245/607/2794 6181/607/2794
f 6158/607/2795 6179/607/2795 6203/607/2795 6204/607/2795
f 6153/607/2796 6222/607/2797 6223/607/2798 6180/607/2796
f 6219/607/2799 6151/607/2800 6177/607/2800 6218/607/2801
f 6168/607/2802 6257/607/2802 6258/607/2802 6183/607/2802
f 6254/607/2803 6167/607/2803 6184/607/2803 6253/607/2803
f 6172/607/2804 6176/607/2804 6187/607/2804 6185/607/2804
f 6175/607/2805 6188/607/2805 6242/607/2805 6228/607/2805 6229/607/2806
f 6175/607/2807 6171/607/2807 6186/607/2807 6188/607/2807
f 6177/608/2808 6216/608/2808 6209/608/2808 6189/608/2808
f 6211/608/2809 6180/608/2809 6192/608/2809 6210/608/2809
f 6201/608/2810 6190/608/2810 6178/608/2810 6208/608/2810
f 6181/608/2811 6245/608/2811 6246/608/2811 6193/608/2811
f 6179/608/2812 6191/608/2812 6202/608/2812 6203/608/2812
f 6180/608/2813 6223/608/2813 6224/608/2813 6192/608/2813
f 6218/608/2814 6177/608/2814 6189/608/2814 6217/608/2814
f 6183/608/2815 6258/608/2815 6259/608/2815 6195/608/2815
f 6253/608/2816 6184/608/2816 6196/608/2816 6252/608/2816
f 6185/608/2817 6187/608/2817 6199/608/2817 6197/608/2817
f 6242/608/2818 6188/608/2818 6200/608/2818 6241/608/2818
f 6188/608/2819 6186/608/2819 6198/608/2819 6200/608/2819
f 6201/608/2820 6193/608/2820 6246/608/2820 6247/608/2820
f 6182/608/2821 6203/608/2821 6202/608/2821 6194/608/2821
f 6154/607/2822 6204/607/2822 6203/607/2822 6182/607/2822
f 6205/607/2823 6204/607/2823 6154/607/2823 6156/607/2823
f 6282/607/2824 6266/607/2824 6265/607/2824 6281/607/2824
f 6207/607/2825 6206/607/2825 6150/607/2825 6152/607/2825
f 6208/607/2826 6207/607/2826 6152/607/2826 6181/607/2826
f 6201/608/2827 6208/608/2827 6181/608/2827 6193/608/2827
f 6209/608/2828 6190/608/2828 6248/608/2828 6249/608/2828
f 6179/608/2829 6211/608/2829 6210/608/2829 6191/608/2829
f 6158/607/2830 6212/607/2830 6211/607/2830 6179/607/2830
f 6213/607/39 6212/607/39 6158/607/39 6159/607/39
f 6280/607/38 6264/607/38 6262/607/38 6279/607/38
f 6215/607/49 6214/607/49 6160/607/49 6157/607/49
f 6216/607/2831 6215/607/2831 6157/607/2831 6178/607/2831
f 6209/608/2832 6216/608/2832 6178/608/2832 6190/608/2832
f 6184/608/2833 6218/608/2833 6217/608/2833 6196/608/2833
f 6167/607/2834 6219/607/2799 6218/607/2801 6184/607/2834
f 6220/607/49 6219/607/49 6167/607/49 6166/607/49
f 6277/607/2835 6268/607/2835 6269/607/2835 6275/607/2835
f 6222/607/39 6221/607/39 6165/607/39 6168/607/39
f 6223/607/2798 6222/607/2797 6168/607/2836 6183/607/2836
f 6224/608/2837 6223/608/2837 6183/608/2837 6195/608/2837
f 6217/608/2838 6251/608/2838 6239/608/2838 6196/608/2838
f 6225/608/2839 6195/608/2839 6259/608/2839 6260/608/2839
f 6227/608/2840 6226/608/2840 6197/608/2840 6199/608/2840
f 6187/608/2841 6228/608/2841 6227/608/2841 6199/608/2841
f 6176/607/2806 6229/607/2806 6228/607/2805 6187/607/2806
f 6230/607/2842 6161/607/2842 6163/607/2842
f 6154/607/2843 6231/607/2843 6230/607/2843 6163/607/2843
f 6232/607/2844 6231/607/2844 6154/607/2844 6182/607/2844
f 6233/608/2845 6232/608/2845 6182/608/2845 6194/608/2845
f 6234/608/2846 6233/608/2846 6194/608/2846 6202/608/2846
f 6191/608/2847 6235/608/2847 6234/608/2847 6202/608/2847
f 6236/608/2848 6235/608/2848 6191/608/2848 6210/608/2848
f 6237/608/2849 6236/608/2849 6210/608/2849 6192/608/2849
f 6238/608/2850 6237/608/2850 6192/608/2850 6224/608/2850
f 6225/608/2851 6238/608/2851 6224/608/2851 6195/608/2851
f 6239/608/2852 6225/608/2852 6260/608/2852 6261/608/2852
f 6241/608/2853 6240/608/2853 6226/608/2853 6227/608/2853
f 6228/608/2854 6242/608/2854 6241/608/2854 6227/608/2854
f 6243/607/2855 6162/607/2855 6161/607/2855 6230/607/2855
f 6231/607/2856 6244/607/2856 6243/607/2856 6230/607/2856
f 6245/607/2857 6244/607/2857 6231/607/2857 6232/607/2857
f 6246/608/2858 6245/608/2858 6232/608/2858 6233/608/2858
f 6247/608/2859 6246/608/2859 6233/608/2859 6234/608/2859
f 6235/608/2860 6248/608/2860 6247/608/2860 6234/608/2860
f 6249/608/2861 6248/608/2861 6235/608/2861 6236/608/2861
f 6250/608/2862 6249/608/2862 6236/608/2862 6237/608/2862
f 6251/608/2863 6250/608/2863 6237/608/2863 6238/608/2863
f 6239/608/2864 6251/608/2864 6238/608/2864 6225/608/2864
f 6186/608/2865 6253/608/2865 6252/608/2865 6198/608/2865
f 6171/607/2866 6254/607/2866 6253/607/2866 6186/607/2866
f 6255/607/2867 6254/607/2867 6171/607/2867 6170/607/2867
f 6276/607/2868 6270/607/2868 6271/607/2868 6273/607/2868
f 6257/607/2869 6256/607/2869 6169/607/2869 6172/607/2869
f 6258/607/2870 6257/607/2870 6172/607/2870 6185/607/2870
f 6259/608/2871 6258/608/2871 6185/608/2871 6197/608/2871
f 6260/608/2872 6259/608/2872 6197/608/2872 6226/608/2872
f 6261/608/2873 6260/608/2873 6226/608/2873 6240/608/2873
f 6252/608/2874 6261/608/2874 6240/608/2874 6198/608/2874
f 6214/607/2875 6149/607/2875 6263/607/2875 6262/607/2875
f 6206/607/2876 6160/607/2876 6264/607/2876 6265/607/2876
f 6162/607/2877 6150/607/2877 6266/607/2877 6267/607/2877
f 6149/607/2878 6220/607/2878 6268/607/2878 6263/607/2878
f 6166/607/2879 6255/607/2879 6270/607/2879 6269/607/2879
f 6170/607/2880 6174/607/2880 6272/607/2880 6271/607/2880
f 6274/607/2881 6272/607/2881 6174/607/2881 6173/607/2881
f 6150/607/2882 6206/607/2882 6265/607/2882 6266/607/2882
f 6160/607/2883 6214/607/2883 6262/607/2883 6264/607/2883
f 6220/607/2884 6166/607/2884 6269/607/2884 6268/607/2884
f 6173/607/2885 6169/607/2885 6273/607/2885 6274/607/2885
f 6256/607/2886 6165/607/2886 6275/607/2886 6276/607/2886
f 6165/607/2887 6221/607/2887 6277/607/2887 6275/607/2887
f 6221/607/2888 6155/607/2888 6278/607/2888 6277/607/2888
f 6155/607/2889 6213/607/2889 6279/607/2889 6278/607/2889
f 6213/607/2890 6159/607/2890 6280/607/2890 6279/607/2890
f 6159/607/2891 6205/607/2891 6281/607/2891 6280/607/2891
f 6205/607/2892 6156/607/2892 6282/607/2892 6281/607/2892
f 6156/607/2893 6161/607/2893 6283/607/2893 6282/607/2893
f 6283/607/2894 6161/607/2894 6162/607/2894 6267/607/2894
f 6255/607/2895 6170/607/2895 6271/607/2895 6270/607/2895
f 6169/607/2896 6256/607/2896 6276/607/2896 6273/607/2896
f 6284/607/2897 6285/607/2897 6295/607/2897 6292/607/2897
f 6286/607/2898 6287/607/2898 6318/607/2898 6319/607/2898
f 6293/607/2899 6294/607/2899 6291/607/2899 6290/607/2899
f 6321/607/2900 6322/607/2900 6285/607/2901 6284/607/2901
f 6321/607/2902 6284/607/2902 6292/607/2902 6320/607/2902
f 6320/607/2903 6292/607/2904 6286/607/2904 6319/607/2905
f 6288/607/2906 6289/607/2906 6294/607/2906 6293/607/2906
f 6292/607/2907 6295/607/2907 6287/607/2907 6286/607/2907
f 6285/607/2908 6322/607/2908 6323/607/2908 6297/607/2908
f 6291/607/2909 6294/607/2909 6298/607/2909 6296/607/2909
f 6295/607/2910 6285/607/2910 6297/607/2910 6299/607/2910
f 6294/607/2911 6289/607/2911 6300/607/2911 6298/607/2911
f 6327/607/2912 6318/607/2912 6287/607/2912 6301/607/2912
f 6287/607/2913 6295/607/2913 6299/607/2913 6301/607/2913
f 6297/608/2914 6323/608/2914 6324/608/2914 6303/608/2914
f 6296/608/2915 6298/608/2915 6304/608/2915 6302/608/2915
f 6299/608/2916 6297/608/2916 6303/608/2916 6305/608/2916
f 6298/608/39 6300/608/39 6306/608/39 6304/608/39
f 6327/608/2917 6307/608/2918 6326/608/2919
f 6301/608/49 6299/608/49 6305/608/49 6307/608/49
f 6309/607/2920 6308/607/2920 6289/607/2920 6288/607/2920
f 6293/607/2921 6310/607/2922 6309/607/2923 6288/607/2921
f 6290/607/2902 6311/607/2902 6310/607/2902 6293/607/2902
f 6290/607/2900 6291/607/2900 6312/607/2900 6311/607/2900
f 6313/607/2908 6312/607/2908 6291/607/2908 6296/607/2908
f 6314/608/2924 6313/608/2924 6296/608/2924 6302/608/2924
f 6300/608/2925 6317/608/2926 6306/608/2927
f 6289/607/2928 6308/607/2928 6317/607/2928 6300/607/2928
f 6319/607/2929 6318/607/2929 6308/607/2929 6309/607/2929
f 6310/607/2922 6320/607/2903 6319/607/2905 6309/607/2923
f 6311/607/2902 6321/607/2902 6320/607/2902 6310/607/2902
f 6311/607/2900 6312/607/2900 6322/607/2900 6321/607/2900
f 6323/607/2908 6322/607/2908 6312/607/2908 6313/607/2908
f 6324/608/2930 6323/608/2930 6313/608/2930 6314/608/2930
f 6325/608/2931 6324/608/2931 6314/608/2931 6315/608/2931
f 6326/608/2932 6325/608/2932 6315/608/2932 6316/608/2932
f 6317/608/2933 6327/608/2933 6326/608/2933 6316/608/2933
f 6317/607/2934 6308/607/2934 6318/607/2934 6327/607/2934
f 6324/608/2935 6325/608/2935 6328/608/2935
f 6328/608/2936 6305/608/2936 6303/608/2936 6324/608/2936
f 6325/608/2937 6326/608/2937 6329/608/2937 6328/608/2937
f 6326/608/2938 6307/608/2938 6329/608/2938
f 6315/608/2939 6314/608/2939 6330/608/2939
f 6314/608/2940 6302/608/2940 6304/608/2940 6330/608/2940
f 6316/608/2941 6315/608/2941 6330/608/2941 6331/608/2941
f 6304/608/2942 6306/608/2942 6331/608/2942 6330/608/2942
f 6306/608/2943 6316/608/2943 6331/608/2943
f 6329/608/2944 6307/608/2944 6305/608/2944 6328/608/2944
f 6327/608/2917 6301/608/2945 6307/608/2918
f 6306/608/2927 6317/608/2926 6316/608/2946
f 6336/609/2947 6337/609/2947 6338/609/2947 6339/609/2947
f 6334/609/49 6335/609/49 6337/609/49 6336/609/49
f 6335/609/2948 6333/609/2948 6338/609/2948 6337/609/2948
f 6333/609/39 6332/609/39 6339/609/39 6338/609/39
f 6332/609/2949 6334/609/2949 6336/609/2949 6339/609/2949
f 6333/609/39 6341/609/39 6340/609/39 6332/609/39
f 6334/609/49 6342/609/49 6343/609/49 6335/609/49
f 6332/609/2950 6340/609/2950 6342/609/2950 6334/609/2950
f 6344/609/34 6347/609/34 6346/609/34 6345/609/34
f 6340/609/2951 6341/609/2951 6343/609/2951 6342/609/2951
f 6335/609/2952 6344/609/2952 6345/609/2952 6333/609/2952
f 6333/609/39 6345/609/39 6346/609/39 6341/609/39
f 6341/609/2953 6346/609/2953 6347/609/2953 6343/609/2953
f 6343/609/49 6347/609/49 6344/609/49 6335/609/49
f 6348/610/49 6349/610/49 6351/610/49 6350/610/49
f 6350/610/71 6351/610/71 6353/610/71 6352/610/71
f 6352/610/39 6353/610/39 6355/610/39 6354/610/39
f 6354/610/38 6355/610/38 6349/610/38 6348/610/38
f 6349/610/2954 6355/610/2954 6353/610/2954 6351/610/2954
f 6356/610/55 6357/610/55 6358/610/55 6359/610/55
f 6354/610/2955 6348/610/2955 6357/610/2955 6356/610/2955
f 6348/610/49 6350/610/49 6358/610/49 6357/610/49
f 6350/610/2956 6352/610/2956 6359/610/2956 6358/610/2956
f 6352/610/39 6354/610/39 6356/610/39 6359/610/39
f 6360/610/49 6361/610/49 6363/610/49 6362/610/49
f 6362/610/71 6363/610/71 6365/610/71 6364/610/71
f 6364/610/39 6365/610/39 6367/610/39 6366/610/39
f 6366/610/38 6367/610/38 6361/610/38 6360/610/38
f 6361/610/2957 6367/610/2957 6365/610/2957 6363/610/2957
f 6368/610/55 6369/610/55 6370/610/55 6371/610/55
f 6366/610/2955 6360/610/2955 6369/610/2955 6368/610/2955
f 6360/610/49 6362/610/49 6370/610/49 6369/610/49
f 6362/610/2956 6364/610/2956 6371/610/2956 6370/610/2956
f 6364/610/39 6366/610/39 6368/610/39 6371/610/39
f 6372/610/49 6373/610/49 6375/610/49 6374/610/49
f 6374/610/71 6375/610/71 6377/610/71 6376/610/71
f 6376/610/39 6377/610/39 6379/610/39 6378/610/39
f 6378/610/38 6379/610/38 6373/610/38 6372/610/38
f 6373/610/2957 6379/610/2957 6377/610/2957 6375/610/2957
f 6380/610/55 6381/610/55 6382/610/55 6383/610/55
f 6378/610/2955 6372/610/2955 6381/610/2955 6380/610/2955
f 6372/610/49 6374/610/49 6382/610/49 6381/610/49
f 6374/610/2956 6376/610/2956 6383/610/2956 6382/610/2956
f 6376/610/39 6378/610/39 6380/610/39 6383/610/39
f 6388/611/2958 6389/611/2958 6390/611/2958 6391/611/2958
f 6384/611/49 6385/611/49 6390/611/49 6389/611/49
f 6386/611/39 6387/611/39 6388/611/39 6391/611/39
f 6385/611/2959 6384/611/2959 6387/611/2959 6386/611/2959
f 6392/612/2960 6421/612/2960 6420/612/2960 6393/612/2960
f 6414/613/2961 6417/613/2961 6416/613/2961 6415/613/2961
f 6422/612/49 6398/612/49 6399/612/49 6423/612/49
f 6398/612/38 6392/612/38 6393/612/38 6399/612/38
f 6393/612/2962 6420/612/2962 6423/612/2962 6399/612/2962
f 6398/612/2963 6422/612/2963 6421/612/2963 6392/612/2963
f 6394/612/39 6400/612/39 6401/612/39 6395/612/39
f 6404/612/2964 6407/612/2964 6406/612/2964 6405/612/2964
f 6397/612/49 6402/612/49 6403/612/49 6396/612/49
f 6396/612/55 6403/612/55 6400/612/55 6394/612/55
f 6395/612/38 6404/612/38 6405/612/38 6397/612/38
f 6397/612/49 6405/612/49 6406/612/49 6402/612/49
f 6416/613/71 6419/613/71 6418/613/71 6415/613/71
f 6401/612/39 6407/612/39 6404/612/39 6395/612/39
f 6400/612/2965 6408/612/2965 6409/612/2965 6401/612/2965
f 6402/612/2966 6410/612/2966 6411/612/2966 6403/612/2966
f 6403/612/71 6411/612/71 6408/612/71 6400/612/71
f 6401/612/71 6409/612/71 6412/612/71 6407/612/71
f 6407/612/71 6412/612/71 6413/612/71 6406/612/71
f 6406/612/71 6413/612/71 6410/612/71 6402/612/71
f 6408/613/2967 6414/613/2967 6415/613/2967 6409/613/2967
f 6410/613/2968 6416/613/2968 6417/613/2968 6411/613/2968
f 6411/613/2969 6417/613/2969 6414/613/2969 6408/613/2969
f 6409/613/2970 6415/613/2970 6418/613/2970 6412/613/2970
f 6412/613/2971 6418/613/2971 6419/613/2971 6413/613/2971
f 6413/613/2972 6419/613/2972 6416/613/2972 6410/613/2972
f 6421/612/2973 6394/612/2973 6395/612/2973 6420/612/2973
f 6422/612/2974 6396/612/2974 6394/612/2974 6421/612/2974
f 6396/612/49 6422/612/49 6423/612/49 6397/612/49
f 6420/612/2975 6395/612/2975 6397/612/2975 6423/612/2975
f 6424/614/49 6425/614/49 6427/614/49 6426/614/49
f 6432/614/71 6433/614/71 6434/614/71 6435/614/71
f 6428/614/39 6429/614/39 6431/614/39 6430/614/39
f 6430/614/38 6431/614/38 6425/614/38 6424/614/38
f 6425/614/34 6431/614/34 6429/614/34 6427/614/34
f 6430/614/55 6424/614/55 6426/614/55 6428/614/55
f 6426/614/2976 6427/614/2976 6433/614/2976 6432/614/2976
f 6427/614/2977 6429/614/2977 6434/614/2977 6433/614/2977
f 6429/614/2978 6428/614/2978 6435/614/2978 6434/614/2978
f 6428/614/2979 6426/614/2979 6432/614/2979 6435/614/2979
f 6436/615/49 6437/615/49 6439/615/49 6438/615/49
f 6444/615/71 6445/615/71 6446/615/71 6447/615/71
f 6440/615/39 6441/615/39 6443/615/39 6442/615/39
f 6442/615/38 6443/615/38 6437/615/38 6436/615/38
f 6437/615/34 6443/615/34 6441/615/34 6439/615/34
f 6442/615/55 6436/615/55 6438/615/55 6440/615/55
f 6438/615/2980 6439/615/2980 6445/615/2980 6444/615/2980
f 6439/615/2981 6441/615/2981 6446/615/2981 6445/615/2981
f 6441/615/2982 6440/615/2982 6447/615/2982 6446/615/2982
f 6440/615/2983 6438/615/2983 6444/615/2983 6447/615/2983
f 6448/615/55 6449/615/55 6451/615/55 6450/615/55
f 6456/615/71 6457/615/71 6458/615/71 6459/615/71
f 6452/615/34 6453/615/34 6455/615/34 6454/615/34
f 6454/615/38 6455/615/38 6449/615/38 6448/615/38
f 6449/615/49 6455/615/49 6453/615/49 6451/615/49
f 6454/615/39 6448/615/39 6450/615/39 6452/615/39
f 6450/615/2984 6451/615/2984 6457/615/2984 6456/615/2984
f 6451/615/2985 6453/615/2985 6458/615/2985 6457/615/2985
f 6453/615/2986 6452/615/2986 6459/615/2986 6458/615/2986
f 6452/615/2987 6450/615/2987 6456/615/2987 6459/615/2987
f 6460/614/49 6461/614/49 6463/614/49 6462/614/49
f 6468/614/71 6469/614/71 6470/614/71 6471/614/71
f 6464/614/39 6465/614/39 6467/614/39 6466/614/39
f 6466/614/38 6467/614/38 6461/614/38 6460/614/38
f 6461/614/34 6467/614/34 6465/614/34 6463/614/34
f 6466/614/55 6460/614/55 6462/614/55 6464/614/55
f 6462/614/2988 6463/614/2988 6469/614/2988 6468/614/2988
f 6463/614/2989 6465/614/2989 6470/614/2989 6469/614/2989
f 6465/614/2990 6464/614/2990 6471/614/2990 6470/614/2990
f 6464/614/2991 6462/614/2991 6468/614/2991 6471/614/2991
f 6472/607/39 6474/607/39 6538/607/39 6537/607/39
f 6512/608/2849 6573/608/2849 6572/608/2849 6532/608/2849
f 6476/607/49 6478/607/49 6536/607/49 6535/607/49
f 6602/607/2773 6601/607/2773 6586/607/2773 6585/607/2773
f 6485/607/2842 6487/607/2842 6566/607/2842
f 6497/607/2775 6496/607/2775 6499/607/2775 6552/607/2775 6498/607/2775
f 6571/608/2847 6570/608/2847 6524/608/2847 6513/608/2847
f 6482/607/49 6528/607/49 6527/607/49 6481/607/49
f 6604/607/38 6603/607/38 6587/607/38 6588/607/38
f 6480/607/39 6530/607/39 6529/607/39 6483/607/39
f 6606/607/2777 6605/607/2777 6589/607/2777 6590/607/2777
f 6479/607/2780 6484/607/2780 6486/607/2780 6477/607/2780
f 6567/607/2843 6566/607/2843 6487/607/2843 6475/607/2843
f 6475/607/2778 6487/607/2778 6485/607/2778 6473/607/2778
f 6601/607/2781 6600/607/2781 6591/607/2781 6586/607/2781
f 6472/607/39 6543/607/39 6542/607/39 6474/607/39
f 6512/608/2992 6540/608/2992 6574/608/2992 6573/608/2992
f 6476/607/49 6545/607/49 6544/607/49 6478/607/49
f 6598/607/2783 6599/607/2783 6593/607/2783 6592/607/2783
f 6489/607/2786 6578/607/2786 6577/607/2786 6490/607/2786
f 6519/608/2839 6575/608/2839 6584/608/2839 6562/608/2839
f 6491/607/2784 6580/607/2784 6579/607/2784 6488/607/2784
f 6594/607/2787 6596/607/2787 6597/607/2787 6595/607/2787
f 6493/607/2993 6497/607/2993 6498/607/2993 6494/607/2993
f 6521/608/2994 6523/608/2994 6564/608/2994 6563/608/2994
f 6495/607/2995 6499/607/2995 6496/607/2995 6492/607/2995
f 6474/607/2792 6500/607/2792 6539/607/2792 6538/607/2792
f 6535/607/2791 6534/607/2791 6503/607/2791 6476/607/2791
f 6501/607/2795 6531/607/2795 6530/607/2795 6480/607/2795
f 6475/607/2996 6504/607/2996 6568/607/2996 6567/607/2996
f 6481/607/2793 6527/607/2793 6526/607/2793 6502/607/2793
f 6476/607/2800 6503/607/2800 6546/607/2801 6545/607/2799
f 6542/607/2797 6541/607/2798 6500/607/2796 6474/607/2796
f 6491/607/2803 6506/607/2803 6581/607/2803 6580/607/2803
f 6577/607/2802 6576/607/2802 6507/607/2802 6490/607/2802
f 6495/607/2807 6508/607/2807 6510/607/2807 6499/607/2807
f 6498/607/2997 6552/607/2806 6551/607/2805 6565/607/2997 6511/607/2997
f 6498/607/2998 6511/607/2998 6509/607/2998 6494/607/2998
f 6500/608/2809 6512/608/2809 6532/608/2809 6539/608/2809
f 6534/608/2808 6533/608/2808 6515/608/2808 6503/608/2808
f 6524/608/2812 6531/608/2812 6501/608/2812 6513/608/2812
f 6504/608/2845 6516/608/2845 6569/608/2845 6568/608/2845
f 6502/608/2810 6526/608/2810 6525/608/2810 6514/608/2810
f 6503/608/2814 6515/608/2814 6547/608/2814 6546/608/2814
f 6541/608/2813 6540/608/2813 6512/608/2813 6500/608/2813
f 6506/608/2816 6518/608/2816 6582/608/2816 6581/608/2816
f 6576/608/2815 6575/608/2815 6519/608/2815 6507/608/2815
f 6508/608/2819 6520/608/2819 6522/608/2819 6510/608/2819
f 6565/608/2841 6564/608/2841 6523/608/2841 6511/608/2841
f 6511/608/2817 6523/608/2817 6521/608/2817 6509/608/2817
f 6524/608/2846 6570/608/2846 6569/608/2846 6516/608/2846
f 6505/608/2827 6517/608/2827 6525/608/2827 6526/608/2827
f 6477/607/2826 6505/607/2826 6526/607/2826 6527/607/2826
f 6528/607/2825 6479/607/2825 6477/607/2825 6527/607/2825
f 6605/607/2824 6604/607/2824 6588/607/2824 6589/607/2824
f 6530/607/2823 6475/607/2823 6473/607/2823 6529/607/2823
f 6531/607/2822 6504/607/2822 6475/607/2822 6530/607/2822
f 6524/608/2821 6516/608/2821 6504/608/2821 6531/608/2821
f 6532/608/2848 6572/608/2848 6571/608/2848 6513/608/2848
f 6502/608/2832 6514/608/2832 6533/608/2832 6534/608/2832
f 6481/607/2831 6502/607/2831 6534/607/2831 6535/607/2831
f 6536/607/49 6482/607/49 6481/607/49 6535/607/49
f 6603/607/38 6602/607/38 6585/607/38 6587/607/38
f 6538/607/39 6480/607/39 6483/607/39 6537/607/39
f 6539/607/2830 6501/607/2830 6480/607/2830 6538/607/2830
f 6532/608/2829 6513/608/2829 6501/608/2829 6539/608/2829
f 6507/608/2837 6519/608/2837 6540/608/2837 6541/608/2837
f 6490/607/2836 6507/607/2836 6541/607/2798 6542/607/2797
f 6543/607/39 6489/607/39 6490/607/39 6542/607/39
f 6600/607/2835 6598/607/2835 6592/607/2835 6591/607/2835
f 6545/607/49 6491/607/49 6488/607/49 6544/607/49
f 6546/607/2801 6506/607/2834 6491/607/2834 6545/607/2799
f 6547/608/2833 6518/608/2833 6506/608/2833 6546/608/2833
f 6540/608/2851 6519/608/2851 6562/608/2851 6574/608/2851
f 6548/608/2785 6583/608/2785 6582/608/2785 6518/608/2785
f 6550/608/2999 6522/608/2999 6520/608/2999 6549/608/2999
f 6510/608/2818 6522/608/2818 6550/608/2818 6551/608/2818
f 6499/607/2806 6510/607/2806 6551/607/2805 6552/607/2806
f 6553/607/2774 6486/607/2774 6484/607/2774
f 6477/607/2779 6486/607/2779 6553/607/2779 6554/607/2779
f 6555/607/3000 6505/607/3000 6477/607/3000 6554/607/3000
f 6556/608/2811 6517/608/2811 6505/608/2811 6555/608/2811
f 6557/608/2820 6525/608/2820 6517/608/2820 6556/608/2820
f 6514/608/2776 6525/608/2776 6557/608/2776 6558/608/2776
f 6559/608/2828 6533/608/2828 6514/608/2828 6558/608/2828
f 6560/608/2772 6515/608/2772 6533/608/2772 6559/608/2772
f 6561/608/3001 6547/608/3001 6515/608/3001 6560/608/3001
f 6548/608/2838 6518/608/2838 6547/608/2838 6561/608/2838
f 6562/608/2852 6584/608/2852 6583/608/2852 6548/608/2852
f 6564/608/2853 6550/608/2853 6549/608/2853 6563/608/2853
f 6551/608/2854 6550/608/2854 6564/608/2854 6565/608/2854
f 6566/607/2855 6553/607/2855 6484/607/2855 6485/607/2855
f 6554/607/2856 6553/607/2856 6566/607/2856 6567/607/2856
f 6568/607/2857 6555/607/2857 6554/607/2857 6567/607/2857
f 6569/608/2858 6556/608/2858 6555/608/2858 6568/608/2858
f 6570/608/2859 6557/608/2859 6556/608/2859 6569/608/2859
f 6558/608/2860 6557/608/2860 6570/608/2860 6571/608/2860
f 6572/608/2861 6559/608/2861 6558/608/2861 6571/608/2861
f 6573/608/2862 6560/608/2862 6559/608/2862 6572/608/2862
f 6574/608/2863 6561/608/2863 6560/608/2863 6573/608/2863
f 6562/608/2864 6548/608/2864 6561/608/2864 6574/608/2864
f 6509/608/2871 6521/608/2871 6575/608/2871 6576/608/2871
f 6494/607/2870 6509/607/2870 6576/607/2870 6577/607/2870
f 6578/607/2869 6493/607/2869 6494/607/2869 6577/607/2869
f 6599/607/2868 6596/607/2868 6594/607/2868 6593/607/2868
f 6580/607/2867 6495/607/2867 6492/607/2867 6579/607/2867
f 6581/607/2866 6508/607/2866 6495/607/2866 6580/607/2866
f 6582/608/2865 6520/608/2865 6508/608/2865 6581/608/2865
f 6583/608/2874 6549/608/2874 6520/608/2874 6582/608/2874
f 6584/608/2873 6563/608/2873 6549/608/2873 6583/608/2873
f 6575/608/2872 6521/608/2872 6563/608/2872 6584/608/2872
f 6537/607/2889 6585/607/2889 6586/607/2889 6472/607/2889
f 6529/607/2891 6588/607/2891 6587/607/2891 6483/607/2891
f 6485/607/3002 6590/607/3002 6589/607/3002 6473/607/3002
f 6472/607/3003 6586/607/3003 6591/607/3003 6543/607/3003
f 6489/607/2886 6592/607/2886 6593/607/2886 6578/607/2886
f 6493/607/2885 6594/607/2885 6595/607/2885 6497/607/2885
f 6597/607/2881 6496/607/2881 6497/607/2881 6595/607/2881
f 6473/607/2892 6589/607/2892 6588/607/2892 6529/607/2892
f 6483/607/2890 6587/607/2890 6585/607/2890 6537/607/2890
f 6543/607/2887 6591/607/2887 6592/607/2887 6489/607/2887
f 6496/607/2880 6597/607/2880 6596/607/2880 6492/607/2880
f 6579/607/2879 6599/607/2879 6598/607/2879 6488/607/2879
f 6488/607/2884 6598/607/2884 6600/607/2884 6544/607/2884
f 6544/607/3004 6600/607/3004 6601/607/3004 6478/607/3004
f 6478/607/2875 6601/607/2875 6602/607/2875 6536/607/2875
f 6536/607/2883 6602/607/2883 6603/607/2883 6482/607/2883
f 6482/607/2876 6603/607/2876 6604/607/2876 6528/607/2876
f 6528/607/2882 6604/607/2882 6605/607/2882 6479/607/2882
f 6479/607/3005 6605/607/3005 6606/607/3005 6484/607/3005
f 6606/607/2894 6590/607/2894 6485/607/2894 6484/607/2894
f 6578/607/3006 6593/607/3006 6594/607/3006 6493/607/3006
f 6492/607/3007 6596/607/3007 6599/607/3007 6579/607/3007
f 6607/607/2899 6615/607/2899 6618/607/2899 6608/607/2899
f 6609/607/2920 6642/607/2920 6641/607/2920 6610/607/2920
f 6616/607/2897 6613/607/2897 6614/607/2897 6617/607/2897
f 6644/607/2900 6607/607/2901 6608/607/2901 6645/607/2900
f 6644/607/2902 6643/607/2902 6615/607/2902 6607/607/2902
f 6643/607/3008 6642/607/3009 6609/607/2921 6615/607/2921
f 6611/607/2907 6616/607/2907 6617/607/2907 6612/607/2907
f 6615/607/2906 6609/607/2906 6610/607/2906 6618/607/2906
f 6608/607/2908 6620/607/2908 6646/607/2908 6645/607/2908
f 6614/607/2910 6619/607/2910 6621/607/2910 6617/607/2910
f 6618/607/2909 6622/607/2909 6620/607/2909 6608/607/2909
f 6617/607/3010 6621/607/3010 6623/607/3010 6612/607/3010
f 6650/607/3011 6624/607/3011 6610/607/3011 6641/607/3011
f 6610/607/3012 6624/607/3012 6622/607/3012 6618/607/3012
f 6620/608/2924 6626/608/2924 6647/608/2924 6646/608/2924
f 6619/608/2916 6625/608/2916 6627/608/2916 6621/608/2916
f 6622/608/2915 6628/608/2915 6626/608/2915 6620/608/2915
f 6621/608/49 6627/608/49 6629/608/49 6623/608/49
f 6650/608/3013 6649/608/3014 6630/608/3015
f 6624/608/39 6630/608/39 6628/608/39 6622/608/39
f 6632/607/2898 6611/607/2898 6612/607/2898 6631/607/2898
f 6616/607/2904 6611/607/2904 6632/607/3016 6633/607/3017
f 6613/607/2902 6616/607/2902 6633/607/2902 6634/607/2902
f 6613/607/2900 6634/607/2900 6635/607/2900 6614/607/2900
f 6636/607/2908 6619/607/2908 6614/607/2908 6635/607/2908
f 6637/608/2914 6625/608/2914 6619/608/2914 6636/608/2914
f 6623/608/3018 6629/608/3019 6640/608/3020
f 6612/607/3021 6623/607/3021 6640/607/3021 6631/607/3021
f 6642/607/2929 6632/607/2929 6631/607/2929 6641/607/2929
f 6633/607/3017 6632/607/3016 6642/607/3009 6643/607/3008
f 6634/607/2902 6633/607/2902 6643/607/2902 6644/607/2902
f 6634/607/2900 6644/607/2900 6645/607/2900 6635/607/2900
f 6646/607/2908 6636/607/2908 6635/607/2908 6645/607/2908
f 6647/608/2930 6637/608/2930 6636/608/2930 6646/608/2930
f 6648/608/2931 6638/608/2931 6637/608/2931 6647/608/2931
f 6649/608/2932 6639/608/2932 6638/608/2932 6648/608/2932
f 6640/608/2933 6639/608/2933 6649/608/2933 6650/608/2933
f 6640/607/2934 6650/607/2934 6641/607/2934 6631/607/2934
f 6647/608/2939 6651/608/2939 6648/608/2939
f 6651/608/2940 6647/608/2940 6626/608/2940 6628/608/2940
f 6648/608/3022 6651/608/3022 6652/608/3022 6649/608/3022
f 6649/608/3023 6652/608/3023 6630/608/3023
f 6638/608/2935 6653/608/2935 6637/608/2935
f 6637/608/2936 6653/608/2936 6627/608/2936 6625/608/2936
f 6639/608/3024 6654/608/3024 6653/608/3024 6638/608/3024
f 6627/608/3025 6653/608/3025 6654/608/3025 6629/608/3025
f 6629/608/3026 6654/608/3026 6639/608/3026
f 6652/608/3027 6651/608/3027 6628/608/3027 6630/608/3027
f 6650/608/3013 6630/608/3015 6624/608/3028
f 6629/608/3019 6639/608/3029 6640/608/3020
f 6659/609/2947 6662/609/2947 6661/609/2947 6660/609/2947
f 6657/609/39 6659/609/39 6660/609/39 6658/609/39
f 6658/609/2948 6660/609/2948 6661/609/2948 6656/609/2948
f 6656/609/49 6661/609/49 6662/609/49 6655/609/49
f 6655/609/2949 6662/609/2949 6659/609/2949 6657/609/2949
f 6656/609/49 6655/609/49 6663/609/49 6664/609/49
f 6657/609/39 6658/609/39 6666/609/39 6665/609/39
f 6655/609/2950 6657/609/2950 6665/609/2950 6663/609/2950
f 6667/609/34 6668/609/34 6669/609/34 6670/609/34
f 6663/609/2951 6665/609/2951 6666/609/2951 6664/609/2951
f 6658/609/2952 6656/609/2952 6668/609/2952 6667/609/2952
f 6656/609/49 6664/609/49 6669/609/49 6668/609/49
f 6664/609/2953 6666/609/2953 6670/609/2953 6669/609/2953
f 6666/609/39 6658/609/39 6667/609/39 6670/609/39
f 6671/610/39 6673/610/39 6674/610/39 6672/610/39
f 6673/610/71 6675/610/71 6676/610/71 6674/610/71
f 6675/610/49 6677/610/49 6678/610/49 6676/610/49
f 6677/610/38 6671/610/38 6672/610/38 6678/610/38
f 6672/610/2954 6674/610/2954 6676/610/2954 6678/610/2954
f 6679/610/55 6682/610/55 6681/610/55 6680/610/55
f 6677/610/2955 6679/610/2955 6680/610/2955 6671/610/2955
f 6671/610/39 6680/610/39 6681/610/39 6673/610/39
f 6673/610/2956 6681/610/2956 6682/610/2956 6675/610/2956
f 6675/610/49 6682/610/49 6679/610/49 6677/610/49
f 6683/610/39 6685/610/39 6686/610/39 6684/610/39
f 6685/610/71 6687/610/71 6688/610/71 6686/610/71
f 6687/610/49 6689/610/49 6690/610/49 6688/610/49
f 6689/610/38 6683/610/38 6684/610/38 6690/610/38
f 6684/610/2957 6686/610/2957 6688/610/2957 6690/610/2957
f 6691/610/55 6694/610/55 6693/610/55 6692/610/55
f 6689/610/2955 6691/610/2955 6692/610/2955 6683/610/2955
f 6683/610/39 6692/610/39 6693/610/39 6685/610/39
f 6685/610/2956 6693/610/2956 6694/610/2956 6687/610/2956
f 6687/610/49 6694/610/49 6691/610/49 6689/610/49
f 6695/610/39 6697/610/39 6698/610/39 6696/610/39
f 6697/610/71 6699/610/71 6700/610/71 6698/610/71
f 6699/610/49 6701/610/49 6702/610/49 6700/610/49
f 6701/610/38 6695/610/38 6696/610/38 6702/610/38
f 6696/610/2957 6698/610/2957 6700/610/2957 6702/610/2957
f 6703/610/55 6706/610/55 6705/610/55 6704/610/55
f 6701/610/2955 6703/610/2955 6704/610/2955 6695/610/2955
f 6695/610/39 6704/610/39 6705/610/39 6697/610/39
f 6697/610/2956 6705/610/2956 6706/610/2956 6699/610/2956
f 6699/610/49 6706/610/49 6703/610/49 6701/610/49
f 6711/611/2958 6714/611/2958 6713/611/2958 6712/611/2958
f 6707/611/39 6712/611/39 6713/611/39 6708/611/39
f 6709/611/49 6714/611/49 6711/611/49 6710/611/49
f 6708/611/2959 6709/611/2959 6710/611/2959 6707/611/2959
f 6715/612/3030 6716/612/3030 6743/612/3030 6744/612/3030
f 6737/613/2961 6738/613/2961 6739/613/2961 6740/613/2961
f 6745/612/39 6746/612/39 6722/612/39 6721/612/39
f 6721/612/38 6722/612/38 6716/612/38 6715/612/38
f 6716/612/2962 6722/612/2962 6746/612/2962 6743/612/2962
f 6721/612/2963 6715/612/2963 6744/612/2963 6745/612/2963
f 6717/612/49 6718/612/49 6724/612/49 6723/612/49
f 6727/612/2964 6728/612/2964 6729/612/2964 6730/612/2964
f 6720/612/39 6719/612/39 6726/612/39 6725/612/39
f 6719/612/55 6717/612/55 6723/612/55 6726/612/55
f 6718/612/38 6720/612/38 6728/612/38 6727/612/38
f 6720/612/39 6725/612/39 6729/612/39 6728/612/39
f 6739/613/71 6738/613/71 6741/613/71 6742/613/71
f 6724/612/49 6718/612/49 6727/612/49 6730/612/49
f 6723/612/2966 6724/612/2966 6732/612/2966 6731/612/2966
f 6725/612/2965 6726/612/2965 6734/612/2965 6733/612/2965
f 6726/612/71 6723/612/71 6731/612/71 6734/612/71
f 6724/612/71 6730/612/71 6735/612/71 6732/612/71
f 6730/612/71 6729/612/71 6736/612/71 6735/612/71
f 6729/612/71 6725/612/71 6733/612/71 6736/612/71
f 6731/613/2968 6732/613/2968 6738/613/2968 6737/613/2968
f 6733/613/2967 6734/613/2967 6740/613/2967 6739/613/2967
f 6734/613/2969 6731/613/2969 6737/613/2969 6740/613/2969
f 6732/613/2972 6735/613/2972 6741/613/2972 6738/613/2972
f 6735/613/2971 6736/613/2971 6742/613/2971 6741/613/2971
f 6736/613/2970 6733/613/2970 6739/613/2970 6742/613/2970
f 6744/612/3031 6743/612/3031 6718/612/3031 6717/612/3031
f 6745/612/2974 6744/612/2974 6717/612/2974 6719/612/2974
f 6719/612/39 6720/612/39 6746/612/39 6745/612/39
f 6743/612/2975 6746/612/2975 6720/612/2975 6718/612/2975
f 6747/614/39 6749/614/39 6750/614/39 6748/614/39
f 6755/614/71 6758/614/71 6757/614/71 6756/614/71
f 6751/614/49 6753/614/49 6754/614/49 6752/614/49
f 6753/614/38 6747/614/38 6748/614/38 6754/614/38
f 6748/614/34 6750/614/34 6752/614/34 6754/614/34
f 6753/614/55 6751/614/55 6749/614/55 6747/614/55
f 6749/614/2978 6755/614/2978 6756/614/2978 6750/614/2978
f 6750/614/2977 6756/614/2977 6757/614/2977 6752/614/2977
f 6752/614/2976 6757/614/2976 6758/614/2976 6751/614/2976
f 6751/614/2979 6758/614/2979 6755/614/2979 6749/614/2979
f 6759/615/39 6761/615/39 6762/615/39 6760/615/39
f 6767/615/71 6770/615/71 6769/615/71 6768/615/71
f 6763/615/49 6765/615/49 6766/615/49 6764/615/49
f 6765/615/38 6759/615/38 6760/615/38 6766/615/38
f 6760/615/34 6762/615/34 6764/615/34 6766/615/34
f 6765/615/55 6763/615/55 6761/615/55 6759/615/55
f 6761/615/2982 6767/615/2982 6768/615/2982 6762/615/2982
f 6762/615/2981 6768/615/2981 6769/615/2981 6764/615/2981
f 6764/615/2980 6769/615/2980 6770/615/2980 6763/615/2980
f 6763/615/2983 6770/615/2983 6767/615/2983 6761/615/2983
f 6771/615/55 6773/615/55 6774/615/55 6772/615/55
f 6779/615/71 6782/615/71 6781/615/71 6780/615/71
f 6775/615/34 6777/615/34 6778/615/34 6776/615/34
f 6777/615/38 6771/615/38 6772/615/38 6778/615/38
f 6772/615/39 6774/615/39 6776/615/39 6778/615/39
f 6777/615/49 6775/615/49 6773/615/49 6771/615/49
f 6773/615/2984 6779/615/2984 6780/615/2984 6774/615/2984
f 6774/615/2987 6780/615/2987 6781/615/2987 6776/615/2987
f 6776/615/2986 6781/615/2986 6782/615/2986 6775/615/2986
f 6775/615/2985 6782/615/2985 6779/615/2985 6773/615/2985
f 6783/614/39 6785/614/39 6786/614/39 6784/614/39
f 6791/614/71 6794/614/71 6793/614/71 6792/614/71
f 6787/614/49 6789/614/49 6790/614/49 6788/614/49
f 6789/614/38 6783/614/38 6784/614/38 6790/614/38
f 6784/614/34 6786/614/34 6788/614/34 6790/614/34
f 6789/614/55 6787/614/55 6785/614/55 6783/614/55
f 6785/614/2990 6791/614/2990 6792/614/2990 6786/614/2990
f 6786/614/2989 6792/614/2989 6793/614/2989 6788/614/2989
f 6788/614/2988 6793/614/2988 6794/614/2988 6787/614/2988
f 6787/614/2991 6794/614/2991 6791/614/2991 6785/614/2991
f 6807/606/34 6808/606/34 6809/606/34 6810/606/34
f 6797/606/71 6798/606/71 6800/606/71 6799/606/71
f 6803/606/55 6804/606/55 6802/606/55 6801/606/55
f 6796/606/39 6802/606/39 6800/606/39 6798/606/39
f 6801/606/49 6795/606/49 6797/606/49 6799/606/49
f 6805/606/71 6806/606/71 6804/606/71 6803/606/71
f 6800/606/39 6802/606/39 6804/606/39
f 6801/606/49 6799/606/49 6803/606/49
f 6799/606/2767 6800/606/2767 6806/606/2767 6805/606/2767
f 6800/606/39 6804/606/39 6806/606/39
f 6803/606/49 6799/606/49 6805/606/49
f 6796/606/2768 6798/606/2768 6809/606/2768 6808/606/2768
f 6798/606/71 6797/606/71 6810/606/71 6809/606/71
f 6797/606/2769 6795/606/2769 6807/606/2769 6810/606/2769
f 6816/606/49 6815/606/49 6817/606/49 6818/606/49
f 6821/606/39 6822/606/39 6823/606/39 6824/606/39
f 6801/606/55 6802/606/55 6812/606/55 6811/606/55
f 6819/606/2770 6816/606/2770 6818/606/2770 6820/606/2770
f 6822/606/2771 6825/606/2771 6826/606/2771 6823/606/2771
f 6808/606/34 6807/606/34 6813/606/34 6814/606/34
f 6795/606/71 6801/606/71 6815/606/71 6816/606/71
f 6801/606/55 6811/606/55 6817/606/55 6815/606/55
f 6807/606/71 6795/606/71 6816/606/71 6819/606/71
f 6813/606/34 6807/606/34 6819/606/34 6820/606/34
f 6802/606/71 6796/606/71 6822/606/71 6821/606/71
f 6812/606/55 6802/606/55 6821/606/55 6824/606/55
f 6796/606/71 6808/606/71 6825/606/71 6822/606/71
f 6808/606/34 6814/606/34 6826/606/34 6825/606/34
f 6827/607/39 6829/607/39 6893/607/39 6892/607/39
f 6867/608/2849 6928/608/2849 6927/608/2849 6887/608/2849
f 6831/607/49 6833/607/49 6891/607/49 6890/607/49
f 6957/607/2773 6956/607/2773 6941/607/2773 6940/607/2773
f 6840/607/2842 6842/607/2842 6921/607/2842
f 6852/607/2775 6851/607/2775 6854/607/2775 6907/607/2775 6853/607/2775
f 6926/608/2847 6925/608/2847 6879/608/2847 6868/608/2847
f 6837/607/49 6883/607/49 6882/607/49 6836/607/49
f 6959/607/38 6958/607/38 6942/607/38 6943/607/38
f 6835/607/39 6885/607/39 6884/607/39 6838/607/39
f 6961/607/2777 6960/607/2777 6944/607/2777 6945/607/2777
f 6834/607/2780 6839/607/2780 6841/607/2780 6832/607/2780
f 6922/607/3032 6921/607/3032 6842/607/3032 6830/607/3032
f 6830/607/2778 6842/607/2778 6840/607/2778 6828/607/2778
f 6956/607/2781 6955/607/2781 6946/607/2781 6941/607/2781
f 6827/607/39 6898/607/39 6897/607/39 6829/607/39
f 6867/608/2992 6895/608/2992 6929/608/2992 6928/608/2992
f 6831/607/49 6900/607/49 6899/607/49 6833/607/49
f 6953/607/2783 6954/607/2783 6948/607/2783 6947/607/2783
f 6844/607/2786 6933/607/2786 6932/607/2786 6845/607/2786
f 6874/608/2839 6930/608/2839 6939/608/2839 6917/608/2839
f 6846/607/2784 6935/607/2784 6934/607/2784 6843/607/2784
f 6949/607/2787 6951/607/2787 6952/607/2787 6950/607/2787
f 6848/607/2993 6852/607/2993 6853/607/2993 6849/607/2993
f 6876/608/2994 6878/608/2994 6919/608/2994 6918/608/2994
f 6850/607/2788 6854/607/2788 6851/607/2788 6847/607/2788
f 6829/607/2792 6855/607/2792 6894/607/2792 6893/607/2792
f 6890/607/2791 6889/607/2791 6858/607/2791 6831/607/2791
f 6856/607/2795 6886/607/2795 6885/607/2795 6835/607/2795
f 6830/607/2844 6859/607/2844 6923/607/2844 6922/607/2844
f 6836/607/2793 6882/607/2793 6881/607/2793 6857/607/2793
f 6831/607/2800 6858/607/2800 6901/607/2801 6900/607/2799
f 6897/607/2797 6896/607/2798 6855/607/2796 6829/607/2796
f 6846/607/2803 6861/607/2803 6936/607/2803 6935/607/2803
f 6932/607/2802 6931/607/2802 6862/607/2802 6845/607/2802
f 6850/607/2807 6863/607/2807 6865/607/2807 6854/607/2807
f 6853/607/2805 6907/607/2806 6906/607/2805 6920/607/2805 6866/607/2805
f 6853/607/2804 6866/607/2804 6864/607/2804 6849/607/2804
f 6855/608/2809 6867/608/2809 6887/608/2809 6894/608/2809
f 6889/608/2808 6888/608/2808 6870/608/2808 6858/608/2808
f 6879/608/2812 6886/608/2812 6856/608/2812 6868/608/2812
f 6859/608/2845 6871/608/2845 6924/608/2845 6923/608/2845
f 6857/608/3033 6881/608/3033 6880/608/3033 6869/608/3033
f 6858/608/3034 6870/608/3034 6902/608/3034 6901/608/3034
f 6896/608/3035 6895/608/3035 6867/608/3035 6855/608/3035
f 6861/608/2816 6873/608/2816 6937/608/2816 6936/608/2816
f 6931/608/2815 6930/608/2815 6874/608/2815 6862/608/2815
f 6863/608/2819 6875/608/2819 6877/608/2819 6865/608/2819
f 6920/608/2841 6919/608/2841 6878/608/2841 6866/608/2841
f 6866/608/2817 6878/608/2817 6876/608/2817 6864/608/2817
f 6879/608/2846 6925/608/2846 6924/608/2846 6871/608/2846
f 6860/608/2827 6872/608/2827 6880/608/2827 6881/608/2827
f 6832/607/2826 6860/607/2826 6881/607/2826 6882/607/2826
f 6883/607/2825 6834/607/2825 6832/607/2825 6882/607/2825
f 6960/607/2824 6959/607/2824 6943/607/2824 6944/607/2824
f 6885/607/2823 6830/607/2823 6828/607/2823 6884/607/2823
f 6886/607/2822 6859/607/2822 6830/607/2822 6885/607/2822
f 6879/608/2821 6871/608/2821 6859/608/2821 6886/608/2821
f 6887/608/2848 6927/608/2848 6926/608/2848 6868/608/2848
f 6857/608/2832 6869/608/2832 6888/608/2832 6889/608/2832
f 6836/607/2831 6857/607/2831 6889/607/2831 6890/607/2831
f 6891/607/49 6837/607/49 6836/607/49 6890/607/49
f 6958/607/38 6957/607/38 6940/607/38 6942/607/38
f 6893/607/39 6835/607/39 6838/607/39 6892/607/39
f 6894/607/2830 6856/607/2830 6835/607/2830 6893/607/2830
f 6887/608/2829 6868/608/2829 6856/608/2829 6894/608/2829
f 6862/608/2837 6874/608/2837 6895/608/2837 6896/608/2837
f 6845/607/2836 6862/607/2836 6896/607/2798 6897/607/2797
f 6898/607/39 6844/607/39 6845/607/39 6897/607/39
f 6955/607/2835 6953/607/2835 6947/607/2835 6946/607/2835
f 6900/607/49 6846/607/49 6843/607/49 6899/607/49
f 6901/607/2801 6861/607/2834 6846/607/2834 6900/607/2799
f 6902/608/2833 6873/608/2833 6861/608/2833 6901/608/2833
f 6895/608/2851 6874/608/2851 6917/608/2851 6929/608/2851
f 6903/608/2785 6938/608/2785 6937/608/2785 6873/608/2785
f 6905/608/2999 6877/608/2999 6875/608/2999 6904/608/2999
f 6865/608/2818 6877/608/2818 6905/608/2818 6906/608/2818
f 6854/607/2806 6865/607/2806 6906/607/2805 6907/607/2806
f 6908/607/2774 6841/607/2774 6839/607/2774
f 6832/607/2779 6841/607/2779 6908/607/2779 6909/607/2779
f 6910/607/3000 6860/607/3000 6832/607/3000 6909/607/3000
f 6911/608/2811 6872/608/2811 6860/608/2811 6910/608/2811
f 6912/608/2820 6880/608/2820 6872/608/2820 6911/608/2820
f 6869/608/2776 6880/608/2776 6912/608/2776 6913/608/2776
f 6914/608/2828 6888/608/2828 6869/608/2828 6913/608/2828
f 6915/608/2772 6870/608/2772 6888/608/2772 6914/608/2772
f 6916/608/3001 6902/608/3001 6870/608/3001 6915/608/3001
f 6903/608/2838 6873/608/2838 6902/608/2838 6916/608/2838
f 6917/608/2852 6939/608/2852 6938/608/2852 6903/608/2852
f 6919/608/2853 6905/608/2853 6904/608/2853 6918/608/2853
f 6906/608/2854 6905/608/2854 6919/608/2854 6920/608/2854
f 6921/607/2855 6908/607/2855 6839/607/2855 6840/607/2855
f 6909/607/2856 6908/607/2856 6921/607/2856 6922/607/2856
f 6923/607/2857 6910/607/2857 6909/607/2857 6922/607/2857
f 6924/608/2858 6911/608/2858 6910/608/2858 6923/608/2858
f 6925/608/2859 6912/608/2859 6911/608/2859 6924/608/2859
f 6913/608/2860 6912/608/2860 6925/608/2860 6926/608/2860
f 6927/608/2861 6914/608/2861 6913/608/2861 6926/608/2861
f 6928/608/2862 6915/608/2862 6914/608/2862 6927/608/2862
f 6929/608/2863 6916/608/2863 6915/608/2863 6928/608/2863
f 6917/608/2864 6903/608/2864 6916/608/2864 6929/608/2864
f 6864/608/2871 6876/608/2871 6930/608/2871 6931/608/2871
f 6849/607/2870 6864/607/2870 6931/607/2870 6932/607/2870
f 6933/607/2869 6848/607/2869 6849/607/2869 6932/607/2869
f 6954/607/2868 6951/607/2868 6949/607/2868 6948/607/2868
f 6935/607/2867 6850/607/2867 6847/607/2867 6934/607/2867
f 6936/607/2866 6863/607/2866 6850/607/2866 6935/607/2866
f 6937/608/2865 6875/608/2865 6863/608/2865 6936/608/2865
f 6938/608/2874 6904/608/2874 6875/608/2874 6937/608/2874
f 6939/608/2873 6918/608/2873 6904/608/2873 6938/608/2873
f 6930/608/2872 6876/608/2872 6918/608/2872 6939/608/2872
f 6892/607/2889 6940/607/2889 6941/607/2889 6827/607/2889
f 6884/607/2891 6943/607/2891 6942/607/2891 6838/607/2891
f 6840/607/3002 6945/607/3002 6944/607/3002 6828/607/3002
f 6827/607/3003 6941/607/3003 6946/607/3003 6898/607/3003
f 6844/607/2886 6947/607/2886 6948/607/2886 6933/607/2886
f 6848/607/2885 6949/607/2885 6950/607/2885 6852/607/2885
f 6952/607/2881 6851/607/2881 6852/607/2881 6950/607/2881
f 6828/607/2892 6944/607/2892 6943/607/2892 6884/607/2892
f 6838/607/2890 6942/607/2890 6940/607/2890 6892/607/2890
f 6898/607/2887 6946/607/2887 6947/607/2887 6844/607/2887
f 6851/607/2880 6952/607/2880 6951/607/2880 6847/607/2880
f 6934/607/2879 6954/607/2879 6953/607/2879 6843/607/2879
f 6843/607/2884 6953/607/2884 6955/607/2884 6899/607/2884
f 6899/607/3004 6955/607/3004 6956/607/3004 6833/607/3004
f 6833/607/2875 6956/607/2875 6957/607/2875 6891/607/2875
f 6891/607/2883 6957/607/2883 6958/607/2883 6837/607/2883
f 6837/607/2876 6958/607/2876 6959/607/2876 6883/607/2876
f 6883/607/2882 6959/607/2882 6960/607/2882 6834/607/2882
f 6834/607/3005 6960/607/3005 6961/607/3005 6839/607/3005
f 6961/607/2894 6945/607/2894 6840/607/2894 6839/607/2894
f 6933/607/3006 6948/607/3006 6949/607/3006 6848/607/3006
f 6847/607/3007 6951/607/3007 6954/607/3007 6934/607/3007
f 6962/607/2899 6970/607/2899 6973/607/2899 6963/607/2899
f 6964/607/2920 6997/607/2920 6996/607/2920 6965/607/2920
f 6971/607/2897 6968/607/2897 6969/607/2897 6972/607/2897
f 6999/607/2901 6962/607/3036 6963/607/3036 7000/607/2901
f 6999/607/2902 6998/607/2902 6970/607/2902 6962/607/2902
f 6998/607/3008 6997/607/3009 6964/607/2921 6970/607/2921
f 6966/607/2907 6971/607/2907 6972/607/2907 6967/607/2907
f 6970/607/2906 6964/607/2906 6965/607/2906 6973/607/2906
f 6963/607/3037 6975/607/3037 7001/607/3037 7000/607/3037
f 6969/607/2910 6974/607/2910 6976/607/2910 6972/607/2910
f 6973/607/2909 6977/607/2909 6975/607/2909 6963/607/2909
f 6972/607/3010 6976/607/3010 6978/607/3010 6967/607/3010
f 7005/607/3011 6979/607/3011 6965/607/3011 6996/607/3011
f 6965/607/3012 6979/607/3012 6977/607/3012 6973/607/3012
f 6975/608/2924 6981/608/2924 7002/608/2924 7001/608/2924
f 6974/608/2916 6980/608/2916 6982/608/2916 6976/608/2916
f 6977/608/2915 6983/608/2915 6981/608/2915 6975/608/2915
f 6976/608/49 6982/608/49 6984/608/49 6978/608/49
f 7005/608/3013 7004/608/3014 6985/608/3038
f 6979/608/39 6985/608/39 6983/608/39 6977/608/39
f 6987/607/2898 6966/607/2898 6967/607/2898 6986/607/2898
f 6971/607/2904 6966/607/2904 6987/607/3016 6988/607/3017
f 6968/607/2902 6971/607/2902 6988/607/2902 6989/607/2902
f 6968/607/2900 6989/607/2900 6990/607/2900 6969/607/2900
f 6991/607/3037 6974/607/2908 6969/607/2908 6990/607/3037
f 6992/608/2914 6980/608/2914 6974/608/2914 6991/608/2914
f 6978/608/3018 6984/608/3019 6995/608/3039
f 6967/607/3021 6978/607/3021 6995/607/3021 6986/607/3021
f 6997/607/2929 6987/607/2929 6986/607/2929 6996/607/2929
f 6988/607/3017 6987/607/3016 6997/607/3009 6998/607/3008
f 6989/607/2902 6988/607/2902 6998/607/2902 6999/607/2902
f 6989/607/2900 6999/607/2901 7000/607/2901 6990/607/2900
f 7001/607/3037 6991/607/3037 6990/607/3037 7000/607/3037
f 7002/608/2930 6992/608/2930 6991/608/2930 7001/608/2930
f 7003/608/2931 6993/608/2931 6992/608/2931 7002/608/2931
f 7004/608/2932 6994/608/2932 6993/608/2932 7003/608/2932
f 6995/608/2933 6994/608/2933 7004/608/2933 7005/608/2933
f 6995/607/2934 7005/607/2934 6996/607/2934 6986/607/2934
f 7002/608/2939 7006/608/2939 7003/608/2939
f 7006/608/2940 7002/608/2940 6981/608/2940 6983/608/2940
f 7003/608/3022 7006/608/3022 7007/608/3022 7004/608/3022
f 7004/608/3023 7007/608/3023 6985/608/3023
f 6993/608/2935 7008/608/2935 6992/608/2935
f 6992/608/2936 7008/608/2936 6982/608/2936 6980/608/2936
f 6994/608/3024 7009/608/3024 7008/608/3024 6993/608/3024
f 6982/608/3025 7008/608/3025 7009/608/3025 6984/608/3025
f 6984/608/3026 7009/608/3026 6994/608/3026
f 7007/608/3027 7006/608/3027 6983/608/3027 6985/608/3027
f 7005/608/3013 6985/608/3038 6979/608/3028
f 6984/608/3019 6994/608/3029 6995/608/3039
f 7014/609/2947 7017/609/2947 7016/609/2947 7015/609/2947
f 7012/609/39 7014/609/39 7015/609/39 7013/609/39
f 7013/609/2948 7015/609/2948 7016/609/2948 7011/609/2948
f 7011/609/49 7016/609/49 7017/609/49 7010/609/49
f 7010/609/2949 7017/609/2949 7014/609/2949 7012/609/2949
f 7011/609/49 7010/609/49 7018/609/49 7019/609/49
f 7012/609/39 7013/609/39 7021/609/39 7020/609/39
f 7010/609/2950 7012/609/2950 7020/609/2950 7018/609/2950
f 7022/609/34 7023/609/34 7024/609/34 7025/609/34
f 7018/609/2951 7020/609/2951 7021/609/2951 7019/609/2951
f 7013/609/2952 7011/609/2952 7023/609/2952 7022/609/2952
f 7011/609/49 7019/609/49 7024/609/49 7023/609/49
f 7019/609/2953 7021/609/2953 7025/609/2953 7024/609/2953
f 7021/609/39 7013/609/39 7022/609/39 7025/609/39
f 7026/610/39 7028/610/39 7029/610/39 7027/610/39
f 7028/610/71 7030/610/71 7031/610/71 7029/610/71
f 7030/610/49 7032/610/49 7033/610/49 7031/610/49
f 7032/610/38 7026/610/38 7027/610/38 7033/610/38
f 7027/610/2954 7029/610/2954 7031/610/2954 7033/610/2954
f 7034/610/55 7037/610/55 7036/610/55 7035/610/55
f 7032/610/2955 7034/610/2955 7035/610/2955 7026/610/2955
f 7026/610/39 7035/610/39 7036/610/39 7028/610/39
f 7028/610/2956 7036/610/2956 7037/610/2956 7030/610/2956
f 7030/610/49 7037/610/49 7034/610/49 7032/610/49
f 7038/610/39 7040/610/39 7041/610/39 7039/610/39
f 7040/610/71 7042/610/71 7043/610/71 7041/610/71
f 7042/610/49 7044/610/49 7045/610/49 7043/610/49
f 7044/610/38 7038/610/38 7039/610/38 7045/610/38
f 7039/610/2957 7041/610/2957 7043/610/2957 7045/610/2957
f 7046/610/55 7049/610/55 7048/610/55 7047/610/55
f 7044/610/2955 7046/610/2955 7047/610/2955 7038/610/2955
f 7038/610/39 7047/610/39 7048/610/39 7040/610/39
f 7040/610/2956 7048/610/2956 7049/610/2956 7042/610/2956
f 7042/610/49 7049/610/49 7046/610/49 7044/610/49
f 7050/610/39 7052/610/39 7053/610/39 7051/610/39
f 7052/610/71 7054/610/71 7055/610/71 7053/610/71
f 7054/610/49 7056/610/49 7057/610/49 7055/610/49
f 7056/610/38 7050/610/38 7051/610/38 7057/610/38
f 7051/610/2957 7053/610/2957 7055/610/2957 7057/610/2957
f 7058/610/55 7061/610/55 7060/610/55 7059/610/55
f 7056/610/2955 7058/610/2955 7059/610/2955 7050/610/2955
f 7050/610/39 7059/610/39 7060/610/39 7052/610/39
f 7052/610/2956 7060/610/2956 7061/610/2956 7054/610/2956
f 7054/610/49 7061/610/49 7058/610/49 7056/610/49
f 7066/611/3040 7069/611/3040 7068/611/3040 7067/611/3040
f 7062/611/39 7067/611/39 7068/611/39 7063/611/39
f 7064/611/49 7069/611/49 7066/611/49 7065/611/49
f 7063/611/2959 7064/611/2959 7065/611/2959 7062/611/2959
f 7070/612/3030 7071/612/3030 7098/612/3030 7099/612/3030
f 7092/613/2961 7093/613/2961 7094/613/2961 7095/613/2961
f 7100/612/39 7101/612/39 7077/612/39 7076/612/39
f 7076/612/38 7077/612/38 7071/612/38 7070/612/38
f 7071/612/2962 7077/612/2962 7101/612/2962 7098/612/2962
f 7076/612/2963 7070/612/2963 7099/612/2963 7100/612/2963
f 7072/612/49 7073/612/49 7079/612/49 7078/612/49
f 7082/612/2964 7083/612/2964 7084/612/2964 7085/612/2964
f 7075/612/39 7074/612/39 7081/612/39 7080/612/39
f 7074/612/55 7072/612/55 7078/612/55 7081/612/55
f 7073/612/38 7075/612/38 7083/612/38 7082/612/38
f 7075/612/39 7080/612/39 7084/612/39 7083/612/39
f 7094/613/71 7093/613/71 7096/613/71 7097/613/71
f 7079/612/49 7073/612/49 7082/612/49 7085/612/49
f 7078/612/2966 7079/612/2966 7087/612/2966 7086/612/2966
f 7080/612/2965 7081/612/2965 7089/612/2965 7088/612/2965
f 7081/612/71 7078/612/71 7086/612/71 7089/612/71
f 7079/612/71 7085/612/71 7090/612/71 7087/612/71
f 7085/612/71 7084/612/71 7091/612/71 7090/612/71
f 7084/612/71 7080/612/71 7088/612/71 7091/612/71
f 7086/613/2968 7087/613/2968 7093/613/2968 7092/613/2968
f 7088/613/2967 7089/613/2967 7095/613/2967 7094/613/2967
f 7089/613/2969 7086/613/2969 7092/613/2969 7095/613/2969
f 7087/613/2972 7090/613/2972 7096/613/2972 7093/613/2972
f 7090/613/3041 7091/613/3041 7097/613/3041 7096/613/3041
f 7091/613/2970 7088/613/2970 7094/613/2970 7097/613/2970
f 7099/612/3031 7098/612/3031 7073/612/3031 7072/612/3031
f 7100/612/2974 7099/612/2974 7072/612/2974 7074/612/2974
f 7074/612/39 7075/612/39 7101/612/39 7100/612/39
f 7098/612/2975 7101/612/2975 7075/612/2975 7073/612/2975
f 7102/614/39 7104/614/39 7105/614/39 7103/614/39
f 7110/614/71 7113/614/71 7112/614/71 7111/614/71
f 7106/614/49 7108/614/49 7109/614/49 7107/614/49
f 7108/614/38 7102/614/38 7103/614/38 7109/614/38
f 7103/614/34 7105/614/34 7107/614/34 7109/614/34
f 7108/614/55 7106/614/55 7104/614/55 7102/614/55
f 7104/614/2978 7110/614/2978 7111/614/2978 7105/614/2978
f 7105/614/2977 7111/614/2977 7112/614/2977 7107/614/2977
f 7107/614/2976 7112/614/2976 7113/614/2976 7106/614/2976
f 7106/614/2979 7113/614/2979 7110/614/2979 7104/614/2979
f 7114/615/39 7116/615/39 7117/615/39 7115/615/39
f 7122/615/71 7125/615/71 7124/615/71 7123/615/71
f 7118/615/49 7120/615/49 7121/615/49 7119/615/49
f 7120/615/38 7114/615/38 7115/615/38 7121/615/38
f 7115/615/34 7117/615/34 7119/615/34 7121/615/34
f 7120/615/55 7118/615/55 7116/615/55 7114/615/55
f 7116/615/2982 7122/615/2982 7123/615/2982 7117/615/2982
f 7117/615/2981 7123/615/2981 7124/615/2981 7119/615/2981
f 7119/615/2980 7124/615/2980 7125/615/2980 7118/615/2980
f 7118/615/2983 7125/615/2983 7122/615/2983 7116/615/2983
f 7126/615/55 7128/615/55 7129/615/55 7127/615/55
f 7134/615/71 7137/615/71 7136/615/71 7135/615/71
f 7130/615/34 7132/615/34 7133/615/34 7131/615/34
f 7132/615/38 7126/615/38 7127/615/38 7133/615/38
f 7127/615/39 7129/615/39 7131/615/39 7133/615/39
f 7132/615/49 7130/615/49 7128/615/49 7126/615/49
f 7128/615/2984 7134/615/2984 7135/615/2984 7129/615/2984
f 7129/615/2987 7135/615/2987 7136/615/2987 7131/615/2987
f 7131/615/2986 7136/615/2986 7137/615/2986 7130/615/2986
f 7130/615/2985 7137/615/2985 7134/615/2985 7128/615/2985
f 7138/614/39 7140/614/39 7141/614/39 7139/614/39
f 7146/614/71 7149/614/71 7148/614/71 7147/614/71
f 7142/614/49 7144/614/49 7145/614/49 7143/614/49
f 7144/614/38 7138/614/38 7139/614/38 7145/614/38
f 7139/614/34 7141/614/34 7143/614/34 7145/614/34
f 7144/614/55 7142/614/55 7140/614/55 7138/614/55
f 7140/614/2990 7146/614/2990 7147/614/2990 7141/614/2990
f 7141/614/2989 7147/614/2989 7148/614/2989 7143/614/2989
f 7143/614/2988 7148/614/2988 7149/614/2988 7142/614/2988
f 7142/614/2991 7149/614/2991 7146/614/2991 7140/614/2991
f 7150/607/49 7215/607/49 7216/607/49 7152/607/49
f 7190/608/2772 7210/608/2772 7250/608/2772 7251/608/2772
f 7154/607/39 7213/607/39 7214/607/39 7156/607/39
f 7280/607/2773 7263/607/2773 7264/607/2773 7279/607/2773
f 7163/607/2774 7244/607/2774 7165/607/2774
f 7175/607/2775 7176/607/2775 7230/607/2775 7177/607/2775 7174/607/2775
f 7249/608/2776 7191/608/2776 7202/608/2776 7248/608/2776
f 7160/607/39 7159/607/39 7205/607/39 7206/607/39
f 7282/607/38 7266/607/38 7265/607/38 7281/607/38
f 7158/607/49 7161/607/49 7207/607/49 7208/607/49
f 7284/607/2777 7268/607/2777 7267/607/2777 7283/607/2777
f 7157/607/2778 7155/607/2778 7164/607/2778 7162/607/2778
f 7245/607/2779 7153/607/2779 7165/607/2779 7244/607/2779
f 7153/607/2780 7151/607/2780 7163/607/2780 7165/607/2780
f 7279/607/2781 7264/607/2781 7269/607/2781 7278/607/2781
f 7150/607/49 7152/607/49 7220/607/49 7221/607/49
f 7190/608/2782 7251/608/2782 7252/608/2782 7218/608/2782
f 7154/607/39 7156/607/39 7222/607/39 7223/607/39
f 7276/607/2783 7270/607/2783 7271/607/2783 7277/607/2783
f 7167/607/2784 7168/607/2784 7255/607/2784 7256/607/2784
f 7197/608/2785 7240/608/2785 7262/608/2785 7253/608/2785
f 7169/607/2786 7166/607/2786 7257/607/2786 7258/607/2786
f 7272/607/2787 7273/607/2787 7275/607/2787 7274/607/2787
f 7171/607/2788 7172/607/2788 7176/607/2788 7175/607/2788
f 7199/608/2789 7241/608/2789 7242/608/2789 7201/608/2789
f 7173/607/2993 7170/607/2993 7174/607/2993 7177/607/2993
f 7152/607/2791 7216/607/2791 7217/607/2791 7178/607/2791
f 7213/607/2792 7154/607/2792 7181/607/2792 7212/607/2792
f 7179/607/2793 7158/607/2793 7208/607/2793 7209/607/2793
f 7153/607/3000 7245/607/3000 7246/607/3000 7182/607/3000
f 7159/607/2795 7180/607/2795 7204/607/2795 7205/607/2795
f 7154/607/2796 7223/607/2797 7224/607/2798 7181/607/2796
f 7220/607/2799 7152/607/2800 7178/607/2800 7219/607/2801
f 7169/607/2802 7258/607/2802 7259/607/2802 7184/607/2802
f 7255/607/2803 7168/607/2803 7185/607/2803 7254/607/2803
f 7173/607/2804 7177/607/2804 7188/607/2804 7186/607/2804
f 7176/607/2806 7189/607/2806 7243/607/2806 7229/607/2806 7230/607/2806
f 7176/607/2807 7172/607/2807 7187/607/2807 7189/607/2807
f 7178/608/2808 7217/608/2808 7210/608/2808 7190/608/2808
f 7212/608/2809 7181/608/2809 7193/608/2809 7211/608/2809
f 7202/608/2810 7191/608/2810 7179/608/2810 7209/608/2810
f 7182/608/2811 7246/608/2811 7247/608/2811 7194/608/2811
f 7180/608/3042 7192/608/3042 7203/608/3042 7204/608/3042
f 7181/608/3035 7224/608/3035 7225/608/3035 7193/608/3035
f 7219/608/3034 7178/608/3034 7190/608/3034 7218/608/3034
f 7184/608/2815 7259/608/2815 7260/608/2815 7196/608/2815
f 7254/608/2816 7185/608/2816 7197/608/2816 7253/608/2816
f 7186/608/2817 7188/608/2817 7200/608/2817 7198/608/2817
f 7243/608/2818 7189/608/2818 7201/608/2818 7242/608/2818
f 7189/608/2819 7187/608/2819 7199/608/2819 7201/608/2819
f 7202/608/2820 7194/608/2820 7247/608/2820 7248/608/2820
f 7183/608/2821 7204/608/2821 7203/608/2821 7195/608/2821
f 7155/607/2822 7205/607/2822 7204/607/2822 7183/607/2822
f 7206/607/2823 7205/607/2823 7155/607/2823 7157/607/2823
f 7283/607/2824 7267/607/2824 7266/607/2824 7282/607/2824
f 7208/607/2825 7207/607/2825 7151/607/2825 7153/607/2825
f 7209/607/2826 7208/607/2826 7153/607/2826 7182/607/2826
f 7202/608/2827 7209/608/2827 7182/608/2827 7194/608/2827
f 7210/608/2828 7191/608/2828 7249/608/2828 7250/608/2828
f 7180/608/2829 7212/608/2829 7211/608/2829 7192/608/2829
f 7159/607/2830 7213/607/2830 7212/607/2830 7180/607/2830
f 7214/607/39 7213/607/39 7159/607/39 7160/607/39
f 7281/607/38 7265/607/38 7263/607/38 7280/607/38
f 7216/607/49 7215/607/49 7161/607/49 7158/607/49
f 7217/607/2831 7216/607/2831 7158/607/2831 7179/607/2831
f 7210/608/2832 7217/608/2832 7179/608/2832 7191/608/2832
f 7185/608/2833 7219/608/2833 7218/608/2833 7197/608/2833
f 7168/607/2834 7220/607/2799 7219/607/2801 7185/607/2834
f 7221/607/49 7220/607/49 7168/607/49 7167/607/49
f 7278/607/2835 7269/607/2835 7270/607/2835 7276/607/2835
f 7223/607/39 7222/607/39 7166/607/39 7169/607/39
f 7224/607/2798 7223/607/2797 7169/607/2836 7184/607/2836
f 7225/608/2837 7224/608/2837 7184/608/2837 7196/608/2837
f 7218/608/2838 7252/608/2838 7240/608/2838 7197/608/2838
f 7226/608/2839 7196/608/2839 7260/608/2839 7261/608/2839
f 7228/608/2840 7227/608/2840 7198/608/2840 7200/608/2840
f 7188/608/2841 7229/608/2841 7228/608/2841 7200/608/2841
f 7177/607/2806 7230/607/2806 7229/607/2806 7188/607/2806
f 7231/607/2842 7162/607/2842 7164/607/2842
f 7155/607/2843 7232/607/2843 7231/607/2843 7164/607/2843
f 7233/607/2844 7232/607/2844 7155/607/2844 7183/607/2844
f 7234/608/2845 7233/608/2845 7183/608/2845 7195/608/2845
f 7235/608/2846 7234/608/2846 7195/608/2846 7203/608/2846
f 7192/608/2847 7236/608/2847 7235/608/2847 7203/608/2847
f 7237/608/2848 7236/608/2848 7192/608/2848 7211/608/2848
f 7238/608/2849 7237/608/2849 7211/608/2849 7193/608/2849
f 7239/608/2850 7238/608/2850 7193/608/2850 7225/608/2850
f 7226/608/2851 7239/608/2851 7225/608/2851 7196/608/2851
f 7240/608/2852 7226/608/2852 7261/608/2852 7262/608/2852
f 7242/608/2853 7241/608/2853 7227/608/2853 7228/608/2853
f 7229/608/2854 7243/608/2854 7242/608/2854 7228/608/2854
f 7244/607/2855 7163/607/2855 7162/607/2855 7231/607/2855
f 7232/607/2856 7245/607/2856 7244/607/2856 7231/607/2856
f 7246/607/2857 7245/607/2857 7232/607/2857 7233/607/2857
f 7247/608/2858 7246/608/2858 7233/608/2858 7234/608/2858
f 7248/608/2859 7247/608/2859 7234/608/2859 7235/608/2859
f 7236/608/2860 7249/608/2860 7248/608/2860 7235/608/2860
f 7250/608/2861 7249/608/2861 7236/608/2861 7237/608/2861
f 7251/608/2862 7250/608/2862 7237/608/2862 7238/608/2862
f 7252/608/2863 7251/608/2863 7238/608/2863 7239/608/2863
f 7240/608/2864 7252/608/2864 7239/608/2864 7226/608/2864
f 7187/608/2865 7254/608/2865 7253/608/2865 7199/608/2865
f 7172/607/2866 7255/607/2866 7254/607/2866 7187/607/2866
f 7256/607/2867 7255/607/2867 7172/607/2867 7171/607/2867
f 7277/607/2868 7271/607/2868 7272/607/2868 7274/607/2868
f 7258/607/2869 7257/607/2869 7170/607/2869 7173/607/2869
f 7259/607/2870 7258/607/2870 7173/607/2870 7186/607/2870
f 7260/608/2871 7259/608/2871 7186/608/2871 7198/608/2871
f 7261/608/2872 7260/608/2872 7198/608/2872 7227/608/2872
f 7262/608/2873 7261/608/2873 7227/608/2873 7241/608/2873
f 7253/608/2874 7262/608/2874 7241/608/2874 7199/608/2874
f 7215/607/2875 7150/607/2875 7264/607/2875 7263/607/2875
f 7207/607/2876 7161/607/2876 7265/607/2876 7266/607/2876
f 7163/607/2877 7151/607/2877 7267/607/2877 7268/607/2877
f 7150/607/2878 7221/607/2878 7269/607/2878 7264/607/2878
f 7167/607/2879 7256/607/2879 7271/607/2879 7270/607/2879
f 7171/607/2880 7175/607/2880 7273/607/2880 7272/607/2880
f 7275/607/2881 7273/607/2881 7175/607/2881 7174/607/2881
f 7151/607/2882 7207/607/2882 7266/607/2882 7267/607/2882
f 7161/607/2883 7215/607/2883 7263/607/2883 7265/607/2883
f 7221/607/2884 7167/607/2884 7270/607/2884 7269/607/2884
f 7174/607/2885 7170/607/2885 7274/607/2885 7275/607/2885
f 7257/607/2886 7166/607/2886 7276/607/2886 7277/607/2886
f 7166/607/2887 7222/607/2887 7278/607/2887 7276/607/2887
f 7222/607/2888 7156/607/2888 7279/607/2888 7278/607/2888
f 7156/607/2889 7214/607/2889 7280/607/2889 7279/607/2889
f 7214/607/2890 7160/607/2890 7281/607/2890 7280/607/2890
f 7160/607/2891 7206/607/2891 7282/607/2891 7281/607/2891
f 7206/607/2892 7157/607/2892 7283/607/2892 7282/607/2892
f 7157/607/2893 7162/607/2893 7284/607/2893 7283/607/2893
f 7284/607/2894 7162/607/2894 7163/607/2894 7268/607/2894
f 7256/607/2895 7171/607/2895 7272/607/2895 7271/607/2895
f 7170/607/2896 7257/607/2896 7277/607/2896 7274/607/2896
f 7285/607/2897 7286/607/2897 7296/607/2897 7293/607/2897
f 7287/607/2898 7288/607/2898 7319/607/2898 7320/607/2898
f 7294/607/2899 7295/607/2899 7292/607/2899 7291/607/2899
f 7322/607/2901 7323/607/2901 7286/607/3036 7285/607/3036
f 7322/607/2902 7285/607/2902 7293/607/2902 7321/607/2902
f 7321/607/2903 7293/607/2904 7287/607/2904 7320/607/2905
f 7289/607/2906 7290/607/2906 7295/607/2906 7294/607/2906
f 7293/607/2907 7296/607/2907 7288/607/2907 7287/607/2907
f 7286/607/3037 7323/607/3037 7324/607/3037 7298/607/3037
f 7292/607/2909 7295/607/2909 7299/607/2909 7297/607/2909
f 7296/607/2910 7286/607/2910 7298/607/2910 7300/607/2910
f 7295/607/2911 7290/607/2911 7301/607/2911 7299/607/2911
f 7328/607/2912 7319/607/2912 7288/607/2912 7302/607/2912
f 7288/607/2913 7296/607/2913 7300/607/2913 7302/607/2913
f 7298/608/2914 7324/608/2914 7325/608/2914 7304/608/2914
f 7297/608/2915 7299/608/2915 7305/608/2915 7303/608/2915
f 7300/608/2916 7298/608/2916 7304/608/2916 7306/608/2916
f 7299/608/39 7301/608/39 7307/608/39 7305/608/39
f 7328/608/2917 7308/608/2918 7327/608/2919
f 7302/608/49 7300/608/49 7306/608/49 7308/608/49
f 7310/607/2920 7309/607/2920 7290/607/2920 7289/607/2920
f 7294/607/2921 7311/607/2922 7310/607/2923 7289/607/2921
f 7291/607/2902 7312/607/2902 7311/607/2902 7294/607/2902
f 7291/607/2900 7292/607/2900 7313/607/2900 7312/607/2900
f 7314/607/3037 7313/607/3037 7292/607/2908 7297/607/2908
f 7315/608/2924 7314/608/2924 7297/608/2924 7303/608/2924
f 7301/608/2925 7318/608/2926 7307/608/2927
f 7290/607/2928 7309/607/2928 7318/607/2928 7301/607/2928
f 7320/607/2929 7319/607/2929 7309/607/2929 7310/607/2929
f 7311/607/2922 7321/607/2903 7320/607/2905 7310/607/2923
f 7312/607/2902 7322/607/2902 7321/607/2902 7311/607/2902
f 7312/607/2900 7313/607/2900 7323/607/2901 7322/607/2901
f 7324/607/3037 7323/607/3037 7313/607/3037 7314/607/3037
f 7325/608/2930 7324/608/2930 7314/608/2930 7315/608/2930
f 7326/608/2931 7325/608/2931 7315/608/2931 7316/608/2931
f 7327/608/2932 7326/608/2932 7316/608/2932 7317/608/2932
f 7318/608/2933 7328/608/2933 7327/608/2933 7317/608/2933
f 7318/607/2934 7309/607/2934 7319/607/2934 7328/607/2934
f 7325/608/2935 7326/608/2935 7329/608/2935
f 7329/608/2936 7306/608/2936 7304/608/2936 7325/608/2936
f 7326/608/2937 7327/608/2937 7330/608/2937 7329/608/2937
f 7327/608/2938 7308/608/2938 7330/608/2938
f 7316/608/2939 7315/608/2939 7331/608/2939
f 7315/608/2940 7303/608/2940 7305/608/2940 7331/608/2940
f 7317/608/2941 7316/608/2941 7331/608/2941 7332/608/2941
f 7305/608/2942 7307/608/2942 7332/608/2942 7331/608/2942
f 7307/608/2943 7317/608/2943 7332/608/2943
f 7330/608/2944 7308/608/2944 7306/608/2944 7329/608/2944
f 7328/608/2917 7302/608/2945 7308/608/2918
f 7307/608/2927 7318/608/2926 7317/608/2946
f 7337/609/2947 7338/609/2947 7339/609/2947 7340/609/2947
f 7335/609/49 7336/609/49 7338/609/49 7337/609/49
f 7336/609/2948 7334/609/2948 7339/609/2948 7338/609/2948
f 7334/609/39 7333/609/39 7340/609/39 7339/609/39
f 7333/609/2949 7335/609/2949 7337/609/2949 7340/609/2949
f 7334/609/39 7342/609/39 7341/609/39 7333/609/39
f 7335/609/49 7343/609/49 7344/609/49 7336/609/49
f 7333/609/2950 7341/609/2950 7343/609/2950 7335/609/2950
f 7345/609/34 7348/609/34 7347/609/34 7346/609/34
f 7341/609/2951 7342/609/2951 7344/609/2951 7343/609/2951
f 7336/609/2952 7345/609/2952 7346/609/2952 7334/609/2952
f 7334/609/39 7346/609/39 7347/609/39 7342/609/39
f 7342/609/2953 7347/609/2953 7348/609/2953 7344/609/2953
f 7344/609/49 7348/609/49 7345/609/49 7336/609/49
f 7349/610/49 7350/610/49 7352/610/49 7351/610/49
f 7351/610/71 7352/610/71 7354/610/71 7353/610/71
f 7353/610/39 7354/610/39 7356/610/39 7355/610/39
f 7355/610/38 7356/610/38 7350/610/38 7349/610/38
f 7350/610/2954 7356/610/2954 7354/610/2954 7352/610/2954
f 7357/610/55 7358/610/55 7359/610/55 7360/610/55
f 7355/610/2955 7349/610/2955 7358/610/2955 7357/610/2955
f 7349/610/49 7351/610/49 7359/610/49 7358/610/49
f 7351/610/2956 7353/610/2956 7360/610/2956 7359/610/2956
f 7353/610/39 7355/610/39 7357/610/39 7360/610/39
f 7361/610/49 7362/610/49 7364/610/49 7363/610/49
f 7363/610/71 7364/610/71 7366/610/71 7365/610/71
f 7365/610/39 7366/610/39 7368/610/39 7367/610/39
f 7367/610/38 7368/610/38 7362/610/38 7361/610/38
f 7362/610/2957 7368/610/2957 7366/610/2957 7364/610/2957
f 7369/610/55 7370/610/55 7371/610/55 7372/610/55
f 7367/610/2955 7361/610/2955 7370/610/2955 7369/610/2955
f 7361/610/49 7363/610/49 7371/610/49 7370/610/49
f 7363/610/2956 7365/610/2956 7372/610/2956 7371/610/2956
f 7365/610/39 7367/610/39 7369/610/39 7372/610/39
f 7373/610/49 7374/610/49 7376/610/49 7375/610/49
f 7375/610/71 7376/610/71 7378/610/71 7377/610/71
f 7377/610/39 7378/610/39 7380/610/39 7379/610/39
f 7379/610/38 7380/610/38 7374/610/38 7373/610/38
f 7374/610/2957 7380/610/2957 7378/610/2957 7376/610/2957
f 7381/610/55 7382/610/55 7383/610/55 7384/610/55
f 7379/610/2955 7373/610/2955 7382/610/2955 7381/610/2955
f 7373/610/49 7375/610/49 7383/610/49 7382/610/49
f 7375/610/2956 7377/610/2956 7384/610/2956 7383/610/2956
f 7377/610/39 7379/610/39 7381/610/39 7384/610/39
f 7389/611/3040 7390/611/3040 7391/611/3040 7392/611/3040
f 7385/611/49 7386/611/49 7391/611/49 7390/611/49
f 7387/611/39 7388/611/39 7389/611/39 7392/611/39
f 7386/611/2959 7385/611/2959 7388/611/2959 7387/611/2959
f 7393/612/2960 7422/612/2960 7421/612/2960 7394/612/2960
f 7415/613/2961 7418/613/2961 7417/613/2961 7416/613/2961
f 7423/612/49 7399/612/49 7400/612/49 7424/612/49
f 7399/612/38 7393/612/38 7394/612/38 7400/612/38
f 7394/612/2962 7421/612/2962 7424/612/2962 7400/612/2962
f 7399/612/2963 7423/612/2963 7422/612/2963 7393/612/2963
f 7395/612/39 7401/612/39 7402/612/39 7396/612/39
f 7405/612/2964 7408/612/2964 7407/612/2964 7406/612/2964
f 7398/612/49 7403/612/49 7404/612/49 7397/612/49
f 7397/612/55 7404/612/55 7401/612/55 7395/612/55
f 7396/612/38 7405/612/38 7406/612/38 7398/612/38
f 7398/612/49 7406/612/49 7407/612/49 7403/612/49
f 7417/613/71 7420/613/71 7419/613/71 7416/613/71
f 7402/612/39 7408/612/39 7405/612/39 7396/612/39
f 7401/612/2965 7409/612/2965 7410/612/2965 7402/612/2965
f 7403/612/2966 7411/612/2966 7412/612/2966 7404/612/2966
f 7404/612/71 7412/612/71 7409/612/71 7401/612/71
f 7402/612/71 7410/612/71 7413/612/71 7408/612/71
f 7408/612/71 7413/612/71 7414/612/71 7407/612/71
f 7407/612/71 7414/612/71 7411/612/71 7403/612/71
f 7409/613/2967 7415/613/2967 7416/613/2967 7410/613/2967
f 7411/613/2968 7417/613/2968 7418/613/2968 7412/613/2968
f 7412/613/2969 7418/613/2969 7415/613/2969 7409/613/2969
f 7410/613/2970 7416/613/2970 7419/613/2970 7413/613/2970
f 7413/613/3041 7419/613/3041 7420/613/3041 7414/613/3041
f 7414/613/2972 7420/613/2972 7417/613/2972 7411/613/2972
f 7422/612/2973 7395/612/2973 7396/612/2973 7421/612/2973
f 7423/612/2974 7397/612/2974 7395/612/2974 7422/612/2974
f 7397/612/49 7423/612/49 7424/612/49 7398/612/49
f 7421/612/2975 7396/612/2975 7398/612/2975 7424/612/2975
f 7425/614/49 7426/614/49 7428/614/49 7427/614/49
f 7433/614/71 7434/614/71 7435/614/71 7436/614/71
f 7429/614/39 7430/614/39 7432/614/39 7431/614/39
f 7431/614/38 7432/614/38 7426/614/38 7425/614/38
f 7426/614/34 7432/614/34 7430/614/34 7428/614/34
f 7431/614/55 7425/614/55 7427/614/55 7429/614/55
f 7427/614/2976 7428/614/2976 7434/614/2976 7433/614/2976
f 7428/614/2977 7430/614/2977 7435/614/2977 7434/614/2977
f 7430/614/2978 7429/614/2978 7436/614/2978 7435/614/2978
f 7429/614/2979 7427/614/2979 7433/614/2979 7436/614/2979
f 7437/615/49 7438/615/49 7440/615/49 7439/615/49
f 7445/615/71 7446/615/71 7447/615/71 7448/615/71
f 7441/615/39 7442/615/39 7444/615/39 7443/615/39
f 7443/615/38 7444/615/38 7438/615/38 7437/615/38
f 7438/615/34 7444/615/34 7442/615/34 7440/615/34
f 7443/615/55 7437/615/55 7439/615/55 7441/615/55
f 7439/615/2980 7440/615/2980 7446/615/2980 7445/615/2980
f 7440/615/2981 7442/615/2981 7447/615/2981 7446/615/2981
f 7442/615/2982 7441/615/2982 7448/615/2982 7447/615/2982
f 7441/615/2983 7439/615/2983 7445/615/2983 7448/615/2983
f 7449/615/55 7450/615/55 7452/615/55 7451/615/55
f 7457/615/71 7458/615/71 7459/615/71 7460/615/71
f 7453/615/34 7454/615/34 7456/615/34 7455/615/34
f 7455/615/38 7456/615/38 7450/615/38 7449/615/38
f 7450/615/49 7456/615/49 7454/615/49 7452/615/49
f 7455/615/39 7449/615/39 7451/615/39 7453/615/39
f 7451/615/2984 7452/615/2984 7458/615/2984 7457/615/2984
f 7452/615/2985 7454/615/2985 7459/615/2985 7458/615/2985
f 7454/615/2986 7453/615/2986 7460/615/2986 7459/615/2986
f 7453/615/2987 7451/615/2987 7457/615/2987 7460/615/2987
f 7461/614/49 7462/614/49 7464/614/49 7463/614/49
f 7469/614/71 7470/614/71 7471/614/71 7472/614/71
f 7465/614/39 7466/614/39 7468/614/39 7467/614/39
f 7467/614/38 7468/614/38 7462/614/38 7461/614/38
f 7462/614/34 7468/614/34 7466/614/34 7464/614/34
f 7467/614/55 7461/614/55 7463/614/55 7465/614/55
f 7463/614/2988 7464/614/2988 7470/614/2988 7469/614/2988
f 7464/614/2989 7466/614/2989 7471/614/2989 7470/614/2989
f 7466/614/2990 7465/614/2990 7472/614/2990 7471/614/2990
f 7465/614/2991 7463/614/2991 7469/614/2991 7472/614/2991
f 7495/616/3043 7494/617/3043 7524/617/3043 7525/616/3043
f 7518/618/3044 7488/618/3044 7487/618/3044 7517/618/3044
f 7485/618/3045 7484/618/3046 7514/618/3046 7515/618/3045
f 7473/618/49 7474/618/49 7475/618/49 7476/618/49
f 7476/618/3047 7477/618/3047 7478/618/3047 7473/618/3047
f 7479/618/3046 7480/618/3048 7478/618/3046 7477/618/3046
f 7473/618/3043 7478/618/3043 7480/618/3043 7481/618/3043
f 7482/619/3043 7474/620/3043 7473/621/3043 7481/622/3043
f 7483/618/3044 7475/618/3044 7474/618/3044 7482/618/3044
f 7485/618/3045 7490/618/3049 7489/618/3046 7484/618/3046
f 7486/618/3043 7491/618/3043 7490/618/3043 7485/618/3043
f 7487/619/3043 7492/620/3043 7491/621/3043 7486/622/3043
f 7493/618/3044 7492/618/3044 7487/618/3044 7488/618/3044
f 7489/618/3046 7490/618/3049 7480/618/3048 7479/618/3046
f 7498/623/3043 7500/623/3043 7499/624/3043 7497/624/3043
f 7501/625/3043 7502/626/3043 7498/623/3043 7497/624/3043
f 7493/618/3044 7483/618/3044 7482/618/3044 7492/618/3044
f 7486/617/3050 7494/617/3050 7495/616/3050 7487/616/3050
f 7496/617/3051 7485/617/3045 7515/617/3045 7526/617/3051
f 7485/617/3050 7496/617/3050 7494/617/3050 7486/617/3050
f 7491/624/3052 7497/624/3052 7499/624/3052 7490/624/3052
f 7490/624/3049 7499/624/3051 7500/623/3051 7480/623/3048
f 7480/623/3053 7500/623/3053 7498/623/3053 7481/623/3053
f 7492/625/3052 7501/625/3052 7497/624/3052 7491/624/3052
f 7481/623/3053 7498/623/3053 7502/626/3053 7482/626/3053
f 7482/626/3054 7502/626/3054 7501/625/3054 7492/625/3054
f 7503/618/39 7506/618/39 7505/618/39 7504/618/39
f 7506/618/3055 7503/618/3055 7508/618/3055 7507/618/3055
f 7496/617/3043 7526/617/3043 7524/617/3043 7494/617/3043
f 7509/618/3046 7507/618/3046 7508/618/3046 7510/618/3048
f 7503/618/3043 7511/618/3043 7510/618/3043 7508/618/3043
f 7512/619/3043 7511/622/3043 7503/621/3043 7504/620/3043
f 7513/618/3044 7512/618/3044 7504/618/3044 7505/618/3044
f 7515/618/3045 7514/618/3046 7519/618/3046 7520/618/3049
f 7516/618/3043 7515/618/3043 7520/618/3043 7521/618/3043
f 7517/619/3043 7516/622/3043 7521/621/3043 7522/620/3043
f 7523/618/3044 7518/618/3044 7517/618/3044 7522/618/3044
f 7519/618/3046 7509/618/3046 7510/618/3048 7520/618/3049
f 7528/623/3043 7527/624/3043 7529/624/3043 7530/623/3043
f 7531/625/3043 7527/624/3043 7528/623/3043 7532/626/3043
f 7523/618/3044 7522/618/3044 7512/618/3044 7513/618/3044
f 7516/617/3056 7517/616/3056 7525/616/3056 7524/617/3056
f 7495/616/3054 7525/616/3054 7517/616/3054 7487/616/3054
f 7515/617/3056 7516/617/3056 7524/617/3056 7526/617/3056
f 7521/624/3053 7520/624/3053 7529/624/3053 7527/624/3053
f 7520/624/3049 7510/623/3048 7530/623/3051 7529/624/3051
f 7510/623/3052 7511/623/3052 7528/623/3052 7530/623/3052
f 7522/625/3053 7521/624/3053 7527/624/3053 7531/625/3053
f 7511/623/3052 7512/626/3052 7532/626/3052 7528/623/3052
f 7512/626/3054 7522/625/3054 7531/625/3054 7532/626/3054
f 7571/627/3057 7572/628/3057 7570/629/3057
f 7572/628/3057 7576/630/3057 7570/629/3057
f 7570/629/3057 7576/630/3057 7574/631/3057
f 7574/631/3057 7576/630/3057 7575/632/3057
f 7573/633/3057 7572/628/3057 7571/627/3057
f 7533/618/3043 7545/618/3043 7536/618/3043
f 7536/618/3043 7545/618/3043 7535/618/3043
f 7545/618/3043 7543/618/3043 7535/618/3043
f 7543/618/3043 7537/618/3043 7535/618/3043
f 7534/618/3043 7533/618/3043 7536/618/3043
f 7547/634/3058 7546/634/3058 7548/634/3058 7549/634/3058
f 7539/618/3046 7536/618/3046 7535/618/3046 7540/618/3046
f 7534/618/3059 7536/618/3059 7539/618/3059 7541/618/3059
f 7533/618/3060 7534/618/3061 7541/618/3061 7538/618/3060
f 7551/635/3058 7550/634/3058 7552/634/3058 7553/635/3058
f 7543/618/3058 7545/618/3058 7544/618/3058 7542/618/3058
f 7563/636/3043 7562/636/3043 7564/636/3043 7565/637/3043
f 7533/634/3060 7538/634/3060 7548/634/39 7546/634/39
f 7571/634/3057 7570/634/3057 7577/634/3057 7578/634/3057
f 7544/634/3062 7545/634/3062 7547/634/3062 7549/634/3062
f 7567/638/3043 7566/638/3043 7568/638/3043 7569/638/3043
f 7543/634/3063 7542/634/3063 7552/634/3063 7550/634/3063
f 7545/634/3043 7533/634/3043 7554/634/3043 7555/634/3043
f 7533/634/3043 7546/634/3043 7556/634/3043 7554/634/3043
f 7546/634/3043 7547/634/3043 7557/634/3043 7556/634/3043
f 7547/634/3043 7545/634/3043 7555/634/3043 7557/634/3043
f 7537/635/3043 7543/634/3043 7558/634/3043 7559/635/3043
f 7543/634/3043 7550/634/3043 7560/634/3043 7558/634/3043
f 7550/634/3043 7551/635/3043 7561/635/3043 7560/634/3043
f 7555/639/3064 7554/639/3064 7562/639/3064 7563/639/3064
f 7554/639/3065 7556/639/3065 7564/639/3065 7562/639/3065
f 7556/639/3066 7557/639/3066 7565/639/3066 7564/639/3066
f 7557/639/3067 7555/639/3067 7563/639/3067 7565/639/3067
f 7559/640/3068 7558/639/3068 7566/639/3068 7567/640/3068
f 7558/639/3069 7560/639/3069 7568/641/3069 7566/639/3069
f 7560/639/3070 7561/640/3070 7569/640/3070 7568/641/3070
f 7580/635/3057 7579/634/3057 7574/634/3057 7575/635/3057
f 7576/618/3071 7572/618/3071 7539/618/3071 7540/618/3071
f 7541/618/3072 7539/618/3072 7572/618/3072 7573/618/3072
f 7538/618/3073 7541/618/3074 7573/618/3074 7571/618/3075
f 7542/618/3076 7544/618/3076 7570/618/3076 7574/618/3076
f 7544/634/3077 7549/634/3077 7577/634/3077 7570/634/3077
f 7549/634/3078 7548/634/3078 7578/634/3078 7577/634/3078
f 7548/634/3079 7538/634/3073 7571/634/3075 7578/634/3079
f 7553/635/3078 7552/634/3078 7579/634/3078 7580/635/3078
f 7552/634/3080 7542/634/3080 7574/634/3080 7579/634/3080
f 7610/627/3057 7609/629/3057 7611/628/3057
f 7611/628/3057 7609/629/3057 7576/630/3057
f 7609/629/3057 7613/631/3057 7576/630/3057
f 7613/631/3057 7575/632/3057 7576/630/3057
f 7612/633/3057 7610/627/3057 7611/628/3057
f 7581/618/3043 7583/618/3043 7590/618/3043
f 7583/618/3043 7535/618/3043 7590/618/3043
f 7590/618/3043 7535/618/3043 7588/618/3043
f 7588/618/3043 7535/618/3043 7537/618/3043
f 7582/618/3043 7583/618/3043 7581/618/3043
f 7592/634/3058 7594/634/3058 7593/634/3058 7591/634/3058
f 7585/618/3046 7540/618/3046 7535/618/3046 7583/618/3046
f 7582/618/3081 7586/618/3081 7585/618/3081 7583/618/3081
f 7581/618/3082 7584/618/3082 7586/618/3083 7582/618/3083
f 7551/635/3058 7553/635/3058 7596/634/3058 7595/634/3058
f 7588/618/3058 7587/618/3058 7589/618/3058 7590/618/3058
f 7604/636/3043 7606/637/3043 7605/636/3043 7603/636/3043
f 7581/634/3082 7591/634/49 7593/634/49 7584/634/3082
f 7610/634/3057 7615/634/3057 7614/634/3057 7609/634/3057
f 7589/634/3063 7594/634/3063 7592/634/3063 7590/634/3063
f 7567/638/3043 7569/638/3043 7608/638/3043 7607/638/3043
f 7588/634/3062 7595/634/3062 7596/634/3062 7587/634/3062
f 7590/634/3043 7598/634/3043 7597/634/3043 7581/634/3043
f 7581/634/3043 7597/634/3043 7599/634/3043 7591/634/3043
f 7591/634/3043 7599/634/3043 7600/634/3043 7592/634/3043
f 7592/634/3043 7600/634/3043 7598/634/3043 7590/634/3043
f 7537/635/3043 7559/635/3043 7601/634/3043 7588/634/3043
f 7588/634/3043 7601/634/3043 7602/634/3043 7595/634/3043
f 7595/634/3043 7602/634/3043 7561/635/3043 7551/635/3043
f 7598/639/3064 7604/639/3064 7603/639/3064 7597/639/3064
f 7597/639/3084 7603/639/3084 7605/639/3084 7599/639/3084
f 7599/639/3066 7605/639/3066 7606/639/3066 7600/639/3066
f 7600/639/3085 7606/639/3085 7604/639/3085 7598/639/3085
f 7559/640/3068 7567/640/3068 7607/639/3068 7601/639/3068
f 7601/639/3086 7607/639/3086 7608/641/3086 7602/639/3086
f 7602/639/3070 7608/641/3070 7569/640/3070 7561/640/3070
f 7580/635/3057 7575/635/3057 7613/634/3057 7616/634/3057
f 7576/618/3071 7540/618/3071 7585/618/3071 7611/618/3071
f 7586/618/3087 7612/618/3087 7611/618/3087 7585/618/3087
f 7584/618/3088 7610/618/3089 7612/618/3090 7586/618/3090
f 7587/618/3076 7613/618/3076 7609/618/3076 7589/618/3076
f 7589/634/3091 7609/634/3091 7614/634/3091 7594/634/3091
f 7594/634/3092 7614/634/3092 7615/634/3092 7593/634/3092
f 7593/634/3093 7615/634/3093 7610/634/3089 7584/634/3088
f 7553/635/3078 7580/635/3078 7616/634/3078 7596/634/3078
f 7596/634/3094 7616/634/3094 7613/634/3094 7587/634/3094
