# This file uses centimeters as units for non-parametric coordinates.

v -2477.411865 4479.898926 7895.250000
v -2674.120117 4081.289551 8695.687500
v -4272.509766 3328.222900 6712.500000
v -4549.459961 3043.756836 7559.625000
v -2706.454834 4672.954590 8682.808594
v -2610.237793 4204.180176 8420.878906
v -4454.201172 3129.877930 7274.082031
v -4856.691406 3448.759277 7315.417969
v -2641.702393 4817.226563 8399.015625
v -2545.895508 4333.542480 8155.410156
v -4360.921875 3223.709473 6990.867188
v -4757.547363 3549.812012 7009.433594
v -2633.403564 4662.605957 8399.078125
v -2668.896729 4585.817871 8552.078125
v -2581.515381 4419.794922 8261.832031
v -2621.602295 4337.540527 8429.167969
v -4471.754883 3279.795654 7049.847656
v -4530.122070 3221.203125 7227.414063
v -4681.116211 3444.746826 7070.410156
v -4735.426758 3389.931152 7236.921875
v -2606.402344 4894.072266 8255.718750
v -2545.729248 4816.646484 8058.390625
v -4705.872070 3604.112793 6854.445313
v -4542.936523 3553.461914 6716.238281
v -2750.835205 4383.164063 8870.468750
v -2737.254150 4601.291992 8829.972656
v -4828.201172 3258.818359 7597.417969
v -4906.087402 3398.142578 7474.382813
v -5663.899902 -388.957458 4463.707031
v -5885.492676 -494.142334 5448.816406
v -5794.403809 -458.864929 5123.226563
v -6254.623047 -315.560425 5007.433594
v -5419.404297 726.545959 5031.953125
v -6178.434082 -267.460876 4664.785156
v -5841.976563 -393.400452 4820.953125
v -5887.348145 -420.385925 5026.867188
v -6082.626465 -310.211609 4764.828125
v -6126.608398 -337.590393 4963.156250
v -5979.798828 -281.536255 4372.972656
v -6145.091797 -241.661560 4486.402344
v -6301.188477 -338.719482 5186.085938
v -6206.648926 -401.198608 5377.355469
v -5156.885254 1404.282227 5168.710938
v -5367.779785 799.809509 5924.113281
v -5284.674805 996.714355 5671.386719
v -5215.384277 1207.868164 5409.527344
v -5333.936035 1210.931885 5460.976563
v -5375.995117 1083.955688 5618.621094
v -5468.088867 1546.982178 5157.175781
v -5779.544922 1081.367676 5807.910156
v -5737.820313 1190.814331 5669.500000
v -5667.382813 1403.421875 5405.527344
v -5572.960449 1310.677002 5462.851563
v -5612.890625 1188.827393 5613.933594
v -5635.543945 1514.874512 5269.500000
v -5682.040039 928.053406 5929.730469
v -4998.926270 2482.944092 5938.628906
v -5275.741699 2007.738037 6700.695313
v -5175.223633 2165.868652 6448.484375
v -5082.873535 2327.007324 6189.828125
v -5220.149414 2306.200928 6202.675781
v -5276.655762 2206.652832 6362.562500
v -5356.739258 2520.905762 5815.480469
v -5737.526855 2113.445068 6445.398438
v -5688.816406 2202.054688 6302.828125
v -5598.439453 2372.548828 6027.945313
v -5491.519531 2325.176758 6125.960938
v -5542.413574 2230.232666 6278.941406
v -5554.381348 2460.236816 5886.171875
v -5627.812500 2026.808350 6610.589844
v -1512.392822 4321.804199 8776.261719
v -1472.720337 4482.251953 8482.136719
v -1499.941772 4339.246582 8478.574219
v -1521.233398 4253.290039 8637.375000
v -1451.498047 4569.210449 8331.875000
v -1572.259521 4039.159180 8967.191406
v -1503.987183 4230.869141 7934.339844
v -1616.060547 3778.376709 8769.960938
v -1580.905640 3916.664307 8485.085938
v -1544.137207 4064.603027 8207.722656
v -1535.007935 4131.138184 8324.882813
v -1558.160889 4037.918457 8499.101563
v -1454.295410 4520.624023 8120.027344
v -1531.887817 4243.937012 8926.902344
v -338.473053 4564.666504 8122.207031
v -418.185150 4319.512207 8352.847656
v -607.860596 3892.995605 8845.324219
v -490.488556 4096.799805 8588.773438
v -630.138794 4517.532715 8711.621094
v -711.410828 4394.993164 8858.398438
v -507.744049 4353.247559 8495.753906
v -536.637024 4213.623047 8639.890625
v -680.026367 4658.998535 8758.566406
v -811.168579 4430.639160 9027.910156
v -555.595154 4797.731934 8406.046875
v -647.915344 4785.986328 8632.300781
v -798.451050 4313.858398 9143.496094
v -788.263062 4108.439941 9134.320313
v 2034.940552 2818.112305 7579.675781
v 1702.990234 2361.268555 8435.722656
v 3384.148193 1245.692383 6723.796875
v 3179.618408 888.800659 7367.394531
v 2052.873291 2826.193359 8456.957031
v 3741.372803 1137.139771 7217.570313
v 3245.282227 1044.778564 7094.582031
v 1802.844482 2490.358154 8151.535156
v 2169.713623 2980.324707 8161.449219
v 3798.905518 1243.938232 7028.203125
v 3303.685791 1144.901855 6909.398438
v 1913.914795 2642.194336 7866.781250
v 2076.967041 2855.075195 8158.503906
v 2013.850342 2771.643311 8318.300781
v 3660.699951 1193.747803 7044.898438
v 3629.219238 1136.910034 7147.257813
v 3406.160645 1147.451416 6975.144531
v 3371.227295 1087.042725 7086.589844
v 1950.344482 2687.422607 7994.089844
v 1881.166138 2594.437500 8170.660156
v 2233.136719 3068.978760 8005.078125
v 2211.643799 3047.000000 7783.886719
v 3835.263428 1299.524170 6928.054688
v 3723.019775 1315.591309 6807.347656
v 1874.358154 2593.504395 8645.042969
v 1997.432739 2756.029297 8603.367188
v 3520.424561 947.548584 7458.199219
v 3701.965820 1050.411743 7364.273438
v 3292.718506 -1506.144531 4757.738281
v 2974.694580 -2236.404785 5297.406250
v 3495.100342 -2272.355469 5212.480469
v 3016.135498 -2162.725342 5164.531250
v 3747.175049 -1570.398193 4903.816406
v 3262.207031 -1491.673950 4944.417969
v 3628.921143 -1546.121094 4958.375000
v 3393.166748 -2229.456543 5176.933594
v 3371.876709 -1511.498047 4973.605469
v 3139.916992 -2176.973633 5146.062500
v 3628.579346 -1560.455811 4726.937500
v 3760.344482 -1576.458618 4802.800781
v 3468.444336 -2313.571777 5285.347656
v 3303.935059 -2317.807129 5334.453125
v 2656.500244 2093.722412 7185.382813
v 2470.974365 1595.448120 7880.089844
v 3088.052002 1790.675537 7697.121094
v 2517.585693 1774.061035 7627.804688
v 3142.994141 1943.005615 7484.449219
v 2575.428223 1929.501953 7411.078125
v 2986.086182 1901.414063 7519.257813
v 2955.947998 1818.251831 7635.339844
v 2694.533936 1900.213501 7473.222656
v 2660.064453 1806.477539 7603.988281
v 3177.863525 2025.583984 7369.988281
v 3042.713623 2094.938965 7246.910156
v 2863.713623 1604.214355 7931.699219
v 3058.282471 1694.505493 7832.191406
v 1275.404419 3187.621094 7278.500000
v 682.082947 2779.597412 7977.757813
v 876.996887 2891.437500 7745.339844
v 1074.306274 3026.649170 7512.746094
v 1008.463562 3109.787109 7605.984375
v 885.974548 3026.789551 7750.492188
v 1197.899292 3517.658691 7416.535156
v 656.916321 3311.664063 8074.332031
v 758.622620 3374.250488 7953.570313
v 963.406189 3512.111328 7711.863281
v 942.859558 3354.196533 7718.562500
v 832.068054 3279.624512 7849.332031
v 1071.413574 3591.373535 7585.179688
v 601.702820 3107.140137 8119.121094
v 298.261078 3866.718018 7148.339844
v 139.873505 3752.814209 7434.316406
v -142.059052 3594.339111 8010.886719
v -21.245094 3683.017578 7723.003906
v 233.453094 4081.133301 7745.050781
v 171.583710 4006.968262 7904.203125
v 155.316132 3835.298096 7565.531250
v 50.425133 3799.271484 7746.113281
v 320.360321 4215.643066 7756.464844
v 190.240814 4098.524902 8053.015625
v 462.304535 4130.421387 7365.042969
v 424.815033 4241.638184 7597.437500
v 93.876060 4089.814453 8208.859375
v -0.552406 3873.121826 8233.734375
v -4434.082031 1968.995361 11291.960938
v -4177.207520 1887.575439 11352.878906
v -4405.817383 2124.175537 11380.183594
v -4148.943359 2042.758301 11441.101563
v -2307.901123 5155.148926 6043.535156
v -2045.886230 5120.235352 6089.957031
v -2333.483398 4982.267578 5929.171875
v -2073.055420 4950.385742 5976.867188
v -2620.414795 6255.467773 4800.242188
v -2383.843018 6329.194336 4701.894531
v -2589.898438 6350.936035 4939.550781
v -2352.767334 6424.757813 4840.832031
v -2358.302979 5690.926270 5465.355469
v -2097.464111 5647.024902 5476.296875
v -2397.141602 5589.333496 5302.222656
v -2137.138184 5544.716309 5311.855469
v -6247.544922 854.822266 10023.015625
v -6165.807129 1076.906006 10165.570313
v -6409.342285 931.048462 9997.035156
v -6327.604492 1153.131836 10139.589844
v -3727.514160 3609.606201 -4322.519531
v -3685.531250 3881.787598 -4300.636719
v -3548.881836 3582.229248 -4324.718750
v -3506.898926 3854.411621 -4302.835938
v -4181.933594 2934.896484 2278.023438
v -4125.016602 3173.096680 2294.539063
v -4001.521729 2902.762939 2277.894531
v -3944.807129 3141.316650 2295.300781
v -4235.627930 3650.389160 4515.042969
v -4137.960938 3908.118408 4540.437500
v -4079.685303 3584.905762 4578.765625
v -3982.021973 3842.636963 4604.167969
v -3713.673096 3466.065186 3551.703125
v -3654.932129 3686.072998 3499.300781
v -3874.044678 3539.189697 3595.687500
v -3815.096924 3757.801514 3543.410156
v -6880.403320 242.296875 10578.968750
v -6963.655273 348.073425 10820.226563
v -7096.917480 436.109192 10735.636719
v -7013.667480 330.330902 10494.382813
v -6737.566895 -720.710693 9047.125000
v -6655.829590 -498.627747 9189.679688
v -6899.363281 -644.483276 9021.140625
v -6817.625977 -422.400452 9163.699219
v -4448.129883 1709.911011 -4475.238281
v -4406.146973 1982.094238 -4453.355469
v -4269.497559 1682.534912 -4477.437500
v -4227.514648 1954.717773 -4455.558594
v -4448.129883 1180.675781 2107.945313
v -4406.146973 1452.252197 2137.363281
v -4269.497559 1153.360718 2104.980469
v -4227.514648 1424.937134 2134.398438
v -5240.675293 1832.249756 3646.031250
v -5121.087891 2021.540771 3671.148438
v -5070.316406 1771.882324 3645.343750
v -4950.433594 1962.055664 3673.394531
v -2425.423584 5616.111328 -4161.210938
v -2149.154541 5616.111328 -4161.210938
v -2425.423584 5435.960938 -4175.691406
v -2149.154541 5435.960938 -4175.691406
v -2326.564209 4851.354004 2471.457031
v -2063.855957 4880.512207 2485.539063
v -2325.417725 4667.787109 2456.351563
v -2062.538330 4696.704590 2469.808594
v -2815.675781 5289.281738 4216.144531
v -2616.803223 5394.583984 4356.367188
v -2793.548340 5422.035645 4104.476563
v -2594.362793 5527.255859 4245.175781
v 2601.516113 5616.111328 -4161.210938
v 2325.247070 5616.111328 -4161.210938
v 2601.516113 5435.960938 -4175.691406
v 2325.247070 5435.960938 -4175.691406
v 2608.770020 5059.429688 2536.328125
v 2329.076172 5068.325684 2533.078125
v 2616.186035 4860.372070 2524.039063
v 2334.685547 4874.050781 2518.457031
v 2840.982666 4445.624512 3794.222656
v 2563.708740 4484.608398 3780.933594
v 2845.799072 4630.967285 3818.187500
v 2569.385010 4667.038086 3804.585938
v 239.955170 487.494934 12400.406250
v -16.917519 568.914307 12339.484375
v 268.219696 642.675842 12488.628906
v 11.345543 724.095459 12427.710938
v 2446.269043 3577.526367 6855.031250
v 2187.250732 3666.716797 6799.585938
v 2421.935791 3441.178223 6743.304688
v 2162.630127 3529.915527 6688.679688
v 3303.371094 4834.734863 5572.035156
v 3031.642090 4890.411133 5552.882813
v 3303.617432 4915.391602 5732.265625
v 3032.723877 4970.471680 5712.335938
v -5611.850586 -934.682007 21006.761719
v -3568.489258 4701.844727 12259.792969
v -3473.675781 4545.242676 12201.238281
v -5521.850586 -1056.125488 20888.050781
v -5385.550293 -602.544922 21065.996094
v -5240.009277 -787.825317 20887.984375
v -3464.104248 4800.757324 12625.468750
v -3311.268799 4563.342773 12539.000000
v -6485.928711 3357.014160 10817.785156
v -6702.489258 3300.397461 11020.847656
v -6438.495605 3246.345215 10771.488281
v -6487.011719 3136.821289 10989.007813
v -8460.626953 -1375.004883 18937.183594
v -8527.551758 -1581.369263 19096.023438
v -8571.580078 -1498.062378 19184.128906
v -8671.110352 -1233.191528 19036.117188
v -4742.848145 2127.293457 17705.929688
v -4583.056641 1904.424683 17591.824219
v -7994.687988 -15.272644 16979.023438
v -8222.433594 122.659851 17059.597656
v -4808.559082 1432.967285 18487.750000
v -8430.458984 -312.254272 17886.078125
v -4970.671875 1650.983887 18611.074219
v -8201.248047 -447.126831 17799.691406
v -6294.123535 2280.592285 9612.257813
v -6185.326172 2244.725098 9630.085938
v -6302.509766 1935.094238 9722.273438
v -6579.621094 2026.448853 9676.859375
v -6022.863281 3448.949219 10307.277344
v -5975.985840 3338.042969 10265.593750
v -6046.660156 3228.728027 10476.937500
v -6261.852051 3395.121582 10491.039063
v -8221.616211 -261.303650 16821.375000
v -7930.230469 -675.562317 14472.000000
v -8254.609375 -659.030457 14565.757813
v -8514.535156 -218.608551 17063.519531
v 1471.760498 -1591.917480 11853.640625
v 1475.426514 -1345.091553 11977.683594
v 1642.147949 -1620.981445 11906.437500
v 1645.813721 -1374.153564 12030.480469
v 4417.745605 3609.606201 -4322.519531
v 4375.762695 3881.787598 -4300.636719
v 4239.113281 3582.229248 -4324.718750
v 4197.130371 3854.411621 -4302.835938
v 4651.027832 2400.966309 2830.738281
v 4578.991211 2769.745361 2764.472656
v 4478.343750 2358.377197 2830.046875
v 4405.842285 2728.523193 2763.414063
v 3867.702881 1405.787109 6042.203125
v 3880.291748 1727.017578 6087.261719
v 3695.380371 1434.433350 5995.824219
v 3707.248291 1755.294067 6043.402344
v 1365.701416 -3289.155762 10968.804688
v 1369.369019 -3042.324707 11092.847656
v 1536.088867 -3318.215820 11021.597656
v 1539.755737 -3071.388184 11145.640625
v 4624.222168 1709.911011 -4475.238281
v 4582.239258 1982.094238 -4453.355469
v 4445.589844 1682.534912 -4477.437500
v 4403.606934 1954.717773 -4455.558594
v 4958.147461 62.580322 3224.917969
v 4915.923340 357.926605 3195.425781
v 4784.041504 23.476685 3219.300781
v 4741.888184 318.953796 3189.453125
v 3756.451904 -523.304688 5394.441406
v 3754.519531 -283.525116 5532.675781
v 3586.631348 -493.529724 5340.210938
v 3584.695557 -253.753113 5478.453125
v -2455.712646 -1745.007690 20939.531250
v 291.569183 3974.313965 12690.601563
v -3838.483643 -1154.846313 21021.683594
v -1091.201660 4546.432617 12524.101563
v -2479.191162 -1825.108765 20827.617188
v 268.091156 3855.436035 12621.250000
v -1118.509766 4428.814941 12454.140625
v -3865.791016 -1233.543701 20909.722656
v 337.352264 3973.539551 12982.765625
v -1128.130005 4572.924316 12802.714844
v -1185.727539 4324.848145 12655.144531
v 257.488251 3732.804199 12831.539063
v -2270.697998 -1498.397461 20913.996094
v -3736.178955 -877.810913 20994.941406
v -3793.775391 -1043.797363 20758.785156
v -2350.560303 -1656.189453 20677.515625
v -5271.403320 -709.209961 20898.226563
v -2524.121826 4902.553711 12229.132813
v -5302.536133 -786.493896 20786.199219
v -2555.254395 4786.199707 12158.527344
v -2643.767822 4956.315918 12494.187500
v -2679.103027 4700.901855 12350.253906
v -5251.817383 -401.745178 20870.269531
v -5287.152344 -575.916565 20634.437500
v -1053.471191 1822.326782 17141.859375
v -2640.255859 2234.091064 17324.554688
v -2708.053955 1970.235107 17207.484375
v -1145.415283 1562.906250 17026.757813
v -4286.077637 2416.124268 17405.320313
v -4329.736816 2147.835693 17286.285156
v -1345.532349 1370.590332 18015.234375
v -3002.091553 1515.440918 18086.769531
v -4626.146973 1689.372559 18172.664063
v -2937.819336 1773.844238 18214.382813
v -1434.009644 1116.531860 17889.765625
v -4586.073242 1952.114990 18302.421875
v -167.932495 10626.054688 -11327.464844
v -192.367920 11290.052734 -12694.644531
v -2862.339111 9335.869141 -11905.902344
v -2886.775391 9999.869141 -13273.085938
v -242.588989 11345.707031 -12584.843750
v -2936.991943 10055.513672 -13163.289063
v -220.569580 10747.438477 -11352.996094
v -2914.979248 9457.251953 -11931.443359
v -5700.750000 7573.746582 -12741.244141
v -5784.611816 8023.703613 -14195.839844
v -5818.645508 8129.017090 -14076.828125
v -5743.589355 7719.454590 -12765.998047
v -2776.610596 9189.427734 -11978.583984
v -193.664551 10469.348633 -11403.089844
v -218.101440 11133.340820 -12770.283203
v -2801.052246 9853.427734 -13345.769531
v -5630.120117 7944.132813 -14230.712891
v -5545.870605 7495.983887 -12776.091797
v -6789.427734 5776.458496 -14736.435547
v -6697.208008 5795.375000 -14809.234375
v -6630.432129 5409.050293 -13350.078125
v -6722.019531 5430.258789 -13417.457031
v -6517.171875 5792.348145 -14814.730469
v -6452.188477 5404.723145 -13355.919922
v -6438.061523 6428.151855 -14635.056641
v -6238.768555 6467.691406 -14631.435547
v -6565.380859 6319.401367 -14584.201172
v -6760.603516 5628.421387 -14172.433594
v -6486.205078 5607.629883 -14119.548828
v -6584.602539 4943.344238 -13461.466797
v -6679.026855 4936.645020 -13536.943359
v -6411.182617 4964.486816 -13461.074219
v -6685.184082 4948.128418 -13728.365234
v -6417.291016 4979.639160 -13709.724609
v 1494.053589 11395.224609 -12255.330078
v 2328.881592 10738.650391 -10916.132813
v 2342.383789 10632.160156 -10864.566406
v 1405.707520 11357.224609 -12363.525391
v 2259.247070 10498.326172 -10935.796875
v 1316.949341 11216.683594 -12440.300781
v 9191.003906 604.161011 -9661.054688
v 8026.964355 1752.475098 -13729.869141
v 9319.691406 965.272583 -9753.246094
v 8027.680664 2130.792480 -13618.798828
v 7927.444824 1764.358887 -13726.087891
v 9113.802734 655.020874 -9622.152344
v 7910.509766 2082.219238 -13632.714844
v 9207.616211 965.386353 -9692.250000
v 8142.695313 1622.819214 -13570.039063
v 8146.068359 2115.079102 -13429.662109
v 7902.051758 2115.940430 -13426.820313
v 7916.629883 1684.227295 -13550.117188
v 9174.223633 495.484528 -9893.148438
v 9341.299805 964.310181 -10012.843750
v 9142.210938 1061.406860 -9910.429688
v 9010.011719 643.326782 -9812.832031
v 8256.086914 649.168213 -11856.572266
v 8394.294922 1122.931641 -11785.492188
v 8194.303711 1161.144531 -11649.917969
v 8080.941895 739.405029 -11720.050781
v 7011.328125 -1057.588989 -8372.703125
v 6944.060547 -1057.588745 -8605.960938
v 7306.539063 -1057.588867 -8802.578125
v 7171.278809 -1057.588623 -8459.765625
v 6126.243652 -1057.588867 -14555.566406
v 6251.906250 -1057.588867 -14555.783203
v 6168.979492 -1057.588989 -14331.363281
v 6450.770508 -1057.588745 -14333.167969
v 6501.586426 -1057.588867 -11479.359375
v 6792.482422 -1057.588867 -11670.378906
v -317.014679 1123.987061 15048.921875
v -4832.158203 2555.125244 13978.160156
v -5145.056152 2161.261230 14771.144531
v -629.912048 730.121582 15841.906250
v -6589.862305 1639.647339 12831.289063
v -6901.981445 1246.763672 13622.300781
v 932.981628 -744.822266 14615.324219
v 620.861023 -1137.704346 15406.339844
v -5150.069336 2746.831055 14698.523438
v -275.556671 1201.785645 15854.507813
v 1173.037354 -956.187988 15354.011719
v 709.940369 -1008.699951 15136.312500
v -533.789001 850.251709 15567.484375
v -5036.773926 2277.535889 14499.605469
v -6785.502930 1367.083252 13358.773438
v -7183.605957 1692.566650 13372.242188
v -5040.590820 2884.640137 14421.066406
v -166.078644 1339.595459 15577.050781
v 1282.371826 -818.560059 15076.921875
v 814.274353 -877.369507 14871.902344
v -430.235504 980.601074 15305.046875
v -4933.220215 2407.886719 14237.167969
v -6681.170410 1498.413330 13094.363281
v -7074.271484 1830.192749 13095.152344
v -5037.850586 2733.340332 14436.437500
v -257.295929 1218.077148 15570.136719
v -5097.001465 2658.885254 14586.343750
v -316.446198 1143.620850 15720.042969
v 1141.481201 -863.544250 15086.781250
v 1081.551025 -938.982666 15238.664063
v 902.505432 -889.261169 14970.820313
v 837.572449 -970.995056 15135.382813
v -388.919830 1038.748047 15418.597656
v -453.996735 956.831604 15583.523438
v -4978.037109 2493.333496 14330.296875
v -5043.114258 2411.414551 14495.222656
v -6792.573242 1549.796875 13145.937500
v -6857.504883 1468.063599 13310.496094
v -7000.250977 1717.090820 13155.972656
v -7060.182617 1641.652100 13307.859375
v -135.095612 1371.174561 15234.707031
v -4905.495605 2883.223145 14103.410156
v -6859.126953 1869.411621 12828.812500
v 1256.224854 -702.858826 14753.359375
v -452.927521 971.099670 16040.203125
v -5223.329102 2483.145508 14908.906250
v -7177.070313 1469.195801 13634.585938
v 938.279968 -1103.076904 15559.132813
v -7567.625000 -1441.252563 10920.578125
v -7876.749512 -1830.365967 11704.000000
v 740.814758 -4074.723145 12890.910156
v 431.688324 -4463.842285 13674.339844
v 983.220398 -4467.987793 13533.449219
v 520.047302 -4333.915039 13414.328125
v -7763.347168 -1708.378174 11449.929688
v -8223.341797 -1549.839722 11350.117188
v 1091.756836 -4331.365723 13258.375000
v 626.922791 -4199.383789 13143.468750
v -7656.472168 -1573.847412 11179.070313
v -8114.802734 -1413.212402 11075.042969
v 957.946472 -4325.392090 13290.398438
v 895.475281 -4404.030273 13448.722656
v 713.606628 -4260.681152 13223.175781
v 649.469177 -4341.413086 13385.718750
v -7785.943848 -1566.631348 11207.515625
v -7850.079102 -1647.362427 11370.058594
v -8027.108398 -1477.453125 11159.601563
v -8089.583984 -1556.094238 11317.933594
v -7880.348633 -1325.834717 10837.687500
v 1066.042603 -4161.520508 12959.320313
v -8198.933594 -1726.859375 11645.093750
v 747.458923 -4562.544434 13766.722656
v -7044.659180 2518.335449 12809.246094
v -6791.101074 2367.453613 12797.226563
v -8701.707031 -239.080444 7981.253906
v -8836.691406 -268.442749 8247.296875
v -8578.712891 -306.410645 7975.601563
v -8567.492188 -309.034546 8238.121094
v -8438.047852 -439.799316 12614.398438
v -8433.229492 -453.381348 12894.218750
v -8556.218750 -386.049255 12899.851563
v -8707.248047 -399.203430 12623.570313
v -6781.124023 3051.821777 9932.742188
v -6527.019043 2900.384277 9939.425781
v -7870.666016 1353.396118 8267.191406
v -7918.643555 1158.103027 8109.828125
v -7751.881836 1038.177124 8099.890625
v -7647.896484 1196.048340 8255.902344
v -6809.844238 2386.386230 12163.601563
v -7940.629395 486.049316 12775.015625
v -8327.000000 -162.915527 12983.820313
v -8538.595703 -183.308960 12998.367188
v -8249.289063 495.913513 12784.441406
v -7064.794434 2538.676270 12128.433594
v 1174.733521 1709.215698 13620.074219
v 1134.887451 1534.976074 13514.269531
v 1285.569824 1988.181030 13451.335938
v 1125.729858 1830.728394 13259.328125
v 3367.405029 -1366.748169 13579.625000
v 3109.516357 -1385.212158 13759.558594
v 2993.535645 -1398.340942 13681.546875
v 3132.373535 -1302.241943 13457.964844
v 4403.388672 -706.525391 11928.289063
v 4204.779297 -618.809692 11748.574219
v 2639.985352 2665.860107 11313.890625
v 2835.030029 2842.727783 11460.664063
v 4899.451660 626.500977 10909.796875
v 4648.427246 596.415649 10815.906250
v 3504.406494 2834.837646 10646.082031
v 3725.215576 3025.916748 10759.750000
v 3990.844482 1822.385620 11335.250000
v 3758.026611 1697.797241 11201.683594
v 2501.245850 420.783417 13724.722656
v 2303.985107 245.266510 13870.605469
v 2226.382568 146.437897 13767.769531
v 2370.385986 254.129486 13551.320313
v 4157.820313 1674.981323 11317.128906
v 4000.743408 1487.640503 11177.328125
v -1085.942749 4389.863281 14156.433594
v -2646.685547 4681.959473 14290.886719
v -2681.961914 4400.474609 14212.402344
v -1144.765015 4110.913574 14079.441406
v -4104.585938 4202.928223 14225.824219
v -4010.832764 3936.777100 14138.796875
v -2708.155273 5206.217773 12438.464844
v -2742.817139 4919.483887 12378.515625
v -4447.655762 4708.568359 11275.039063
v -4342.444824 4435.945313 11329.691406
v -1090.582275 4972.480957 10900.226563
v -2694.617188 5272.475098 11329.199219
v -1137.957153 4680.013184 10895.832031
v -2717.877686 4977.438477 11318.457031
v -1135.783447 4814.923340 12654.500000
v -2721.927002 4741.321777 13008.039063
v -4145.070801 4190.857910 13217.160156
v -2687.392334 5029.126465 13064.207031
v -4239.594238 4458.462891 13298.914063
v -1193.723755 4528.451172 12604.109375
v -2231.069092 4966.130859 12943.714844
v -2264.871338 4677.657227 12887.230469
v 2172.470459 1352.421387 11820.054688
v 5426.648438 827.250488 7681.886719
v 2036.523193 1379.828613 11769.898438
v 5329.096680 835.784668 7572.480469
v 2085.883057 1139.838379 11498.968750
v 2360.664307 1107.720215 11602.242188
v 5106.469727 636.698792 7772.578125
v 5301.315430 642.375610 7990.039063
v 2224.996826 2647.532715 11793.152344
v 2300.508057 2643.792480 11521.542969
v 2546.325439 2720.979980 11609.906250
v 2331.951660 2729.491699 11828.957031
v 5471.454590 2105.802246 7474.246094
v 5549.281738 2200.634277 7540.484375
v 5273.189453 2141.655762 7650.058594
v 5449.042969 2250.591309 7824.343750
v 3636.771240 916.079590 8886.351563
v 3836.764893 914.235840 9082.796875
v 3949.965576 2396.046387 8689.300781
v 4136.085938 2498.499512 8844.148438
v 3276.892822 2653.747559 9771.019531
v 2716.485596 1081.133301 9903.855469
v 2968.916748 1061.528809 10041.648438
v 3047.216553 2565.247559 9665.324219
v -6945.314453 -287.023773 10498.320313
v -6182.019531 1113.749634 5841.007813
v -6800.717773 -276.259064 10525.257813
v -6037.422363 1124.514404 5867.941406
v -6746.350586 -424.408478 10193.531250
v -7037.756348 -424.408539 10145.773438
v -6067.215820 821.916565 6049.726563
v -6358.622070 821.916626 6001.968750
v -6859.708008 1031.538818 10612.855469
v -6903.138672 951.838562 10877.843750
v -7009.108887 1041.924561 10887.574219
v -7112.489258 1132.390381 10601.757813
v -6245.813965 2442.697998 6230.253906
v -6139.843750 2352.611816 6220.531250
v -6180.573730 2277.864014 6469.050781
v -6433.354492 2378.715576 6457.957031
v 721.380798 1123.987061 10920.250000
v -3793.762695 2555.125244 9849.488281
v -4106.660645 2161.261230 10642.472656
v 408.483490 730.121582 11713.234375
v -5551.466797 1639.647339 8702.617188
v -5863.585938 1246.763672 9493.628906
v 1971.377197 -744.822266 10486.652344
v 1659.256592 -1137.704346 11277.667969
v -4111.673828 2746.831055 10569.851563
v 762.838806 1201.785645 11725.835938
v 2211.432861 -956.187988 11225.339844
v 1748.335938 -1008.699951 11007.640625
v 504.606537 850.251709 11438.812500
v -3998.378174 2277.535889 10370.933594
v -5747.107422 1367.083252 9230.101563
v -6145.210449 1692.566650 9243.570313
v -4002.195068 2884.640137 10292.394531
v 872.316833 1339.595459 11448.378906
v 2320.767334 -818.560059 10948.250000
v 1852.669922 -877.369507 10743.230469
v 608.159973 980.601074 11176.375000
v -3894.824463 2407.886719 10108.496094
v -5642.774902 1498.413330 8965.691406
v -6035.875977 1830.192749 8966.480469
v -3999.454834 2733.340332 10307.765625
v 781.099548 1218.077148 11441.464844
v -4058.605713 2658.885254 10457.671875
v 721.949280 1143.620850 11591.371094
v 2179.876709 -863.544250 10958.109375
v 2119.946533 -938.982666 11109.992188
v 1940.901001 -889.261169 10842.148438
v 1875.968018 -970.995056 11006.710938
v 649.475647 1038.748047 11289.925781
v 584.398743 956.831604 11454.851563
v -3939.641357 2493.333496 10201.625000
v -4004.718506 2411.414551 10366.550781
v -5754.177734 1549.796875 9017.265625
v -5819.109375 1468.063599 9181.824219
v -5961.855469 1717.090820 9027.300781
v -6021.787109 1641.652100 9179.187500
v 903.299866 1371.174561 11106.035156
v -3867.099854 2883.223145 9974.738281
v -5820.731445 1869.411621 8700.140625
v 2294.620361 -702.858826 10624.687500
v 585.467957 971.099670 11911.531250
v -4184.933594 2483.145508 10780.234375
v -6138.674805 1469.195801 9505.914063
v 1976.675537 -1103.076904 11430.460938
v -6529.229492 -1441.252563 6791.906250
v -6838.354004 -1830.365967 7575.328125
v 1779.210327 -4074.723145 8762.238281
v 1470.083862 -4463.842285 9545.667969
v 2021.615967 -4467.987793 9404.777344
v 1558.442871 -4333.915039 9285.656250
v -6724.951660 -1708.378174 7321.257813
v -7184.946289 -1549.839722 7221.445313
v 2130.152344 -4331.365723 9129.703125
v 1665.318359 -4199.383789 9014.796875
v -6618.076660 -1573.847412 7050.398438
v -7076.406738 -1413.212402 6946.371094
v 1996.342041 -4325.392090 9161.726563
v 1933.870850 -4404.030273 9320.050781
v 1752.002197 -4260.681152 9094.503906
v 1687.864746 -4341.413086 9257.046875
v -6747.548340 -1566.631348 7078.843750
v -6811.683594 -1647.362427 7241.386719
v -6988.712891 -1477.453125 7030.929688
v -7051.188965 -1556.094238 7189.261719
v -6841.953125 -1325.834717 6709.015625
v 2104.437988 -4161.520508 8830.648438
v -7160.538086 -1726.859375 7516.421875
v 1785.854492 -4562.544434 9638.050781
v 2535.186523 4963.775391 440.281250
v -2320.863525 4963.777832 440.281250
v -2315.583252 4877.844238 1374.070313
v 2535.186279 4888.524414 1376.335938
v -3938.255615 3348.099609 311.566406
v -3936.387939 3269.207275 1244.457031
v 4195.953125 3257.668457 362.078125
v 4298.100098 2931.450928 1460.550781
v -2514.114014 5378.034668 1109.453125
v 2728.437988 5378.032715 1109.453125
v 4688.159668 3317.239258 1081.332031
v 4248.957520 3041.266113 1084.738281
v 2528.647461 4897.960938 1061.937500
v -2314.325195 4897.963379 1061.937500
v -3923.522217 3290.923828 933.917969
v -4386.633301 3513.386475 959.332031
v -2514.113770 5404.364746 781.937500
v 2728.437744 5404.362305 781.937500
v 4655.579102 3421.738770 702.671875
v 4213.170898 3153.321777 716.171875
v 2528.647705 4922.866699 752.152344
v -2314.324951 4922.868652 752.152344
v -3923.521973 3316.016113 621.800781
v -4386.633301 3539.680908 632.250000
v -2463.587402 5276.726563 847.441406
v 2677.911865 5276.724609 847.441406
v -2463.587646 5262.501465 1024.394531
v 2677.912354 5262.499512 1024.394531
v 4552.497559 3331.898193 789.113281
v 4570.636719 3273.763672 997.144531
v 4322.660645 3194.455566 784.082031
v 4344.407227 3126.168457 1012.636719
v 2574.964355 5029.700195 818.660156
v 2574.964111 5014.048828 1013.339844
v -2360.643066 5029.702148 818.660156
v -2360.643066 5014.050293 1013.343750
v -4030.875244 3362.986328 684.890625
v -4030.875732 3347.370117 879.136719
v -4271.064941 3478.075684 701.667969
v -4271.065918 3463.661865 880.957031
v 2729.798828 5421.124512 614.453125
v 2672.451416 5294.690430 459.453125
v -2515.475342 5421.126953 614.453125
v -2458.128662 5294.692383 459.453125
v -4389.950195 3554.779785 464.441406
v -4256.878418 3502.268555 315.191406
v 4643.495605 3471.709473 513.050781
v 4502.812988 3436.378906 352.757813
v 2672.451904 5218.251953 1410.273438
v 2729.799316 5367.823730 1277.464844
v -2451.848877 5205.669922 1406.937500
v -2513.720215 5364.376465 1276.484375
v -4255.008789 3422.004395 1265.304688
v -4389.950195 3501.482910 1127.398438
v 4598.166992 3127.478271 1458.058594
v 4708.405762 3261.850342 1279.707031
v -4360.709961 -371.252441 17.070313
v -4360.710449 -445.596741 941.835938
v 5981.304199 20.803162 -1109.882813
v 6092.925781 -393.952271 183.343750
v 6529.534668 -206.841064 -267.789063
v 6047.110352 -255.665039 -253.210938
v -4347.243652 -422.825195 639.191406
v -4843.678223 -407.609680 642.914063
v 6490.415039 -63.644043 -722.125000
v 6007.247559 -109.933350 -702.039063
v -4347.243652 -397.121948 319.464844
v -4843.678223 -381.505554 318.210938
v 6384.536133 -104.745422 -618.898438
v 6407.109375 -187.589905 -357.359375
v 6129.451172 -133.638000 -615.453125
v 6153.259766 -220.688538 -345.976563
v -4463.480957 -402.426758 383.378906
v -4463.480469 -417.851074 575.246094
v -4724.563477 -387.210876 387.101563
v -4724.563477 -402.236023 574.000000
v -4703.771484 -360.413452 3.691406
v -4847.861328 -367.403687 148.816406
v 6316.071289 50.367310 -1135.851563
v 6473.822266 6.859314 -950.835938
v -4847.861328 -420.749939 812.390625
v -4703.771484 -437.032959 956.765625
v 6551.929688 -281.937561 -25.695313
v 6427.818848 -366.829529 193.945313
v 5282.876465 2176.967529 654.941406
v 5226.959473 2237.021484 245.054688
v 5160.424805 2125.651855 338.156250
v 5191.864746 2091.963867 568.382813
v 5201.194824 2270.157715 38.824219
v 5246.426758 2002.909302 1065.085938
v 4860.265625 1899.459229 -119.378906
v 5023.645020 1728.817871 1062.910156
v 4960.202148 1776.616943 662.468750
v 4903.846680 1834.022217 259.273438
v 4990.383789 1916.661011 335.820313
v 5024.641113 1881.459229 581.890625
v 5083.552734 2179.237549 -133.292969
v 5314.025879 2147.496338 870.628906
v 5017.914551 1612.281006 -132.335938
v 5167.659180 1466.260010 1066.070313
v 5108.840820 1506.729980 660.980469
v 5056.994141 1555.965820 251.187500
v 5146.880859 1633.307739 329.238281
v 5178.308105 1603.182861 578.722656
v 5253.400879 1871.569824 -148.125000
v 5477.860352 1852.465820 871.726563
v 5449.097168 1877.702026 652.460938
v 5397.770020 1929.213257 236.015625
v 5326.275391 1827.366211 330.695313
v 5355.234863 1798.351807 565.468750
v 5374.342773 1957.801025 26.199219
v 5402.746582 1720.203613 1069.375000
v -4713.666016 2722.721436 -3659.074219
v -4564.960449 2722.721436 -3659.074219
v -4564.960449 2457.856201 -3463.039063
v -4860.258789 2457.856201 -3463.039063
v -4713.666016 5511.895020 -2831.222656
v -4609.313477 5414.563965 -2871.929688
v -4609.313477 5312.379395 -2627.601563
v -4860.258789 5409.711426 -2586.902344
v -4807.170898 1108.613525 1043.632813
v -5102.467285 1113.447266 1027.351563
v -4851.523926 3113.934570 2575.351563
v -5102.467285 3205.940430 2628.781250
v -4860.257324 3770.664307 1332.109375
v -4807.170898 1515.170654 -326.128906
v -4860.257324 1497.252686 -226.597656
v -4609.313477 3685.327393 1262.734375
v -2799.838379 6037.345703 -15216.761719
v -3227.740479 6083.158203 -15126.291016
v -3413.695068 6450.407227 -15464.263672
v -2691.960693 6317.627441 -15648.480469
v 4241.900879 3446.183350 -19053.943359
v 4162.083984 3561.283936 -19039.181641
v 4707.338379 4203.292969 -19056.158203
v 4820.347168 4119.764648 -19065.654297
v 4359.938477 3290.555908 -18489.689453
v 4728.084473 4137.023438 -18888.802734
v 4921.569336 3809.918213 -18280.916016
v 5084.119629 2060.547607 -16796.248047
v 5810.898926 2592.486572 -17058.552734
v 5634.212402 3096.977783 -17875.130859
v 4997.381348 2687.452881 -18027.564453
v 4384.057129 3249.153076 -18755.751953
v 5014.441895 3848.908936 -18655.146484
v 4577.578125 3091.294189 -18529.042969
v 5198.971191 3670.193359 -18420.550781
v 5954.091309 5633.427734 -15358.197266
v 6007.690918 5749.942383 -15538.447266
v 5376.731934 4556.791992 -14457.720703
v 4872.814941 5021.738281 -14971.251953
v 5570.602051 5945.900391 -15748.941406
v 6178.900879 6529.229492 -17315.255859
v 5795.001465 5832.793945 -15531.068359
v 5990.353027 5764.511719 -15785.572266
v 6176.735840 6615.171875 -17495.576172
v 5256.801270 6929.412109 -17334.759766
v 5258.964355 6843.470703 -17154.443359
v 5513.561035 6670.193359 -17185.962891
v 5228.547363 6637.309570 -16943.787109
v 5492.205566 6804.362305 -17451.294922
v 5244.598145 6888.943359 -17408.009766
v 5203.166504 6812.526367 -17766.361328
v 5385.480957 6641.122070 -17617.181641
v 5248.074707 6072.252930 -16897.376953
v 6042.572754 5963.208984 -16333.775391
v 5742.545410 5615.940430 -16362.822266
v 5165.879395 6375.562500 -16441.970703
v 5520.589355 6207.875000 -16399.275391
v 5125.141113 5885.994141 -16458.763672
v 6036.186035 6448.905273 -17661.646484
v 3295.571289 1519.728149 -16134.927734
v 2596.493164 2149.026611 -15942.044922
v 2210.729492 3010.907959 -15769.212891
v 2194.180664 3940.514893 -15643.021484
v 2523.958008 4775.319336 -15200.904297
v 3179.975586 5425.675781 -14945.537109
v 4051.780273 5779.403320 -14762.916016
v 5006.650879 5782.677734 -14680.837891
v 5899.214355 5434.972656 -14711.810547
v 7011.177246 3027.339600 -15356.595703
v 6606.261230 2222.233643 -15607.166016
v 5851.362793 1636.565796 -15843.427734
v 5030.596191 1245.073608 -16146.056641
v 4161.134766 1182.107788 -16230.087891
v 3594.755859 2600.568604 -19655.507813
v 3003.942383 3310.927979 -19471.501953
v 2814.839844 5827.204102 -18627.001953
v 3334.268555 6435.402344 -18433.251953
v 4370.271973 6922.161133 -18146.537109
v 5319.500488 6903.241211 -18015.642578
v 6190.094238 6486.856445 -18137.908203
v 6872.280762 5798.617188 -18138.486328
v 5232.793457 2187.344971 -19296.044922
v 4479.016113 2223.917725 -19591.994141
v 3670.065430 2728.147217 -19697.955078
v 2930.766602 5783.422852 -18718.607422
v 3415.663086 6357.369141 -18538.306641
v 4413.158691 6861.607422 -18281.603516
v 5312.420410 6843.677734 -18157.599609
v 6128.355957 6408.340820 -18255.267578
v 6773.986816 5754.085938 -18248.509766
v 5213.387207 2333.592041 -19340.587891
v 4507.343262 2369.795654 -19632.808594
v 3420.330078 1675.882202 -15883.248047
v 2795.733398 2235.911865 -15705.302734
v 2451.854492 3007.100342 -15556.759766
v 2442.360352 3900.388916 -15442.798828
v 2731.488281 4582.255859 -15049.412109
v 3317.132813 5162.842773 -14821.439453
v 4095.417969 5478.625000 -14658.408203
v 4947.860840 5481.546875 -14585.134766
v 5744.675293 5171.142578 -14612.783203
v 6737.363770 3021.773193 -15188.400391
v 6401.273926 2284.519287 -15435.712891
v 5738.813965 1749.514404 -15662.134766
v 4983.357910 1414.968140 -15884.380859
v 4199.224609 1372.360474 -15939.326172
v 3198.651367 874.252075 -13762.310547
v 2578.762695 1450.705933 -13637.955078
v 2230.172852 2205.470947 -13435.826172
v 3873.739258 4676.996094 -12537.470703
v 4726.182129 4679.916992 -12464.201172
v 5522.998535 4369.512695 -12491.853516
v 6142.885254 3793.057861 -12616.201172
v 6491.469238 3038.296143 -12818.333984
v 6515.688965 2220.143311 -13067.470703
v 6211.843262 1463.140747 -13325.685547
v 5626.190918 882.552124 -13553.654297
v 4847.905762 566.769897 -13716.685547
v 3995.467773 563.847900 -13789.958984
v 3668.945313 2186.946533 -14081.259766
v 3308.885742 2966.547119 -13872.474609
v 3622.727539 3748.456299 -13605.763672
v 4426.627441 4074.628662 -13437.373047
v 5249.669434 3754.019775 -13465.923828
v 5820.573730 3048.210693 -13660.685547
v 5295.880371 2192.509521 -13941.419922
v 4491.985840 1866.333740 -14109.818359
v 5092.705566 6175.454102 -15878.478516
v 4123.801758 6160.027344 -15773.294922
v 2615.103516 5104.916016 -16274.435547
v 2274.747070 4256.958984 -16563.673828
v 2301.874023 3340.505127 -16842.744141
v 2692.344727 2495.046631 -17069.162109
v 3386.715820 1849.324463 -17208.458984
v 4396.229980 1449.484985 -17484.888672
v 5488.711426 1506.916870 -17387.896484
v 6197.525879 1948.818115 -16917.986328
v 6708.270020 2579.128662 -16575.306641
v 7095.408691 3332.796143 -16351.376953
v 7075.201660 4273.390625 -16151.060547
v 6684.728027 5118.846680 -15924.634766
v 6143.315918 6317.690430 -17586.916016
v 5250.752441 6665.395508 -17555.943359
v 4295.882324 6662.121094 -17638.021484
v 3424.074219 6308.392578 -17820.634766
v 2768.060547 5658.037109 -18076.005859
v 2454.833008 3893.624268 -18644.310547
v 2845.303711 3048.167725 -18870.736328
v 4432.236816 2054.752197 -19040.998047
v 5251.562988 2070.345459 -18892.208984
v 7255.284668 3910.054932 -18231.701172
v 7228.154785 4826.510742 -17952.634766
v 6843.729980 5632.015625 -17589.462891
v 6119.247559 6230.673828 -17303.490234
v 5226.687988 6578.377930 -17272.517578
v 4271.818848 6575.102539 -17354.595703
v 3400.013672 6221.371094 -17537.212891
v 2743.995117 5571.020508 -17792.580078
v 4409.721191 1966.950439 -18758.689453
v 5328.311035 1954.969482 -18630.064453
v 6296.412598 2303.669189 -18480.474609
v 7231.219238 3823.039307 -17948.279297
v 7204.094238 4739.491211 -17669.212891
v 6819.665527 5544.995117 -17306.041016
v 5090.033691 6107.413086 -15506.607422
v 5990.357910 5764.570313 -15785.345703
v 4108.323242 6104.055664 -15590.990234
v 2537.551758 5071.743164 -16041.287109
v 2187.629883 4199.949219 -16338.654297
v 2215.522461 3257.732178 -16625.572266
v 2616.959961 2388.507080 -16858.361328
v 3330.858398 1724.629150 -17001.572266
v 4322.712402 1333.930786 -17268.576172
v 5393.299316 1413.608032 -17182.810547
v 6120.950684 1868.306885 -16698.400391
v 6707.680176 2490.806885 -16348.130859
v 7143.998535 3250.485107 -16122.603516
v 7116.112793 4192.702148 -15835.689453
v 6721.582520 5086.066406 -15681.658203
v 6159.797363 6299.998047 -17330.033203
v 5242.145020 6657.467773 -17298.197266
v 6175.959473 6358.435547 -17520.373047
v 4260.432129 6654.111328 -17382.580078
v 3364.122070 6290.435547 -17570.333984
v 2689.661133 5621.797852 -17832.880859
v 2430.766602 3806.607666 -18360.888672
v 3004.536133 3160.254150 -18855.392578
v 4400.621582 1917.213623 -18824.998047
v 4416.781738 1975.652100 -19015.341797
v 5320.509277 1910.219482 -18689.560547
v 5266.904785 1988.608643 -18866.126953
v 7303.025879 3824.678955 -17992.947266
v 7319.187988 3883.115967 -18183.287109
v 7275.140137 4766.896484 -17706.033203
v 7291.298340 4825.333008 -17896.376953
v 6879.736816 5596.166992 -17336.505859
v 6895.895020 5654.606445 -17526.841797
v 6043.617676 6173.070313 -17672.373047
v 5280.318848 6688.858398 -18038.005859
v 4405.615723 6706.294922 -18158.623047
v 3537.874023 6164.501953 -17887.744141
v 7079.145020 4928.649414 -18431.751953
v 6719.331543 5707.727539 -18223.111328
v 7189.393066 5180.897461 -18454.025391
v 7262.774902 4951.700195 -18360.384766
v 7272.326660 3971.692627 -18432.458984
v 7172.884277 3704.768799 -18301.720703
v 7226.696777 3652.686279 -18261.884766
v 7104.451660 3414.627686 -18060.429688
v 6826.764160 2553.891846 -16833.130859
v 6082.000488 2599.177002 -18538.962891
v 6518.700684 2754.745850 -16879.455078
v 6954.507324 3817.905518 -18257.869141
v 7075.268066 5170.658203 -18554.861328
v 6647.674316 2523.249756 -17993.537109
v 6301.218262 2711.025146 -18093.666016
v 6652.652832 3273.141846 -17696.556641
v 7009.172363 4263.359375 -18291.451172
v 2706.958984 3998.931885 -18803.072266
v 2754.057617 3862.901611 -19020.650391
v 3387.996094 6171.881836 -17376.935547
v 4007.491211 6112.833984 -15797.658203
v 3958.910156 6043.432617 -15622.283203
v 3184.877441 5573.788086 -15607.691406
v 2790.093750 5322.106445 -15942.982422
v 2979.788086 5466.456055 -16132.474609
v 3637.698242 6068.898438 -16557.990234
v 3873.307617 6110.933594 -16308.626953
v 3625.869141 5762.503906 -15434.302734
v 3462.839844 5622.859375 -15193.103516
v 2746.655273 5160.266602 -15875.228516
v 3058.293945 5632.159180 -16509.283203
v 3033.364258 5648.653320 -16710.009766
v 2752.263672 2711.731201 -17774.923828
v 3397.852539 1889.593018 -17339.623047
v 3903.053711 2175.773682 -18997.509766
v 3953.466797 2241.253662 -19024.388672
v 4024.563477 2400.948975 -19576.228516
v 4123.354492 2519.378174 -19619.484375
v 3672.965332 2447.346436 -17500.589844
v 3086.598633 2968.394287 -17829.673828
v 2937.234375 3349.054932 -18899.794922
v 2923.526855 3485.043457 -19424.875000
v 3109.266602 2339.261475 -17743.447266
v 3960.103516 1887.086914 -18047.300781
v 4188.562012 2311.580811 -18144.703125
v 3335.868164 2758.686279 -17821.443359
v 3036.713867 3107.553467 -17858.998047
v 2743.280273 3129.944580 -18542.103516
v 2767.917969 3215.718018 -18825.861328
v 2691.634766 2950.156982 -17947.314453
v 6982.387695 3177.426758 -17928.052734
v 2705.786133 2999.421143 -18110.291016
v 3053.861328 3044.931396 -18238.853516
v 3548.331055 2433.739014 -19111.958984
v 3661.338867 2355.050049 -19014.255859
v 3879.324219 2122.467041 -18813.318359
v 3886.443359 2117.510010 -18807.154297
v 3975.584961 2136.248291 -18742.564453
v 4432.705566 1853.868408 -18506.404297
v 4475.914551 2245.371338 -18473.130859
v 4092.740234 2430.411865 -18675.896484
v 4637.347168 2211.255127 -18426.669922
v 3687.307617 2630.869385 -18966.763672
v 3006.575195 3180.706787 -18174.267578
v 3551.954102 5974.374023 -17500.994141
v 3165.744141 4656.286133 -16047.560547
v 4198.895508 5506.250000 -16037.902344
v 3298.190430 5264.670898 -16837.857422
v 3385.743164 5252.890625 -16577.611328
v 3371.434570 4981.183594 -16102.779297
v 3545.460938 4974.101563 -15650.556641
v 3759.822266 4930.214844 -15245.912109
v 4063.372070 5182.192383 -15492.048828
v 3947.333008 5581.242188 -16595.962891
v 3698.862305 5757.042969 -17250.955078
v 2711.272461 5452.675781 -17407.115234
v 2340.651367 4495.270508 -17339.876953
v 2727.845215 4470.810547 -17477.333984
v 3041.371094 5313.598633 -17628.400391
v 2679.780273 5338.807617 -17036.244141
v 3068.833008 5168.446289 -17279.302734
v 2466.008789 5654.506836 -17811.154297
v 2411.454102 5722.127930 -17991.033203
v 2026.887573 5037.318359 -18164.818359
v 2138.008545 4845.785156 -18015.712891
v 2535.387695 5608.865234 -17795.099609
v 2216.766602 4824.589844 -17993.310547
v 2078.973389 5049.194336 -18230.396484
v 2278.116211 5798.870117 -18571.150391
v 2481.139648 5788.852539 -18568.099609
v 2253.208008 5046.689453 -18318.650391
v 2380.463867 4578.764648 -17480.419922
v 2645.858398 5471.919922 -17430.818359
v 2894.157227 5381.687500 -17758.654297
v 2650.854492 4652.935547 -17757.248047
v 6633.748535 4934.491211 -15324.173828
v 6621.104004 3507.067139 -13855.111328
v 6726.067871 3403.388428 -15072.201172
v 6312.965332 5114.654297 -14958.939453
v 4030.691406 691.221558 -13714.767578
v 4105.938477 963.330933 -14601.060547
v 4873.194824 658.213745 -13524.478516
v 4927.122559 853.227417 -14159.654297
v 3257.747070 1087.959839 -13968.322266
v 4387.062012 914.507935 -14413.392578
v 5257.639160 891.241577 -13731.615234
v 4312.234863 624.438354 -13468.080078
v 3489.073242 1166.619019 -14471.134766
v 3914.825195 1263.381470 -15255.814453
v 4039.098633 1132.650269 -15018.791016
v 4254.508301 5205.810547 -15388.373047
v 4140.203125 1147.130737 -14540.576172
v 4379.337402 1105.731567 -14351.505859
v 4878.412598 1034.584351 -14101.517578
v 4829.372559 843.100464 -13471.431641
v 5171.682129 1065.722290 -13680.736328
v 4306.542480 816.775024 -13409.513672
v 4063.556641 876.370239 -13655.130859
v 3329.181641 1265.918823 -13907.619141
v 3560.697266 1344.468628 -14410.345703
v 3987.728516 1440.978882 -15195.833984
v 4114.354492 1309.544556 -14959.638672
v 2639.944336 4251.224609 -13971.201172
v 3202.232422 4747.341797 -13468.111328
v 2869.241211 4375.290039 -13403.330078
v 3544.195313 4615.525391 -12876.228516
v 2244.616211 3163.406006 -13641.982422
v 2210.772461 2861.065186 -13236.189453
v 2391.559570 3551.770752 -13767.064453
v 2783.862305 4161.131836 -14476.701172
v 2995.184570 4258.169922 -13918.650391
v 3300.614258 4612.109375 -13991.333984
v 3615.018555 4462.176758 -12917.294922
v 2553.450195 3488.705322 -13772.685547
v 5023.242676 1970.355225 -16329.658203
v 5642.831543 2262.112061 -16256.189453
v 4974.941895 1928.929932 -15940.462891
v 5577.453613 2211.934814 -15916.357422
v 6164.229004 4375.751953 -14590.302734
v 6258.191895 3424.359131 -13990.111328
v 6617.064941 3522.186768 -15343.744141
v 6375.057129 3164.262939 -14486.767578
v 6560.787109 3291.990967 -15172.570313
v 6310.844238 4773.516602 -15375.626953
v 6013.720703 4750.333984 -14860.707031
v 4356.342285 6861.051758 -18054.361328
v 4046.198242 6389.916016 -17778.927734
v 4360.162598 6424.864258 -17761.673828
v 6357.489746 4569.114258 -14653.837891
v 6269.859863 4682.755859 -14718.138672
v 6364.776855 5002.026367 -14805.201172
v 7001.477051 4006.803467 -15282.763672
v 6995.599121 3553.743896 -15196.298828
v 6641.009277 3908.508545 -15361.400391
v 6668.471191 3328.705811 -14399.091797
v 5088.435059 6179.477539 -15941.666016
v 5088.435059 6179.477539 -15941.666016
v 2773.460938 3929.230225 -18143.351563
v 4551.164063 6982.356445 -18043.039063
v 5401.049805 6909.406738 -17981.425781
v 4535.221680 6926.736328 -17861.570313
v 5457.840820 6844.283691 -17811.667969
v 4549.512695 6833.255371 -17888.968750
v 5449.527344 6750.015625 -17844.738281
v 5742.425781 6981.850586 -18370.863281
v 5870.926758 6919.121094 -18244.992188
v 5570.655273 6899.890137 -18096.542969
v 6086.160645 3911.630615 -8250.625000
v 5774.718262 5301.838379 -12839.193359
v 5841.752441 3720.046387 -8334.562500
v 6201.564453 4150.771973 -8401.828125
v 5957.155273 3959.188477 -8485.765625
v 5904.426758 5432.766602 -12638.166016
v 5670.606445 5212.079590 -12648.642578
v 6177.663086 5048.962402 -10652.082031
v 8295.630859 1880.276367 -9316.871094
v 8312.548828 1624.982666 -9170.304688
v 8016.346680 1530.293457 -9214.593750
v 8084.427734 2311.992188 -9687.277344
v 7531.471680 3492.017090 -10770.566406
v 6460.647461 4852.418945 -12826.837891
v 6201.712891 4775.182617 -12902.925781
v 7374.335449 3852.247803 -12150.154297
v 7294.366699 3306.154541 -10851.998047
v 7847.322754 2126.129395 -9768.710938
v 7147.501465 3638.150146 -12160.320313
v 5987.395508 4750.015625 -10378.835938
v 6230.839355 4916.367676 -10234.503906
v 7381.975098 3811.046387 -11063.445313
v 7535.318848 3663.805664 -11173.865234
v 7298.769531 3502.786133 -11313.621094
v -759.318176 9703.342773 -14200.228516
v -910.407288 9597.585938 -14209.009766
v -528.008850 9380.064453 -14388.289063
v -679.082336 9274.305664 -14397.072266
v -546.313049 9446.374023 -14909.687500
v -696.588318 9339.491211 -14919.125000
v -951.600647 10012.777344 -14580.187500
v -1101.875366 9905.897461 -14589.617188
v -248.140167 8121.524414 -14976.070313
v -329.959991 7716.082520 -15125.427734
v -465.473175 7751.641602 -15632.335938
v -322.124786 8461.997070 -15370.652344
v 1844.958862 8758.517578 -1914.179688
v -12.467094 8798.637695 -1901.320313
v 1859.752563 8623.463867 -1995.054688
v -2.505730 8665.591797 -1981.613281
v 1937.036133 8840.423828 -1597.937500
v -51.505424 8851.506836 -1593.785156
v -31.525230 8581.491211 -1718.308594
v 1937.622803 8568.255859 -1723.253906
v -1844.178467 8587.639648 -1963.101563
v -1840.282593 8456.452148 -2042.457031
v -2009.105225 8612.640625 -1665.109375
v -1972.813721 8345.528320 -1788.117188
v 1350.784180 7748.504395 2475.070313
v 1421.106445 7485.975586 2343.664063
v -2443.698975 6644.469238 2154.378906
v -2339.256348 6397.233887 2029.625000
v -2440.788330 6444.441406 4498.828125
v -2529.361816 6696.438477 4352.281250
v 1335.910522 6823.906250 4159.480469
v 1266.506714 7132.949219 4108.023438
v -98.180733 7418.310059 2396.406250
v -535.177612 7462.437012 1969.328125
v -699.280762 7267.163086 2356.984375
v -1526.308105 7025.630859 4275.957031
v 535.002075 7160.914063 3533.785156
v -2145.003418 7056.618652 5370.867188
v -73.032631 7148.454590 2263.945313
v -455.128510 7201.213379 1854.328125
v -660.896301 6994.843262 2222.714844
v -1650.361816 6703.291504 4436.558594
v -2492.028809 6653.810547 5521.394531
v -2587.714111 6934.667969 5506.765625
v 521.762573 6828.971680 3575.308594
v -1589.052368 6720.788086 4275.910156
v -2028.167969 6773.770996 5340.972656
v 3093.168945 7382.820801 -1941.003906
v 2973.087891 7287.413574 -2009.882813
v 2905.756592 7496.354980 -1578.531250
v 2704.614746 7310.998047 -1689.800781
v 5524.472656 5075.012695 -2947.582031
v 5520.105469 5215.919434 -3171.289063
v 5622.193359 5308.708008 -3115.324219
v 5771.351563 5176.338379 -2893.746094
v 2882.780762 5029.144531 1789.500000
v 3076.195801 5313.507813 1749.828125
v 5683.829102 3034.113770 164.371094
v 5923.978516 3221.700195 86.632813
v 6777.498047 1876.408691 1864.472656
v 6925.455078 2139.111328 1792.523438
v 3495.891113 4552.196289 2908.398438
v 5063.332520 3118.034180 3319.128906
v 7195.358398 1616.554199 2108.515625
v 5783.250977 2473.744629 3547.773438
v 6249.102051 2402.454590 2631.085938
v 3367.141357 4213.478516 2963.832031
v 5047.009766 2751.144531 3278.089844
v 7093.961914 1262.558105 2256.511719
v 5944.763672 2000.223145 3460.332031
v 6364.187500 1932.932617 2671.730469
v -4292.769531 6828.708984 -16192.117188
v -3342.646240 6449.670898 -14715.773438
v -3536.906006 6600.484375 -17006.316406
v -4565.056641 7851.867188 -17916.214844
v -4254.667969 7011.794922 -16369.542969
v -4576.675781 7945.327148 -18101.121094
v -3837.251709 7333.491211 -18456.847656
v -3825.630615 7240.030273 -18271.937500
v -3998.009521 7448.929688 -18098.570313
v -3739.263428 7181.230469 -17982.410156
v -3801.724365 7411.352539 -18476.658203
v -3692.825928 7727.925781 -18662.773438
v -3973.794678 7886.805664 -18383.220703
v -3826.542725 7722.326172 -18125.583984
v -3542.513428 7477.511719 -17512.552734
v -4321.808594 7351.418945 -16869.507813
v -3896.144287 7477.104492 -16692.921875
v -3632.421631 6911.671875 -17466.841797
v -3400.534912 7194.950195 -17110.892578
v -4359.089844 8127.940430 -18115.634766
v 17.636925 8862.561523 -13975.398438
v 419.353729 8115.299805 -14499.826172
v 432.859589 7352.231445 -15141.626953
v 71.976768 6708.291016 -15778.062500
v -617.894348 5980.673828 -16051.753906
v -1527.210693 5615.792969 -16228.191406
v -2519.116943 5551.335938 -16172.650391
v -3442.616943 5797.111328 -15893.589844
v -4157.095703 6315.717773 -15433.492188
v -4209.851563 8587.846680 -13738.695313
v -3480.800537 9120.780273 -13380.144531
v -2504.269287 9400.568359 -13264.531250
v -1533.222412 9599.369141 -13357.552734
v -667.890442 9417.703125 -13571.593750
v 102.779503 10370.890625 -17533.480469
v 121.299034 9573.018555 -18128.615234
v -929.458801 8201.468750 -19038.753906
v -1684.913818 7865.344727 -19255.742188
v -2897.234131 7694.715820 -19195.125000
v -3812.044678 7912.522461 -18868.320313
v -4468.656250 8536.503906 -18420.484375
v -4852.386719 9158.875977 -17728.613281
v -35.249794 10393.150391 -17611.460938
v -17.702919 9637.281250 -18175.269531
v -1013.152161 8337.915039 -19037.492188
v -1720.738037 8021.015625 -19245.195313
v -2899.745850 7851.599609 -19226.886719
v -3766.398193 8057.947266 -18917.281250
v -4366.050781 8655.334961 -18451.769531
v -4728.892578 9240.203125 -17789.958984
v -190.324005 8612.297852 -13900.722656
v 168.840057 7941.458984 -14363.886719
v 180.363495 7263.981445 -14941.847656
v -171.751740 6653.124023 -15556.671875
v -757.687317 6039.548828 -15754.351563
v -1569.460693 5713.802734 -15911.863281
v -2454.964600 5656.267578 -15862.275391
v -3279.398193 5875.679688 -15613.150391
v -3917.234131 6338.650391 -15202.404297
v -3964.333740 8367.046875 -13689.406250
v -3327.945068 8880.702148 -13364.511719
v -2460.671631 9153.639648 -13259.378906
v -1583.163818 9276.775391 -13327.916016
v -810.581848 9088.101563 -13518.193359
v 47.113487 6919.859375 -11624.363281
v 401.261932 6283.822266 -12134.187500
v 417.800995 5571.539063 -12665.484375
v -2217.523193 3963.826172 -13585.917969
v -3041.954834 4183.230469 -13336.787109
v -3679.792725 4646.208984 -12926.046875
v -4033.943115 5282.240234 -12416.218750
v -4050.480225 5994.523438 -11884.923828
v -3726.898193 6674.610352 -11413.048828
v -3112.435303 7218.961914 -11072.419922
v -2300.656006 7544.701172 -10914.908203
v -1415.154053 7602.241211 -10964.494141
v -590.720520 7382.827148 -11213.615234
v -825.921692 6960.219727 -13052.794922
v -808.843567 6224.498047 -13601.576172
v -1443.519287 5662.228516 -13953.412109
v -2358.163818 5602.802734 -13902.189453
v -3016.995850 6081.003906 -13477.935547
v -3266.064209 6831.992188 -12926.443359
v -2399.398193 7378.991211 -12577.320313
v -1484.757568 7438.423828 -12628.535156
v -3574.777100 6413.697266 -16824.083984
v -2625.320068 6161.013672 -17111.000000
v -715.519348 6676.537109 -16987.699219
v -27.234169 7286.296875 -16606.142578
v 335.234589 8048.091797 -16077.566406
v 316.715057 8845.962891 -15482.425781
v -79.988075 9558.427734 -14911.345703
v -858.945129 10341.416016 -14544.218750
v -1936.823975 10589.087891 -14264.230469
v -2838.898193 10190.916016 -14126.976563
v -3611.070068 9720.311523 -14265.378906
v -4300.111328 9232.554688 -14606.058594
v -4669.945313 8521.913086 -15203.210938
v -4651.421875 7724.041992 -15798.351563
v -4418.552734 8179.353516 -17940.111328
v -3704.073975 7660.751953 -18400.212891
v -2780.575928 7414.979492 -18679.273438
v -1788.663818 7479.426758 -18734.814453
v -879.355286 7844.317383 -18558.373047
v 171.398651 9215.862305 -17648.240234
v 152.883026 10013.737305 -17053.109375
v -915.480286 11265.009766 -15947.921875
v -1749.972412 11417.259766 -15657.263672
v -4471.310547 10451.476563 -16245.308594
v -4833.777344 9689.689453 -16773.886719
v -4820.496094 8807.797852 -17247.160156
v -4392.779297 7995.638672 -17693.013672
v -3678.300537 7477.031250 -18153.109375
v -2754.800537 7231.261719 -18432.171875
v -1762.894287 7295.711914 -18487.712891
v -853.577942 7660.597656 -18311.271484
v 197.175995 9032.152344 -17401.144531
v -44.839638 9988.872070 -17091.302734
v -2722.204834 10688.192383 -14980.142578
v -4445.537109 10267.767578 -15998.210938
v -4808.003906 9505.973633 -16526.789063
v -4794.720703 8624.080078 -17000.060547
v -3558.198975 6295.532227 -16665.148438
v -4254.722656 7011.580078 -16369.433594
v -2608.741943 6042.841797 -16952.054688
v -654.070129 6484.250000 -16827.757813
v 53.562706 7111.151367 -16435.474609
v 426.218964 7894.359375 -15892.042969
v 407.177948 8714.660156 -15280.175781
v -0.675575 9447.151367 -14693.029297
v -767.347473 10211.550781 -14330.980469
v -1831.736084 10448.125000 -14080.683594
v -2758.415771 10037.158203 -13939.279297
v -3601.044678 9589.937500 -14048.570313
v -4339.642578 9113.564453 -14381.097656
v -4712.296875 8330.355469 -14924.531250
v -4700.625000 7561.198242 -15604.976563
v -4455.691406 7990.012695 -17754.089844
v -3721.124756 7456.837891 -18227.121094
v -4473.000000 8113.390625 -17920.033203
v -2771.667725 7204.145508 -18514.025391
v -1751.878662 7270.414063 -18571.128906
v -816.999817 7645.552734 -18389.728516
v 263.293182 9055.666016 -17454.015625
v 244.254120 9875.964844 -16842.146484
v -898.167786 11141.633789 -15781.974609
v -1790.077881 11339.296875 -15468.361328
v -4509.935547 10326.017578 -16011.648438
v -4527.244141 10449.390625 -16177.582031
v -4882.585938 9542.807617 -16555.078125
v -4899.896484 9666.184570 -16721.023438
v -4868.789063 8638.485352 -17045.082031
v -4886.097656 8761.864258 -17211.025391
v -4257.359375 8298.518555 -17908.666016
v -3688.443115 8041.550781 -18727.378906
v -2845.452881 7840.838867 -19028.529297
v -2126.995850 7628.276367 -18631.386719
v -1034.445068 8263.553711 -18846.636719
v -66.183388 9527.429688 -18007.962891
v -1816.757568 11245.763672 -15879.822266
v -4678.390625 9964.053711 -17202.250000
v -4661.322266 9228.824219 -17750.667969
v -4879.826172 9872.044922 -17384.644531
v -4870.855469 9953.993164 -17129.380859
v -4489.570313 10581.617188 -16420.343750
v -4304.679688 10599.104492 -16152.937500
v -4340.199219 10615.091797 -16073.902344
v -4152.558594 10551.969727 -15787.765625
v -3686.159912 9979.513672 -14386.800781
v -2626.038818 10493.590820 -15296.998047
v -3464.837646 9799.244141 -14645.197266
v -4256.041016 10320.541992 -16439.179688
v -4755.587891 9921.009766 -17470.126953
v -3375.187256 10864.484375 -15167.003906
v -3106.120850 10722.120117 -15459.781250
v -3705.316162 10195.288086 -15548.013672
v -284.456818 8679.122070 -17668.460938
v -129.753693 9219.982422 -17707.197266
v -1749.728271 7192.501953 -18347.380859
v -2492.988037 6169.610352 -17118.406250
v -2438.747803 6053.888672 -16961.576172
v -1516.814209 6060.093750 -16775.265625
v -1004.124817 6343.785156 -16895.681641
v -1221.019287 6473.694336 -17085.781250
v -2038.489990 6680.476563 -17671.470703
v -2307.675537 6534.445313 -17484.070313
v -2031.296631 5957.185547 -16701.570313
v -1847.437256 5792.033203 -16474.808594
v -906.878723 6369.102539 -16737.082031
v -1319.288818 6704.257813 -17441.683594
v -1279.788818 6846.716797 -17591.972656
v 252.535370 9303.438477 -16097.740234
v -91.913857 9643.443359 -15025.693359
v -483.804474 10842.744141 -16051.794922
v -322.023224 10834.262695 -16330.078125
v -554.984192 9539.441406 -15494.794922
v -146.396271 9352.869141 -16490.158203
v 53.023643 9610.888672 -15705.357422
v -318.796661 9504.791016 -16025.179688
v 236.437714 9283.175781 -16408.714844
v -3957.818115 10543.535156 -15547.556641
v -114.870888 9579.785156 -16586.447266
v -939.202942 10934.574219 -15516.628906
v -469.820099 10402.367188 -15553.072266
v -633.480286 10812.212891 -15916.570313
v -1087.378662 10977.391602 -15418.019531
v -1210.077881 10713.497070 -15738.119141
v -410.128693 10717.873047 -16555.191406
v -918.659973 10412.527344 -15813.144531
v -1091.995850 6935.639648 -16362.382813
v -2489.966553 6718.921875 -16638.521484
v -1369.109131 7257.742188 -17317.218750
v -1476.894287 7085.602539 -17116.585938
v -1409.437256 6859.199219 -16599.519531
v -1622.882568 6559.500977 -16255.966797
v -1855.306396 6332.296875 -15905.683594
v -2335.724365 6831.139648 -16888.691406
v -2140.097412 7094.458008 -17247.316406
v -1857.388428 7446.738281 -18054.552734
v -533.441223 7476.492188 -16308.343750
v -818.519348 7410.738281 -17975.210938
v -112.929482 7897.161133 -17427.761719
v -424.574005 8158.342773 -17461.564453
v -1055.570068 7776.039063 -17934.597656
v -82.702919 7681.703125 -17137.964844
v -784.796692 7170.339844 -17651.867188
v -1063.616943 7590.455078 -17587.406250
v -462.281036 7922.169922 -17062.126953
v -618.263489 7535.952148 -18453.996094
v -572.685364 7622.477539 -18637.009766
v 81.500206 8031.216797 -18315.806641
v 33.568565 8059.484375 -18044.136719
v -668.568176 7572.297852 -18391.796875
v -35.945107 8079.706055 -17994.355469
v 34.279503 8093.751953 -18355.523438
v -411.259552 7997.264648 -19108.330078
v -601.839661 8067.213867 -19050.203125
v -121.659950 8222.777344 -18369.929688
v -153.007599 7866.335938 -17429.787109
v -760.867004 7397.064453 -18021.167969
v -927.023254 7792.307617 -18107.535156
v -410.070099 8133.000977 -17603.921875
v -4596.816406 7334.819336 -15274.839844
v -4189.332031 6984.215820 -13216.078125
v -4115.265625 8049.837891 -13909.509766
v -4546.894531 7141.149414 -15131.611328
v -4400.562500 6833.933594 -15250.427734
v -628.449036 7651.742188 -11575.308594
v -709.046692 8226.240234 -12348.015625
v -1442.239990 7795.305664 -11224.166016
v -1499.999756 8207.027344 -11777.939453
v -16.189247 7371.051758 -12231.220703
v -979.501770 8196.933594 -12120.316406
v -1878.046631 7951.867188 -11447.623047
v -898.798645 7585.873047 -11294.986328
v -212.757599 7802.641602 -12566.339844
v -571.310364 8512.454102 -13053.892578
v -665.224426 8439.703125 -12768.205078
v -820.210754 8082.880859 -12441.593750
v -1053.562256 8034.380859 -12228.699219
v -1530.597412 8039.733398 -11890.958984
v -1478.331787 7631.640625 -11342.083984
v -1869.542725 7782.130859 -11569.003906
v -974.867004 7425.991211 -11405.916016
v -738.710754 7507.824219 -11670.818359
v -160.638458 7243.080078 -12311.296875
v -357.363068 7674.725586 -12646.230469
v -716.950989 8385.744141 -13133.804688
v -812.745911 8314.839844 -12847.566406
v -659.636536 5340.652344 -14814.330078
v -1446.392334 4836.580078 -14731.980469
v -989.859192 4890.925781 -14482.656250
v -1841.085693 4161.632813 -13839.398438
v 52.812706 5186.576172 -13534.302734
v 158.508026 5026.583984 -13043.607422
v -225.525177 5109.904297 -13880.107422
v -1779.292725 9172.636719 -13899.962891
v -2481.200928 9167.852539 -13943.337891
v -4242.882813 7410.729492 -15195.845703
v -4010.511475 6918.474609 -14475.605469
v -3795.120850 7020.771484 -13327.535156
v -3747.650146 7303.253906 -13318.695313
v -3750.695068 7605.897461 -13425.279297
v -3924.210693 8130.677734 -13972.285156
v -3745.062256 7046.296875 -13228.205078
v -4219.517578 7363.111328 -15261.750000
v -4155.123047 7227.776367 -15141.601563
v -3992.618896 6892.051758 -15264.382813
v -3973.386475 6844.304688 -14689.734375
v -2870.208740 7651.945313 -19090.974609
v -2735.839600 7671.990234 -18562.482422
v -4077.378662 6919.059570 -14513.718750
v -4263.808594 6920.691406 -14619.958984
v -4217.281250 6877.515625 -14770.468750
v -4050.363037 6854.789063 -14715.218750
v -4423.076172 6793.413086 -15050.578125
v -4119.003906 6883.875000 -14986.533203
v -4140.490234 6870.985352 -15259.324219
v -4336.771484 7187.613281 -15136.968750
v -4453.246094 7345.588867 -15269.863281
v -4335.324219 7354.427734 -15265.765625
v -4470.578125 7365.205078 -15242.269531
v -4355.917969 7383.223633 -15225.468750
v -4461.949219 7959.543945 -14466.593750
v -4344.246094 7959.964844 -14485.195313
v -4590.984375 7959.082031 -14446.195313
v -4418.050781 8150.275391 -14042.300781
v -4199.232422 7960.482422 -14508.119141
v -4105.132813 7537.023438 -13424.320313
v -4031.995850 7415.233398 -13401.488281
v -3940.486084 7262.842773 -13372.917969
v -3947.456787 7006.646484 -13284.464844
v -1072.027100 11061.500000 -16055.953125
v -129.488068 8015.190430 -17586.515625
v 35.308800 8691.956055 -17637.191406
v 139.015839 8794.469727 -17635.246094
v 1125.947510 9811.668945 -12950.460938
v 1480.684814 10029.077148 -12872.269531
v 1682.713135 10144.334961 -13329.210938
v 1041.594971 9820.288086 -13449.593750
v 612.664246 6985.495117 -14315.310547
v 762.164246 7071.987305 -14273.408203
v 387.689667 7310.633789 -14164.013672
v 537.197449 7397.133789 -14122.107422
v 306.925995 7637.145508 -14542.423828
v 455.655487 7724.776367 -14499.984375
v 701.097839 7067.485352 -14807.500000
v 849.818542 7155.108398 -14765.070313
v 4583.930664 8342.397461 -13614.953125
v 4507.260254 8730.930664 -13462.701172
v 4481.689941 9078.129883 -13830.933594
v 4616.043945 8398.774414 -14100.597656
v 4518.740234 9178.905273 -13251.701172
v 4366.716797 9096.079102 -13291.898438
v 4295.494141 9505.012695 -13099.933594
v 4143.462891 9422.182617 -13140.134766
v 4244.722168 9846.590820 -13533.921875
v 4096.474609 9763.381836 -13580.382813
v 4606.528809 9260.536133 -13744.066406
v 4453.720215 9178.836914 -13783.742188
v 3813.588623 6561.196289 -14588.285156
v 3710.617432 6693.317383 -14536.673828
v 3479.739502 6359.172852 -14587.480469
v 3384.459717 6495.209961 -14524.191406
v 3348.495361 6488.883789 -15058.943359
v 3251.973877 6624.233398 -14995.986328
v 3998.203857 6917.713867 -15019.402344
v 3889.911865 7034.227539 -14938.636719
v 3059.208252 6200.821289 -14665.365234
v 3030.484131 6359.598633 -14590.841797
v 2640.708740 6144.360352 -14695.261719
v 2611.983643 6303.137695 -14620.738281
v 2487.514404 6328.045898 -15141.488281
v 2457.333252 6486.625977 -15067.066406
v 3220.747803 6426.969727 -15089.107422
v 3190.567627 6585.549805 -15014.685547
v 2136.352783 6173.075195 -14685.740234
v 2178.597900 6329.149414 -14611.921875
v 1726.287354 6269.446289 -14643.615234
v 1768.520752 6425.508789 -14569.800781
v 1576.239502 6510.325195 -15062.886719
v 1617.052002 6666.731445 -14988.927734
v 2294.713135 6341.493164 -15136.685547
v 2335.526611 6497.893555 -15062.724609
v 3686.108398 12580.629883 -15442.791016
v 3675.176514 12602.541992 -15581.492188
v 2872.914551 12831.139648 -15699.332031
v 2838.186768 12814.770508 -15563.804688
v 3604.376953 12191.586914 -15450.855469
v 2861.055176 12651.647461 -15677.626953
v 2786.790527 12069.442383 -15508.800781
v 3177.225830 10323.192383 -14198.224609
v 2565.502930 10436.532227 -14294.220703
v 2572.511230 11369.454102 -14580.796875
v 3341.627930 11374.688477 -14651.011719
v 3631.484863 12236.809570 -15279.244141
v 2763.983154 12341.555664 -15339.951172
v 3549.541748 12029.934570 -15124.564453
v 2679.667480 12108.436523 -15190.691406
v 233.092010 7953.829102 -15342.123047
v 189.367645 8021.627930 -15548.109375
v 947.779724 7718.422852 -14024.115234
v 1285.596069 7451.842773 -14764.814453
v 844.085144 7469.604492 -16225.402344
v 550.884460 7764.112305 -15896.857422
v 230.324188 8693.547852 -17375.812500
v 316.924042 7845.633789 -15618.191406
v 275.043915 8144.942383 -15745.685547
v 246.790253 8746.389648 -17567.753906
v 779.342468 7936.540039 -17745.015625
v 762.875671 7883.700195 -17553.087891
v 654.431335 8149.950195 -17438.220703
v 822.973572 7863.473633 -17263.625000
v 689.449890 8212.672852 -17727.554688
v 832.786438 7994.694336 -17775.253906
v 1018.850159 8220.014648 -18000.154297
v 909.922058 8339.307617 -17757.712891
v 884.706482 8350.477539 -17501.138672
v 1074.534424 8172.790039 -16860.060547
v 733.294128 8416.827148 -16110.076172
v 843.729675 7689.274414 -16721.880859
v 496.073944 8855.120117 -17599.583984
v 4676.238281 9210.133789 -13532.785156
v 4863.374023 8329.872070 -13867.533203
v 4688.475586 7510.450195 -14336.013672
v 4197.330078 6894.456055 -14845.613281
v 3373.634521 6353.819336 -15019.849609
v 2438.990967 6216.752930 -15181.687500
v 1501.921875 6417.782227 -15183.722656
v 705.066589 6926.286133 -15025.695313
v 169.763641 7664.868164 -14731.626953
v 682.452332 10066.895508 -13541.525391
v 1490.609375 10436.690430 -13249.861328
v 2466.479980 10467.909180 -13125.759766
v 3419.661377 10387.231445 -13184.453125
v 4178.160645 9963.995117 -13296.447266
v 5170.813965 9729.321289 -17231.345703
v 5024.118652 9042.043945 -17571.867188
v 4499.192871 8339.704102 -17958.751953
v 3709.277588 7885.411133 -18255.707031
v 2925.376953 7728.170898 -18450.705078
v 1756.378784 7888.930664 -18443.664063
v 959.546326 8378.874023 -18235.000000
v 505.406219 9196.463867 -17967.486328
v 299.836884 9990.368164 -17451.244141
v 3793.202881 11771.569336 -16150.144531
v 4476.566895 11480.303711 -16474.599609
v 4912.687500 9126.557617 -17636.605469
v 4415.399414 8461.192383 -18003.119141
v 3667.058838 8030.805664 -18284.451172
v 2932.365723 7880.791992 -18470.914063
v 1795.247803 8026.254883 -18501.812500
v 1040.366699 8490.411133 -18304.132813
v 631.841248 9272.858398 -18011.396484
v 436.392792 10021.696289 -17515.439453
v 2751.322754 12108.663086 -16449.302734
v 3750.047607 11701.803711 -16280.591797
v 4393.967773 11436.477539 -16597.082031
v 4417.356934 9048.866211 -13431.468750
v 4583.868164 8260.444336 -13724.859375
v 4428.280273 7531.504883 -14148.529297
v 3953.502686 6947.504883 -14643.078125
v 3254.478516 6498.938477 -14759.029297
v 2420.095947 6376.577148 -14903.480469
v 1583.547852 6556.043945 -14905.320313
v 872.170959 7010.004883 -14764.226563
v 394.291229 7669.358398 -14501.710938
v 851.982849 9813.719727 -13439.265625
v 1569.790771 10182.856445 -13182.082031
v 2442.779053 10233.299805 -13073.919922
v 3289.238281 10111.918945 -13102.226563
v 3959.557861 9710.122070 -13196.701172
v 4161.563965 7881.653320 -10965.455078
v 4333.212402 7117.295898 -11309.433594
v 4172.491211 6364.291992 -11682.523438
v 1327.757324 5388.831055 -12439.304688
v 616.382507 5842.791992 -12298.212891
v 138.502411 6502.143555 -12035.697266
v -33.150917 7266.499023 -11691.718750
v 127.573936 8019.500977 -11318.646484
v 596.190613 8646.510742 -10973.255859
v 1301.380249 9052.071289 -10708.148438
v 2135.763184 9174.424805 -10563.699219
v 2972.313232 8994.961914 -10561.857422
v 3683.685303 8541.002930 -10702.935547
v 3386.002930 7866.483398 -12378.656250
v 3219.992188 7088.702148 -12764.003906
v 2491.603027 6669.797852 -13037.830078
v 1627.524170 6855.172852 -13039.730469
v 1133.911011 7536.215820 -12768.566406
v 1088.794556 8386.668945 -12398.804688
v 2028.313965 8732.903320 -12109.380859
v 2892.388184 8547.532227 -12107.501953
v 757.582214 7343.788086 -16022.626953
v 1576.829468 6820.981445 -16185.093750
v 3478.805176 6833.729492 -16033.785156
v 4268.721680 7288.020508 -15736.814453
v 4793.646484 7990.356445 -15349.933594
v 4973.680664 8833.842773 -14932.031250
v 4781.403809 9690.047852 -14546.707031
v 4256.407227 10667.698242 -14391.875000
v 3316.924561 11216.879883 -14243.580078
v 2375.265381 11107.254883 -14102.964844
v 1539.716309 10846.786133 -14200.894531
v 780.074280 10511.440430 -14481.117188
v 262.699188 9844.467773 -14942.337891
v 82.660851 9000.979492 -15360.251953
v 451.429413 8950.147461 -17447.099609
v 986.732727 8211.565430 -17741.162109
v 1783.585938 7703.063477 -17899.181641
v 2720.656250 7502.030273 -17897.130859
v 3655.298584 7639.100586 -17735.308594
v 4970.135742 8795.729492 -17051.468750
v 5114.497070 9472.049805 -16716.378906
v 4422.588867 11233.987305 -15954.191406
v 3707.422607 11618.000977 -15767.792969
v 2687.674072 11944.600586 -15797.527344
v 964.116882 11352.176758 -16256.982422
v 439.192596 10649.834961 -16643.876953
v 230.529022 9754.362305 -16932.123047
v 423.664032 8823.446289 -17179.398438
v 958.964539 8084.864258 -17473.460938
v 1755.818237 7576.358398 -17631.500000
v 2692.889648 7375.329102 -17629.443359
v 3627.533203 7512.395508 -17467.621094
v 4417.449219 7966.688477 -17170.662109
v 4942.367676 8669.026367 -16783.781250
v 4394.321289 11109.282227 -15686.660156
v 3619.429443 11578.655273 -15487.394531
v 936.349670 11225.473633 -15989.294922
v 411.426483 10523.135742 -16376.187500
v 202.760468 9627.661133 -16664.423828
v 739.719177 7262.290039 -15850.433594
v 274.936737 8144.778320 -15745.554688
v 1558.968506 6739.483398 -16012.910156
v 3483.303467 6673.723633 -15844.443359
v 4295.421875 7140.784180 -15539.136719
v 4835.095703 7862.870117 -15141.371094
v 5020.203125 8730.063477 -14711.722656
v 4822.516602 9610.338867 -14315.562500
v 4304.163574 10567.024414 -14161.367188
v 3374.801025 11097.086914 -14038.212891
v 2406.941650 10982.791992 -13893.035156
v 1511.674438 10766.815430 -13972.373047
v 708.915222 10455.817383 -14250.214844
v 169.235809 9733.735352 -14647.984375
v -8.316689 8901.899414 -15151.964844
v 364.882050 8822.534180 -17240.228516
v 915.237000 8063.196289 -17542.552734
v 383.527557 8907.625977 -17419.996094
v 1734.487305 7540.391602 -17705.017578
v 2697.898682 7333.711914 -17702.921875
v 3658.814697 7474.631836 -17536.523438
v 4470.936523 7941.690430 -17231.230469
v 4821.530762 8596.903320 -17160.992188
v 5010.612305 8663.778320 -16833.478516
v 5158.963379 9358.772461 -16489.144531
v 4447.683594 11170.581055 -15705.345703
v 4466.330078 11255.668945 -15885.115234
v 3667.070801 11633.942383 -15504.029297
v 3727.540283 11658.940430 -15693.523438
v 2617.867920 11857.737305 -15501.179688
v 891.980530 11292.088867 -16016.666016
v 910.628113 11377.178711 -16196.435547
v 352.300507 10570.006836 -16414.410156
v 370.948700 10655.092773 -16594.179688
v 138.574188 9650.819336 -16714.433594
v 157.220673 9735.907227 -16894.189453
v 631.237488 9024.040039 -17427.957031
v 1105.282959 8491.967773 -18116.822266
v 1839.553345 8040.485352 -18309.087891
v 2722.298584 7689.616211 -17842.679688
v 3624.933594 8004.733398 -18092.494141
v 4311.460938 8234.540039 -17419.917969
v 3624.784424 11477.444336 -15877.361328
v 2734.210938 11971.213867 -16307.472656
v 661.340515 10779.094727 -17086.734375
v 495.438934 10001.836914 -17471.849609
v 453.729462 10711.364258 -17255.818359
v 479.139862 10832.114258 -17028.972656
v 1069.567871 11452.041992 -16315.830078
v 1125.285034 11500.629883 -16115.738281
v 1232.801025 11488.096680 -15888.527344
v 1388.109863 11426.044922 -15668.130859
v 1539.297852 11078.405273 -14366.753906
v 2276.571533 11558.348633 -15804.912109
v 2495.152832 11915.778320 -15831.238281
v 2661.701660 11596.399414 -15759.035156
v 1701.913940 10809.768555 -14563.669922
v 1132.864746 11142.185547 -16402.226563
v 582.978699 10708.473633 -17336.960938
v 2069.725586 11657.297852 -15240.289063
v 2108.339111 11478.303711 -15715.550781
v 2594.328369 12049.166992 -16080.025391
v 2286.984863 11404.629883 -15473.250000
v 1596.381104 11059.087891 -15502.304688
v 5116.298828 9473.920898 -17357.896484
v 4490.446289 8299.799805 -17874.437500
v 4389.601074 8404.938477 -17858.371094
v 5039.393066 9720.188477 -17342.486328
v 4570.207520 8362.043945 -17672.560547
v 4474.415039 8521.075195 -17687.671875
v 4368.891113 8332.002930 -17335.730469
v 2676.045898 7304.770508 -17477.705078
v 1701.846069 6794.161133 -16184.833984
v 1719.565063 6705.030273 -16012.554688
v 2572.737549 6514.497070 -15776.544922
v 3123.495117 6620.958008 -15906.726563
v 2959.225098 6757.532227 -16123.732422
v 1974.179199 7010.112305 -16582.697266
v 2067.951172 6564.079102 -15722.843750
v 2191.866943 6410.698242 -15467.167969
v 3217.628662 6649.676758 -15755.123047
v 2971.713135 6969.981445 -16589.597656
v 5042.823242 9149.344727 -15598.607422
v 4794.257324 9748.676758 -14670.583984
v 4774.432617 10830.575195 -16054.375000
v 4709.727051 10837.817383 -16111.933594
v 4749.127441 11104.252930 -16624.320313
v 4624.262695 11118.735352 -16723.576172
v 4345.676758 9681.315430 -15125.488281
v 4652.960449 9182.425781 -15830.740234
v 4935.197266 9536.745117 -16841.201172
v 4931.229492 9553.639648 -15296.492188
v 4564.256348 9489.793945 -15604.072266
v 5086.465820 9344.108398 -16449.304688
v 2742.659180 12189.840820 -16318.599609
v 2614.565430 11929.446289 -16274.373047
v 4761.283691 10741.641602 -15883.333984
v 4756.056641 10745.114258 -15874.742188
v 4654.265625 10749.329102 -15829.031250
v 4609.808105 10778.866211 -15755.949219
v 4287.709961 11090.326172 -15382.949219
v 4046.824707 10867.750000 -15608.263672
v 4391.738770 10610.514648 -15957.521484
v 4731.504883 9257.610352 -16177.777344
v 3186.838135 7282.700195 -15514.998047
v 1839.275391 7384.231445 -15829.867188
v 2955.116455 7418.352539 -16385.511719
v 2876.622803 7247.868164 -15746.236328
v 2595.465332 7094.045898 -15382.746094
v 2315.406738 7012.213867 -15027.083984
v 2015.423950 7400.090820 -16075.701172
v 2270.872559 7522.434570 -16448.115234
v 2592.556396 7652.241211 -17081.623047
v 4361.043945 7709.307617 -16626.902344
v 4089.092529 7953.987305 -16517.847656
v 4328.481445 7560.713867 -16312.960938
v 3553.436279 7174.284180 -16753.279297
v 3402.867920 7638.743164 -16786.013672
v 3815.657715 7312.807617 -17564.384766
v 3883.321533 7345.333008 -17749.523438
v 4590.487305 7613.856445 -17475.880859
v 4548.967285 7703.178711 -17227.761719
v 3777.440430 7370.311523 -17515.539063
v 4488.962891 7748.483398 -17189.029297
v 4563.573242 7675.071289 -17527.671875
v 4137.809082 7556.284180 -18250.445313
v 3978.337158 7678.819336 -18220.753906
v 4452.715820 7828.875977 -17574.667969
v 4315.936523 7690.942383 -16625.958984
v 3640.412109 7304.438477 -17140.664063
v 3590.289551 7689.342773 -17303.765625
v 4149.629883 7965.049805 -16854.986328
v 23.836876 8732.545898 -14793.115234
v 277.153046 8702.055664 -12760.701172
v 633.405457 9521.264648 -13600.371094
v 17.562950 8571.008789 -14620.062500
v 75.477989 8232.213867 -14667.599609
v 3724.327881 8726.465820 -11094.767578
v 3811.155029 9122.674805 -11931.859375
v 3001.490967 9128.110352 -10843.166016
v 3063.717773 9412.059570 -11443.087891
v 4229.757813 8192.821289 -11622.871094
v 3549.149902 9207.159180 -11729.748047
v 2641.751221 9337.579102 -11110.960938
v 3452.088623 8787.649414 -10836.458984
v 4164.908203 8571.213867 -12029.238281
v 4024.534668 9214.465820 -12639.876953
v 3913.967285 9226.098633 -12363.556641
v 3672.462891 9002.409180 -12001.951172
v 3440.115723 9057.309570 -11807.914063
v 2993.814941 9246.098633 -11521.898438
v 2927.518555 8965.901367 -10927.628906
v 2607.597168 9157.987305 -11194.630859
v 3341.920898 8640.247070 -10917.652344
v 3586.355225 8605.098633 -11166.541016
v 4063.973389 8097.481445 -11685.208984
v 3998.997559 8475.999023 -12091.410156
v 3857.978516 9120.606445 -12702.351563
v 3746.131348 9134.493164 -12425.958984
v 3148.849854 6016.942383 -13740.667969
v 2287.514404 5771.590820 -13625.298828
v 2720.736328 5753.700195 -13369.376953
v 1732.114258 5426.125977 -12688.779297
v 3748.481201 5940.819336 -12457.906250
v 3796.985352 5861.866211 -11959.275391
v 3476.218750 5875.329102 -12789.042969
v 3593.691650 5896.801758 -12629.126953
v 3082.866943 6161.569336 -13679.068359
v 2685.862793 5908.995117 -13299.464844
v 2286.405029 5925.731445 -13552.455078
v 1764.770874 5579.114258 -12612.966797
v 3379.125488 6009.288086 -12735.708984
v 3496.603516 6030.760742 -12575.789063
v 3651.386719 6074.778320 -12404.570313
v 3713.906250 5992.944336 -12084.507813
v 3089.738770 9957.850586 -13636.474609
v 2438.565674 10121.549805 -13723.234375
v 3532.270752 11803.954102 -15326.300781
v 2771.217285 11877.446289 -15411.652344
v 3508.517334 11917.840820 -15064.351563
v 2678.953857 12020.295898 -15104.396484
v 389.423798 8623.193359 -14676.777344
v 653.858582 8615.145508 -12846.185547
v 770.967224 8861.889648 -12885.128906
v 848.352478 9117.750977 -13039.912109
v 832.485535 9534.910156 -13661.332031
v 468.919647 8179.979492 -14664.009766
v 455.686005 8299.521484 -14018.773438
v 1768.643066 7863.004883 -18335.960938
v 2165.607178 7794.485352 -17854.531250
v 1889.796997 7947.813477 -17831.890625
v 390.968475 8316.582031 -14054.556641
v 214.479706 8396.475586 -14079.058594
v 248.865204 8316.938477 -14210.281250
v 40.849327 8238.940430 -14473.279297
v 345.127899 8257.026367 -14408.767578
v 326.301239 8198.915039 -14665.324219
v 159.634247 8707.229492 -14780.787109
v 244.749725 8632.716797 -14687.175781
v 148.201630 8734.668945 -14759.408203
v 297.693085 9420.442383 -14132.994141
v 407.213104 9387.729492 -14142.791016
v 177.630829 9456.303711 -14122.240234
v 380.941132 9663.475586 -13763.757813
v 542.141296 9347.428711 -14154.865234
v 501.930389 9144.291992 -13050.306641
v 537.770935 9019.461914 -13002.140625
v 582.618591 8863.262695 -12941.896484
v 508.286835 8648.731445 -12813.144531
v 844.085144 7469.604492 -16225.402344
v 844.085144 7469.604492 -16225.402344
v 844.085144 7469.604492 -16225.402344
v 470.729950 7785.247070 -15860.994141
v 844.085144 7469.604492 -16225.402344
v 4489.339355 7587.635742 -14001.117188
v 4581.508789 7950.112305 -13801.193359
v 4619.728516 8288.266602 -14153.097656
v 4458.235352 7652.647461 -14502.246094
v 4023.072021 9784.336914 -13018.613281
v 3915.156982 9659.545898 -13083.699219
v 3698.055908 9951.243164 -12849.093750
v 3589.682861 9828.395508 -12913.312500
v 3539.788330 10277.948242 -13281.169922
v 3434.705322 10156.901367 -13347.957031
v 4099.739746 10025.911133 -13550.908203
v 3991.779541 9898.022461 -13614.078125
v 4173.481934 6857.458008 -14387.734375
v 4022.202881 6948.795898 -14355.181641
v 4457.552246 7182.276367 -14192.212891
v 4314.391113 7278.010742 -14148.277344
v 4553.486328 7503.221680 -14571.841797
v 4411.173340 7600.026367 -14527.394531
v 4128.827637 7021.784180 -14921.199219
v 3979.299072 7105.942383 -14874.916016
v -2125.326172 8284.302734 -1605.117188
v -1987.626465 8207.694336 -1663.777344
v -4240.512695 5993.430664 -3153.167969
v -4122.338867 5916.570313 -3200.910156
v -2226.429199 6296.106445 1607.753906
v -1995.883301 6117.000977 1546.398438
v -2043.021973 5690.780273 2119.492188
v -4283.549805 4412.166992 -1168.843750
v -2273.716309 5868.536133 2182.656250
v -4540.130859 4528.526367 -1204.218750
v -2690.618652 5622.043945 1559.648438
v -2465.025879 5449.949219 1500.136719
v -4620.482422 3801.977295 -227.308594
v -4353.722656 3777.667236 -315.710938
v -3953.358887 4875.453125 -327.367188
v -3763.854492 4708.743164 -406.109375
v -5170.463379 3722.269531 -2862.441406
v -5051.706543 3091.195313 -4909.812500
v -4972.309082 3720.568359 -2851.742188
v -4858.607910 3089.820313 -4897.695313
v -4916.598633 2977.511719 -4635.105469
v -5202.918457 3039.847656 -4671.679688
v -5015.028320 3479.886719 -3008.218750
v -5301.347168 3542.222656 -3044.785156
v -4938.360352 5967.167969 -3590.671875
v -4951.788086 5969.703125 -3370.015625
v -5104.283691 6012.308594 -3376.867188
v -5201.588379 6037.097656 -3603.410156
v -4973.157715 5993.044922 -5520.523438
v -4820.222168 5947.958984 -5513.621094
v -4833.945801 5950.250000 -5292.921875
v -5097.641602 6022.828125 -5305.710938
v -4703.020020 5039.816406 -3325.140625
v -4692.954590 5032.867188 -3544.703125
v -4973.388184 5015.570313 -3564.191406
v -4870.693848 5026.224609 -3338.683594
v -4704.178223 5002.253906 -5483.824219
v -4541.836426 5015.015625 -5471.132813
v -4563.324707 5015.121094 -5249.214844
v -4836.228027 4996.976563 -5267.707031
v -4773.830566 4204.316406 -3275.234375
v -4952.404785 4280.339844 -3086.734375
v -4820.955566 3890.308594 -5177.472656
v -4950.587402 3976.027344 -4982.664063
v -4773.539551 4240.322266 -3058.308594
v -5059.490723 4273.134766 -3319.742188
v -4649.377441 3834.111328 -5146.675781
v -4672.059570 3885.886719 -4934.527344
v 7959.755371 1858.344727 -13788.949219
v 6967.133301 2425.247070 -13620.687500
v 6806.945313 4264.846680 -13074.679688
v 4420.266602 5256.992188 -12780.203125
v 4546.850098 7771.435547 -12033.894531
v 2330.511719 10717.743164 -11159.402344
v 7764.122070 -870.953613 -4412.960938
v 1196.213135 7999.912109 -1439.277344
v 6306.479004 -678.282715 -14541.843750
v 7959.755371 441.125244 -9014.093750
v 6967.133301 1008.028809 -8845.828125
v 6806.945313 3030.928711 -8917.394531
v 4785.064453 4023.073730 -8622.921875
v 4822.924805 6537.518555 -7876.609375
v 2593.337158 9791.128906 -6910.906250
v 6967.133301 -353.289063 -4259.312500
v 6806.945313 1486.309570 -3713.304688
v 4785.064453 2478.455566 -3418.828125
v 4734.202148 4992.898438 -2672.515625
v -7584.760254 1975.749023 -13754.101563
v -6752.797363 2425.247070 -13620.687500
v -6592.602051 4264.846680 -13074.679688
v -4205.930664 5256.992188 -12780.203125
v -4332.506836 7771.435547 -12033.894531
v -2116.175781 10717.743164 -11159.402344
v -6752.797363 -353.289063 -4259.312500
v -6592.602051 1486.309570 -3713.304688
v -4570.728516 2478.455566 -3418.828125
v -4519.866211 4992.898438 -2672.515625
v -2070.907471 8246.510742 -1706.816406
v -6128.695801 -619.655273 -14524.437500
v -7584.760254 558.529297 -8979.242188
v -6752.797363 1008.028809 -8845.828125
v -6592.602051 3030.928711 -8917.394531
v -4570.728516 4023.073730 -8622.921875
v -4608.585449 6537.518555 -7876.609375
v -2378.995361 9791.128906 -6910.906250
v -7493.102539 -821.361450 -4148.605469
v 7606.816406 -1215.055420 -4515.089844
v 7756.851563 -1206.142578 -3266.675781
v 6967.133301 -1172.304688 -1499.906250
v 5946.035156 -1278.710938 -14720.054688
v 6243.597168 -1265.042969 -12657.882813
v 6790.032715 -1246.177246 -9514.898438
v -7454.543945 -901.743652 -5103.562500
v -6752.797363 -890.888672 -2448.046875
v -6025.819336 -1010.492188 -13207.757813
v -5883.383789 -1027.433594 -14645.472656
v -6529.791016 -963.239990 -9430.921875
v 4369.404297 3927.143555 918.199219
v 910.758057 6494.789551 2179.425781
v -1499.999512 6741.090332 1523.589844
v -4155.067871 4230.888184 -105.167969
v -4205.930664 1832.727295 -1243.257813
v -6592.602051 735.976501 -1185.300781
v -6720.472168 -878.788818 -1127.972656
v 3417.360352 4976.495117 629.203125
v -503.744354 6725.397949 1565.367188
v -3054.033203 5421.355469 -66.046875
v -4171.497559 3400.047119 -283.503906
v -4193.105957 2448.513672 -993.750000
v -5252.148438 1376.789185 -1301.515625
v 4420.266602 1201.094360 884.824219
v 6806.945313 -194.882782 1950.925781
v 4382.095215 3287.642822 772.808594
v 3998.937744 3772.809570 872.394531
v 3100.163818 4692.360352 534.332031
v 828.207703 6121.154297 2039.109375
v -503.744843 6316.458008 1411.789063
v -1334.898315 6402.759277 1396.531250
v -2731.010986 5142.848633 -159.250000
v -3778.774658 4082.182617 -149.304688
v -3734.752197 3391.927734 -285.910156
v -3756.360596 2440.394287 -996.156250
v -3900.665527 1636.565552 -1301.480469
v -5078.363281 992.585022 -1415.550781
v -6288.053223 526.455017 -1247.488281
v -6285.159180 -913.627502 -1138.312500
v 3945.350342 3279.523682 770.402344
v 4115.001953 1004.932617 826.601563
v 6502.396484 -404.403473 1888.734375
v 6531.820313 -1207.141724 -1510.246094
v 3432.159912 2930.768555 -3420.488281
v 2409.777588 4308.606445 -3345.644531
v 904.712585 5951.748047 -2022.750000
v -395.756683 6538.687500 -2500.226563
v -1814.639404 5116.652344 -3824.437500
v -3145.518799 3802.873535 -4097.796875
v -2963.209717 3473.257324 -4474.949219
v -3164.193115 2232.253174 -5004.968750
v -4463.907715 1359.679688 -5156.847656
v -5543.114258 424.202332 -5064.789063
v -5407.800781 -1094.548950 -5012.117188
v 3901.829590 332.611755 -3368.203125
v 5143.140137 -624.729675 -1182.687500
v -4862.158691 4729.093750 -5610.671875
v -4861.924805 4869.685547 -7779.902344
v -4669.153809 4742.652344 -5609.773438
v -4668.919922 4883.244141 -7779.003906
v -4696.434082 4682.431641 -7591.578125
v -4988.635254 4725.014648 -7588.851563
v -4696.621094 4570.199219 -5859.882813
v -4988.822266 4612.781250 -5857.156250
v -4381.659668 7026.732422 -5700.640625
v -4381.686035 7011.312500 -5462.707031
v -4515.903809 7095.275391 -5457.277344
v -4615.074219 7166.839844 -5691.585938
v -4515.669922 7235.867188 -7626.507813
v -4381.451172 7151.903320 -7631.937500
v -4381.473145 7138.966797 -7432.332031
v -4614.887207 7279.074219 -7423.281250
v -6121.581055 6324.439453 -17911.750000
v -6123.150879 6326.774902 -17917.955078
v -6127.784668 6318.556641 -17912.822266
v -1580.717285 3774.545410 -16354.953125
v -1756.382813 3769.123535 -16318.775391
v -1605.830322 3378.265625 -16512.984375
v -1781.483276 3372.836426 -16476.812500
v -1711.397339 3411.428711 -17011.968750
v -1887.144043 3404.624512 -16976.345703
v -1667.414185 4105.745117 -16735.080078
v -1843.159790 4098.942383 -16699.455078
v -5301.805664 1837.214233 -16310.240234
v -5596.738770 2108.183594 -16161.123047
v -5639.075195 2485.253906 -16513.183594
v -5177.309570 1981.432129 -16784.501953
v -2161.897217 2175.506836 -16887.699219
v -2283.340576 2286.097168 -16815.509766
v -2468.034180 1882.243896 -16941.767578
v -2589.488281 1992.842651 -16869.574219
v -2678.792480 1953.970947 -17401.837891
v -2801.316406 2063.550537 -17329.826172
v -2142.425293 2467.784668 -17307.101563
v -2264.937744 2577.360352 -17235.097656
v -2294.952393 5221.120117 -15701.195313
v -2414.857666 5095.876953 -15736.513672
v -2037.288574 4932.972656 -15777.091797
v -2165.154053 4809.234863 -15800.191406
v -2027.076660 5014.045898 -16281.623047
v -2153.965576 4889.382324 -16305.318359
v -2572.511719 5554.109375 -16108.337891
v -2683.196289 5412.232422 -16115.699219
v -4448.048828 5513.597656 -14984.142578
v -4384.938965 5361.929688 -15056.408203
v -4842.810059 5348.208984 -14992.255859
v -4780.455078 5197.934570 -15067.898438
v -5084.978516 5464.504883 -15427.064453
v -5023.977051 5313.621582 -15502.664063
v -4391.604492 5751.075195 -15405.072266
v -4331.661133 5602.164063 -15485.478516
v -5263.682617 5083.477051 -15009.462891
v -5145.693359 4969.591797 -15082.257813
v -5571.194824 4791.501953 -15062.697266
v -5453.194336 4677.609863 -15135.498047
v -5789.136719 4913.919922 -15563.695313
v -5670.024414 4806.250977 -15640.328125
v -5243.702637 5375.274902 -15429.175781
v -5126.771484 5260.368164 -15502.160156
v -5807.827637 4489.533691 -15183.974609
v -5651.917969 4429.504883 -15248.359375
v -5946.824219 4108.800293 -15216.425781
v -5792.909180 4047.834229 -15280.806641
v -6130.540039 4134.191895 -15755.099609
v -5978.376465 4077.212891 -15820.919922
v -5930.512695 4777.764648 -15690.029297
v -5772.062500 4717.062988 -15751.849609
v -5277.448730 6560.214844 -17849.689453
v -5065.042969 6544.199219 -17725.332031
v -5012.252930 6334.754883 -17964.892578
v -5117.022949 7336.089844 -18552.246094
v -5137.883301 7290.666016 -18694.867188
v -5962.456055 6931.632324 -18552.886719
v -5974.485352 6945.336914 -18398.949219
v -4888.500488 6871.685547 -18287.082031
v -5804.167969 6721.294434 -18416.224609
v -4712.113770 6639.232422 -17641.550781
v -4807.764160 6833.975586 -17924.142578
v -4900.108887 6998.535156 -18140.882813
v -5724.782715 6603.572266 -18045.941406
v -5585.259277 6419.394531 -18207.451172
v -4691.762207 6437.453125 -17899.835938
v -3710.305176 1727.828735 -17796.730469
v -3576.149414 1653.496826 -17632.849609
v -4552.547363 1597.481567 -17377.687500
v -3724.685547 1825.372070 -17739.560547
v -4536.572754 1706.296143 -17341.406250
v -3594.136475 1691.187744 -16890.921875
v -3588.886963 1761.289917 -17593.484375
v -2695.486572 5437.028320 -15465.830078
v -3108.012451 5584.587891 -15274.068359
v -3346.564697 5817.051758 -15661.730469
v -2720.502930 5621.459961 -15999.628906
v -7827.206055 5028.333008 -18400.333984
v -7811.684570 5065.705078 -18536.636719
v -7869.126953 4335.355957 -18968.644531
v -7881.608398 4255.688965 -18851.531250
v -7259.614746 4938.895508 -18218.130859
v -7699.647461 4329.047852 -18900.136719
v -7087.089844 4222.066406 -18529.843750
v -5879.887207 4265.201172 -16768.908203
v -5863.397461 3714.765625 -17086.070313
v -6691.575195 3757.723389 -17618.062500
v -6806.734375 4507.172852 -17436.498047
v -7527.892578 4942.893555 -18168.191406
v -7469.497559 4139.464844 -18532.851563
v -7303.914551 4799.179199 -17955.773438
v -7236.641113 4010.802246 -18303.589844
v -2820.611084 2062.061523 -18063.300781
v -2826.967041 2089.183838 -18284.882813
v -3043.369385 2284.525879 -16563.875000
v -2656.651367 2884.389160 -17052.203125
v -2559.343750 2526.814941 -18410.757813
v -3022.375244 2729.202148 -20133.769531
v -2660.974365 2246.594727 -18256.224609
v -2910.420166 2231.401611 -18473.486328
v -3027.842041 2809.122559 -20318.841797
v -2291.428467 3430.662354 -20072.183594
v -2285.962158 3350.740234 -19887.113281
v -2348.748779 3487.691650 -20099.589844
v -2540.309326 3727.074219 -20310.708984
v -2745.377441 3332.493652 -19000.214844
v -3003.792480 2437.729492 -19019.380859
v -3157.036377 2773.557373 -18737.892578
v -2320.720703 3145.655762 -19046.869141
v -2598.218506 2859.972900 -19036.064453
v -3166.026611 3047.757568 -20299.595703
v -5223.389648 5519.890625 -15355.175781
v -4322.221680 5876.673828 -15342.347656
v -3385.968018 5935.420898 -15585.505859
v -2582.887207 5696.445313 -16027.269531
v -1881.382446 5019.771484 -16292.353516
v -1553.443848 4205.867676 -16699.921875
v -1590.999268 3309.312256 -17061.667969
v -1988.313721 2466.587158 -17322.531250
v -2684.921875 1806.006592 -17442.785156
v -5383.427734 1698.786865 -16896.941406
v -5947.211914 2331.106934 -16479.828125
v -6170.532227 3204.671143 -16062.408203
v -6236.371094 4129.536133 -15786.064453
v -5926.410156 4913.804199 -15520.539063
v -4105.175293 7292.596680 -18874.464844
v -3244.092529 6984.288086 -19189.984375
v -2600.590820 6376.949219 -19581.316406
v -2269.920166 5718.302734 -19964.777344
v -2232.432861 4602.746582 -20380.957031
v -2624.575195 3743.379395 -20590.246094
v -3426.001953 3203.872803 -20831.013672
v -4286.463867 2771.365234 -20659.101563
v -4913.525391 6872.943359 -18261.167969
v -4151.853516 7204.625977 -18993.990234
v -3336.101074 6912.547363 -19292.898438
v -2726.463135 6337.174316 -19663.636719
v -2413.070068 5721.375977 -20025.636719
v -2356.613525 4650.396973 -20461.660156
v -2728.120361 3836.269775 -20659.929688
v -3509.589355 3333.269287 -20852.773438
v -4324.022461 2941.442139 -20650.636719
v -5050.429688 5251.235352 -15298.808594
v -4244.711914 5567.483398 -15281.830078
v -3410.108398 5622.196289 -15504.425781
v -2644.357666 5391.054688 -15936.572266
v -2066.912598 4804.761719 -16135.458984
v -1774.153564 4078.165039 -16499.304688
v -1807.681885 3277.784668 -16822.244141
v -2162.379639 2525.458252 -17055.125000
v -2784.260010 1935.740723 -17162.482422
v -5193.298340 1840.017334 -16675.187500
v -5732.788574 2399.465820 -16318.316406
v -5953.543945 3180.365234 -15954.093750
v -5970.068359 3996.707520 -15672.427734
v -5670.512207 4690.156250 -15425.554688
v -4502.329590 4216.944336 -12792.324219
v -3707.954102 4554.293457 -12826.824219
v -2862.007080 4587.906250 -12997.941406
v -1259.581055 2243.494873 -14315.759766
v -1614.277100 1491.169556 -14548.640625
v -2236.157471 901.450439 -14655.998047
v -3030.531006 564.101563 -14621.494141
v -3876.476807 530.489502 -14450.376953
v -4645.199219 805.726807 -14168.705078
v -5219.675781 1347.922974 -13819.347656
v -5512.431152 2074.522949 -13455.500000
v -5478.903320 2874.903076 -13132.558594
v -5124.208496 3627.224854 -12899.677734
v -4004.112061 3988.421875 -14324.669922
v -3130.327148 4023.137695 -14501.417969
v -2536.948242 3463.104736 -14862.267578
v -2571.583252 2636.383789 -15195.837891
v -3213.922363 2027.250732 -15306.730469
v -4118.747559 1793.988647 -15233.292969
v -4681.083984 2552.570557 -14769.132813
v -4646.451660 3379.288086 -14435.562500
v -2910.277832 2231.264160 -18473.347656
v -2149.054688 2840.554688 -18336.250000
v -1740.562500 3706.965332 -18068.058594
v -2106.739502 5445.028320 -17322.917969
v -2750.241455 6052.369629 -16931.585938
v -3611.324463 6360.676758 -16616.064453
v -4558.919922 6323.031250 -16424.386719
v -5448.747070 5945.147461 -16385.738281
v -6342.476074 5326.932617 -16699.533203
v -6752.855469 4350.382813 -17026.986328
v -6526.122070 3420.637695 -17169.271484
v -6111.772461 2686.103516 -17450.669922
v -5592.115234 2093.030518 -17851.847656
v -4747.701172 1815.735107 -18243.023438
v -3800.103760 1853.381348 -18434.699219
v -2591.857178 3605.498779 -20082.554688
v -2194.543457 4448.222656 -19821.691406
v -2156.986084 5344.777344 -19459.941406
v -2484.926758 6158.682617 -19052.376953
v -3989.511963 7074.331055 -18345.527344
v -4937.107422 7036.684570 -18153.845703
v -6011.420410 2714.043457 -19676.597656
v -5486.984375 2193.829590 -20059.476563
v -4177.862793 2538.384766 -20139.269531
v -3228.967041 2832.646484 -19930.728516
v -2532.360596 3493.226074 -19810.474609
v -2135.046143 4335.950195 -19549.609375
v -2097.490234 5232.502930 -19187.863281
v -2425.429932 6046.409180 -18780.294922
v -3068.931396 6653.750000 -18388.964844
v -3930.013916 6962.058594 -18073.445313
v -4877.608887 6924.413086 -17881.763672
v -4096.493652 2385.422119 -19767.921875
v -2110.785400 2768.337646 -18161.242188
v -1702.293091 3634.748047 -17893.050781
v -2000.842529 5393.293945 -17102.107422
v -2039.112793 5465.508789 -17277.115234
v -2662.431885 6017.705078 -16699.773438
v -2700.702393 6089.920898 -16874.783203
v -3547.721924 6334.679688 -16375.390625
v -3585.990967 6406.896484 -16550.398438
v -4521.955566 6295.977539 -16178.320313
v -4560.226074 6368.193359 -16353.328125
v -5436.800293 5907.470703 -16138.583984
v -5475.069336 5979.687500 -16313.591797
v -6311.269043 5297.217773 -16444.693359
v -6380.747070 5343.098145 -16624.988281
v -6698.591797 4340.458984 -16786.210938
v -6792.602539 4343.025391 -16954.919922
v -6464.152832 3384.731934 -16931.382813
v -6558.164063 3387.296387 -17100.093750
v -6087.430664 2584.190918 -17228.031250
v -6149.090332 2628.861816 -17401.841797
v -5584.665527 1947.934692 -17648.035156
v -5622.934570 2020.151855 -17823.042969
v -4699.376465 1630.961792 -17972.423828
v -4737.646484 1703.177246 -18147.431641
v -3741.809326 1700.679443 -18245.146484
v -3780.079346 1772.894775 -18420.154297
v -3203.058105 2798.883301 -20004.757813
v -2486.875244 3478.036865 -19881.117188
v -3288.465332 2944.918457 -20202.808594
v -2078.384521 4344.448730 -19612.925781
v -2039.775635 5266.204590 -19241.009766
v -2376.934326 6102.992188 -18821.982422
v -3038.523682 6727.403809 -18419.650391
v -3745.745361 6987.052246 -18434.847656
v -3923.812500 7044.379883 -18095.265625
v -4898.046875 7005.675781 -17898.195313
v -6938.549805 4092.824951 -18585.046875
v -5927.475586 2725.423828 -19384.882813
v -5291.193359 2183.392578 -19832.035156
v -4117.474121 2381.725098 -19940.132813
v -3394.330811 3102.435059 -20149.259766
v -2787.425049 3830.892578 -20468.861328
v -2426.067383 4622.787598 -20276.000000
v -2351.686279 5313.875000 -19464.716797
v -2742.531982 6231.189453 -19494.628906
v -3246.852783 6623.533691 -18728.541016
v -5773.707031 2403.035645 -20435.279297
v -5768.659180 2208.843262 -20386.687500
v -6053.563965 2793.570068 -19869.320313
v -6142.759766 2984.732422 -19562.226563
v -6255.072754 2950.691895 -19274.722656
v -6293.251953 2728.333008 -17669.724609
v -6629.271973 4243.927734 -18729.408203
v -6011.964844 2970.281738 -17718.273438
v -6719.862793 3497.665527 -18464.750000
v -6453.990234 3802.785889 -18533.253906
v -5999.031250 3186.382813 -18680.412109
v -5860.451660 2847.620361 -19993.562500
v -4590.359863 7273.321289 -18776.320313
v -4045.346436 7179.695313 -18600.863281
v -3225.353271 6948.925293 -19104.289063
v -3313.950195 6840.815430 -19152.828125
v -4652.166016 7133.543457 -18892.318359
v -3349.269287 6948.116211 -18912.935547
v -3482.801025 6852.055664 -19004.048828
v -2064.793701 5167.738281 -19034.371094
v -1735.552979 3826.577881 -18019.796875
v -1695.856812 3788.401367 -17831.052734
v -1874.597412 5079.969238 -17259.005859
v -1857.533691 5014.854004 -17502.783203
v -1924.434326 4992.569336 -17549.486328
v -1919.371094 4546.597656 -18442.013672
v -1888.987793 4209.294922 -18358.054688
v -1690.634277 4023.839844 -17413.892578
v -1627.612305 4060.656250 -17096.208984
v -1744.524048 4595.984375 -17284.900391
v -1955.965332 5112.887695 -17099.041016
v -1984.706299 5092.917969 -17956.005859
v -2043.834229 5216.576172 -18108.279297
v -4707.073242 6602.603516 -17101.898438
v -5476.280273 5997.103027 -16511.648438
v -5222.662109 5740.419922 -17050.507813
v -4615.917969 6315.195313 -17448.337891
v -4750.534180 6914.912109 -18382.103516
v -5153.957031 6361.927734 -16980.847656
v -4954.264648 6129.647461 -17360.296875
v -4688.420898 6931.928711 -17920.033203
v -4704.593262 7013.361328 -17937.328125
v -4749.312500 7044.145508 -18191.832031
v -4560.785156 6696.708984 -17350.314453
v -4595.758301 6761.160645 -17506.421875
v -4803.878418 6785.279297 -17544.589844
v -4771.210938 6528.867188 -17746.603516
v -4614.283203 6507.093750 -17761.330078
v -2621.110596 4954.347168 -17075.464844
v -2416.079346 3788.849365 -17824.966797
v -2524.404541 5139.524414 -18069.427734
v -2465.182129 4931.082031 -17896.162109
v -2477.971436 4746.446289 -17375.615234
v -2414.293945 4518.213379 -17179.335938
v -2338.226807 3978.839111 -16831.648438
v -2377.413818 3804.607422 -17265.771484
v -2398.900635 4040.983887 -17997.031250
v -2465.721924 4405.314453 -18290.115234
v -2485.187500 4924.184082 -18802.009766
v -3076.969482 5551.337891 -16978.031250
v -2344.512939 5893.715820 -18410.261719
v -2948.070801 6425.681641 -17836.265625
v -3184.705811 6231.302734 -18088.169922
v -2697.954590 5762.425781 -18606.486328
v -2878.293213 6294.009766 -17517.173828
v -2266.658447 5746.801758 -18054.230469
v -2680.985352 5583.978027 -18268.390625
v -3147.389160 5995.785156 -17703.652344
v -2240.057373 6272.032715 -18749.605469
v -2236.164307 6399.208008 -18906.062500
v -2681.059570 6949.837891 -18508.185547
v -2822.527100 6816.417969 -18321.595703
v -2301.386963 6214.651367 -18734.203125
v -2865.942627 6742.945313 -18318.833984
v -2722.573975 6938.559570 -18581.941406
v -2355.941650 6802.025391 -19342.501953
v -2454.981201 6632.606445 -19402.550781
v -2840.569092 6839.980469 -18705.402344
v -2923.114502 6384.122070 -17844.533203
v -2309.266846 5957.105469 -18417.351563
v -2630.884033 5940.783203 -18694.765625
v -3102.121094 6289.442383 -18186.888672
v -4196.991699 1135.313354 -15916.099609
v -4834.742188 1711.641724 -16806.574219
v -3560.799316 1559.521851 -17655.310547
v -3232.024902 1654.696289 -17580.833984
v -5211.298340 3791.566650 -13297.941406
v -5397.349121 4142.651367 -14148.757813
v -5541.426758 2992.888672 -13418.484375
v -5674.764160 3244.501221 -14028.238281
v -4648.448242 4492.676758 -13460.529297
v -5485.983398 3818.083252 -14073.501953
v -5616.287598 2734.171387 -13839.375000
v -5289.884277 3439.041748 -13167.947266
v -4900.276367 4549.237793 -13962.408203
v -5343.487305 4588.544434 -14752.212891
v -5405.705078 4385.478516 -14539.365234
v -2402.236328 3585.201416 -17265.742188
v -5240.828613 4045.224121 -14221.978516
v -5303.851074 3753.545410 -14135.892578
v -5483.446777 3218.203857 -14073.925781
v -5351.634277 2964.487305 -13471.705078
v -5416.556641 2744.240723 -13874.007813
v -5109.167480 3374.337158 -13234.164063
v -5053.415039 3695.482422 -13372.113281
v -4513.399414 4365.214844 -13542.658203
v -4765.364258 4421.585938 -14044.468750
v -5209.696777 4460.300293 -14835.166016
v -5273.891113 4255.847168 -14623.320313
v -1840.574463 4377.652344 -15100.408203
v -1490.062500 3542.072754 -15200.144531
v -1609.031738 3860.839844 -14822.541016
v -1300.047119 2710.510254 -14424.091797
v -2188.862549 4493.020508 -13716.681641
v -2246.022705 4367.354492 -13223.650391
v -1997.401367 4358.482422 -14086.689453
v -2077.752930 4410.962402 -13909.525391
v -5729.863770 4087.535400 -16344.804688
v -5747.763672 3472.045898 -16667.812500
v -5578.833496 3930.495117 -16011.597656
v -5616.536621 3357.138672 -16360.910156
v -3748.161133 1912.431152 -17668.527344
v -3601.343506 1732.169922 -16822.507813
v -4803.388672 1922.569580 -17043.562500
v -4622.319336 1743.644287 -16108.734375
v -4902.591797 1943.740723 -16881.300781
v -3677.344971 1945.035400 -17694.630859
v -2236.528320 4577.905273 -20271.283203
v -2464.918701 4507.317383 -19797.914063
v -3590.731689 1688.141846 -16882.041016
v -3561.146240 1565.394165 -17048.013672
v -3457.272705 1649.929688 -17133.250000
v -3281.537842 1552.642212 -17416.871094
v -3674.052246 1615.520752 -17858.267578
v -4548.116211 1591.256836 -17370.203125
v -4532.325195 1700.248779 -17334.376953
v -4565.426270 1471.776733 -17409.476563
v -4888.827148 1521.695923 -17078.171875
v -4512.869629 1834.530151 -17290.236328
v -4587.755859 1418.954102 -16237.236328
v -4485.509766 1444.393433 -16145.300781
v -2233.751221 2985.226074 -18530.066406
v -5839.780273 5970.180664 -17050.585938
v -6411.372070 5417.780273 -17035.945313
v -6795.179688 4693.077148 -17585.228516
v -6309.220703 4793.137207 -17704.951172
v -6052.424805 5040.861328 -17397.199219
v -5752.858398 5296.719727 -17217.996094
v -5632.194336 5526.285645 -17293.806641
v -3900.639404 2189.770508 -18451.972656
v -4719.598145 2162.509033 -18241.541016
v -5089.158203 2508.817139 -19324.406250
v -5883.415039 2642.340332 -19183.472656
v -5106.199707 2217.792236 -19275.835938
v -6321.911133 3052.117188 -18909.496094
v -5934.777344 3121.555176 -19521.882813
v -5452.459473 2784.980713 -19261.134766
v -4878.313477 1906.748169 -16641.886719
v -4799.937500 7130.295898 -18400.089844
v 7325.135742 2176.273438 -13589.281250
v 7325.135742 2731.156250 -15458.781250
v 7021.199707 1605.322266 -16570.812500
v 7021.199707 838.250977 -13986.417969
v 5017.985352 -660.089355 -19612.367188
v 6661.076660 2517.220703 -20237.871094
v 6216.254883 1913.401367 -20417.089844
v 6397.214355 -37.044922 -14246.210938
v 6042.322754 195.474121 -14177.199219
v 4860.011719 234.444336 -14165.632813
v 4298.543945 1344.198242 -18358.933594
v 6042.322754 962.545898 -16761.593750
v 7051.367188 2180.550781 -13588.011719
v 6630.908691 983.152344 -13943.410156
v 6630.908691 1750.223633 -16527.804688
v 7051.367188 2735.433594 -15457.511719
v 4860.011719 -517.100098 -19569.925781
v 6042.322754 2036.668945 -20380.503906
v 6487.144531 2640.485352 -20201.285156
v 5198.944824 -833.341797 -19429.167969
v 6397.214355 1697.786133 -20091.160156
v 7021.199707 2573.082031 -19831.367188
v 6662.794434 2796.924805 -19764.925781
v 6042.322754 1930.305664 -20022.148438
v 7425.158203 2438.771484 -15967.359375
v 7008.754883 2519.023438 -15943.539063
v 7008.754883 1849.083984 -13686.394531
v 7425.158203 1768.832031 -13710.210938
v 7146.142090 1796.016602 -16158.132813
v 6747.771484 1920.922852 -16121.062500
v 6747.771484 1250.983398 -13863.914063
v 7146.142090 1126.077148 -13900.988281
v 4298.605469 -525.149414 -19122.519531
v -7110.800293 2176.273438 -13589.281250
v -7110.800293 2731.161133 -15458.792969
v -6806.864258 1605.322266 -16570.812500
v -6806.864258 838.250977 -13986.417969
v -4803.642090 -660.089355 -19612.367188
v -6446.744629 2517.220703 -20237.871094
v -6001.912109 1913.401367 -20417.089844
v -6182.877930 -37.044922 -14246.210938
v -5827.975586 195.474121 -14177.199219
v -4645.675293 234.444336 -14165.632813
v -4084.207275 1344.198242 -18358.933594
v -5827.975586 962.545898 -16761.593750
v -6837.031250 2180.550781 -13588.011719
v -6416.565430 983.152344 -13943.410156
v -6416.565430 1750.223633 -16527.804688
v -6837.031250 2735.438477 -15457.523438
v -4645.675293 -517.100098 -19569.925781
v -5827.975586 2036.668945 -20380.503906
v -6272.808594 2640.485352 -20201.285156
v -4984.604492 -833.337891 -19429.183594
v -6182.877930 1697.786133 -20091.160156
v -6806.864258 2573.082031 -19831.367188
v -6448.458496 2796.924805 -19764.925781
v -5827.975586 1930.305664 -20022.148438
v -7210.821289 2438.776367 -15967.371094
v -6794.412109 2519.028320 -15943.554688
v -6794.412109 1849.083984 -13686.394531
v -7210.821289 1768.832031 -13710.210938
v -6931.807129 1796.021484 -16158.148438
v -6533.432129 1920.927734 -16121.074219
v -6533.432129 1250.983398 -13863.914063
v -6931.807129 1126.077148 -13900.988281
v -4084.261963 -525.149414 -19122.519531
v 5753.939453 -884.481201 -14588.089844
v 4889.862305 -900.249878 -19539.378906
v 4612.133301 -832.019104 -19828.302734
v 4321.598633 -832.019226 -19828.300781
v 3759.708740 -899.563599 -19324.000000
v -5539.601074 -884.480957 -14588.089844
v -4675.517578 -900.249634 -19539.394531
v -4069.826904 -789.330078 -19821.140625
v -4360.355469 -789.329834 -19821.140625
v -3545.370361 -899.563843 -19324.001953
v 3759.708740 -899.563599 -12814.101563
v -3545.370361 -899.563843 -12814.103516
v 1955.885620 -157.074341 -19674.945313
v -1741.544800 -157.074341 -19674.945313
v 1955.885620 -627.849243 -19074.742188
v -1741.544800 -627.849243 -19074.742188
v 1955.885620 308.816406 -19428.699219
v -1741.544800 308.816406 -19428.699219
v -1741.544800 106.979492 -18748.671875
v 1955.885620 106.979492 -18748.671875
v 2262.391357 1505.932617 -13307.613281
v -2048.050537 1505.932617 -13307.613281
v 3233.018311 381.661682 -14138.253906
v -3018.686035 381.661682 -14138.253906
v 3233.018311 1591.478516 -19725.523438
v -3018.686035 1591.482422 -19725.539063
v 2262.391357 3263.526367 -19229.246094
v -2048.050537 3263.530273 -19229.261719
v 1774.817993 5751.505859 -16932.230469
v -1560.473389 5751.505859 -16932.230469
v -1560.473389 4419.055664 -12442.972656
v 1774.817993 4419.055664 -12442.972656
v 1009.880615 6607.468750 -16678.171875
v -795.533752 6607.468750 -16678.171875
v -795.533752 5275.018555 -12188.914063
v 1009.880615 5275.018555 -12188.914063
v 2568.742188 2121.218750 -20398.937500
v -2354.406250 2121.222656 -20398.953125
v -1641.515259 3744.307617 -20932.992188
v 1855.863525 3744.307617 -20932.992188
v -1301.758057 5834.007813 -18754.171875
v 1516.106323 5834.007813 -18754.171875
v -655.487854 6557.175781 -18539.527344
v 869.834717 6557.175781 -18539.527344
v 2282.854004 -778.215759 -14482.515625
v -2068.514404 -778.215759 -14482.515625
v -2068.514404 431.604980 -20069.800781
v 2282.854004 431.601074 -20069.785156
v -1730.981079 1212.143555 -20668.773438
v 1945.314453 1212.139648 -20668.757813
v -1820.149780 2563.244141 -12993.792969
v -1820.149780 3895.694336 -17483.050781
v -1521.146851 4140.343750 -19256.863281
v 1735.487671 4140.343750 -19256.863281
v 2034.485596 3895.694336 -17483.050781
v 2034.485596 2563.244141 -12993.792969
v -1756.853760 3369.499023 -21049.828125
v 1971.194580 3369.494141 -21049.812500
v 2389.060791 4411.239258 -15329.390625
v 2556.982666 4362.024902 -15339.527344
v 2535.613525 4713.357910 -15130.609375
v 2701.830322 4650.611328 -15135.761719
v 2630.794189 4994.221680 -15540.953125
v 2797.527588 4932.764160 -15545.667969
v 2373.767822 4361.191406 -15916.167969
v 2542.015869 4306.474609 -15893.269531
v 3473.133057 5629.744141 -14769.664063
v 3544.025635 5472.338867 -14811.968750
v 3861.656494 5778.350586 -14691.046875
v 3932.551025 5620.959961 -14733.351563
v 4045.977783 5974.651367 -15119.789063
v 4118.227539 5817.772461 -15161.820313
v 3365.258057 5714.262695 -15257.531250
v 3437.501221 5557.381348 -15299.558594
v 2993.384033 2375.473633 -15780.976563
v 3308.213135 2104.085449 -15866.113281
v 3465.183838 2139.231934 -16346.652344
v 2913.849854 2615.651367 -16200.558594
v 6708.477539 3066.518555 -15253.265625
v 6568.517578 2696.637695 -15404.320313
v 6393.953125 2790.873535 -15877.121094
v 6690.870117 3407.278809 -15627.285156
v 5220.364258 5793.019531 -14571.187500
v 5159.987305 5634.733398 -14624.914063
v 5615.448242 5641.492676 -14584.167969
v 5555.065430 5483.193359 -14637.894531
v 5802.221680 5725.452148 -15047.191406
v 5743.212891 5566.618164 -15100.960938
v 5110.013672 5990.928711 -15024.453125
v 5051.004883 5832.111328 -15078.226563
v 2558.441650 3092.834473 -15626.207031
v 2732.904541 2713.545410 -15700.750000
v 2837.005127 2708.469727 -16179.054688
v 2531.228760 3372.642578 -16047.269531
v 4386.206055 1503.985718 -16004.437500
v 4387.138672 1674.901001 -15957.085938
v 4771.388672 1488.348267 -15887.742188
v 4773.980469 1657.880737 -15840.718750
v 5010.035156 1647.608521 -16373.710938
v 5010.608398 1815.808228 -16330.527344
v 4371.151367 1640.805298 -16577.699219
v 4370.655273 1812.374634 -16527.062500
v 2394.551025 -583.776794 11036.253906
v 2285.755615 -547.910583 11018.425781
v 2168.571045 -857.539490 11110.613281
v 2445.687500 -948.896973 11156.027344
v 2577.768555 518.153870 11667.480469
v 2665.811279 584.579590 11731.277344
v 2507.093506 408.839447 11878.824219
v 2763.456299 419.775940 11970.207031
v 884.315857 -2843.917480 14951.027344
v 1220.499023 -2843.916504 14819.808594
v 404.087860 -2968.743408 17389.757813
v 653.381287 -3014.780518 17492.433594
v 1246.189941 -1541.423584 15649.414063
v 1526.088867 -1494.084473 15670.410156
v 866.327515 -2843.917480 15071.515625
v 1179.247070 -2843.916748 15071.511719
v 737.580383 -2843.917725 15933.867188
v 999.082825 -1923.628540 16388.355469
v 1278.346436 -1877.272705 16411.257813
v 1037.914429 -2843.917236 15933.871094
v -2006.153564 -2128.764648 20671.582031
v 741.128357 3514.516602 12603.113281
v 590.808411 3436.317871 12512.390625
v -2156.473877 -2163.006592 20556.812500
v -1969.568604 -1729.988037 20739.949219
v -2205.191406 -1777.106567 20568.296875
v 630.506897 3678.678223 12942.542969
v 394.885590 3565.453613 12805.183594
v 2449.303467 495.196838 11904.160156
v 2523.405029 597.988831 11690.589844
v 2613.162354 664.733887 11755.128906
v 2705.093994 508.935089 11996.816406
v -332.667267 -3706.794678 19035.808594
v -620.636292 -3796.548340 19235.984375
v -773.607971 -3775.622559 19189.312500
v -607.440979 -3669.202637 18951.964844
v 290.466522 -3047.416748 17565.218750
v 537.373718 -3096.187500 17673.996094
v -994.990051 1415.707642 16961.445313
v -735.672974 1565.580933 17027.945313
v 1464.201294 -1410.376465 15707.554688
v 1184.869751 -1460.527588 15685.304688
v -1024.302734 1119.151611 17891.062500
v 936.680481 -1844.406738 16427.484375
v -1281.618164 972.374451 17818.578125
v 1215.341797 -1795.291748 16451.738281
v 9072.287109 393.824158 -3.675781
v 8756.689453 -994.682129 -626.437500
v 7530.365723 3840.343750 -7653.894531
v 7530.365723 2419.990234 -8075.468750
v 5994.401367 5143.713867 -7267.042969
v 8263.166016 1351.580078 998.320313
v 7701.338867 2115.976563 671.863281
v 8528.206055 -998.812866 -501.433594
v 7331.110352 2419.990234 -8075.468750
v 7378.459473 3731.115234 -7686.425781
v 5767.408691 4925.258789 -7332.109375
v 7455.856445 1908.827637 689.281250
v 8024.813965 1238.036499 929.359375
v 7378.459473 3671.155273 -7484.410156
v 7331.110352 2220.920898 -7914.738281
v 7652.800781 2220.920898 -7914.738281
v 7652.800781 3780.383789 -7451.875000
v 6092.132324 5252.438477 -7031.218750
v 5865.155762 5030.185547 -7083.500000
v 8908.415039 240.931641 135.839844
v 8010.529297 1050.824219 1102.132813
v 7363.606445 3061.500488 -5330.328125
v 7325.979004 1682.105591 -6072.300781
v 5865.155762 4348.250000 -4785.941406
v 7644.595215 1678.441772 -6045.070313
v 7632.955078 3166.075684 -5249.011719
v 6092.132324 4547.725098 -4656.917969
v 7602.180664 2295.554199 -3198.417969
v 6273.162598 3285.849121 -2175.285156
v 7762.592285 1031.605103 -4001.164063
v 7446.504395 1017.917603 -3915.203125
v 7875.309570 2417.913818 -3216.179688
v 6515.564453 3486.042480 -2113.898438
v 8099.457520 1227.672119 -1240.863281
v 7238.551270 2133.050781 299.480469
v 7986.472656 -53.973663 -2053.382813
v 7733.501953 -100.337280 -1852.046875
v 8339.980469 1366.601196 -1364.304688
v 7468.092285 2356.646240 253.468750
v -7817.557129 388.169922 -9093.777344
v -7817.557129 1760.747070 -13718.230469
v -5805.515625 -2797.529785 -10039.320313
v -5805.515625 -1424.952637 -14663.773438
v -7817.557129 766.157227 -8981.585938
v -7817.557129 2138.734375 -13606.039063
v -7718.014160 1772.526367 -13714.734375
v -5723.506836 -1352.753906 -14642.343750
v -7718.014160 399.949219 -9090.281250
v -5723.506836 -2725.331055 -10017.890625
v -7700.477539 2090.092773 -13620.476563
v -7700.477539 717.516113 -8996.023438
v -9080.178711 -122.928711 -8929.070313
v -8875.829102 -760.434570 -9377.605469
v -7902.229004 2717.824219 -12429.953125
v -7697.879395 2080.319824 -12878.492188
v -7103.482910 2111.186035 -6451.121094
v -5925.533691 4951.939941 -9952.007813
v -8800.237305 -225.160156 -8917.832031
v -8689.791992 -750.508789 -9306.957031
v -7511.842285 2090.245117 -12807.843750
v -7622.289551 2615.592773 -12418.718750
v -5656.662598 4781.856445 -9999.550781
v -6834.610840 1941.104004 -6498.667969
v -8894.358398 -739.055664 -9677.125000
v -9135.504883 13.244141 -9147.816406
v -7179.189941 2384.133301 -6565.746094
v -6910.314941 2214.049805 -6613.289063
v -8741.245117 -82.885742 -9093.164063
v -8593.999023 -723.032227 -9563.062500
v -7823.016113 1844.604492 -12861.175781
v -8064.162598 2596.904785 -12331.867188
v -6107.848145 4967.792969 -9749.792969
v -5838.972168 4797.709961 -9797.335938
v -7669.900879 2500.771484 -12277.214844
v -7522.656738 1860.627930 -12747.113281
v 2236.868896 8644.116211 -1863.148438
v 2670.479980 9922.846680 -6852.296875
v -120.583534 8734.305664 -2047.648438
v 313.027069 10013.038086 -7036.781250
v 2249.385498 8518.333008 -1887.699219
v 2682.996094 9797.061523 -6876.828125
v 317.172333 9887.127930 -7062.062500
v -116.438026 8608.395508 -2072.929688
v 2791.804443 10040.754883 -6573.828125
v 287.637665 10128.739258 -6771.386719
v 297.153046 9839.749023 -6829.417969
v 2786.318848 9751.541992 -6633.191406
v 2400.759033 8862.760742 -2079.355469
v -103.406776 8950.749023 -2276.921875
v -93.891396 8661.758789 -2334.953125
v 2395.274170 8573.549805 -2138.730469
v -2469.783447 8573.366211 -2282.562500
v -2036.173096 9852.096680 -7271.699219
v -2473.996338 8447.333008 -2308.589844
v -2040.385498 9726.061523 -7297.726563
v -2208.256592 9965.596680 -7019.375000
v -2183.757568 9676.831055 -7076.082031
v -2599.301514 8787.600586 -2524.906250
v -2574.801514 8498.838867 -2581.609375
v 2642.883057 9688.307617 -4843.152344
v 97.720909 9679.268555 -4564.281250
v 119.552208 9419.428711 -4765.445313
v 2649.500732 9427.737305 -5043.175781
v -2428.468506 9444.426758 -4460.214844
v -2391.438232 9185.321289 -4662.535156
v -7350.531738 2998.192383 -11252.656250
v -7350.531738 1640.568359 -11655.609375
v -7280.885742 1640.568359 -11655.609375
v -7280.885742 2998.192383 -11252.656250
v -7470.776367 1813.541992 -11604.269531
v -7280.885742 1813.541992 -11604.269531
v -7470.776367 2803.540039 -11310.429688
v -7280.885742 2803.540039 -11310.429688
v -7280.885742 -1228.071289 2272.769531
v -7280.885742 -1103.733398 2567.445313
v -7350.531738 -1103.734131 2567.453125
v -7470.776367 -1228.071045 2272.769531
v -7350.531738 -1970.936523 512.179688
v -7280.885742 -1970.936523 512.179688
v -7470.776367 -1860.447266 774.039063
v -7280.885742 -1860.447266 774.039063
v 5382.840820 4255.632324 -3602.917969
v 5498.790039 4529.886230 -5729.929688
v 5189.650879 4259.589355 -3612.937500
v 5305.599121 4533.844238 -5739.953125
v 5331.730469 4320.513184 -5543.140625
v 5620.624512 4377.168457 -5520.085938
v 5239.655273 4102.727051 -3854.078125
v 5528.550781 4159.381348 -3831.023438
v 4774.592285 6497.466309 -3347.015625
v 4786.550293 6525.745605 -3566.351563
v 5011.311035 6676.317871 -3534.687500
v 4903.649902 6587.422363 -3328.382813
v 4890.541504 6771.720215 -5474.027344
v 5019.598633 6861.676270 -5455.394531
v 4878.624512 6743.533691 -5255.417969
v 5103.385742 6894.104004 -5223.750000
v -5456.033691 3762.091797 -8580.863281
v -4618.916504 5305.126953 -12743.001953
v -5306.280762 3728.051270 -8563.367188
v -4469.164551 5271.085938 -12725.501953
v -4529.066895 5088.699707 -12567.662109
v -4815.164551 5153.732910 -12601.093750
v -5283.321777 3698.400635 -8817.515625
v -5569.419434 3763.434326 -8850.945313
v -4980.645996 5629.212402 -8040.824219
v -5022.953613 5551.228027 -7830.472656
v -5112.752441 5671.686035 -7803.875000
v -5206.789551 5780.662598 -8030.160156
v -4275.636230 7214.722656 -11966.011719
v -4185.836426 7094.262207 -11992.609375
v -4226.391113 7019.510254 -11790.972656
v -4452.534668 7170.962402 -11780.308594
v 5767.232422 4799.857910 -6222.535156
v 5934.278320 5572.528320 -8247.476563
v 5574.724609 4793.342773 -6240.902344
v 5741.772461 5566.012695 -8265.843750
v 5778.942871 5322.662109 -8140.914063
v 6061.850586 5391.301270 -8091.382813
v 5645.587891 4705.839844 -6524.398438
v 5928.497559 4774.479004 -6474.871094
v 4984.257813 6877.790039 -5494.234375
v 5002.582520 6962.541016 -5716.343750
v 5214.236328 7116.180664 -5640.257813
v 5105.511719 6969.303711 -5449.312500
v 5151.307617 7650.460938 -7519.179688
v 5272.560547 7741.974609 -7474.257813
v 5135.937500 7579.363281 -7332.859375
v 5347.591309 7733.003906 -7256.769531
v 2097.951904 8559.450195 -2708.976563
v 2173.268311 8919.588867 -4824.980469
v 2012.903076 8783.848633 -4853.792969
v 1937.586426 8423.709961 -2737.789063
v 2094.331299 9065.135742 -4578.968750
v 1881.611084 8864.612305 -4620.667969
v 2034.522217 8779.147461 -2898.644531
v 1821.802002 8578.625977 -2940.347656
v 4751.949219 5975.473633 -3279.101563
v 4811.758301 6261.458984 -4959.421875
v 4640.942383 5897.776367 -3071.472656
v 4494.062500 5837.833984 -3086.902344
v 4499.024902 5877.651367 -3304.750000
v 4558.833984 6163.640625 -4985.070313
v 4569.379395 6197.971680 -5202.906250
v 4716.258789 6257.914063 -5187.472656
v 3635.453369 9978.584961 -7339.843750
v 3073.318604 10541.498047 -11786.441406
v 434.123260 10135.066406 -6915.332031
v -128.010040 10697.980469 -11361.921875
v 2961.642822 10405.650391 -11789.519531
v 3523.776611 9842.732422 -7342.941406
v -139.825470 10515.035156 -11383.589844
v 422.314178 9952.128906 -6936.992188
v 3107.635986 10623.929688 -11558.035156
v -93.692177 10780.412109 -11133.517578
v -112.592079 10487.765625 -11168.173828
v 2988.874268 10378.367188 -11574.109375
v 3614.128174 10116.732422 -7551.597656
v 412.800018 10273.214844 -7127.078125
v 393.899628 9980.581055 -7161.726563
v 3495.366455 9871.177734 -7567.656250
v -2767.216064 10291.549805 -6490.835938
v -3329.348877 10854.464844 -10937.402344
v -3235.868652 10708.574219 -10967.689453
v -2673.734131 10145.660156 -6521.125000
v -3295.027832 10936.894531 -10708.996094
v -3208.635742 10681.304688 -10752.275391
v -2788.538818 10429.695313 -6702.558594
v -2702.143799 10174.109375 -6745.820313
v -6079.118164 8943.513672 -10826.933594
v -6192.962891 8871.518555 -10606.449219
v -5979.565430 8839.755859 -10879.431641
v -5957.595215 8758.605469 -10677.386719
v 5378.766602 7602.772949 -7965.761719
v 5228.381836 7571.344238 -7714.792969
v 5099.143555 7478.916504 -7737.855469
v 5175.581055 7457.475098 -8002.035156
v 4913.598633 8810.298828 -11838.548828
v 4857.565430 8927.837891 -12022.271484
v 4989.319336 9014.871094 -12001.644531
v 5123.106445 8948.702148 -11805.742188
v 5617.694336 7333.451660 -9530.050781
v 5824.192383 7477.514160 -9506.363281
v -4476.756348 8350.921875 -6854.199219
v -4216.356445 8533.462891 -6622.691406
v -4355.639648 8611.601563 -6582.847656
v -4701.854980 8470.630859 -6795.933594
v -5884.020996 7730.143066 -7764.835938
v -5646.928711 7610.848145 -7819.921875
v 2349.434326 9235.336914 -4725.023438
v 2349.434326 9853.864258 -6808.945313
v 2192.807129 9716.803711 -6849.625000
v 2192.807129 9098.276367 -4765.703125
v 2273.187256 9972.147461 -6565.195313
v 2065.990967 9770.444336 -6625.062500
v 2273.187256 9478.377930 -4901.597656
v 2065.990967 9276.672852 -4961.464844
v 4968.708984 6726.551758 -5469.652344
v 5071.006348 6836.983398 -5685.585938
v 4823.489746 6663.674805 -5488.312500
v 4820.718750 6733.932617 -5716.171875
v 4820.718750 7227.703125 -7379.769531
v 4823.489746 7282.201172 -7572.238281
v 4968.708984 7345.079102 -7553.574219
v 5071.006348 7330.752930 -7349.183594
v 1122.506104 4032.597656 -20591.984375
v 1122.785889 3727.910156 -20653.773438
v 914.882141 4032.837891 -20594.105469
v 915.160767 3728.144531 -20655.886719
v 897.502869 5827.327148 -19118.421875
v 887.155823 3576.410156 -19114.066406
v 1105.128052 5827.084961 -19116.296875
v 1094.781006 3576.167969 -19111.945313
v 903.288147 4234.623047 -20057.683594
v 1110.913330 4234.379883 -20055.562500
v 893.230835 5744.467773 -18709.851563
v 1100.859741 5744.225586 -18707.730469
v 804.044861 3980.072754 -20864.658203
v 845.195801 3694.948730 -20981.554688
v 598.260803 3953.332764 -20871.880859
v 639.415466 3668.209717 -20988.783203
v 340.285095 5423.586914 -19091.453125
v 632.021790 3229.819824 -19502.574219
v 546.069458 5450.323730 -19084.222656
v 837.807190 3256.558105 -19495.347656
v 559.700928 4048.434326 -20307.910156
v 765.480042 4075.172119 -20300.677734
v 347.171509 5266.311523 -18705.410156
v 552.952148 5293.048340 -18698.181641
v 424.925171 4033.407227 -20599.105469
v 425.200073 3728.716797 -20660.894531
v 217.296310 4033.648438 -20601.230469
v 217.574921 3728.958984 -20663.023438
v 199.920746 5828.133789 -19125.542969
v 189.569946 3577.218750 -19121.191406
v 407.545898 5827.896484 -19123.437500
v 397.195099 3576.976563 -19119.066406
v 205.702271 4235.431641 -20064.808594
v 413.327423 4235.195313 -20062.699219
v 195.648682 5745.274414 -18716.972656
v 403.273804 5745.030273 -18714.851563
v 79.211823 4033.804688 -20602.636719
v 79.490440 3729.117188 -20664.429688
v -128.413300 4034.048828 -20604.761719
v -128.134705 3729.359375 -20666.550781
v -145.791351 5828.536133 -19129.070313
v -156.138428 3577.617188 -19124.718750
v 61.833782 5828.297852 -19126.964844
v 51.486702 3577.377930 -19122.597656
v -140.006104 4235.831055 -20068.335938
v 67.619034 4235.593750 -20066.230469
v -150.059692 5745.675781 -18720.503906
v 57.565426 5745.432617 -18718.382813
v -354.849701 4024.326660 -20606.105469
v -397.341949 3722.616455 -20667.894531
v -560.385742 4053.706543 -20608.230469
v -602.878601 3751.992676 -20670.003906
v -325.726776 5832.867676 -19132.542969
v -651.903442 3605.687988 -19128.187500
v -120.190437 5803.489746 -19130.414063
v -446.362274 3576.308350 -19126.062500
v -543.545776 4255.123047 -20071.808594
v -338.005615 4225.745117 -20069.699219
v -341.585754 5751.432129 -18723.968750
v -136.049835 5722.051270 -18721.847656
v -605.479858 4034.600586 -20333.671875
v -605.201233 3729.911133 -20395.457031
v -813.104980 4034.842773 -20335.792969
v -812.826355 3730.152344 -20397.582031
v -830.484253 5829.328125 -18860.105469
v -840.831360 3578.413086 -18855.753906
v -622.859131 5829.086914 -18857.984375
v -633.206238 3578.171875 -18853.632813
v -824.699036 4236.625000 -19799.371094
v -617.073853 4236.388672 -19797.265625
v -834.751404 5746.472656 -18451.535156
v -627.127502 5746.231445 -18449.410156
v -907.006653 4049.974609 -20591.984375
v -872.600464 3747.235840 -20653.773438
v -1113.351929 4026.956299 -20594.105469
v -1078.948730 3724.211426 -20655.886719
v -1331.629517 5808.205566 -19118.421875
v -1089.776123 3570.295410 -19114.066406
v -1125.283936 5831.221680 -19116.296875
v -883.431702 3593.311768 -19111.945313
v -1147.478394 4226.172363 -20057.683594
v -941.129089 4249.188477 -20055.562500
v -1326.593384 5725.389160 -18709.851563
v -1120.247681 5748.405273 -18707.730469
v 1526.834229 4035.009033 -20609.636719
v 1422.268188 3748.824219 -20671.421875
v 1331.966187 4106.666016 -20611.757813
v 1227.401123 3820.479980 -20673.546875
v 2194.200928 5603.112793 -19169.824219
v 1148.902466 3687.637695 -19131.718750
v 2329.723633 5445.816895 -19167.703125
v 1343.774048 3615.980469 -19129.597656
v 1390.496094 4300.121094 -20075.335938
v 1585.369629 4228.468262 -20073.230469
v 2128.700684 5552.190918 -18761.253906
v 2264.223389 5394.895508 -18759.128906
v 1869.434692 5012.565918 -19581.410156
v 1701.063721 5157.366699 -19537.640625
v 1817.497314 4890.731445 -19132.226563
v 1654.452393 5048.025391 -19134.523438
v 1625.389038 4976.900391 -18875.455078
v 1790.263306 4824.083008 -18889.464844
vt 0.144991 0.131187
vt 0.144972 0.131195
vt 0.145032 0.131348
vt 0.145052 0.131339
vt 0.145036 0.131403
vt 0.145054 0.131392
vt 0.144952 0.131204
vt 0.144921 0.131167
vt 0.144901 0.131173
vt 0.144932 0.131212
vt 0.145013 0.131358
vt 0.144994 0.131367
vt 0.144970 0.131193
vt 0.144938 0.131156
vt 0.144925 0.131160
vt 0.144957 0.131198
vt 0.145033 0.131353
vt 0.145021 0.131359
vt 0.143396 0.076701
vt 0.143384 0.076709
vt 0.143387 0.076710
vt 0.143400 0.076702
vt 0.143441 0.076692
vt 0.143447 0.076693
vt 0.144958 0.131187
vt 0.144921 0.131144
vt 0.144926 0.131148
vt 0.144961 0.131189
vt 0.144942 0.131160
vt 0.145017 0.131413
vt 0.145025 0.131418
vt 0.145052 0.131360
vt 0.145055 0.131434
vt 0.145046 0.131428
vt 0.145042 0.131359
vt 0.144979 0.131178
vt 0.144973 0.131185
vt 0.145031 0.131370
vt 0.145031 0.131365
vt 0.144990 0.131174
vt 0.144997 0.131175
vt 0.145066 0.131347
vt 0.145062 0.131355
vt 0.145068 0.131414
vt 0.145065 0.131428
vt 0.144936 0.131201
vt 0.144947 0.131192
vt 0.145021 0.131376
vt 0.145006 0.131377
vt 0.145026 0.131451
vt 0.145012 0.131447
vt 0.144900 0.131157
vt 0.144999 0.131425
vt 0.145036 0.131445
vt 0.145009 0.131540
vt 0.145025 0.131531
vt 0.145023 0.131497
vt 0.145006 0.131508
vt 0.145033 0.131534
vt 0.145043 0.131529
vt 0.145041 0.131494
vt 0.145031 0.131500
vt 0.145043 0.131521
vt 0.145041 0.131488
vt 0.145042 0.131547
vt 0.145043 0.131555
vt 0.145041 0.131518
vt 0.145040 0.131511
vt 0.145058 0.131478
vt 0.145060 0.131513
vt 0.143372 0.076720
vt 0.143370 0.076719
vt 0.143363 0.076723
vt 0.143365 0.076724
vt 0.145051 0.131505
vt 0.145059 0.131508
vt 0.145061 0.131545
vt 0.145053 0.131541
vt 0.145069 0.131503
vt 0.145071 0.131492
vt 0.145073 0.131528
vt 0.145070 0.131540
vt 0.145018 0.131522
vt 0.145031 0.131524
vt 0.145033 0.131560
vt 0.145020 0.131558
vt 0.145037 0.131412
vt 0.145035 0.131435
vt 0.144962 0.131154
vt 0.143538 0.076755
vt 0.143511 0.076743
vt 0.144938 0.131144
vt 0.144943 0.131137
vt 0.144954 0.131133
vt 0.144963 0.131137
vt 0.144910 0.131147
vt 0.144911 0.131096
vt 0.144897 0.131108
vt 0.143620 0.076812
vt 0.143585 0.076798
vt 0.144901 0.131102
vt 0.144907 0.131096
vt 0.144887 0.131115
vt 0.144882 0.131120
vt 0.144915 0.131089
vt 0.144920 0.131089
vt 0.144875 0.131126
vt 0.144883 0.131115
vt 0.144894 0.131112
vt 0.144869 0.131134
vt 0.144897 0.131108
vt 0.144894 0.131111
vt 0.147036 0.130217
vt 0.147112 0.130255
vt 0.147137 0.130283
vt 0.147166 0.130246
vt 0.147164 0.130223
vt 0.147149 0.130216
vt 0.147133 0.130226
vt 0.147094 0.130246
vt 0.147115 0.130217
vt 0.147079 0.130256
vt 0.147051 0.130239
vt 0.147078 0.130200
vt 0.147103 0.130191
vt 0.147119 0.130200
vt 0.144834 0.131008
vt 0.144817 0.131015
vt 0.144846 0.131049
vt 0.144864 0.131042
vt 0.144801 0.131036
vt 0.144785 0.131042
vt 0.144802 0.131028
vt 0.144819 0.131021
vt 0.144769 0.131048
vt 0.144780 0.131187
vt 0.144766 0.131192
vt 0.144752 0.131053
vt 0.144800 0.131022
vt 0.144784 0.131035
vt 0.144766 0.131040
vt 0.144781 0.131027
vt 0.143772 0.076935
vt 0.143694 0.076878
vt 0.143768 0.076914
vt 0.143867 0.076982
vt 0.143573 0.077094
vt 0.143658 0.077026
vt 0.143725 0.077081
vt 0.143623 0.077153
vt 0.144779 0.131038
vt 0.144790 0.131178
vt 0.144781 0.131182
vt 0.144769 0.131041
vt 0.144812 0.131010
vt 0.144795 0.131024
vt 0.144784 0.131028
vt 0.144801 0.131013
vt 0.144810 0.130985
vt 0.144852 0.131033
vt 0.144846 0.131039
vt 0.144807 0.130994
vt 0.144773 0.131018
vt 0.144788 0.131005
vt 0.144787 0.131012
vt 0.144772 0.131025
vt 0.144791 0.130991
vt 0.144769 0.131011
vt 0.144777 0.131016
vt 0.144797 0.130997
vt 0.144756 0.131024
vt 0.144769 0.131171
vt 0.144775 0.131173
vt 0.144763 0.131029
vt 0.144795 0.131181
vt 0.144828 0.131056
vt 0.144833 0.131051
vt 0.144819 0.130981
vt 0.144829 0.130987
vt 0.144868 0.131031
vt 0.144862 0.131029
vt 0.144797 0.131001
vt 0.144809 0.131005
vt 0.144775 0.131006
vt 0.144781 0.130994
vt 0.144823 0.131043
vt 0.144813 0.131051
vt 0.144756 0.131024
vt 0.144760 0.131014
vt 0.144781 0.131015
vt 0.144792 0.131019
vt 0.144802 0.131164
vt 0.144809 0.131175
vt 0.144743 0.131036
vt 0.144758 0.131181
vt 0.144833 0.131040
vt 0.144747 0.131027
vt 0.143359 0.076882
vt 0.143353 0.076875
vt 0.144784 0.131170
vt 0.144784 0.131165
vt 0.144792 0.131162
vt 0.144761 0.131174
vt 0.144810 0.131062
vt 0.144844 0.131047
vt 0.144836 0.131042
vt 0.144831 0.131088
vt 0.144848 0.131080
vt 0.144853 0.131075
vt 0.144863 0.131068
vt 0.144857 0.131067
vt 0.144855 0.131066
vt 0.144864 0.131070
vt 0.144835 0.131078
vt 0.144880 0.131060
vt 0.143652 0.076841
vt 0.143714 0.076877
vt 0.144873 0.131057
vt 0.144867 0.131063
vt 0.144885 0.131050
vt 0.144881 0.131051
vt 0.144847 0.131072
vt 0.146582 0.130975
vt 0.146593 0.130955
vt 0.146602 0.130953
vt 0.146601 0.130960
vt 0.146606 0.130925
vt 0.146611 0.130920
vt 0.146625 0.130924
vt 0.146619 0.130943
vt 0.146592 0.130974
vt 0.146586 0.130981
vt 0.146581 0.130982
vt 0.146601 0.130939
vt 0.146610 0.130948
vt 0.146602 0.130946
vt 0.144607 0.131351
vt 0.144600 0.131336
vt 0.144597 0.131326
vt 0.144605 0.131342
vt 0.144981 0.131166
vt 0.144991 0.131178
vt 0.144982 0.131175
vt 0.144988 0.131163
vt 0.144998 0.131175
vt 0.144989 0.131172
vt 0.144992 0.131187
vt 0.145007 0.131181
vt 0.144997 0.131169
vt 0.144999 0.131184
vt 0.145006 0.131172
vt 0.144996 0.131160
vt 0.144681 0.131537
vt 0.144676 0.131522
vt 0.144682 0.131532
vt 0.144686 0.131547
vt 0.144686 0.131547
vt 0.144682 0.131532
vt 0.145065 0.131343
vt 0.145068 0.131357
vt 0.145471 0.131148
vt 0.145473 0.131134
vt 0.145083 0.131324
vt 0.145085 0.131338
vt 0.144676 0.131522
vt 0.145059 0.131336
vt 0.145092 0.131345
vt 0.145480 0.131153
vt 0.145090 0.131331
vt 0.145482 0.131139
vt 0.145069 0.131330
vt 0.145071 0.131345
vt 0.145078 0.131352
vt 0.145076 0.131338
vt 0.145061 0.131350
vt 0.144681 0.131537
vt 0.144709 0.131628
vt 0.144705 0.131615
vt 0.144710 0.131625
vt 0.144714 0.131638
vt 0.145078 0.131432
vt 0.145080 0.131444
vt 0.145454 0.131237
vt 0.145456 0.131224
vt 0.145091 0.131414
vt 0.145093 0.131427
vt 0.145072 0.131424
vt 0.145099 0.131434
vt 0.145462 0.131242
vt 0.145098 0.131422
vt 0.145464 0.131230
vt 0.145074 0.131437
vt 0.145422 0.131004
vt 0.145410 0.130995
vt 0.145011 0.131163
vt 0.145021 0.131175
vt 0.145020 0.131166
vt 0.145424 0.130995
vt 0.145010 0.131154
vt 0.145412 0.130986
vt 0.144999 0.131168
vt 0.145009 0.131180
vt 0.145009 0.131170
vt 0.144999 0.131159
vt 0.145225 0.130866
vt 0.144863 0.130991
vt 0.144870 0.130999
vt 0.145234 0.130872
vt 0.145226 0.130857
vt 0.144861 0.130982
vt 0.144869 0.130990
vt 0.145236 0.130864
vt 0.144855 0.130994
vt 0.144862 0.131002
vt 0.144853 0.130985
vt 0.144861 0.130993
vt 0.144489 0.131119
vt 0.144486 0.131110
vt 0.144492 0.131121
vt 0.144495 0.131130
vt 0.144835 0.130991
vt 0.144843 0.131000
vt 0.144844 0.131008
vt 0.144845 0.130987
vt 0.144853 0.130996
vt 0.144854 0.131005
vt 0.144837 0.131000
vt 0.144847 0.130996
vt 0.275588 0.921586
vt 0.271930 0.925490
vt 0.271930 0.927406
vt 0.275588 0.924449
vt 0.399862 0.921586
vt 0.319818 0.921586
vt 0.320253 0.924449
vt 0.399862 0.924449
vt 0.403239 0.925490
vt 0.403239 0.927406
vt 0.403239 0.959052
vt 0.399862 0.958953
vt 0.403239 0.960496
vt 0.399862 0.960421
vt 0.275588 0.960421
vt 0.292558 0.960421
vt 0.306138 0.924449
vt 0.271930 0.960496
vt 0.271930 0.959052
vt 0.275588 0.958953
vt 0.305557 0.921586
vt 0.291699 0.958953
vt 0.305488 0.960421
vt 0.304720 0.958953
vt 0.403239 0.948856
vt 0.403239 0.929991
vt 0.403239 0.931422
vt 0.403239 0.948856
vt 0.399862 0.952091
vt 0.399862 0.931422
vt 0.399862 0.952091
vt 0.399862 0.929991
vt 0.323085 0.952091
vt 0.320845 0.952091
vt 0.293614 0.929991
vt 0.297291 0.931422
vt 0.144489 0.131149
vt 0.144485 0.131141
vt 0.144482 0.131130
vt 0.144485 0.131138
vt 0.144809 0.131028
vt 0.144807 0.131017
vt 0.145163 0.130911
vt 0.144833 0.131027
vt 0.144833 0.131016
vt 0.145165 0.130900
vt 0.144812 0.131024
vt 0.145158 0.130906
vt 0.144829 0.131021
vt 0.144828 0.131010
vt 0.145160 0.130895
vt 0.144813 0.131034
vt 0.144513 0.131224
vt 0.144509 0.131216
vt 0.144506 0.131206
vt 0.144510 0.131214
vt 0.144820 0.131100
vt 0.144819 0.131090
vt 0.145150 0.130983
vt 0.144841 0.131100
vt 0.144840 0.131090
vt 0.145152 0.130973
vt 0.144823 0.131096
vt 0.145145 0.130978
vt 0.144836 0.131093
vt 0.144836 0.131084
vt 0.145147 0.130968
vt 0.144824 0.131106
vt 0.406654 0.919504
vt 0.406654 0.941041
vt 0.403033 0.941041
vt 0.403033 0.918640
vt 0.406654 0.919562
vt 0.403033 0.918300
vt 0.403033 0.941041
vt 0.406654 0.941041
vt 0.268515 0.919562
vt 0.268515 0.919504
vt 0.268515 0.941041
vt 0.268515 0.941041
vt 0.271895 0.918300
vt 0.271895 0.941041
vt 0.271895 0.918640
vt 0.271895 0.941041
vt 0.356514 0.918300
vt 0.362890 0.941041
vt 0.363226 0.941041
vt 0.356947 0.918640
vt 0.406654 0.962578
vt 0.403033 0.963442
vt 0.406654 0.962519
vt 0.403033 0.963781
vt 0.268515 0.962519
vt 0.268515 0.962578
vt 0.271895 0.963781
vt 0.271895 0.963442
vt 0.369558 0.963781
vt 0.369796 0.963442
vt 0.347928 0.941041
vt 0.341828 0.918300
vt 0.342436 0.918640
vt 0.348441 0.941041
vt 0.354474 0.963781
vt 0.354892 0.963442
vt 0.289463 0.851604
vt 0.289926 0.849992
vt 0.328829 0.849746
vt 0.328941 0.851491
vt 0.289799 0.830329
vt 0.290245 0.829154
vt 0.329654 0.827664
vt 0.328611 0.830171
vt 0.329133 0.853842
vt 0.290452 0.853564
vt 0.328534 0.831900
vt 0.290198 0.831982
vt 0.373547 0.849496
vt 0.372580 0.847836
vt 0.374872 0.828908
vt 0.375164 0.826953
vt 0.373023 0.851604
vt 0.373722 0.830614
vt 0.255667 0.852725
vt 0.254389 0.850825
vt 0.403971 0.851084
vt 0.403336 0.853258
vt 0.405829 0.831293
vt 0.405381 0.832554
vt 0.398939 0.831801
vt 0.397429 0.830149
vt 0.406086 0.827559
vt 0.395976 0.826981
vt 0.409693 0.852163
vt 0.410238 0.853841
vt 0.404307 0.849660
vt 0.407080 0.839556
vt 0.404458 0.815085
vt 0.327695 0.805772
vt 0.373050 0.804664
vt 0.287033 0.808165
vt 0.410634 0.849195
vt 0.409599 0.850884
vt 0.403463 0.803493
vt 0.410094 0.802735
vt 0.411125 0.806253
vt 0.410937 0.839265
vt 0.413428 0.850373
vt 0.254718 0.849317
vt 0.270321 0.834615
vt 0.270956 0.833019
vt 0.268934 0.829817
vt 0.250458 0.806849
vt 0.253272 0.849151
vt 0.252514 0.846885
vt 0.304761 0.919706
vt 0.304761 0.915198
vt 0.307719 0.913598
vt 0.307719 0.919706
vt 0.304761 0.919874
vt 0.307719 0.920564
vt 0.307719 0.913598
vt 0.304761 0.914508
vt 0.304761 0.954367
vt 0.304761 0.953379
vt 0.370409 0.919874
vt 0.370409 0.919706
vt 0.370409 0.915198
vt 0.370409 0.914508
vt 0.367505 0.920564
vt 0.367505 0.913598
vt 0.367505 0.913598
vt 0.367505 0.919706
vt 0.335864 0.920564
vt 0.334455 0.913598
vt 0.333544 0.913598
vt 0.334845 0.919706
vt 0.335842 0.947950
vt 0.307719 0.953807
vt 0.307719 0.951585
vt 0.370409 0.959869
vt 0.370409 0.959871
vt 0.367505 0.958862
vt 0.367505 0.958846
vt 0.336849 0.947250
vt 0.144604 0.131089
vt 0.144584 0.131097
vt 0.144710 0.131307
vt 0.144733 0.131297
vt 0.144777 0.131473
vt 0.144799 0.131463
vt 0.144817 0.131645
vt 0.144836 0.131635
vt 0.144589 0.131110
vt 0.144571 0.131117
vt 0.144553 0.131124
vt 0.144588 0.131263
vt 0.144572 0.131269
vt 0.144533 0.131130
vt 0.144563 0.131104
vt 0.144542 0.131110
vt 0.144687 0.131317
vt 0.144663 0.131326
vt 0.144754 0.131484
vt 0.144731 0.131496
vt 0.142882 0.076491
vt 0.143743 0.076753
vt 0.143775 0.076759
vt 0.142901 0.076501
vt 0.142903 0.076321
vt 0.142923 0.076344
vt 0.144565 0.131113
vt 0.144600 0.131254
vt 0.144590 0.131258
vt 0.144553 0.131117
vt 0.144577 0.131091
vt 0.144565 0.131095
vt 0.144706 0.131305
vt 0.144691 0.131311
vt 0.144775 0.131479
vt 0.144761 0.131486
vt 0.143504 0.076732
vt 0.143416 0.076747
vt 0.143420 0.076749
vt 0.143512 0.076734
vt 0.144573 0.131064
vt 0.144711 0.131291
vt 0.144705 0.131298
vt 0.144571 0.131074
vt 0.144686 0.131302
vt 0.144552 0.131071
vt 0.144559 0.131078
vt 0.144692 0.131303
vt 0.144560 0.131092
vt 0.144558 0.131099
vt 0.144540 0.131098
vt 0.144548 0.131103
vt 0.144579 0.131246
vt 0.144585 0.131248
vt 0.144605 0.131256
vt 0.144796 0.131656
vt 0.144804 0.131661
vt 0.144791 0.131489
vt 0.144832 0.131673
vt 0.144824 0.131668
vt 0.144782 0.131488
vt 0.144767 0.131501
vt 0.144769 0.131494
vt 0.144597 0.131066
vt 0.144734 0.131286
vt 0.144581 0.131092
vt 0.144810 0.131473
vt 0.144848 0.131654
vt 0.144662 0.131316
vt 0.144534 0.131088
vt 0.144525 0.131112
vt 0.144739 0.131508
vt 0.144786 0.131688
vt 0.144811 0.131685
vt 0.144777 0.131668
vt 0.144615 0.131237
vt 0.144621 0.131249
vt 0.144565 0.131257
vt 0.143685 0.077321
vt 0.143644 0.077266
vt 0.144816 0.131654
vt 0.144595 0.131244
vt 0.144596 0.131239
vt 0.144812 0.131675
vt 0.146281 0.131001
vt 0.146305 0.130999
vt 0.146292 0.131022
vt 0.146271 0.131010
vt 0.146261 0.131034
vt 0.146260 0.131026
vt 0.146254 0.131011
vt 0.146244 0.131028
vt 0.146211 0.131031
vt 0.146226 0.131007
vt 0.146253 0.131004
vt 0.146233 0.131037
vt 0.146831 0.130100
vt 0.146804 0.130146
vt 0.146777 0.130135
vt 0.146781 0.130116
vt 0.146816 0.130065
vt 0.146800 0.130078
vt 0.146764 0.130107
vt 0.146784 0.130069
vt 0.146749 0.130121
vt 0.146722 0.130105
vt 0.146747 0.130053
vt 0.146787 0.130048
vt 0.323276 0.915302
vt 0.321817 0.918113
vt 0.287280 0.916215
vt 0.288650 0.914174
vt 0.286884 0.973114
vt 0.308823 0.970778
vt 0.306994 0.972822
vt 0.286973 0.976377
vt 0.344963 0.916905
vt 0.344996 0.913545
vt 0.362203 0.915136
vt 0.364223 0.917132
vt 0.343289 0.972908
vt 0.386034 0.938676
vt 0.355137 0.974963
vt 0.379456 0.967139
vt 0.343115 0.976489
vt 0.346833 0.977635
vt 0.283886 0.920236
vt 0.283486 0.916586
vt 0.295571 0.918887
vt 0.323599 0.925535
vt 0.330178 0.949846
vt 0.333452 0.950677
vt 0.326843 0.924007
vt 0.307692 0.975022
vt 0.286447 0.977225
vt 0.282536 0.915793
vt 0.379214 0.975248
vt 0.310810 0.973230
vt 0.283627 0.973393
vt 0.280619 0.920356
vt 0.307898 0.921582
vt 0.307898 0.924445
vt 0.304086 0.926915
vt 0.304086 0.924205
vt 0.307898 0.958972
vt 0.335908 0.958972
vt 0.356246 0.950288
vt 0.350979 0.937793
vt 0.307898 0.940703
vt 0.304086 0.959185
vt 0.304086 0.942084
vt 0.304086 0.943805
vt 0.307898 0.960439
vt 0.304086 0.960499
vt 0.307898 0.943605
vt 0.344145 0.921582
vt 0.343322 0.924445
vt 0.350116 0.935746
vt 0.357769 0.921582
vt 0.349087 0.937862
vt 0.350339 0.940774
vt 0.356343 0.924445
vt 0.336893 0.960438
vt 0.355421 0.952598
vt 0.371046 0.918640
vt 0.371046 0.918300
vt 0.371046 0.941041
vt 0.371046 0.941041
vt 0.348687 0.918300
vt 0.351579 0.934353
vt 0.352784 0.941041
vt 0.329013 0.941041
vt 0.321188 0.918640
vt 0.349082 0.918640
vt 0.343745 0.941041
vt 0.351910 0.934341
vt 0.353117 0.941041
vt 0.371046 0.963781
vt 0.357145 0.963781
vt 0.371046 0.963442
vt 0.357224 0.963442
vt 0.329148 0.963781
vt 0.343469 0.941041
vt 0.329640 0.963442
vt 0.329480 0.941041
vt 0.321539 0.918300
vt 0.304086 0.931422
vt 0.307898 0.931422
vt 0.307898 0.952091
vt 0.304086 0.948856
vt 0.304086 0.930143
vt 0.304086 0.949009
vt 0.307898 0.952091
vt 0.307898 0.929991
vt 0.371083 0.949009
vt 0.371083 0.948856
vt 0.371083 0.931422
vt 0.371083 0.930143
vt 0.332895 0.931422
vt 0.330025 0.952091
vt 0.330219 0.952091
vt 0.333257 0.929991
vt 0.367508 0.952091
vt 0.367508 0.931422
vt 0.367508 0.952091
vt 0.367508 0.929991
vt 0.345706 0.952091
vt 0.347580 0.931422
vt 0.345639 0.952091
vt 0.347654 0.929991
vt 0.304086 0.931422
vt 0.304086 0.948856
vt 0.307898 0.952091
vt 0.307898 0.931422
vt 0.304086 0.930143
vt 0.307898 0.929991
vt 0.307898 0.952091
vt 0.304086 0.949009
vt 0.371083 0.949009
vt 0.371083 0.930143
vt 0.371083 0.931422
vt 0.371083 0.948856
vt 0.367508 0.952091
vt 0.367508 0.931422
vt 0.367508 0.952091
vt 0.367508 0.929991
vt 0.144604 0.131089
vt 0.144584 0.131097
vt 0.144710 0.131307
vt 0.144733 0.131297
vt 0.144777 0.131473
vt 0.144799 0.131463
vt 0.144817 0.131645
vt 0.144836 0.131635
vt 0.144589 0.131110
vt 0.144571 0.131117
vt 0.144553 0.131124
vt 0.144588 0.131263
vt 0.144572 0.131269
vt 0.144533 0.131130
vt 0.144563 0.131104
vt 0.144542 0.131110
vt 0.144687 0.131317
vt 0.144663 0.131326
vt 0.144754 0.131484
vt 0.144731 0.131496
vt 0.142882 0.076491
vt 0.143743 0.076753
vt 0.143775 0.076759
vt 0.142901 0.076501
vt 0.142903 0.076321
vt 0.142923 0.076344
vt 0.144565 0.131113
vt 0.144600 0.131254
vt 0.144590 0.131258
vt 0.144553 0.131117
vt 0.144577 0.131091
vt 0.144565 0.131095
vt 0.144706 0.131305
vt 0.144691 0.131311
vt 0.144775 0.131479
vt 0.144761 0.131486
vt 0.143504 0.076732
vt 0.143416 0.076747
vt 0.143420 0.076749
vt 0.143512 0.076734
vt 0.144573 0.131064
vt 0.144711 0.131291
vt 0.144705 0.131298
vt 0.144571 0.131074
vt 0.144686 0.131302
vt 0.144552 0.131071
vt 0.144559 0.131078
vt 0.144692 0.131303
vt 0.144560 0.131092
vt 0.144558 0.131099
vt 0.144540 0.131098
vt 0.144548 0.131103
vt 0.144579 0.131246
vt 0.144585 0.131248
vt 0.144605 0.131256
vt 0.144796 0.131656
vt 0.144804 0.131661
vt 0.144791 0.131489
vt 0.144832 0.131673
vt 0.144824 0.131668
vt 0.144782 0.131488
vt 0.144767 0.131501
vt 0.144769 0.131494
vt 0.144597 0.131066
vt 0.144734 0.131286
vt 0.144581 0.131092
vt 0.144810 0.131473
vt 0.144848 0.131654
vt 0.144662 0.131316
vt 0.144534 0.131088
vt 0.144525 0.131112
vt 0.144739 0.131508
vt 0.144786 0.131688
vt 0.144811 0.131685
vt 0.144777 0.131668
vt 0.144615 0.131237
vt 0.144621 0.131249
vt 0.144565 0.131257
vt 0.143685 0.077321
vt 0.143644 0.077266
vt 0.144816 0.131654
vt 0.144595 0.131244
vt 0.144596 0.131239
vt 0.144812 0.131675
vt 0.146281 0.131001
vt 0.146305 0.130999
vt 0.146292 0.131022
vt 0.146271 0.131010
vt 0.146261 0.131034
vt 0.146260 0.131026
vt 0.146254 0.131011
vt 0.146244 0.131028
vt 0.146211 0.131031
vt 0.146226 0.131007
vt 0.146253 0.131004
vt 0.146233 0.131037
vt 0.146831 0.130100
vt 0.146804 0.130146
vt 0.146777 0.130135
vt 0.146781 0.130116
vt 0.146816 0.130065
vt 0.146800 0.130078
vt 0.146764 0.130107
vt 0.146784 0.130069
vt 0.146749 0.130121
vt 0.146722 0.130105
vt 0.146747 0.130053
vt 0.146787 0.130048
vt 0.145014 0.130946
vt 0.144999 0.130952
vt 0.145171 0.131110
vt 0.145188 0.131103
vt 0.145227 0.131253
vt 0.145244 0.131246
vt 0.145218 0.131425
vt 0.145233 0.131418
vt 0.144967 0.130977
vt 0.144953 0.130983
vt 0.144938 0.130988
vt 0.144936 0.131045
vt 0.144922 0.131048
vt 0.144923 0.130992
vt 0.144983 0.130958
vt 0.144967 0.130962
vt 0.145154 0.131118
vt 0.145137 0.131124
vt 0.145211 0.131261
vt 0.145194 0.131270
vt 0.143340 0.076720
vt 0.143356 0.076675
vt 0.143359 0.076675
vt 0.143347 0.076723
vt 0.143303 0.076783
vt 0.143308 0.076789
vt 0.144947 0.130979
vt 0.144945 0.131037
vt 0.144936 0.131039
vt 0.144938 0.130982
vt 0.144994 0.130947
vt 0.144985 0.130950
vt 0.145170 0.131108
vt 0.145160 0.131112
vt 0.145229 0.131257
vt 0.145219 0.131262
vt 0.143347 0.076687
vt 0.143333 0.076709
vt 0.143334 0.076710
vt 0.143349 0.076687
vt 0.144993 0.130923
vt 0.145183 0.131093
vt 0.145176 0.131099
vt 0.144991 0.130931
vt 0.145164 0.131100
vt 0.144976 0.130928
vt 0.144982 0.130935
vt 0.145166 0.131103
vt 0.144941 0.130961
vt 0.144941 0.130967
vt 0.144926 0.130966
vt 0.144932 0.130970
vt 0.144924 0.131024
vt 0.144930 0.131028
vt 0.144950 0.131042
vt 0.145202 0.131434
vt 0.145210 0.131437
vt 0.145250 0.131262
vt 0.145237 0.131446
vt 0.145229 0.131443
vt 0.145240 0.131262
vt 0.145232 0.131271
vt 0.145230 0.131267
vt 0.145002 0.130920
vt 0.145010 0.130926
vt 0.145196 0.131091
vt 0.145192 0.131089
vt 0.144949 0.130958
vt 0.144959 0.130962
vt 0.145260 0.131252
vt 0.145259 0.131258
vt 0.145247 0.131432
vt 0.145246 0.131442
vt 0.144962 0.130942
vt 0.144968 0.130931
vt 0.145155 0.131104
vt 0.145144 0.131113
vt 0.144914 0.130977
vt 0.144918 0.130968
vt 0.145223 0.131276
vt 0.145209 0.131277
vt 0.145213 0.131460
vt 0.145200 0.131457
vt 0.145188 0.131442
vt 0.144955 0.131022
vt 0.144963 0.131037
vt 0.144913 0.131033
vt 0.145221 0.131455
vt 0.144959 0.131115
vt 0.144946 0.131120
vt 0.144950 0.131053
vt 0.144963 0.131049
vt 0.143293 0.076794
vt 0.143291 0.076791
vt 0.143297 0.076787
vt 0.143301 0.076791
vt 0.145219 0.131432
vt 0.144935 0.131111
vt 0.144935 0.131106
vt 0.144938 0.131033
vt 0.144938 0.131038
vt 0.144933 0.131122
vt 0.144933 0.131126
vt 0.144936 0.131056
vt 0.144936 0.131051
vt 0.145220 0.131448
vt 0.144942 0.131104
vt 0.144951 0.131105
vt 0.144955 0.131035
vt 0.144945 0.131031
vt 0.144911 0.131121
vt 0.144914 0.131114
vt 0.144916 0.131037
vt 0.144913 0.131045
vt 0.144921 0.131112
vt 0.144923 0.131036
vt 0.144922 0.131058
vt 0.144944 0.131049
vt 0.144929 0.131040
vt 0.143302 0.076791
vt 0.143298 0.076786
vt 0.144938 0.131026
vt 0.144938 0.131020
vt 0.144946 0.131018
vt 0.144916 0.131026
vt 0.144920 0.131131
vt 0.144941 0.131118
vt 0.144927 0.131114
vt 0.401167 0.959490
vt 0.401167 0.919895
vt 0.401322 0.921323
vt 0.401167 0.959490
vt 0.397584 0.962186
vt 0.397738 0.921710
vt 0.397584 0.962186
vt 0.397584 0.920282
vt 0.320128 0.930093
vt 0.332346 0.962186
vt 0.351791 0.962186
vt 0.340683 0.927872
vt 0.332577 0.962186
vt 0.351640 0.962186
vt 0.319787 0.928685
vt 0.340108 0.926490
vt 0.152357 0.086574
vt 0.152357 0.086574
vt 0.152357 0.086574
vt 0.152357 0.086574
vt 0.141101 0.089878
vt 0.140948 0.089959
vt 0.140947 0.089926
vt 0.141094 0.089849
vt 0.140863 0.089969
vt 0.141062 0.089857
vt 0.140959 0.089910
vt 0.140924 0.090072
vt 0.140826 0.090107
vt 0.140877 0.090029
vt 0.141000 0.089966
vt 0.348404 0.565866
vt 0.355542 0.565866
vt 0.353952 0.601842
vt 0.346205 0.601842
vt 0.942055 0.940698
vt 0.942055 0.879640
vt 0.958858 0.879640
vt 0.958858 0.940698
vt 0.346779 0.601596
vt 0.353597 0.593939
vt 0.353578 0.601596
vt 0.140679 0.090073
vt 0.140598 0.089990
vt 0.140607 0.089754
vt 0.140702 0.089778
vt 0.140663 0.089812
vt 0.140730 0.089818
vt 0.140733 0.089743
vt 0.140654 0.089723
vt 0.140602 0.089710
vt 0.140597 0.089781
vt 0.958858 0.907006
vt 0.942055 0.890187
vt 0.942055 0.870269
vt 0.958858 0.870317
vt 0.958858 0.940449
vt 0.942055 0.940449
vt 0.942055 0.879888
vt 0.958858 0.879888
vt 0.140738 0.089580
vt 0.140601 0.089589
vt 0.140640 0.089595
vt 0.140602 0.089631
vt 0.140597 0.089556
vt 0.140598 0.089561
vt 0.140736 0.089552
vt 0.140634 0.089553
vt 0.140619 0.089686
vt 0.140591 0.089520
vt 0.140622 0.089549
vt 0.140722 0.089548
vt 0.328134 0.565827
vt 0.362639 0.565827
vt 0.362639 0.601596
vt 0.328134 0.601596
vt 0.328134 0.565827
vt 0.362639 0.565827
vt 0.362639 0.601596
vt 0.328134 0.601596
vt 0.328134 0.565827
vt 0.362639 0.565827
vt 0.362639 0.601596
vt 0.328134 0.601596
vt 0.328134 0.565827
vt 0.362639 0.565827
vt 0.362639 0.601596
vt 0.328134 0.601596
vt 0.336708 0.601596
vt 0.329931 0.601596
vt 0.335370 0.598192
vt 0.330031 0.565827
vt 0.352275 0.565827
vt 0.350511 0.594120
vt 0.328134 0.593501
vt 0.328134 0.565827
vt 0.338363 0.579504
vt 0.362639 0.565827
vt 0.362639 0.601596
vt 0.357404 0.601596
vt 0.328134 0.565827
vt 0.362639 0.565827
vt 0.362639 0.601596
vt 0.328134 0.601596
vt 0.328134 0.565827
vt 0.362639 0.565827
vt 0.362639 0.601596
vt 0.328134 0.601596
vt 0.328134 0.565827
vt 0.362639 0.565827
vt 0.362639 0.601596
vt 0.328134 0.601596
vt 0.328134 0.565827
vt 0.362639 0.565827
vt 0.362639 0.601596
vt 0.328134 0.601596
vt 0.328134 0.565827
vt 0.362639 0.565827
vt 0.362639 0.601596
vt 0.328134 0.601596
vt 0.328134 0.565827
vt 0.362639 0.565827
vt 0.362639 0.601596
vt 0.328134 0.601596
vt 0.010966 0.009250
vt 0.010572 0.009132
vt 0.010535 0.008688
vt 0.010732 0.008368
vt 0.011100 0.008276
vt 0.011431 0.008462
vt 0.011535 0.008823
vt 0.011344 0.009152
vt 0.140219 0.089541
vt 0.140305 0.089501
vt 0.140316 0.089492
vt 0.140236 0.089530
vt 0.140463 0.089477
vt 0.140604 0.089479
vt 0.140604 0.089465
vt 0.140469 0.089464
vt 0.140745 0.089482
vt 0.140874 0.089529
vt 0.140862 0.089520
vt 0.140739 0.089474
vt 0.140755 0.089820
vt 0.140584 0.089788
vt 0.140584 0.089758
vt 0.140744 0.089791
vt 0.140474 0.089778
vt 0.140493 0.089750
vt 0.140364 0.089658
vt 0.140287 0.089718
vt 0.140352 0.089593
vt 0.140604 0.089494
vt 0.140472 0.089493
vt 0.140855 0.089528
vt 0.140732 0.089571
vt 0.140626 0.089965
vt 0.140700 0.090281
vt 0.140708 0.090236
vt 0.140591 0.089958
vt 0.140503 0.089912
vt 0.143270 0.109975
vt 0.143373 0.110028
vt 0.143380 0.109993
vt 0.143290 0.109948
vt 0.142635 0.098666
vt 0.142666 0.098891
vt 0.142538 0.098837
vt 0.142503 0.098636
vt 0.142553 0.098287
vt 0.142422 0.098278
vt 0.142259 0.097891
vt 0.142172 0.097965
vt 0.143226 0.109591
vt 0.143178 0.109678
vt 0.143208 0.109689
vt 0.143249 0.109612
vt 0.143300 0.109529
vt 0.143314 0.109557
vt 0.143390 0.109499
vt 0.143394 0.109530
vt 0.143485 0.109502
vt 0.143478 0.109533
vt 0.143695 0.109799
vt 0.143695 0.109697
vt 0.143662 0.109706
vt 0.143665 0.109797
vt 0.143647 0.109898
vt 0.143624 0.109884
vt 0.143582 0.109987
vt 0.143563 0.109959
vt 0.143488 0.110036
vt 0.143479 0.109998
vt 0.637362 0.564340
vt 0.637603 0.513524
vt 0.651937 0.510189
vt 0.650469 0.551995
vt 0.651561 0.565840
vt 0.622690 0.517698
vt 0.622460 0.565919
vt 0.579918 0.543658
vt 0.580057 0.514095
vt 0.589947 0.515051
vt 0.585254 0.547794
vt 0.589844 0.536785
vt 0.564688 0.569952
vt 0.565250 0.514024
vt 0.571706 0.565304
vt 0.530317 0.513859
vt 0.547784 0.513942
vt 0.547514 0.570979
vt 0.531639 0.569498
vt 0.710801 0.512407
vt 0.727925 0.512525
vt 0.727020 0.569555
vt 0.711431 0.569351
vt 0.699174 0.511880
vt 0.698385 0.569039
vt 0.685562 0.548047
vt 0.684919 0.510280
vt 0.692146 0.555984
vt 0.683214 0.567296
vt 0.685075 0.561914
vt 0.140361 0.090000
vt 0.140311 0.089976
vt 0.140492 0.046373
vt 0.140438 0.090075
vt 0.140301 0.089775
vt 0.140348 0.089962
vt 0.140245 0.089836
vt 0.140428 0.046292
vt 0.140463 0.046209
vt 0.140346 0.089810
vt 0.140364 0.089838
vt 0.140374 0.089917
vt 0.140791 0.090065
vt 0.140683 0.046185
vt 0.140760 0.090005
vt 0.140952 0.089567
vt 0.140882 0.090038
vt 0.140803 0.089950
vt 0.140625 0.046396
vt 0.140464 0.089607
vt 0.140469 0.089817
vt 0.140601 0.089807
vt 0.140597 0.089781
vt 0.140597 0.089781
vt 0.140602 0.089598
vt 0.140454 0.089822
vt 0.140428 0.089773
vt 0.140337 0.089633
vt 0.140339 0.089657
vt 0.140392 0.089754
vt 0.140233 0.089678
vt 0.140240 0.089738
vt 0.140313 0.089814
vt 0.140245 0.089793
vt 0.140256 0.089902
vt 0.140311 0.089871
vt 0.140305 0.089791
vt 0.140250 0.090029
vt 0.140325 0.090079
vt 0.140263 0.090145
vt 0.140399 0.090189
vt 0.140400 0.090211
vt 0.140781 0.089955
vt 0.140823 0.090183
vt 0.140608 0.090215
vt 0.140595 0.090017
vt 0.140584 0.089963
vt 0.140941 0.089910
vt 0.140993 0.089997
vt 0.141026 0.089747
vt 0.140966 0.089684
vt 0.140848 0.089853
vt 0.140866 0.089658
vt 0.140730 0.089818
vt 0.140739 0.089609
vt 0.942055 0.943160
vt 0.942055 0.851014
vt 0.958858 0.851014
vt 0.958858 0.943160
vt 0.958858 0.933488
vt 0.942055 0.936130
vt 0.942055 0.923985
vt 0.958858 0.924034
vt 0.942055 0.916354
vt 0.942055 0.898126
vt 0.958858 0.890185
vt 0.958858 0.916402
vt 0.942055 0.943160
vt 0.942055 0.851014
vt 0.958858 0.851014
vt 0.958858 0.943160
vt 0.942055 0.943160
vt 0.942055 0.851014
vt 0.958858 0.851014
vt 0.958858 0.943160
vt 0.942055 0.943160
vt 0.942055 0.851014
vt 0.958858 0.851014
vt 0.958858 0.943160
vt 0.942055 0.943160
vt 0.942055 0.851014
vt 0.958858 0.851014
vt 0.958858 0.943160
vt 0.942055 0.943160
vt 0.942055 0.851014
vt 0.958858 0.851014
vt 0.958858 0.943160
vt 0.942055 0.943160
vt 0.942055 0.851014
vt 0.958858 0.851014
vt 0.958858 0.943160
vt 0.942055 0.943160
vt 0.942055 0.851014
vt 0.958858 0.851014
vt 0.958858 0.943160
vt 0.942055 0.943160
vt 0.942055 0.851014
vt 0.958858 0.851014
vt 0.958858 0.943160
vt 0.942055 0.943160
vt 0.942055 0.851014
vt 0.958858 0.851014
vt 0.958858 0.943160
vt 0.942055 0.943160
vt 0.942055 0.851014
vt 0.958858 0.851014
vt 0.958858 0.943160
vt 0.942055 0.943160
vt 0.942055 0.851014
vt 0.958858 0.851014
vt 0.958858 0.943160
vt 0.942055 0.943160
vt 0.942055 0.851014
vt 0.958858 0.851014
vt 0.958858 0.943160
vt 0.346990 0.596626
vt 0.356901 0.565866
vt 0.357008 0.601842
vt 0.346987 0.601842
vt 0.348292 0.565866
vt 0.353968 0.565866
vt 0.352583 0.601842
vt 0.348274 0.601842
vt 0.348057 0.565866
vt 0.353432 0.565866
vt 0.353177 0.601842
vt 0.348075 0.601842
vt 0.339459 0.565866
vt 0.340014 0.587656
vt 0.344939 0.565866
vt 0.349958 0.565866
vt 0.350010 0.601842
vt 0.344939 0.601842
vt 0.942055 0.940698
vt 0.942055 0.879640
vt 0.958858 0.879640
vt 0.958858 0.940698
vt 0.942055 0.940698
vt 0.942055 0.879640
vt 0.958858 0.879640
vt 0.958858 0.940698
vt 0.942055 0.940698
vt 0.942055 0.879640
vt 0.958858 0.879640
vt 0.958858 0.940698
vt 0.942055 0.940795
vt 0.942055 0.909605
vt 0.958858 0.909594
vt 0.958858 0.940795
vt 0.942055 0.940698
vt 0.942055 0.879640
vt 0.958858 0.879640
vt 0.958858 0.940698
vt 0.942055 0.940698
vt 0.942055 0.879640
vt 0.958858 0.879640
vt 0.958858 0.940698
vt 0.942055 0.940698
vt 0.942055 0.879640
vt 0.958858 0.879640
vt 0.958858 0.940698
vt 0.942055 0.940698
vt 0.942055 0.879640
vt 0.958858 0.879640
vt 0.958858 0.940698
vt 0.140602 0.089588
vt 0.140461 0.089597
vt 0.140330 0.089624
vt 0.140223 0.089669
vt 0.140464 0.089910
vt 0.140473 0.089894
vt 0.140584 0.089906
vt 0.140583 0.089923
vt 0.140583 0.089962
vt 0.140783 0.089954
vt 0.140762 0.089901
vt 0.140769 0.089917
vt 0.141039 0.089739
vt 0.140977 0.089675
vt 0.141032 0.089698
vt 0.140972 0.089638
vt 0.140981 0.089645
vt 0.141044 0.089706
vt 0.140873 0.089648
vt 0.140870 0.089615
vt 0.140876 0.089619
vt 0.140743 0.089599
vt 0.140741 0.089567
vt 0.140744 0.089571
vt 0.942055 0.984420
vt 0.942055 0.918400
vt 0.958858 0.935220
vt 0.958858 0.984469
vt 0.328134 0.601596
vt 0.328134 0.565827
vt 0.362639 0.565827
vt 0.362639 0.601596
vt 0.353679 0.565827
vt 0.140567 0.046168
vt 0.358505 0.565866
vt 0.358505 0.594291
vt 0.356644 0.601842
vt 0.368525 0.565866
vt 0.368525 0.582797
vt 0.370951 0.565866
vt 0.141043 0.089725
vt 0.141032 0.089714
vt 0.942055 0.940795
vt 0.942055 0.886082
vt 0.958858 0.907640
vt 0.958858 0.940795
vt 0.141031 0.089783
vt 0.140974 0.090079
vt 0.141001 0.090051
vt 0.141020 0.089833
vt 0.140926 0.090145
vt 0.141000 0.089920
vt 0.140958 0.089895
vt 0.140736 0.046342
vt 0.140926 0.089890
vt 0.140792 0.090226
vt 0.140804 0.090184
vt 0.140899 0.089850
vt 0.140939 0.090027
vt 0.140986 0.089712
vt 0.140951 0.089859
vt 0.140781 0.046241
vt 0.140941 0.089526
vt 0.140958 0.089537
vt 0.342231 0.565866
vt 0.343914 0.565866
vt 0.345090 0.601842
vt 0.342231 0.601842
vt 0.140201 0.089700
vt 0.140245 0.089781
vt 0.140222 0.089681
vt 0.140370 0.089747
vt 0.140384 0.089719
vt 0.140408 0.089851
vt 0.140238 0.089694
vt 0.140261 0.089811
vt 0.140196 0.090060
vt 0.140164 0.089811
vt 0.140231 0.089974
vt 0.140228 0.089946
vt 0.140220 0.089868
vt 0.958858 0.940795
vt 0.942055 0.940795
vt 0.942055 0.879542
vt 0.958858 0.879542
vt 0.350726 0.565866
vt 0.349523 0.592001
vt 0.140292 0.089913
vt 0.358081 0.574692
vt 0.358095 0.601842
vt 0.356712 0.565866
vt 0.140463 0.089946
vt 0.140406 0.089886
vt 0.942055 0.879542
vt 0.958858 0.879542
vt 0.958858 0.940795
vt 0.958858 0.940795
vt 0.942055 0.940795
vt 0.140485 0.089952
vt 0.140465 0.089948
vt 0.140500 0.090087
vt 0.140200 0.089717
vt 0.140229 0.085132
vt 0.140299 0.089954
vt 0.140283 0.089904
vt 0.140533 0.090000
vt 0.140487 0.089852
vt 0.140475 0.089569
vt 0.140507 0.089945
vt 0.140480 0.089941
vt 0.140407 0.089958
vt 0.140444 0.089997
vt 0.140199 0.089975
vt 0.140184 0.089858
vt 0.140443 0.089791
vt 0.140428 0.089576
vt 0.140393 0.089706
vt 0.958858 0.879542
vt 0.958858 0.940795
vt 0.942055 0.940795
vt 0.942055 0.879542
vt 0.140140 0.089743
vt 0.140200 0.089678
vt 0.140188 0.089673
vt 0.140126 0.089740
vt 0.353795 0.601842
vt 0.347039 0.569851
vt 0.347039 0.565866
vt 0.355134 0.565866
vt 0.140186 0.089831
vt 0.140228 0.089734
vt 0.140260 0.089698
vt 0.140223 0.089783
vt 0.140135 0.089675
vt 0.140165 0.089560
vt 0.362639 0.565827
vt 0.362639 0.601596
vt 0.342799 0.565827
vt 0.328134 0.601596
vt 0.345386 0.576478
vt 0.345386 0.581968
vt 0.362639 0.601596
vt 0.328134 0.601596
vt 0.328134 0.565827
vt 0.351340 0.565827
vt 0.347979 0.572794
vt 0.328134 0.593874
vt 0.362639 0.601596
vt 0.328134 0.601596
vt 0.143545 0.109560
vt 0.143545 0.109526
vt 0.517772 0.513800
vt 0.515501 0.515609
vt 0.517407 0.569897
vt 0.505504 0.537426
vt 0.503858 0.572466
vt 0.736071 0.512662
vt 0.738422 0.526605
vt 0.745005 0.536499
vt 0.744326 0.575691
vt 0.143668 0.109643
vt 0.143643 0.109667
vt 0.674303 0.543153
vt 0.668389 0.539398
vt 0.669004 0.510212
vt 0.667709 0.558747
vt 0.673689 0.563785
vt 0.667391 0.567804
vt 0.666463 0.530121
vt 0.654994 0.541306
vt 0.663476 0.524725
vt 0.140395 0.089937
vt 0.140411 0.089897
vt 0.140350 0.089908
vt 0.140285 0.089933
vt 0.140289 0.089909
vt 0.343842 0.591739
vt 0.140450 0.089846
vt 0.140108 0.089690
vt 0.140131 0.089563
vt 0.140979 0.089570
vt 0.141037 0.089663
vt 0.140972 0.089657
vt 0.140378 0.089863
vt 0.140229 0.089633
vt 0.140101 0.089702
vt 0.140173 0.089645
vt 0.140732 0.089844
vt 0.140597 0.089781
vt 0.140602 0.089557
vt 0.101841 0.567271
vt 0.121657 0.567271
vt 0.121657 0.587087
vt 0.101841 0.587087
vt 0.101841 0.567271
vt 0.121657 0.567271
vt 0.121657 0.587087
vt 0.101841 0.587087
vt 0.101841 0.567271
vt 0.121657 0.567271
vt 0.121657 0.587087
vt 0.101841 0.587087
vt 0.101841 0.567271
vt 0.121657 0.567271
vt 0.121657 0.587087
vt 0.101841 0.587087
vt 0.101841 0.567271
vt 0.121657 0.567271
vt 0.121657 0.587087
vt 0.101841 0.587087
vt 0.101841 0.567271
vt 0.121657 0.567271
vt 0.121657 0.587087
vt 0.101841 0.587087
vt 0.101841 0.567271
vt 0.121657 0.567271
vt 0.121657 0.587087
vt 0.101841 0.587087
vt 0.101841 0.567271
vt 0.121657 0.567271
vt 0.121657 0.587087
vt 0.101841 0.587087
vt 0.101841 0.567271
vt 0.121657 0.567271
vt 0.121657 0.587087
vt 0.101841 0.587087
vt 0.101841 0.567271
vt 0.121657 0.567271
vt 0.121657 0.587087
vt 0.101841 0.587087
vt 0.101841 0.567271
vt 0.121657 0.567271
vt 0.121657 0.587087
vt 0.101841 0.587087
vt 0.700118 0.025112
vt 0.742210 0.044715
vt 0.729109 0.052781
vt 0.706075 0.056295
vt 0.657930 0.056346
vt 0.673105 0.014853
vt 0.697151 0.069157
vt 0.685896 0.095630
vt 0.645956 0.069666
vt 0.651679 0.095936
vt 0.666865 0.110916
vt 0.605335 0.515590
vt 0.599085 0.552812
vt 0.609050 0.566379
vt 0.605765 0.558085
vt 0.145844 0.056582
vt 0.145752 0.056627
vt 0.145768 0.056594
vt 0.145851 0.056545
vt 0.145954 0.056627
vt 0.145950 0.056590
vt 0.146107 0.056452
vt 0.146088 0.056414
vt 0.145647 0.056451
vt 0.145673 0.056423
vt 0.140802 0.090120
vt 0.140717 0.090173
vt 0.140900 0.089995
vt 0.141031 0.089929
vt 0.140894 0.090084
vt 0.140831 0.090219
vt 0.140862 0.090208
vt 0.140893 0.090129
vt 0.346880 0.565866
vt 0.140334 0.089590
vt 0.140463 0.089565
vt 0.140463 0.089495
vt 0.141570 0.077376
vt 0.141071 0.077447
vt 0.141126 0.077266
vt 0.141485 0.077234
vt 0.141589 0.077108
vt 0.141593 0.077295
vt 0.141728 0.077048
vt 0.143332 0.052667
vt 0.143455 0.053319
vt 0.143351 0.053667
vt 0.143778 0.049859
vt 0.143620 0.050667
vt 0.143184 0.050620
vt 0.143578 0.049667
vt 0.193782 0.355167
vt 0.193842 0.355870
vt 0.193967 0.355796
vt 0.193876 0.355246
vt 0.193881 0.355031
vt 0.193807 0.355098
vt 0.193662 0.354970
vt 0.193536 0.354926
vt 0.193739 0.354870
vt 0.193409 0.355335
vt 0.193545 0.355325
vt 0.193434 0.355517
vt 0.193562 0.355460
vt 0.193698 0.355764
vt 0.193561 0.355569
vt 0.193610 0.355566
vt 0.193800 0.355757
vt 0.193748 0.354945
vt 0.143096 0.157370
vt 0.142949 0.157356
vt 0.142949 0.157388
vt 0.143106 0.157403
vt 0.142949 0.157396
vt 0.143103 0.157409
vt 0.143156 0.157300
vt 0.143125 0.157354
vt 0.143179 0.157327
vt 0.332431 0.821424
vt 0.330612 0.825994
vt 0.323909 0.824263
vt 0.328098 0.822060
vt 0.363504 0.792549
vt 0.364718 0.788996
vt 0.380204 0.790217
vt 0.394193 0.807189
vt 0.394998 0.819176
vt 0.365220 0.820635
vt 0.358836 0.820450
vt 0.396442 0.823795
vt 0.360285 0.825543
vt 0.398604 0.807617
vt 0.398641 0.819477
vt 0.323280 0.780274
vt 0.331131 0.780167
vt 0.357392 0.787982
vt 0.319544 0.779491
vt 0.315861 0.779307
vt 0.330687 0.775379
vt 0.358434 0.783120
vt 0.367358 0.784675
vt 0.382816 0.786398
vt 0.279581 0.797605
vt 0.271677 0.790255
vt 0.300725 0.778581
vt 0.295234 0.811975
vt 0.303897 0.780587
vt 0.314388 0.805699
vt 0.297843 0.818099
vt 0.320517 0.835809
vt 0.321708 0.838336
vt 0.314721 0.839182
vt 0.299638 0.829331
vt 0.152357 0.086574
vt 0.152357 0.086574
vt 0.152357 0.086574
vt 0.152357 0.086574
vt 0.152357 0.086574
vt 0.152357 0.086574
vt 0.152357 0.086574
vt 0.152357 0.086574
vt 0.152357 0.086574
vt 0.152357 0.086574
vt 0.152357 0.086574
vt 0.152357 0.086574
vt 0.152357 0.086574
vt 0.152357 0.086574
vt 0.152357 0.086574
vt 0.152357 0.086574
vt 0.272441 0.914504
vt 0.271902 0.914435
vt 0.271902 0.941041
vt 0.272441 0.941041
vt 0.276512 0.912629
vt 0.276512 0.941041
vt 0.275972 0.912899
vt 0.275972 0.941041
vt 0.272441 0.967577
vt 0.271902 0.967647
vt 0.276512 0.969452
vt 0.275972 0.969182
vt 0.373939 0.957286
vt 0.387663 0.962310
vt 0.390296 0.969182
vt 0.374709 0.969182
vt 0.337474 0.912899
vt 0.332118 0.941041
vt 0.338036 0.934775
vt 0.337730 0.912629
vt 0.338240 0.943489
vt 0.338694 0.969182
vt 0.338962 0.969452
vt 0.366577 0.912899
vt 0.358268 0.925196
vt 0.371503 0.956446
vt 0.373116 0.969452
vt 0.364457 0.912629
vt 0.338275 0.933846
vt 0.356018 0.923743
vt 0.332201 0.941041
vt 0.338489 0.942722
vt 0.372143 0.954353
vt 0.389014 0.962868
vt 0.391021 0.969452
vt 0.366716 0.979280
vt 0.368601 0.979538
vt 0.366214 0.985615
vt 0.364404 0.982823
vt 0.318472 0.993175
vt 0.319815 0.989437
vt 0.371371 0.985283
vt 0.373368 0.939393
vt 0.405072 0.937500
vt 0.402840 0.988808
vt 0.371169 0.988540
vt 0.400295 0.991844
vt 0.358573 0.941037
vt 0.359718 0.940095
vt 0.355210 0.940562
vt 0.278654 0.942425
vt 0.286298 0.944067
vt 0.284068 0.956341
vt 0.287387 0.973387
vt 0.314350 0.943399
vt 0.279710 0.966354
vt 0.304432 0.989832
vt 0.284757 0.940792
vt 0.313011 0.940176
vt 0.355847 0.937583
vt 0.405369 0.919855
vt 0.392987 0.906161
vt 0.374031 0.914014
vt 0.386779 0.898921
vt 0.380418 0.906335
vt 0.370709 0.905660
vt 0.301377 0.992453
vt 0.283125 0.974234
vt 0.274682 0.964306
vt 0.278902 0.954257
vt 0.274966 0.941043
vt 0.140738 0.089580
vt 0.140640 0.089595
vt 0.140733 0.089743
vt 0.140602 0.089631
vt 0.140602 0.089710
vt 0.140321 0.085564
vt 0.140730 0.089818
vt 0.140731 0.085767
vt 0.941959 0.870269
vt 0.959729 0.870317
vt 0.959729 0.984469
vt 0.941959 0.984420
vt 0.959729 0.940449
vt 0.941959 0.940449
vt 0.941959 0.879888
vt 0.959729 0.879888
vt 0.140601 0.089589
vt 0.140597 0.089556
vt 0.140598 0.089561
vt 0.140736 0.089552
vt 0.140619 0.089686
vt 0.140591 0.089520
vt 0.140648 0.089538
vt 0.140634 0.089585
vt 0.140722 0.089548
vt 0.140702 0.089778
vt 0.140607 0.089754
vt 0.328134 0.565827
vt 0.362639 0.565827
vt 0.362639 0.601596
vt 0.328134 0.601596
vt 0.328134 0.565827
vt 0.362639 0.565827
vt 0.362639 0.601596
vt 0.328134 0.601596
vt 0.328134 0.565827
vt 0.362639 0.565827
vt 0.362639 0.601596
vt 0.328134 0.601596
vt 0.328134 0.565827
vt 0.362639 0.565827
vt 0.362639 0.601596
vt 0.328134 0.601596
vt 0.336708 0.601596
vt 0.329931 0.601596
vt 0.335370 0.598192
vt 0.330031 0.565827
vt 0.352275 0.565827
vt 0.350511 0.594120
vt 0.328134 0.593501
vt 0.328134 0.565827
vt 0.338363 0.579504
vt 0.362639 0.565827
vt 0.362639 0.601596
vt 0.357404 0.601596
vt 0.328134 0.565827
vt 0.362639 0.565827
vt 0.362639 0.601596
vt 0.328134 0.601596
vt 0.328134 0.565827
vt 0.362639 0.565827
vt 0.362639 0.601596
vt 0.328134 0.601596
vt 0.328134 0.565827
vt 0.362639 0.565827
vt 0.362639 0.601596
vt 0.328134 0.601596
vt 0.328134 0.565827
vt 0.362639 0.565827
vt 0.362639 0.601596
vt 0.328134 0.601596
vt 0.328134 0.565827
vt 0.362639 0.565827
vt 0.362639 0.601596
vt 0.328134 0.601596
vt 0.328134 0.565827
vt 0.362639 0.565827
vt 0.362639 0.601596
vt 0.328134 0.601596
vt 0.010572 0.009132
vt 0.010535 0.008688
vt 0.010966 0.009250
vt 0.011344 0.009152
vt 0.011535 0.008823
vt 0.011431 0.008462
vt 0.010732 0.008368
vt 0.011100 0.008276
vt 0.140216 0.089718
vt 0.140144 0.089655
vt 0.140168 0.089636
vt 0.140238 0.089694
vt 0.140219 0.089541
vt 0.140305 0.089501
vt 0.140316 0.089492
vt 0.140236 0.089530
vt 0.140463 0.089477
vt 0.140604 0.089479
vt 0.140604 0.089465
vt 0.140469 0.089464
vt 0.140745 0.089482
vt 0.140874 0.089529
vt 0.140862 0.089520
vt 0.140739 0.089474
vt 0.140390 0.089584
vt 0.140248 0.089562
vt 0.140604 0.089494
vt 0.140472 0.089493
vt 0.140855 0.089528
vt 0.140732 0.089571
vt 0.143291 0.109048
vt 0.143395 0.109101
vt 0.143402 0.109066
vt 0.143312 0.109021
vt 0.141259 0.105630
vt 0.141473 0.105777
vt 0.141398 0.105889
vt 0.141203 0.105765
vt 0.140897 0.105541
vt 0.140858 0.105685
vt 0.140473 0.105674
vt 0.140515 0.105810
vt 0.143247 0.108664
vt 0.143199 0.108752
vt 0.143229 0.108763
vt 0.143270 0.108686
vt 0.143321 0.108603
vt 0.143336 0.108631
vt 0.143411 0.108573
vt 0.143415 0.108604
vt 0.143507 0.108576
vt 0.143500 0.108606
vt 0.143716 0.108872
vt 0.143717 0.108770
vt 0.143683 0.108779
vt 0.143686 0.108870
vt 0.143669 0.108971
vt 0.143646 0.108958
vt 0.143604 0.109061
vt 0.143585 0.109033
vt 0.143509 0.109109
vt 0.143501 0.109072
vt 0.638225 0.571744
vt 0.636449 0.518223
vt 0.650690 0.515712
vt 0.650809 0.557544
vt 0.652426 0.571338
vt 0.622467 0.518034
vt 0.624251 0.571807
vt 0.580602 0.548334
vt 0.579623 0.518787
vt 0.589523 0.518793
vt 0.586091 0.552266
vt 0.590281 0.541666
vt 0.566377 0.575185
vt 0.564824 0.519277
vt 0.573214 0.570275
vt 0.529910 0.520433
vt 0.547367 0.519855
vt 0.549254 0.576861
vt 0.533335 0.575982
vt 0.709596 0.515697
vt 0.726713 0.515165
vt 0.727971 0.572188
vt 0.712385 0.572575
vt 0.697958 0.515611
vt 0.699337 0.572758
vt 0.685728 0.552269
vt 0.683653 0.514553
vt 0.692607 0.559950
vt 0.684111 0.571593
vt 0.685767 0.566144
vt 0.140361 0.090000
vt 0.140294 0.089934
vt 0.140492 0.046373
vt 0.140438 0.090075
vt 0.140184 0.089670
vt 0.140206 0.089733
vt 0.140261 0.089811
vt 0.140292 0.089913
vt 0.140348 0.089962
vt 0.140294 0.089987
vt 0.140256 0.089869
vt 0.140301 0.089775
vt 0.140428 0.046292
vt 0.140463 0.046209
vt 0.140287 0.089718
vt 0.140378 0.089682
vt 0.140346 0.089810
vt 0.140364 0.089838
vt 0.140374 0.089917
vt 0.140791 0.090065
vt 0.140683 0.046185
vt 0.140679 0.090073
vt 0.140772 0.090041
vt 0.140812 0.089956
vt 0.140803 0.089950
vt 0.140749 0.089969
vt 0.140793 0.089970
vt 0.140625 0.046396
vt 0.140704 0.090259
vt 0.140608 0.089961
vt 0.140746 0.089875
vt 0.140601 0.089807
vt 0.140597 0.089781
vt 0.140469 0.089817
vt 0.140464 0.089607
vt 0.140602 0.089598
vt 0.140454 0.089822
vt 0.140428 0.089773
vt 0.140337 0.089633
vt 0.140339 0.089657
vt 0.140392 0.089754
vt 0.140233 0.089678
vt 0.140240 0.089738
vt 0.140313 0.089814
vt 0.140245 0.089793
vt 0.140256 0.089902
vt 0.140311 0.089871
vt 0.140305 0.089791
vt 0.140399 0.090189
vt 0.140400 0.090211
vt 0.140263 0.090145
vt 0.140325 0.090079
vt 0.140783 0.089954
vt 0.140823 0.090183
vt 0.140608 0.090215
vt 0.140632 0.090024
vt 0.140595 0.090017
vt 0.140583 0.089962
vt 0.140941 0.089910
vt 0.140993 0.089997
vt 0.141026 0.089747
vt 0.140966 0.089684
vt 0.140848 0.089853
vt 0.140866 0.089658
vt 0.140730 0.089818
vt 0.140739 0.089609
vt 0.941959 0.943160
vt 0.941959 0.851014
vt 0.959729 0.851014
vt 0.959729 0.943160
vt 0.959729 0.933488
vt 0.941959 0.936130
vt 0.941959 0.923985
vt 0.959729 0.924034
vt 0.941959 0.916354
vt 0.941959 0.898126
vt 0.959729 0.890185
vt 0.959729 0.916402
vt 0.941959 0.943160
vt 0.941959 0.851014
vt 0.959729 0.851014
vt 0.959729 0.943160
vt 0.941959 0.943160
vt 0.941959 0.851014
vt 0.959729 0.851014
vt 0.959729 0.943160
vt 0.941959 0.943160
vt 0.941959 0.851014
vt 0.959729 0.851014
vt 0.959729 0.943160
vt 0.941959 0.943160
vt 0.941959 0.851014
vt 0.959729 0.851014
vt 0.959729 0.943160
vt 0.941959 0.943160
vt 0.941959 0.851014
vt 0.959729 0.851014
vt 0.959729 0.943160
vt 0.941959 0.943160
vt 0.941959 0.851014
vt 0.959729 0.851014
vt 0.959729 0.943160
vt 0.941959 0.943160
vt 0.941959 0.851014
vt 0.959729 0.851014
vt 0.959729 0.943160
vt 0.941959 0.943160
vt 0.941959 0.851014
vt 0.959729 0.851014
vt 0.959729 0.943160
vt 0.941959 0.943160
vt 0.941959 0.851014
vt 0.959729 0.851014
vt 0.959729 0.943160
vt 0.941959 0.943160
vt 0.941959 0.851014
vt 0.959729 0.851014
vt 0.959729 0.943160
vt 0.941959 0.943160
vt 0.941959 0.851014
vt 0.959729 0.851014
vt 0.959729 0.943160
vt 0.941959 0.943160
vt 0.941959 0.851014
vt 0.959729 0.851014
vt 0.959729 0.943160
vt 0.346990 0.596626
vt 0.356901 0.565866
vt 0.357008 0.601842
vt 0.346987 0.601842
vt 0.348292 0.565866
vt 0.353968 0.565866
vt 0.352583 0.601842
vt 0.348274 0.601842
vt 0.344939 0.565866
vt 0.349958 0.565866
vt 0.350010 0.601842
vt 0.344939 0.601842
vt 0.941959 0.940698
vt 0.941959 0.879640
vt 0.959729 0.879640
vt 0.959729 0.940698
vt 0.941959 0.940698
vt 0.941959 0.879640
vt 0.959729 0.879640
vt 0.959729 0.940698
vt 0.941959 0.940698
vt 0.941959 0.879640
vt 0.959729 0.879640
vt 0.959729 0.940698
vt 0.959729 0.940795
vt 0.941959 0.940795
vt 0.941959 0.879542
vt 0.959729 0.879542
vt 0.941959 0.940698
vt 0.941959 0.879640
vt 0.959729 0.879640
vt 0.959729 0.940698
vt 0.941959 0.940698
vt 0.941959 0.879640
vt 0.959729 0.879640
vt 0.959729 0.940698
vt 0.941959 0.940698
vt 0.941959 0.879640
vt 0.959729 0.879640
vt 0.959729 0.940698
vt 0.941959 0.940698
vt 0.941959 0.879640
vt 0.959729 0.879640
vt 0.959729 0.940698
vt 0.140602 0.089588
vt 0.140461 0.089597
vt 0.140330 0.089624
vt 0.140223 0.089669
vt 0.140150 0.089805
vt 0.140164 0.089811
vt 0.140166 0.089779
vt 0.140152 0.089780
vt 0.141039 0.089739
vt 0.140977 0.089675
vt 0.141032 0.089698
vt 0.140972 0.089638
vt 0.140981 0.089645
vt 0.141044 0.089706
vt 0.140873 0.089648
vt 0.140870 0.089615
vt 0.140876 0.089619
vt 0.140743 0.089599
vt 0.140741 0.089567
vt 0.140744 0.089571
vt 0.353578 0.601596
vt 0.328134 0.601596
vt 0.328134 0.565827
vt 0.353679 0.565827
vt 0.358505 0.565866
vt 0.358505 0.594291
vt 0.356644 0.601842
vt 0.368525 0.565866
vt 0.368525 0.582797
vt 0.370951 0.565866
vt 0.141043 0.089725
vt 0.141032 0.089714
vt 0.941959 0.940795
vt 0.941959 0.886082
vt 0.959729 0.907640
vt 0.959729 0.940795
vt 0.141031 0.089783
vt 0.140974 0.090079
vt 0.141001 0.090051
vt 0.141020 0.089833
vt 0.140926 0.090145
vt 0.141000 0.089920
vt 0.140958 0.089895
vt 0.140736 0.046342
vt 0.140926 0.089890
vt 0.140798 0.090205
vt 0.140899 0.089850
vt 0.140939 0.090027
vt 0.140979 0.089684
vt 0.140951 0.089859
vt 0.140781 0.046241
vt 0.140941 0.089526
vt 0.140952 0.089567
vt 0.140958 0.089537
vt 0.342231 0.601842
vt 0.342231 0.565866
vt 0.350726 0.565866
vt 0.350726 0.601842
vt 0.140196 0.090060
vt 0.140250 0.090029
vt 0.140231 0.089974
vt 0.941959 0.896317
vt 0.959729 0.895566
vt 0.959729 0.944720
vt 0.941959 0.966648
vt 0.140500 0.089964
vt 0.140464 0.089947
vt 0.140471 0.090055
vt 0.140216 0.089756
vt 0.140234 0.089802
vt 0.140531 0.089975
vt 0.140567 0.046168
vt 0.140500 0.089867
vt 0.140475 0.089569
vt 0.140597 0.089781
vt 0.140444 0.089997
vt 0.140407 0.089958
vt 0.140199 0.089975
vt 0.140187 0.089884
vt 0.140181 0.089832
vt 0.140177 0.089803
vt 0.140474 0.089838
vt 0.140443 0.089791
vt 0.941959 0.958191
vt 0.941959 0.884462
vt 0.959729 0.883578
vt 0.959729 0.948657
vt 0.140140 0.089743
vt 0.140200 0.089678
vt 0.140188 0.089673
vt 0.140126 0.089740
vt 0.353795 0.601842
vt 0.347039 0.569851
vt 0.347039 0.565866
vt 0.355134 0.565866
vt 0.140186 0.089831
vt 0.140228 0.089734
vt 0.140260 0.089698
vt 0.140223 0.089783
vt 0.140135 0.089675
vt 0.140165 0.089560
vt 0.362639 0.565827
vt 0.362639 0.601596
vt 0.342799 0.565827
vt 0.328134 0.601596
vt 0.328134 0.575898
vt 0.328134 0.581365
vt 0.362639 0.577059
vt 0.362639 0.601596
vt 0.328134 0.601596
vt 0.328134 0.565827
vt 0.351340 0.565827
vt 0.347979 0.572794
vt 0.328134 0.601596
vt 0.362639 0.601596
vt 0.362639 0.582571
vt 0.360189 0.576865
vt 0.143567 0.108634
vt 0.143566 0.108600
vt 0.517372 0.520848
vt 0.515171 0.522741
vt 0.519128 0.576918
vt 0.506006 0.544921
vt 0.505686 0.579998
vt 0.734858 0.514993
vt 0.737736 0.528837
vt 0.744689 0.538474
vt 0.745497 0.577664
vt 0.143689 0.108717
vt 0.143665 0.108741
vt 0.674291 0.547805
vt 0.668238 0.544276
vt 0.667746 0.515088
vt 0.668293 0.563637
vt 0.674460 0.568445
vt 0.668319 0.572700
vt 0.665963 0.535079
vt 0.654926 0.546692
vt 0.662773 0.529801
vt 0.140395 0.089937
vt 0.140411 0.089897
vt 0.140350 0.089908
vt 0.140285 0.089933
vt 0.140289 0.089909
vt 0.343842 0.591739
vt 0.140450 0.089846
vt 0.140108 0.089690
vt 0.140131 0.089563
vt 0.140979 0.089570
vt 0.141037 0.089663
vt 0.140408 0.089851
vt 0.140412 0.089904
vt 0.140229 0.089633
vt 0.140101 0.089702
vt 0.140173 0.089645
vt 0.140732 0.089844
vt 0.140597 0.089781
vt 0.140602 0.089557
vt 0.101841 0.567271
vt 0.121657 0.567271
vt 0.121657 0.587087
vt 0.101841 0.587087
vt 0.101841 0.567271
vt 0.121657 0.567271
vt 0.121657 0.587087
vt 0.101841 0.587087
vt 0.101841 0.567271
vt 0.121657 0.567271
vt 0.121657 0.587087
vt 0.101841 0.587087
vt 0.101841 0.567271
vt 0.121657 0.567271
vt 0.121657 0.587087
vt 0.101841 0.587087
vt 0.101841 0.567271
vt 0.121657 0.567271
vt 0.121657 0.587087
vt 0.101841 0.587087
vt 0.101841 0.567271
vt 0.121657 0.567271
vt 0.121657 0.587087
vt 0.101841 0.587087
vt 0.101841 0.567271
vt 0.121657 0.567271
vt 0.121657 0.587087
vt 0.101841 0.587087
vt 0.101841 0.567271
vt 0.121657 0.567271
vt 0.121657 0.587087
vt 0.101841 0.587087
vt 0.101841 0.567271
vt 0.121657 0.567271
vt 0.121657 0.587087
vt 0.101841 0.587087
vt 0.101841 0.567271
vt 0.121657 0.567271
vt 0.121657 0.587087
vt 0.101841 0.587087
vt 0.101841 0.567271
vt 0.121657 0.567271
vt 0.121657 0.587087
vt 0.101841 0.587087
vt 0.700118 0.025112
vt 0.742210 0.044715
vt 0.729109 0.052781
vt 0.706075 0.056295
vt 0.657930 0.056346
vt 0.673105 0.014853
vt 0.697151 0.069157
vt 0.685896 0.095630
vt 0.645956 0.069666
vt 0.651679 0.095936
vt 0.666865 0.110916
vt 0.605272 0.515629
vt 0.600423 0.558409
vt 0.611056 0.572253
vt 0.607473 0.562986
vt 0.140769 0.089917
vt 0.140882 0.090038
vt 0.140892 0.090122
vt 0.140831 0.090219
vt 0.140833 0.090234
vt 0.140846 0.090222
vt 0.140862 0.090208
vt 0.346880 0.565866
vt 0.140334 0.089590
vt 0.140463 0.089565
vt 0.140463 0.089495
vt 0.143607 0.108591
vt 0.143595 0.108598
vt 0.143597 0.108601
vt 0.143642 0.108748
vt 0.143630 0.108749
vt 0.143618 0.108732
vt 0.143601 0.108603
vt 0.143676 0.108671
vt 0.143666 0.108679
vt 0.140779 0.090035
vt 0.140796 0.090057
vt 0.140775 0.089998
vt 0.140763 0.089963
vt 0.140811 0.089963
vt 0.140815 0.089944
vt 0.140821 0.089948
vt 0.140899 0.090033
vt 0.140861 0.090205
vt 0.140849 0.090216
vt 0.653231 0.063456
vt 0.666720 0.048500
vt 0.668709 0.070717
vt 0.705224 0.006408
vt 0.723529 0.011522
vt 0.674532 0.041409
vt 0.673213 0.079976
vt 0.671594 0.080482
vt 0.714966 0.067536
vt 0.667793 0.046130
vt 0.717677 0.066488
vt 0.733393 0.057804
vt 0.736013 0.045746
vt 0.140583 0.089923
vt 0.142661 0.083612
vt 0.142845 0.083699
vt 0.141998 0.084148
vt 0.141845 0.083982
vt 0.143005 0.082165
vt 0.143290 0.082473
vt 0.142318 0.082316
vt 0.140387 0.084314
vt 0.140454 0.084272
vt 0.140571 0.084464
vt 0.140489 0.084517
vt 0.140614 0.084394
vt 0.140739 0.084573
vt 0.941959 0.879542
vt 0.959729 0.879542
vt 0.959729 0.899970
vt 0.140653 0.083709
vt 0.140604 0.083672
vt 0.140661 0.083719
vt 0.140573 0.083657
vt 0.140677 0.083704
vt 0.140632 0.083573
vt 0.141695 0.083044
vt 0.152357 0.086574
vt 0.152357 0.086574
vt 0.152357 0.086574
vt 0.152357 0.086574
vt 0.152357 0.086574
vt 0.152357 0.086574
vt 0.152357 0.086574
vt 0.152357 0.086574
vt 0.152357 0.086574
vt 0.152357 0.086574
vt 0.152357 0.086574
vt 0.152357 0.086574
vt 0.152357 0.086574
vt 0.152357 0.086574
vt 0.152357 0.086574
vt 0.152357 0.086574
vt 0.152357 0.086574
vt 0.152357 0.086574
vt 0.152357 0.086574
vt 0.152357 0.086574
vt 0.152357 0.086574
vt 0.152357 0.086574
vt 0.152357 0.086574
vt 0.152357 0.086574
vt 0.152357 0.086574
vt 0.152357 0.086574
vt 0.152357 0.086574
vt 0.152357 0.086574
vt 0.152357 0.086574
vt 0.152357 0.086574
vt 0.152357 0.086574
vt 0.152357 0.086574
vt 0.152357 0.086574
vt 0.152357 0.086574
vt 0.152357 0.086574
vt 0.152357 0.086574
vt 0.152357 0.086574
vt 0.152357 0.086574
vt 0.152357 0.086574
vt 0.152357 0.086574
vt 0.152357 0.086574
vt 0.152357 0.086574
vt 0.152357 0.086574
vt 0.152357 0.086574
vt 0.152357 0.086574
vt 0.152357 0.086574
vt 0.152357 0.086574
vt 0.152357 0.086574
vt 0.152357 0.086574
vt 0.152357 0.086574
vt 0.152357 0.086574
vt 0.152357 0.086574
vt 0.152357 0.086574
vt 0.152357 0.086574
vt 0.152357 0.086574
vt 0.152357 0.086574
vt 0.152357 0.086574
vt 0.152357 0.086574
vt 0.152357 0.086574
vt 0.152357 0.086574
vt 0.152357 0.086574
vt 0.152357 0.086574
vt 0.152357 0.086574
vt 0.152357 0.086574
vt 0.152357 0.086574
vt 0.152357 0.086574
vt 0.152357 0.086574
vt 0.152357 0.086574
vt 0.141101 0.089878
vt 0.140948 0.089959
vt 0.140947 0.089926
vt 0.141094 0.089849
vt 0.140888 0.089956
vt 0.141062 0.089857
vt 0.140972 0.089899
vt 0.140838 0.089982
vt 0.140946 0.089920
vt 0.140924 0.090072
vt 0.140826 0.090107
vt 0.140872 0.090035
vt 0.140995 0.089975
vt 0.348404 0.565866
vt 0.355542 0.565866
vt 0.353952 0.601842
vt 0.346205 0.601842
vt 0.942055 0.940698
vt 0.942055 0.879640
vt 0.958858 0.879640
vt 0.958858 0.940698
vt 0.346779 0.601596
vt 0.353597 0.593939
vt 0.353578 0.601596
vt 0.140598 0.089990
vt 0.140619 0.089686
vt 0.140702 0.089778
vt 0.140679 0.090073
vt 0.140567 0.046168
vt 0.140683 0.046185
vt 0.140663 0.089812
vt 0.140730 0.089818
vt 0.140738 0.089580
vt 0.140640 0.089595
vt 0.140602 0.089631
vt 0.140602 0.089710
vt 0.140597 0.089781
vt 0.958858 0.907006
vt 0.942055 0.890187
vt 0.942055 0.870269
vt 0.958858 0.870317
vt 0.958858 0.940449
vt 0.942055 0.940449
vt 0.942055 0.879888
vt 0.958858 0.879888
vt 0.140601 0.089589
vt 0.140597 0.089556
vt 0.140598 0.089561
vt 0.140736 0.089552
vt 0.140634 0.089553
vt 0.140591 0.089520
vt 0.140622 0.089549
vt 0.140634 0.089585
vt 0.140722 0.089548
vt 0.328134 0.565827
vt 0.362639 0.565827
vt 0.362639 0.601596
vt 0.328134 0.601596
vt 0.328134 0.565827
vt 0.362639 0.565827
vt 0.362639 0.601596
vt 0.328134 0.601596
vt 0.328134 0.565827
vt 0.362639 0.565827
vt 0.362639 0.601596
vt 0.328134 0.601596
vt 0.328134 0.565827
vt 0.362639 0.565827
vt 0.362639 0.601596
vt 0.328134 0.601596
vt 0.336708 0.601596
vt 0.329931 0.601596
vt 0.335370 0.598192
vt 0.330031 0.565827
vt 0.352275 0.565827
vt 0.350511 0.594120
vt 0.328134 0.593501
vt 0.328134 0.565827
vt 0.338363 0.579504
vt 0.362639 0.565827
vt 0.362639 0.601596
vt 0.357404 0.601596
vt 0.328134 0.565827
vt 0.362639 0.565827
vt 0.362639 0.601596
vt 0.328134 0.601596
vt 0.328134 0.565827
vt 0.362639 0.565827
vt 0.362639 0.601596
vt 0.328134 0.601596
vt 0.328134 0.565827
vt 0.362639 0.565827
vt 0.362639 0.601596
vt 0.328134 0.601596
vt 0.328134 0.565827
vt 0.362639 0.565827
vt 0.362639 0.601596
vt 0.328134 0.601596
vt 0.328134 0.565827
vt 0.362639 0.565827
vt 0.362639 0.601596
vt 0.328134 0.601596
vt 0.328134 0.565827
vt 0.362639 0.565827
vt 0.362639 0.601596
vt 0.328134 0.601596
vt 0.010572 0.009132
vt 0.010535 0.008688
vt 0.010966 0.009250
vt 0.011344 0.009152
vt 0.011535 0.008823
vt 0.011431 0.008462
vt 0.010732 0.008368
vt 0.011100 0.008276
vt 0.140219 0.089679
vt 0.140180 0.089686
vt 0.140144 0.089655
vt 0.140168 0.089636
vt 0.140151 0.089593
vt 0.140173 0.089579
vt 0.140219 0.089541
vt 0.140305 0.089501
vt 0.140316 0.089492
vt 0.140236 0.089530
vt 0.140463 0.089477
vt 0.140604 0.089479
vt 0.140604 0.089465
vt 0.140469 0.089464
vt 0.140745 0.089482
vt 0.140874 0.089529
vt 0.140862 0.089520
vt 0.140739 0.089474
vt 0.140755 0.089820
vt 0.140584 0.089788
vt 0.140584 0.089758
vt 0.140744 0.089791
vt 0.140474 0.089778
vt 0.140493 0.089750
vt 0.140183 0.089635
vt 0.140196 0.089686
vt 0.140200 0.089700
vt 0.140179 0.089606
vt 0.140352 0.089593
vt 0.140248 0.089562
vt 0.140604 0.089494
vt 0.140472 0.089493
vt 0.140855 0.089528
vt 0.140732 0.089571
vt 0.140746 0.089875
vt 0.140608 0.089961
vt 0.140503 0.089912
vt 0.146550 0.110677
vt 0.146653 0.110730
vt 0.146660 0.110696
vt 0.146571 0.110650
vt 0.146477 0.110589
vt 0.146506 0.110574
vt 0.146444 0.110485
vt 0.146475 0.110477
vt 0.146458 0.110381
vt 0.146488 0.110392
vt 0.146506 0.110294
vt 0.146529 0.110315
vt 0.146580 0.110232
vt 0.146594 0.110260
vt 0.146670 0.110202
vt 0.146674 0.110233
vt 0.146765 0.110205
vt 0.146758 0.110236
vt 0.146975 0.110502
vt 0.146975 0.110399
vt 0.146942 0.110409
vt 0.146945 0.110500
vt 0.146927 0.110601
vt 0.146905 0.110587
vt 0.146863 0.110690
vt 0.146843 0.110662
vt 0.146768 0.110738
vt 0.146760 0.110701
vt 0.638239 0.572169
vt 0.636434 0.517797
vt 0.650690 0.515712
vt 0.650809 0.557544
vt 0.652426 0.571338
vt 0.625593 0.516740
vt 0.625387 0.571797
vt 0.581246 0.545474
vt 0.581162 0.515910
vt 0.591056 0.515882
vt 0.586613 0.549569
vt 0.591123 0.539436
vt 0.566216 0.571882
vt 0.566354 0.515952
vt 0.573198 0.567181
vt 0.531422 0.516052
vt 0.548888 0.516002
vt 0.549050 0.573039
vt 0.533164 0.571679
vt 0.709596 0.515697
vt 0.726713 0.515165
vt 0.727971 0.572188
vt 0.712385 0.572575
vt 0.697958 0.515611
vt 0.699337 0.572758
vt 0.685728 0.552269
vt 0.683653 0.514553
vt 0.692607 0.559950
vt 0.684111 0.571593
vt 0.685767 0.566144
vt 0.140361 0.090000
vt 0.140305 0.089965
vt 0.140492 0.046373
vt 0.140438 0.090075
vt 0.140301 0.089775
vt 0.140348 0.089962
vt 0.140245 0.089836
vt 0.140428 0.046292
vt 0.140463 0.046209
vt 0.140355 0.089824
vt 0.140374 0.089917
vt 0.140781 0.090053
vt 0.140749 0.089969
vt 0.140800 0.089962
vt 0.140625 0.046396
vt 0.140704 0.090259
vt 0.140464 0.089607
vt 0.140469 0.089817
vt 0.140601 0.089807
vt 0.140597 0.089781
vt 0.140597 0.089781
vt 0.140602 0.089598
vt 0.140454 0.089822
vt 0.140428 0.089773
vt 0.140337 0.089633
vt 0.140339 0.089657
vt 0.140233 0.089678
vt 0.140245 0.089793
vt 0.140309 0.089802
vt 0.140256 0.089902
vt 0.140311 0.089871
vt 0.140250 0.090029
vt 0.140325 0.090079
vt 0.140263 0.090145
vt 0.140399 0.090189
vt 0.140400 0.090211
vt 0.140781 0.089955
vt 0.140823 0.090183
vt 0.140608 0.090215
vt 0.140614 0.090020
vt 0.140584 0.089963
vt 0.140941 0.089910
vt 0.140993 0.089997
vt 0.141026 0.089747
vt 0.140966 0.089684
vt 0.140848 0.089853
vt 0.140866 0.089658
vt 0.140730 0.089818
vt 0.140739 0.089609
vt 0.942055 0.943160
vt 0.942055 0.851014
vt 0.958858 0.851014
vt 0.958858 0.943160
vt 0.958858 0.933488
vt 0.942055 0.936130
vt 0.942055 0.923985
vt 0.958858 0.924034
vt 0.942055 0.916354
vt 0.942055 0.898126
vt 0.958858 0.890185
vt 0.958858 0.916402
vt 0.942055 0.943160
vt 0.942055 0.851014
vt 0.958858 0.851014
vt 0.958858 0.943160
vt 0.942055 0.943160
vt 0.942055 0.851014
vt 0.958858 0.851014
vt 0.958858 0.943160
vt 0.942055 0.943160
vt 0.942055 0.851014
vt 0.958858 0.851014
vt 0.958858 0.943160
vt 0.942055 0.943160
vt 0.942055 0.851014
vt 0.958858 0.851014
vt 0.958858 0.943160
vt 0.942055 0.943160
vt 0.942055 0.851014
vt 0.958858 0.851014
vt 0.958858 0.943160
vt 0.942055 0.943160
vt 0.942055 0.851014
vt 0.958858 0.851014
vt 0.958858 0.943160
vt 0.942055 0.943160
vt 0.942055 0.851014
vt 0.958858 0.851014
vt 0.958858 0.943160
vt 0.942055 0.943160
vt 0.942055 0.851014
vt 0.958858 0.851014
vt 0.958858 0.943160
vt 0.942055 0.943160
vt 0.942055 0.851014
vt 0.958858 0.851014
vt 0.958858 0.943160
vt 0.942055 0.943160
vt 0.942055 0.851014
vt 0.958858 0.851014
vt 0.958858 0.943160
vt 0.942055 0.943160
vt 0.942055 0.851014
vt 0.958858 0.851014
vt 0.958858 0.943160
vt 0.942055 0.943160
vt 0.942055 0.851014
vt 0.958858 0.851014
vt 0.958858 0.943160
vt 0.346990 0.596626
vt 0.356901 0.565866
vt 0.357008 0.601842
vt 0.346987 0.601842
vt 0.348292 0.565866
vt 0.353968 0.565866
vt 0.352583 0.601842
vt 0.348274 0.601842
vt 0.360746 0.601842
vt 0.350726 0.601842
vt 0.360746 0.596495
vt 0.358961 0.587619
vt 0.359976 0.565866
vt 0.353563 0.565866
vt 0.350726 0.565866
vt 0.346376 0.601842
vt 0.343914 0.565866
vt 0.348057 0.565866
vt 0.353432 0.565866
vt 0.353177 0.601842
vt 0.348075 0.601842
vt 0.339459 0.565866
vt 0.340014 0.587656
vt 0.344939 0.565866
vt 0.349958 0.565866
vt 0.350010 0.601842
vt 0.344939 0.601842
vt 0.942055 0.940698
vt 0.942055 0.879640
vt 0.958858 0.879640
vt 0.958858 0.940698
vt 0.942055 0.940698
vt 0.942055 0.879640
vt 0.958858 0.879640
vt 0.958858 0.940698
vt 0.942055 0.940698
vt 0.942055 0.879640
vt 0.958858 0.879640
vt 0.958858 0.940698
vt 0.942055 0.879542
vt 0.958858 0.879542
vt 0.958858 0.940795
vt 0.942055 0.940795
vt 0.942055 0.940698
vt 0.942055 0.879640
vt 0.958858 0.879640
vt 0.958858 0.940698
vt 0.942055 0.940698
vt 0.942055 0.879640
vt 0.958858 0.879640
vt 0.958858 0.940698
vt 0.942055 0.940698
vt 0.942055 0.879640
vt 0.958858 0.879640
vt 0.958858 0.940698
vt 0.942055 0.940698
vt 0.942055 0.879640
vt 0.958858 0.879640
vt 0.958858 0.940698
vt 0.140602 0.089588
vt 0.140461 0.089597
vt 0.140330 0.089624
vt 0.140223 0.089669
vt 0.140150 0.089805
vt 0.140164 0.089811
vt 0.140169 0.089739
vt 0.140156 0.089731
vt 0.140464 0.089910
vt 0.140473 0.089894
vt 0.140584 0.089906
vt 0.140583 0.089923
vt 0.140583 0.089962
vt 0.140783 0.089954
vt 0.140762 0.089901
vt 0.140769 0.089917
vt 0.141039 0.089739
vt 0.140977 0.089675
vt 0.141032 0.089698
vt 0.140972 0.089638
vt 0.140981 0.089645
vt 0.141044 0.089706
vt 0.140873 0.089648
vt 0.140870 0.089615
vt 0.140876 0.089619
vt 0.140743 0.089599
vt 0.140741 0.089567
vt 0.140744 0.089571
vt 0.942055 0.984420
vt 0.942055 0.918400
vt 0.958858 0.935220
vt 0.958858 0.984469
vt 0.328134 0.601596
vt 0.328134 0.565827
vt 0.362639 0.565827
vt 0.362639 0.601596
vt 0.353679 0.565827
vt 0.358505 0.565866
vt 0.358505 0.594291
vt 0.356644 0.601842
vt 0.368525 0.565866
vt 0.369738 0.574332
vt 0.141043 0.089725
vt 0.141034 0.089689
vt 0.942055 0.940795
vt 0.942055 0.886082
vt 0.958858 0.907640
vt 0.958858 0.940795
vt 0.141021 0.089815
vt 0.141039 0.089769
vt 0.140974 0.090079
vt 0.141001 0.090051
vt 0.140926 0.090145
vt 0.141000 0.089920
vt 0.140958 0.089895
vt 0.140938 0.089825
vt 0.140949 0.089836
vt 0.942055 0.919762
vt 0.958858 0.940795
vt 0.942055 0.940795
vt 0.347344 0.583917
vt 0.346817 0.565866
vt 0.348174 0.565866
vt 0.348214 0.601842
vt 0.140899 0.089850
vt 0.140937 0.089737
vt 0.140927 0.089734
vt 0.140926 0.089890
vt 0.140736 0.046342
vt 0.140798 0.090205
vt 0.140939 0.090027
vt 0.140979 0.089684
vt 0.140951 0.089859
vt 0.140781 0.046241
vt 0.140941 0.089526
vt 0.140952 0.089567
vt 0.140958 0.089537
vt 0.140196 0.090060
vt 0.140220 0.089868
vt 0.140206 0.089863
vt 0.958858 0.940795
vt 0.942055 0.940795
vt 0.942055 0.879542
vt 0.958858 0.879542
vt 0.343804 0.601842
vt 0.140202 0.089706
vt 0.140942 0.089701
vt 0.942055 0.879542
vt 0.958858 0.879542
vt 0.958858 0.940795
vt 0.958858 0.940795
vt 0.942055 0.940795
vt 0.140485 0.089952
vt 0.140465 0.089948
vt 0.140500 0.089964
vt 0.140245 0.089781
vt 0.140283 0.089904
vt 0.140500 0.089867
vt 0.140475 0.089569
vt 0.140444 0.089997
vt 0.140407 0.089958
vt 0.140199 0.089975
vt 0.140187 0.089884
vt 0.140181 0.089832
vt 0.140474 0.089838
vt 0.140443 0.089791
vt 0.140428 0.089576
vt 0.140393 0.089706
vt 0.958858 0.879542
vt 0.958858 0.940795
vt 0.942055 0.940795
vt 0.942055 0.879542
vt 0.140140 0.089743
vt 0.140200 0.089678
vt 0.140188 0.089673
vt 0.140126 0.089740
vt 0.353795 0.601842
vt 0.347039 0.569851
vt 0.347039 0.565866
vt 0.355134 0.565866
vt 0.140186 0.089831
vt 0.140228 0.089734
vt 0.140260 0.089698
vt 0.140223 0.089783
vt 0.140135 0.089675
vt 0.140165 0.089560
vt 0.362639 0.565827
vt 0.362639 0.601596
vt 0.342799 0.565827
vt 0.328134 0.601596
vt 0.328134 0.575898
vt 0.328134 0.581365
vt 0.362639 0.577059
vt 0.362639 0.601596
vt 0.328134 0.601596
vt 0.328134 0.565827
vt 0.351340 0.565827
vt 0.347979 0.572794
vt 0.328134 0.593874
vt 0.362639 0.582571
vt 0.362639 0.601596
vt 0.328134 0.601596
vt 0.360189 0.576865
vt 0.146825 0.110263
vt 0.146825 0.110229
vt 0.518876 0.516087
vt 0.516619 0.517913
vt 0.518935 0.572185
vt 0.506787 0.539805
vt 0.505407 0.574856
vt 0.734858 0.514993
vt 0.737736 0.528837
vt 0.744689 0.538474
vt 0.745497 0.577664
vt 0.146948 0.110346
vt 0.146923 0.110370
vt 0.674291 0.547805
vt 0.668238 0.544276
vt 0.667746 0.515088
vt 0.668293 0.563637
vt 0.674460 0.568445
vt 0.668319 0.572700
vt 0.665963 0.535079
vt 0.654926 0.546692
vt 0.662773 0.529801
vt 0.140395 0.089937
vt 0.140411 0.089897
vt 0.140350 0.089908
vt 0.140285 0.089933
vt 0.140289 0.089909
vt 0.343842 0.591739
vt 0.140450 0.089846
vt 0.140108 0.089690
vt 0.140131 0.089563
vt 0.140979 0.089570
vt 0.140963 0.089725
vt 0.140968 0.089773
vt 0.140968 0.089822
vt 0.140229 0.089633
vt 0.140153 0.089609
vt 0.140159 0.089739
vt 0.140155 0.089645
vt 0.140101 0.089702
vt 0.140173 0.089645
vt 0.140732 0.089844
vt 0.140597 0.089781
vt 0.140602 0.089557
vt 0.140597 0.089781
vt 0.101841 0.567271
vt 0.121657 0.567271
vt 0.121657 0.587087
vt 0.101841 0.587087
vt 0.101841 0.567271
vt 0.121657 0.567271
vt 0.121657 0.587087
vt 0.101841 0.587087
vt 0.101841 0.567271
vt 0.121657 0.567271
vt 0.121657 0.587087
vt 0.101841 0.587087
vt 0.101841 0.567271
vt 0.121657 0.567271
vt 0.121657 0.587087
vt 0.101841 0.587087
vt 0.101841 0.567271
vt 0.121657 0.567271
vt 0.121657 0.587087
vt 0.101841 0.587087
vt 0.101841 0.567271
vt 0.121657 0.567271
vt 0.121657 0.587087
vt 0.101841 0.587087
vt 0.101841 0.567271
vt 0.121657 0.567271
vt 0.121657 0.587087
vt 0.101841 0.587087
vt 0.101841 0.567271
vt 0.121657 0.567271
vt 0.121657 0.587087
vt 0.101841 0.587087
vt 0.101841 0.567271
vt 0.121657 0.567271
vt 0.121657 0.587087
vt 0.101841 0.587087
vt 0.101841 0.567271
vt 0.121657 0.567271
vt 0.121657 0.587087
vt 0.101841 0.587087
vt 0.101841 0.567271
vt 0.121657 0.567271
vt 0.121657 0.587087
vt 0.101841 0.587087
vt 0.700118 0.025112
vt 0.742210 0.044715
vt 0.729109 0.052781
vt 0.706075 0.056295
vt 0.657930 0.056346
vt 0.673105 0.014853
vt 0.697151 0.069157
vt 0.685896 0.095630
vt 0.645956 0.069666
vt 0.651679 0.095936
vt 0.666865 0.110916
vt 0.607845 0.512681
vt 0.608656 0.562934
vt 0.604536 0.560427
vt 0.601333 0.557857
vt 0.611081 0.574158
vt 0.145844 0.056582
vt 0.145752 0.056627
vt 0.145768 0.056594
vt 0.145851 0.056545
vt 0.145954 0.056627
vt 0.145950 0.056590
vt 0.146107 0.056452
vt 0.146088 0.056414
vt 0.145647 0.056451
vt 0.145673 0.056423
vt 0.145614 0.056415
vt 0.145641 0.056387
vt 0.145572 0.056374
vt 0.145600 0.056347
vt 0.145537 0.056264
vt 0.145570 0.056282
vt 0.140802 0.090120
vt 0.140717 0.090173
vt 0.140951 0.089837
vt 0.140900 0.089995
vt 0.140883 0.090024
vt 0.141006 0.089957
vt 0.141031 0.089929
vt 0.140882 0.090038
vt 0.140892 0.090122
vt 0.140831 0.090219
vt 0.140846 0.090222
vt 0.140862 0.090208
vt 0.346880 0.565866
vt 0.140334 0.089590
vt 0.140463 0.089565
vt 0.140463 0.089495
vt 0.146865 0.110220
vt 0.146853 0.110227
vt 0.146856 0.110230
vt 0.146900 0.110377
vt 0.146888 0.110378
vt 0.146876 0.110361
vt 0.146859 0.110232
vt 0.146935 0.110301
vt 0.146925 0.110308
vt 0.140775 0.089998
vt 0.140788 0.090046
vt 0.140763 0.089963
vt 0.140814 0.089955
vt 0.140899 0.090033
vt 0.140861 0.090205
vt 0.140849 0.090216
vt 0.653231 0.063456
vt 0.666720 0.048500
vt 0.668709 0.070717
vt 0.712122 0.004165
vt 0.723529 0.011522
vt 0.674532 0.041409
vt 0.673213 0.079976
vt 0.671594 0.080482
vt 0.714966 0.067536
vt 0.667793 0.046130
vt 0.717677 0.066488
vt 0.733393 0.057804
vt 0.736013 0.045746
vt 0.958858 0.896352
vt 0.152357 0.086574
vt 0.152357 0.086574
vt 0.152357 0.086574
vt 0.152357 0.086574
vt 0.152357 0.086574
vt 0.152357 0.086574
vt 0.152357 0.086574
vt 0.152357 0.086574
vt 0.152357 0.086574
vt 0.152357 0.086574
vt 0.152357 0.086574
vt 0.152357 0.086574
vt 0.152357 0.086574
vt 0.152357 0.086574
vt 0.152357 0.086574
vt 0.152357 0.086574
vt 0.152357 0.086574
vt 0.152357 0.086574
vt 0.152357 0.086574
vt 0.152357 0.086574
vt 0.152357 0.086574
vt 0.152357 0.086574
vt 0.152357 0.086574
vt 0.152357 0.086574
vt 0.152357 0.086574
vt 0.152357 0.086574
vt 0.152357 0.086574
vt 0.152357 0.086574
vt 0.401399 0.920107
vt 0.401090 0.918572
vt 0.349739 0.920033
vt 0.349474 0.922950
vt 0.401248 0.953456
vt 0.401090 0.952026
vt 0.344908 0.930230
vt 0.360660 0.949418
vt 0.366963 0.957095
vt 0.340024 0.921082
vt 0.339790 0.923996
vt 0.345151 0.927416
vt 0.360681 0.946602
vt 0.367897 0.955517
vt 0.352546 0.958652
vt 0.351388 0.957300
vt 0.322970 0.924872
vt 0.322970 0.938516
vt 0.325984 0.938253
vt 0.325984 0.924872
vt 0.322970 0.924003
vt 0.325984 0.923440
vt 0.325984 0.938312
vt 0.322970 0.938552
vt 0.322970 0.956614
vt 0.325984 0.958641
vt 0.325984 0.958641
vt 0.322970 0.956052
vt 0.352199 0.956614
vt 0.352199 0.946888
vt 0.352199 0.947079
vt 0.352199 0.956052
vt 0.349195 0.958641
vt 0.349195 0.947253
vt 0.349195 0.958641
vt 0.349195 0.923440
vt 0.352199 0.924003
vt 0.352199 0.936000
vt 0.349195 0.936286
vt 0.325984 0.948620
vt 0.322970 0.948800
vt 0.325984 0.948314
vt 0.322970 0.948606
vt 0.352199 0.935965
vt 0.352199 0.924872
vt 0.349195 0.936228
vt 0.349195 0.924872
vt 0.349195 0.946949
vt 0.948145 0.080355
vt 0.948145 0.130403
vt 0.931127 0.101546
vt 0.931127 0.080355
vt 0.961283 0.103022
vt 0.982449 0.089506
vt 0.982449 0.139554
vt 0.961283 0.139554
vt 0.908395 0.138311
vt 0.908395 0.101780
vt 0.925853 0.131634
vt 0.931657 0.101780
vt 0.931656 0.131229
vt 0.934711 0.025908
vt 0.974445 0.025908
vt 0.934711 0.057002
vt 0.974445 0.104402
vt 0.948615 0.104402
vt 0.990687 0.119116
vt 0.998066 0.119116
vt 0.998066 0.166550
vt 0.990687 0.166550
vt 0.965502 0.099545
vt 0.943293 0.107551
vt 0.943293 0.045650
vt 0.965502 0.045650
vt 0.971335 0.125251
vt 0.989267 0.125251
vt 0.989267 0.166550
vt 0.968100 0.166550
vt 0.932532 0.132900
vt 0.894148 0.132900
vt 0.894148 0.064752
vt 0.932532 0.064752
vt 0.977508 0.126649
vt 0.977508 0.064752
vt 0.949165 0.125251
vt 0.944102 0.166550
vt 0.915595 0.166550
vt 0.910532 0.125251
vt 0.990687 0.073553
vt 0.998066 0.073553
vt 0.965502 0.167010
vt 0.943293 0.167010
vt 0.971335 0.073553
vt 0.989267 0.073553
vt 0.932532 0.218207
vt 0.894148 0.218207
vt 0.982200 0.218207
vt 0.986891 0.139150
vt 0.939507 0.070443
vt 0.910532 0.073553
vt 0.938442 0.135955
vt 0.938442 0.183389
vt 0.924364 0.135955
vt 0.914431 0.170309
vt 0.914431 0.183389
vt 0.899887 0.164516
vt 0.899887 0.211950
vt 0.892508 0.211950
vt 0.892508 0.164516
vt 0.965236 0.145522
vt 0.965236 0.214084
vt 0.936983 0.214084
vt 0.936983 0.135337
vt 0.915883 0.142744
vt 0.920429 0.200782
vt 0.890683 0.200782
vt 0.890684 0.142744
vt 0.927940 0.161344
vt 0.927940 0.221868
vt 0.893850 0.221868
vt 0.893850 0.161344
vt 0.967885 0.166895
vt 0.967885 0.221868
vt 0.899887 0.118953
vt 0.893321 0.116674
vt 0.965236 0.059696
vt 0.936983 0.059696
vt 0.915883 0.070092
vt 0.890684 0.070092
vt 0.927940 0.085580
vt 0.893850 0.085580
vt 0.972051 0.085580
vt 0.976217 0.155792
vt 0.987764 0.281970
vt 0.994652 0.286138
vt 0.982683 0.310210
vt 0.881314 0.313991
vt 0.867281 0.286138
vt 0.874169 0.281970
vt 0.879250 0.310210
vt 0.979469 0.316099
vt 0.986438 0.264909
vt 0.966677 0.255707
vt 0.875495 0.264909
vt 0.895256 0.255707
vt 0.895677 0.232388
vt 0.917660 0.205063
vt 0.966256 0.232388
vt 0.944273 0.205063
vt 0.926969 0.085507
vt 0.925549 0.080355
vt 0.926969 0.080355
vt 0.983870 0.118363
vt 0.991249 0.134401
vt 0.991249 0.139553
vt 0.983870 0.139554
vt 0.924990 0.025908
vt 0.969178 0.179800
vt 0.974445 0.179800
vt 0.887317 0.184953
vt 0.893070 0.173181
vt 0.893070 0.184953
vt 0.910659 0.183389
vt 0.935807 0.096613
vt 0.938442 0.092055
vt 0.940225 0.125747
vt 0.958913 0.101780
vt 0.956740 0.134708
vt 0.930158 0.105548
vt 0.930158 0.139554
vt 0.917613 0.111779
vt 0.908778 0.139553
vt 0.908778 0.112203
vt 0.963789 0.156812
vt 0.978866 0.145875
vt 0.980671 0.173226
vt 0.953414 0.173226
vt 0.953414 0.153943
vt 0.930153 0.173226
vt 0.945900 0.153320
vt 0.936018 0.157226
vt 0.930153 0.157835
vt 0.894490 0.166061
vt 0.906378 0.168859
vt 0.894490 0.184953
vt 0.915657 0.184953
vt 0.915657 0.169562
vt 0.939217 0.132601
vt 0.952802 0.137500
vt 0.935783 0.144620
vt 0.952802 0.156392
vt 0.935783 0.156392
vt 0.938369 0.788889
vt 0.938369 0.761242
vt 0.966016 0.761242
vt 0.966016 0.788889
vt 0.938369 0.788889
vt 0.938369 0.761242
vt 0.966016 0.761242
vt 0.966016 0.788889
vt 0.938369 0.788889
vt 0.938369 0.761242
vt 0.966016 0.761242
vt 0.966016 0.788889
vt 0.938369 0.788889
vt 0.938369 0.761242
vt 0.966016 0.761242
vt 0.966016 0.788889
vt 0.938369 0.788889
vt 0.938369 0.761242
vt 0.966016 0.761242
vt 0.966016 0.788889
vt 0.938369 0.788889
vt 0.938369 0.761242
vt 0.966016 0.761242
vt 0.966016 0.788889
vt 0.938369 0.788889
vt 0.938369 0.761242
vt 0.966016 0.761242
vt 0.966016 0.788889
vt 0.938369 0.788889
vt 0.938369 0.761242
vt 0.966016 0.761242
vt 0.966016 0.788889
vt 0.938369 0.788889
vt 0.938369 0.761242
vt 0.966016 0.761242
vt 0.966016 0.788889
vt 0.938369 0.788889
vt 0.938369 0.761242
vt 0.966016 0.761242
vt 0.966016 0.788889
vt 0.938369 0.788889
vt 0.938369 0.761242
vt 0.966016 0.761242
vt 0.966016 0.788889
vt 0.938369 0.788889
vt 0.938369 0.761242
vt 0.966016 0.761242
vt 0.966016 0.788889
vt 0.938369 0.788889
vt 0.938369 0.761242
vt 0.966016 0.761242
vt 0.966016 0.788889
vt 0.938369 0.788889
vt 0.938369 0.761242
vt 0.966016 0.761242
vt 0.966016 0.788889
vt 0.938369 0.788889
vt 0.938369 0.761242
vt 0.966016 0.761242
vt 0.966016 0.788889
vt 0.938369 0.788889
vt 0.938369 0.761242
vt 0.966016 0.761242
vt 0.966016 0.788889
vt 0.917039 0.177359
vt 0.906059 0.165105
vt 0.932200 0.138516
vt 0.944255 0.147730
vt 0.876010 0.140582
vt 0.911420 0.129062
vt 0.876892 0.122505
vt 0.875561 0.111856
vt 0.909973 0.114748
vt 0.892660 0.085290
vt 0.925795 0.100945
vt 0.901675 0.069303
vt 0.937468 0.086801
vt 0.907967 0.063496
vt 0.921374 0.058628
vt 0.942618 0.087205
vt 0.930137 0.053270
vt 0.955866 0.082792
vt 0.941058 0.042692
vt 0.966372 0.070855
vt 0.948552 0.031218
vt 0.977363 0.060531
vt 0.959262 0.020856
vt 0.990643 0.056100
vt 0.922967 0.179471
vt 0.949411 0.190780
vt 0.966420 0.154402
vt 0.966330 0.212831
vt 0.980868 0.179370
vt 0.990427 0.191791
vt 0.977029 0.246034
vt 0.977099 0.248951
vt 0.968255 0.249167
vt 0.951078 0.240157
vt 0.956863 0.254126
vt 0.950466 0.253868
vt 0.921477 0.247673
vt 0.896175 0.244297
vt 0.886544 0.243343
vt 0.886044 0.164097
vt 0.899859 0.162104
vt 0.920914 0.158443
vt 0.954408 0.152971
vt 0.962771 0.151966
vt 0.974538 0.160173
vt 0.974607 0.157257
vt 0.322793 0.924872
vt 0.322793 0.956052
vt 0.326038 0.958641
vt 0.326038 0.924872
vt 0.322793 0.924003
vt 0.326038 0.923440
vt 0.326038 0.958641
vt 0.322793 0.956614
vt 0.352376 0.956614
vt 0.352376 0.924003
vt 0.352376 0.924872
vt 0.352376 0.956052
vt 0.349654 0.958641
vt 0.349654 0.924872
vt 0.349654 0.958641
vt 0.349654 0.923440
vt 0.140463 0.089946
vt 0.140465 0.089948
vt 0.140463 0.089948
vt 0.152357 0.086574
vt 0.152357 0.086574
vt 0.152357 0.086574
vt 0.152357 0.086574
vt 0.152357 0.086574
vt 0.152357 0.086574
vt 0.152357 0.086574
vt 0.152357 0.086574
vt 0.152357 0.086574
vt 0.152357 0.086574
vt 0.152357 0.086574
vt 0.152357 0.086574
vt 0.152357 0.086574
vt 0.152357 0.086574
vt 0.152357 0.086574
vt 0.152357 0.086574
vt 0.152357 0.086574
vt 0.152357 0.086574
vt 0.152357 0.086574
vt 0.152357 0.086574
vt 0.152357 0.086574
vt 0.152357 0.086574
vt 0.152357 0.086574
vt 0.152357 0.086574
vt 0.152357 0.086574
vt 0.152357 0.086574
vt 0.152357 0.086574
vt 0.152357 0.086574
vt 0.152357 0.086574
vt 0.152357 0.086574
vt 0.152357 0.086574
vt 0.152357 0.086574
vt 0.152357 0.086574
vt 0.152357 0.086574
vt 0.152357 0.086574
vt 0.152357 0.086574
vt 0.152357 0.086574
vt 0.152357 0.086574
vt 0.152357 0.086574
vt 0.152357 0.086574
vt 0.152357 0.086574
vt 0.152357 0.086574
vt 0.152357 0.086574
vt 0.152357 0.086574
vt 0.152357 0.086574
vt 0.152357 0.086574
vt 0.152357 0.086574
vt 0.152357 0.086574
vt 0.152357 0.086574
vt 0.152357 0.086574
vt 0.152357 0.086574
vt 0.152357 0.086574
vt 0.152357 0.086574
vt 0.152357 0.086574
vt 0.152357 0.086574
vt 0.152357 0.086574
vt 0.152357 0.086574
vt 0.152357 0.086574
vt 0.152357 0.086574
vt 0.152357 0.086574
vt 0.152357 0.086574
vt 0.152357 0.086574
vt 0.152357 0.086574
vt 0.152357 0.086574
vt 0.152357 0.086574
vt 0.152357 0.086574
vt 0.152357 0.086574
vt 0.152357 0.086574
vt 0.152357 0.086574
vt 0.152357 0.086574
vt 0.152357 0.086574
vt 0.152357 0.086574
vt 0.152357 0.086574
vt 0.152357 0.086574
vt 0.152357 0.086574
vt 0.152357 0.086574
vt 0.151668 0.064403
vt 0.151668 0.064403
vt 0.151668 0.064403
vt 0.151668 0.064403
vt 0.155412 0.086716
vt 0.155412 0.086716
vt 0.155412 0.086716
vt 0.155412 0.086716
vt 0.151668 0.064403
vt 0.151668 0.064403
vt 0.151668 0.064403
vt 0.151668 0.064403
vt 0.082010 0.012619
vt 0.082010 0.012619
vt 0.082010 0.012619
vt 0.082010 0.012619
vt 0.151668 0.064403
vt 0.151668 0.064403
vt 0.151668 0.064403
vt 0.150552 0.112953
vt 0.151668 0.064403
vt 0.150552 0.112953
vt 0.150552 0.112953
vt 0.150552 0.112953
vt 0.150552 0.112953
vt 0.142881 0.078163
vt 0.143232 0.077684
vt 0.143237 0.077867
vt 0.142939 0.078341
vt 0.142829 0.078559
vt 0.142641 0.078525
vt 0.673213 0.079976
vt 0.668709 0.070717
vt 0.714966 0.067536
vt 0.140821 0.089948
vt 0.140899 0.090033
vt 0.140796 0.090057
vt 0.140811 0.089963
vt 0.152357 0.086574
vt 0.152357 0.086574
vt 0.152357 0.086574
vt 0.152357 0.086574
vt 0.141101 0.089878
vt 0.140948 0.089959
vt 0.140947 0.089926
vt 0.141094 0.089849
vt 0.140863 0.089969
vt 0.141062 0.089857
vt 0.140959 0.089910
vt 0.140924 0.090072
vt 0.140826 0.090107
vt 0.140877 0.090029
vt 0.141000 0.089966
vt 0.348404 0.565866
vt 0.355542 0.565866
vt 0.353952 0.601842
vt 0.346205 0.601842
vt 0.942055 0.940698
vt 0.942055 0.879640
vt 0.958858 0.879640
vt 0.958858 0.940698
vt 0.346779 0.601596
vt 0.353597 0.593939
vt 0.353578 0.601596
vt 0.140679 0.090073
vt 0.140598 0.089990
vt 0.140613 0.089720
vt 0.140702 0.089778
vt 0.140663 0.089812
vt 0.140730 0.089818
vt 0.140733 0.089743
vt 0.140654 0.089723
vt 0.958858 0.907006
vt 0.942055 0.890187
vt 0.942055 0.870269
vt 0.958858 0.870317
vt 0.958858 0.940449
vt 0.942055 0.940449
vt 0.942055 0.879888
vt 0.958858 0.879888
vt 0.140597 0.089556
vt 0.140598 0.089561
vt 0.140736 0.089552
vt 0.140591 0.089520
vt 0.140722 0.089548
vt 0.140601 0.089589
vt 0.140738 0.089580
vt 0.140602 0.089710
vt 0.328134 0.565827
vt 0.362639 0.565827
vt 0.362639 0.601596
vt 0.328134 0.601596
vt 0.328134 0.565827
vt 0.362639 0.565827
vt 0.362639 0.601596
vt 0.328134 0.601596
vt 0.328134 0.565827
vt 0.362639 0.565827
vt 0.362639 0.601596
vt 0.328134 0.601596
vt 0.328134 0.565827
vt 0.362639 0.565827
vt 0.362639 0.601596
vt 0.328134 0.601596
vt 0.336708 0.601596
vt 0.329931 0.601596
vt 0.335370 0.598192
vt 0.330031 0.565827
vt 0.352275 0.565827
vt 0.348823 0.595467
vt 0.328134 0.565827
vt 0.338363 0.579504
vt 0.362639 0.565827
vt 0.362639 0.601596
vt 0.357404 0.601596
vt 0.328134 0.565827
vt 0.362639 0.565827
vt 0.362639 0.601596
vt 0.328134 0.601596
vt 0.328134 0.565827
vt 0.362639 0.565827
vt 0.362639 0.601596
vt 0.328134 0.601596
vt 0.328134 0.565827
vt 0.362639 0.565827
vt 0.362639 0.601596
vt 0.328134 0.601596
vt 0.328134 0.565827
vt 0.362639 0.565827
vt 0.362639 0.601596
vt 0.328134 0.601596
vt 0.328134 0.565827
vt 0.362639 0.565827
vt 0.362639 0.601596
vt 0.328134 0.601596
vt 0.328134 0.565827
vt 0.362639 0.565827
vt 0.362639 0.601596
vt 0.328134 0.601596
vt 0.010572 0.009132
vt 0.010535 0.008688
vt 0.010966 0.009250
vt 0.011344 0.009152
vt 0.011535 0.008823
vt 0.011431 0.008462
vt 0.010732 0.008368
vt 0.011100 0.008276
vt 0.140219 0.089679
vt 0.140180 0.089686
vt 0.140144 0.089655
vt 0.140168 0.089636
vt 0.140151 0.089593
vt 0.140173 0.089579
vt 0.140219 0.089541
vt 0.140305 0.089501
vt 0.140316 0.089492
vt 0.140236 0.089530
vt 0.140463 0.089477
vt 0.140604 0.089479
vt 0.140604 0.089465
vt 0.140469 0.089464
vt 0.140745 0.089482
vt 0.140874 0.089529
vt 0.140859 0.089524
vt 0.140739 0.089474
vt 0.140428 0.046292
vt 0.140245 0.089781
vt 0.140283 0.089904
vt 0.140305 0.089965
vt 0.140492 0.046373
vt 0.140179 0.089606
vt 0.140183 0.089635
vt 0.140234 0.089802
vt 0.140196 0.089686
vt 0.140352 0.089593
vt 0.140248 0.089562
vt 0.140604 0.089494
vt 0.140472 0.089493
vt 0.140732 0.089571
vt 0.146550 0.110677
vt 0.146653 0.110730
vt 0.146660 0.110696
vt 0.146571 0.110650
vt 0.146477 0.110589
vt 0.146506 0.110574
vt 0.146444 0.110485
vt 0.146475 0.110477
vt 0.146458 0.110381
vt 0.146488 0.110392
vt 0.146506 0.110294
vt 0.146529 0.110315
vt 0.146580 0.110232
vt 0.146594 0.110260
vt 0.146670 0.110202
vt 0.146674 0.110233
vt 0.146765 0.110205
vt 0.146758 0.110236
vt 0.146975 0.110502
vt 0.146975 0.110399
vt 0.146942 0.110409
vt 0.146945 0.110500
vt 0.146927 0.110601
vt 0.146905 0.110587
vt 0.146863 0.110690
vt 0.146843 0.110662
vt 0.146768 0.110738
vt 0.146760 0.110701
vt 0.638239 0.572169
vt 0.636434 0.517797
vt 0.650690 0.515712
vt 0.650809 0.557544
vt 0.652426 0.571338
vt 0.625593 0.516740
vt 0.625387 0.571797
vt 0.581246 0.545474
vt 0.581162 0.515910
vt 0.591056 0.515882
vt 0.586613 0.549569
vt 0.591123 0.539436
vt 0.566216 0.571882
vt 0.566354 0.515952
vt 0.573198 0.567181
vt 0.531422 0.516052
vt 0.548888 0.516002
vt 0.549050 0.573039
vt 0.533164 0.571679
vt 0.709596 0.515697
vt 0.726713 0.515165
vt 0.727971 0.572188
vt 0.712385 0.572575
vt 0.697958 0.515611
vt 0.699337 0.572758
vt 0.685728 0.552269
vt 0.683653 0.514553
vt 0.692607 0.559950
vt 0.684111 0.571593
vt 0.685767 0.566144
vt 0.140361 0.090000
vt 0.140438 0.090075
vt 0.140348 0.089962
vt 0.140294 0.089987
vt 0.140256 0.089869
vt 0.140301 0.089775
vt 0.140463 0.046209
vt 0.140287 0.089718
vt 0.140393 0.089706
vt 0.140346 0.089810
vt 0.140364 0.089838
vt 0.140374 0.089917
vt 0.140791 0.090065
vt 0.140683 0.046185
vt 0.140824 0.089838
vt 0.140812 0.089956
vt 0.140803 0.089950
vt 0.140796 0.090057
vt 0.140625 0.046396
vt 0.140700 0.090281
vt 0.140646 0.090053
vt 0.140566 0.083537
vt 0.140732 0.090008
vt 0.140708 0.090236
vt 0.140464 0.089607
vt 0.140469 0.089817
vt 0.140601 0.089807
vt 0.140597 0.089781
vt 0.140597 0.089781
vt 0.140602 0.089598
vt 0.140454 0.089822
vt 0.140428 0.089773
vt 0.140337 0.089633
vt 0.140339 0.089657
vt 0.140392 0.089754
vt 0.140233 0.089678
vt 0.140240 0.089738
vt 0.140313 0.089814
vt 0.140245 0.089793
vt 0.140256 0.089902
vt 0.140311 0.089871
vt 0.140305 0.089791
vt 0.140250 0.090029
vt 0.140325 0.090079
vt 0.140263 0.090145
vt 0.140399 0.090189
vt 0.140400 0.090211
vt 0.140616 0.090152
vt 0.140802 0.090071
vt 0.140823 0.090183
vt 0.140608 0.090215
vt 0.140941 0.089910
vt 0.140993 0.089997
vt 0.141022 0.089780
vt 0.140959 0.089753
vt 0.140730 0.089818
vt 0.140848 0.089853
vt 0.140866 0.089658
vt 0.140739 0.089609
vt 0.942055 0.943160
vt 0.942055 0.851014
vt 0.958858 0.851014
vt 0.958858 0.943160
vt 0.958858 0.933488
vt 0.942055 0.936130
vt 0.942055 0.923985
vt 0.958858 0.924034
vt 0.942055 0.916354
vt 0.942055 0.898126
vt 0.958858 0.890185
vt 0.958858 0.916402
vt 0.942055 0.943160
vt 0.942055 0.851014
vt 0.958858 0.851014
vt 0.958858 0.943160
vt 0.942055 0.943160
vt 0.942055 0.851014
vt 0.958858 0.851014
vt 0.958858 0.943160
vt 0.942055 0.943160
vt 0.942055 0.851014
vt 0.958858 0.851014
vt 0.958858 0.943160
vt 0.942055 0.943160
vt 0.942055 0.851014
vt 0.958858 0.851014
vt 0.958858 0.943160
vt 0.942055 0.943160
vt 0.942055 0.851014
vt 0.958858 0.851014
vt 0.958858 0.943160
vt 0.942055 0.943160
vt 0.942055 0.851014
vt 0.958858 0.851014
vt 0.958858 0.943160
vt 0.942055 0.943160
vt 0.942055 0.851014
vt 0.958858 0.851014
vt 0.958858 0.943160
vt 0.942055 0.943160
vt 0.942055 0.851014
vt 0.958858 0.851014
vt 0.958858 0.943160
vt 0.942055 0.943160
vt 0.942055 0.851014
vt 0.958858 0.851014
vt 0.958858 0.943160
vt 0.942055 0.943160
vt 0.942055 0.851014
vt 0.958858 0.851014
vt 0.958858 0.943160
vt 0.942055 0.943160
vt 0.942055 0.851014
vt 0.958858 0.851014
vt 0.958858 0.943160
vt 0.941593 0.863464
vt 0.959236 0.858107
vt 0.959146 0.923635
vt 0.942922 0.925814
vt 0.140853 0.089856
vt 0.346990 0.596626
vt 0.356901 0.565866
vt 0.357008 0.601842
vt 0.346987 0.601842
vt 0.348292 0.565866
vt 0.353968 0.565866
vt 0.352583 0.601842
vt 0.348274 0.601842
vt 0.353563 0.565866
vt 0.359976 0.565866
vt 0.358961 0.587619
vt 0.350726 0.584175
vt 0.360746 0.601842
vt 0.350726 0.601842
vt 0.360746 0.596495
vt 0.346376 0.601842
vt 0.344939 0.565866
vt 0.349958 0.565866
vt 0.350010 0.601842
vt 0.344939 0.601842
vt 0.942055 0.940698
vt 0.942055 0.879640
vt 0.958858 0.879640
vt 0.958858 0.940698
vt 0.942055 0.940698
vt 0.942055 0.879640
vt 0.958858 0.879640
vt 0.958858 0.940698
vt 0.942055 0.940698
vt 0.942055 0.879640
vt 0.958858 0.879640
vt 0.958858 0.940698
vt 0.942055 0.879542
vt 0.958858 0.879542
vt 0.958858 0.940795
vt 0.942055 0.940795
vt 0.942055 0.940795
vt 0.942055 0.909605
vt 0.958858 0.909594
vt 0.958858 0.940795
vt 0.942055 0.940698
vt 0.942055 0.879640
vt 0.958858 0.879640
vt 0.958858 0.940698
vt 0.942055 0.940698
vt 0.942055 0.879640
vt 0.958858 0.879640
vt 0.958858 0.940698
vt 0.140303 0.089875
vt 0.140248 0.089906
vt 0.140199 0.089975
vt 0.140188 0.089981
vt 0.140196 0.090060
vt 0.140185 0.090069
vt 0.140253 0.090157
vt 0.140394 0.090226
vt 0.140606 0.090232
vt 0.140826 0.090199
vt 0.140926 0.090145
vt 0.140931 0.090160
vt 0.140974 0.090079
vt 0.140983 0.090089
vt 0.141003 0.090003
vt 0.140948 0.089925
vt 0.140602 0.089588
vt 0.140461 0.089597
vt 0.140330 0.089624
vt 0.140223 0.089669
vt 0.140150 0.089805
vt 0.140164 0.089811
vt 0.140169 0.089739
vt 0.140156 0.089731
vt 0.140234 0.089883
vt 0.140220 0.089868
vt 0.140206 0.089863
vt 0.140222 0.089879
vt 0.140873 0.089648
vt 0.140743 0.089599
vt 0.942055 0.984420
vt 0.942055 0.918400
vt 0.958858 0.935220
vt 0.958858 0.984469
vt 0.328134 0.601596
vt 0.328134 0.565827
vt 0.362639 0.565827
vt 0.362639 0.601596
vt 0.353679 0.565827
vt 0.140567 0.046168
vt 0.358505 0.565866
vt 0.368525 0.565866
vt 0.368525 0.582797
vt 0.358505 0.594291
vt 0.370951 0.565866
vt 0.942055 0.940795
vt 0.942055 0.886082
vt 0.958858 0.907640
vt 0.958858 0.940795
vt 0.141026 0.089747
vt 0.141020 0.089833
vt 0.141039 0.089769
vt 0.141001 0.090051
vt 0.141000 0.089920
vt 0.140958 0.089895
vt 0.140736 0.046342
vt 0.140926 0.089890
vt 0.140792 0.090226
vt 0.140804 0.090184
vt 0.140899 0.089850
vt 0.140939 0.090027
vt 0.140781 0.046241
vt 0.140951 0.089859
vt 0.350726 0.565866
vt 0.140231 0.089974
vt 0.140228 0.089946
vt 0.958858 0.940795
vt 0.942055 0.940795
vt 0.942055 0.879542
vt 0.958858 0.879542
vt 0.343914 0.565866
vt 0.140242 0.089948
vt 0.140461 0.090110
vt 0.140520 0.086336
vt 0.140292 0.089913
vt 0.140261 0.089811
vt 0.140500 0.089867
vt 0.140475 0.089569
vt 0.140507 0.089945
vt 0.140480 0.089941
vt 0.140444 0.089997
vt 0.140181 0.089832
vt 0.140187 0.089884
vt 0.140393 0.089946
vt 0.140474 0.089838
vt 0.140443 0.089791
vt 0.958858 0.879542
vt 0.958858 0.940795
vt 0.942055 0.940795
vt 0.942055 0.879542
vt 0.140140 0.089743
vt 0.140200 0.089678
vt 0.140188 0.089673
vt 0.140126 0.089740
vt 0.353795 0.601842
vt 0.347039 0.569851
vt 0.347039 0.565866
vt 0.355134 0.565866
vt 0.140186 0.089831
vt 0.140228 0.089734
vt 0.140260 0.089698
vt 0.140223 0.089783
vt 0.140135 0.089675
vt 0.140165 0.089560
vt 0.362639 0.565827
vt 0.362639 0.601596
vt 0.342799 0.565827
vt 0.328134 0.601596
vt 0.328134 0.575898
vt 0.328134 0.581365
vt 0.362639 0.577059
vt 0.362639 0.601596
vt 0.328134 0.601596
vt 0.328134 0.565827
vt 0.351340 0.565827
vt 0.347979 0.572794
vt 0.328134 0.593874
vt 0.362639 0.582571
vt 0.362639 0.601596
vt 0.328134 0.601596
vt 0.360189 0.576865
vt 0.146825 0.110263
vt 0.146825 0.110229
vt 0.518876 0.516087
vt 0.516619 0.517913
vt 0.518935 0.572185
vt 0.506787 0.539805
vt 0.505407 0.574856
vt 0.734858 0.514993
vt 0.737736 0.528837
vt 0.744689 0.538474
vt 0.745497 0.577664
vt 0.146948 0.110346
vt 0.146923 0.110370
vt 0.674291 0.547805
vt 0.668238 0.544276
vt 0.667746 0.515088
vt 0.668293 0.563637
vt 0.674460 0.568445
vt 0.668319 0.572700
vt 0.665963 0.535079
vt 0.654926 0.546692
vt 0.662773 0.529801
vt 0.140395 0.089937
vt 0.140411 0.089897
vt 0.140343 0.089908
vt 0.140285 0.089933
vt 0.140289 0.089909
vt 0.343842 0.591739
vt 0.140450 0.089846
vt 0.140108 0.089690
vt 0.140131 0.089563
vt 0.140979 0.089570
vt 0.141037 0.089663
vt 0.140972 0.089657
vt 0.140952 0.089567
vt 0.141032 0.089714
vt 0.140986 0.089712
vt 0.140229 0.089633
vt 0.140153 0.089609
vt 0.140159 0.089739
vt 0.140155 0.089645
vt 0.140101 0.089702
vt 0.140173 0.089645
vt 0.140741 0.089567
vt 0.140732 0.089844
vt 0.140597 0.089781
vt 0.140602 0.089557
vt 0.101841 0.567271
vt 0.121657 0.567271
vt 0.121657 0.587087
vt 0.101841 0.587087
vt 0.101841 0.567271
vt 0.121657 0.567271
vt 0.121657 0.587087
vt 0.101841 0.587087
vt 0.101841 0.567271
vt 0.121657 0.567271
vt 0.121657 0.587087
vt 0.101841 0.587087
vt 0.101841 0.567271
vt 0.121657 0.567271
vt 0.121657 0.587087
vt 0.101841 0.587087
vt 0.101841 0.567271
vt 0.121657 0.567271
vt 0.121657 0.587087
vt 0.101841 0.587087
vt 0.101841 0.567271
vt 0.121657 0.567271
vt 0.121657 0.587087
vt 0.101841 0.587087
vt 0.101841 0.567271
vt 0.121657 0.567271
vt 0.121657 0.587087
vt 0.101841 0.587087
vt 0.101841 0.567271
vt 0.121657 0.567271
vt 0.121657 0.587087
vt 0.101841 0.587087
vt 0.101841 0.567271
vt 0.121657 0.567271
vt 0.121657 0.587087
vt 0.101841 0.587087
vt 0.101841 0.567271
vt 0.121657 0.567271
vt 0.121657 0.587087
vt 0.101841 0.587087
vt 0.101841 0.567271
vt 0.121657 0.567271
vt 0.121657 0.587087
vt 0.101841 0.587087
vt 0.700118 0.025112
vt 0.742210 0.044715
vt 0.729109 0.052781
vt 0.706075 0.056295
vt 0.657930 0.056346
vt 0.673105 0.014853
vt 0.697151 0.069157
vt 0.685896 0.095630
vt 0.645956 0.069666
vt 0.651679 0.095936
vt 0.666865 0.110916
vt 0.607845 0.512681
vt 0.608656 0.562934
vt 0.604536 0.560427
vt 0.601333 0.557857
vt 0.611081 0.574158
vt 0.140802 0.090120
vt 0.140717 0.090173
vt 0.140900 0.089995
vt 0.141031 0.089929
vt 0.140956 0.089743
vt 0.140928 0.089728
vt 0.140862 0.090208
vt 0.140896 0.090112
vt 0.346880 0.565866
vt 0.140334 0.089590
vt 0.140463 0.089565
vt 0.140463 0.089495
vt 0.146900 0.110377
vt 0.146888 0.110378
vt 0.146876 0.110361
vt 0.146935 0.110301
vt 0.146865 0.110220
vt 0.146925 0.110308
vt 0.653231 0.063456
vt 0.666720 0.048500
vt 0.668709 0.070717
vt 0.712122 -0.004735
vt 0.723529 0.011522
vt 0.674532 0.041409
vt 0.714966 0.067536
vt 0.667793 0.046130
vt 0.717677 0.066488
vt 0.733393 0.057804
vt 0.736013 0.045746
vt 0.140889 0.090145
vt 0.140894 0.090084
vt 0.140882 0.090038
vt 0.140899 0.090033
vt 0.140904 0.089891
vt 0.144799 0.103438
vt 0.144770 0.103437
vt 0.144404 0.103912
vt 0.144659 0.103570
vt 0.143985 0.104114
vt 0.143993 0.103293
vt 0.144018 0.103270
vt 0.144024 0.103480
vt 0.144034 0.103547
vt 0.144023 0.103621
vt 0.144299 0.104270
vt 0.144373 0.104214
vt 0.144466 0.103891
vt 0.140966 0.089684
vt 0.144566 0.103658
vt 0.342231 0.565866
vt 0.343871 0.580098
vt 0.141605 0.082323
vt 0.140605 0.083098
vt 0.140659 0.082660
vt 0.140605 0.083005
vt 0.141605 0.082649
vt 0.141519 0.083355
vt 0.140969 0.083591
vt 0.141174 0.086278
vt 0.141460 0.086738
vt 0.140460 0.086481
vt 0.140499 0.086280
vt 0.143011 0.080663
vt 0.142011 0.080807
vt 0.142929 0.080505
vt 0.141928 0.080933
vt 0.141162 0.081537
vt 0.141613 0.080537
vt 0.971211 0.263032
vt 0.925428 0.263032
vt 0.897577 0.231231
vt 0.971211 0.241470
vt 0.936180 0.103828
vt 0.936180 0.139392
vt 0.930308 0.146766
vt 0.930308 0.103827
vt 0.867665 0.263032
vt 0.914967 0.152992
vt 0.916366 0.215019
vt 0.901013 0.215019
vt 0.901013 0.152992
vt 0.914967 0.103828
vt 0.901013 0.103828
vt 0.991502 0.204538
vt 0.984284 0.204539
vt 0.984284 0.161600
vt 0.991502 0.168974
vt 0.952292 0.204539
vt 0.952292 0.093348
vt 0.967798 0.093348
vt 0.967798 0.155374
vt 0.967798 0.204539
vt 0.953053 0.161206
vt 0.945981 0.161206
vt 0.946705 0.153832
vt 0.951354 0.153832
vt 0.946705 0.118267
vt 0.951354 0.118267
vt 0.936423 0.078117
vt 0.938956 0.075236
vt 0.948616 0.082741
vt 0.948616 0.088040
vt 0.898761 0.056555
vt 0.900945 0.053383
vt 0.888064 0.048443
vt 0.890248 0.045270
vt 0.946193 0.229458
vt 0.940106 0.229458
vt 0.939564 0.167431
vt 0.946193 0.167432
vt 0.920734 0.107525
vt 0.900384 0.132233
vt 0.897310 0.128131
vt 0.917661 0.100708
vt 0.954227 0.086531
vt 0.964924 0.086530
vt 0.883409 0.045239
vt 0.887374 0.038703
vt 0.911710 0.221836
vt 0.901013 0.221836
vt 0.900266 0.088356
vt 0.920117 0.215019
vt 0.920116 0.221836
vt 0.934392 0.088355
vt 0.900266 0.241233
vt 0.946417 0.098183
vt 0.946417 0.231406
vt 0.934392 0.241234
vt 0.916217 0.113954
vt 0.914281 0.118056
vt 0.907703 0.118056
vt 0.906556 0.113954
vt 0.939398 0.169601
vt 0.932632 0.167225
vt 0.937065 0.155847
vt 0.944137 0.157374
vt 0.919712 0.146766
vt 0.919712 0.103828
vt 0.972897 0.204538
vt 0.972897 0.161600
vt 0.941549 0.161206
vt 0.948315 0.161206
vt 0.971212 0.046552
vt 0.971212 0.068114
vt 0.897577 0.078353
vt 0.925428 0.046552
vt 0.940422 0.204276
vt 0.934550 0.204276
vt 0.934550 0.161337
vt 0.940422 0.168712
vt 0.867665 0.046552
vt 0.919209 0.155112
vt 0.905255 0.155112
vt 0.905255 0.093085
vt 0.920608 0.093085
vt 0.919209 0.204276
vt 0.905255 0.204276
vt 0.992718 0.112881
vt 0.992718 0.148446
vt 0.985500 0.155820
vt 0.985499 0.112882
vt 0.969014 0.162046
vt 0.969014 0.224073
vt 0.953508 0.224073
vt 0.953508 0.112882
vt 0.969014 0.112881
vt 0.948646 0.209681
vt 0.950345 0.202306
vt 0.954994 0.202306
vt 0.955718 0.209681
vt 0.931759 0.267699
vt 0.931759 0.232135
vt 0.936408 0.232135
vt 0.936408 0.267699
vt 0.936423 0.251473
vt 0.948616 0.241550
vt 0.948616 0.246848
vt 0.938956 0.254354
vt 0.900945 0.276207
vt 0.898761 0.273035
vt 0.890248 0.284319
vt 0.888064 0.281147
vt 0.896378 0.190995
vt 0.896378 0.128968
vt 0.903006 0.128968
vt 0.902465 0.190995
vt 0.892114 0.069061
vt 0.895187 0.062244
vt 0.915538 0.089668
vt 0.912464 0.093769
vt 0.966140 0.230890
vt 0.955443 0.230890
vt 0.887374 0.290887
vt 0.883409 0.284350
vt 0.905255 0.086268
vt 0.915952 0.086268
vt 0.946705 0.121913
vt 0.984366 0.094489
vt 0.984366 0.101306
vt 0.917433 0.203466
vt 0.907772 0.203466
vt 0.908919 0.199364
vt 0.915497 0.199364
vt 0.944468 0.218076
vt 0.939729 0.205849
vt 0.946801 0.204322
vt 0.951233 0.215700
vt 0.923954 0.204276
vt 0.923954 0.161337
vt 0.974113 0.155820
vt 0.974113 0.112881
vt 0.894256 0.122743
vt 0.901021 0.122743
vt 0.931886 0.204539
vt 0.933102 0.112882
vt 0.889053 0.219918
vt 0.887849 0.117282
vt 0.979313 0.116209
vt 0.980517 0.218844
vt 0.955921 0.247156
vt 0.886213 0.235832
vt 0.882867 0.231888
vt 0.882819 0.227806
vt 0.884637 0.101439
vt 0.954060 0.088482
vt 0.881432 0.109542
vt 0.881384 0.105460
vt 0.946449 0.138884
vt 0.913657 0.138884
vt 0.913657 0.132129
vt 0.946449 0.132129
vt 0.938688 0.101590
vt 0.905897 0.101590
vt 0.905897 0.094834
vt 0.938688 0.094834
vt 0.902394 0.118428
vt 0.892231 0.118428
vt 0.894719 0.111673
vt 0.902394 0.111673
vt 0.909001 0.148121
vt 0.909001 0.139879
vt 0.941793 0.139879
vt 0.941793 0.148121
vt 0.899992 0.148967
vt 0.910155 0.148967
vt 0.910155 0.155723
vt 0.902480 0.155723
vt 0.941588 0.147475
vt 0.902997 0.147475
vt 0.902997 0.088648
vt 0.941588 0.088648
vt 0.947228 0.125962
vt 0.903566 0.125962
vt 0.908865 0.116329
vt 0.941928 0.116329
vt 0.938059 0.130841
vt 0.922047 0.130841
vt 0.922047 0.086244
vt 0.938059 0.086244
vt 0.935779 0.103082
vt 0.935779 0.161909
vt 0.920311 0.161908
vt 0.920311 0.103082
vt 0.928019 0.105487
vt 0.928019 0.164313
vt 0.912550 0.164313
vt 0.912550 0.105487
vt 0.945562 0.161928
vt 0.914544 0.161928
vt 0.915612 0.147698
vt 0.944494 0.147698
vt 0.945561 0.103082
vt 0.945561 0.147679
vt 0.937800 0.119716
vt 0.937800 0.164313
vt 0.937892 0.087607
vt 0.912901 0.087607
vt 0.918633 0.080423
vt 0.932161 0.080423
vt 0.962729 0.147679
vt 0.962729 0.103082
vt 0.970647 0.103082
vt 0.970647 0.147679
vt 0.954968 0.164313
vt 0.954968 0.119716
vt 0.962887 0.119716
vt 0.962887 0.164313
vt 0.905991 0.081065
vt 0.938595 0.081065
vt 0.932086 0.178817
vt 0.923116 0.169492
vt 0.915355 0.097903
vt 0.924325 0.088578
vt 0.943164 0.164537
vt 0.935567 0.178766
vt 0.927807 0.088629
vt 0.935404 0.102859
vt 0.965523 0.164537
vt 0.958833 0.164537
vt 0.936817 0.147698
vt 0.923289 0.147698
vt 0.951072 0.102859
vt 0.957762 0.102859
vt 0.962502 0.152880
vt 0.907058 0.152880
vt 0.915484 0.141358
vt 0.954075 0.141358
vt 0.909581 0.161908
vt 0.909581 0.103082
vt 0.901820 0.164313
vt 0.901820 0.105487
vt 0.897674 0.128973
vt 0.909095 0.134992
vt 0.906101 0.140496
vt 0.941699 0.134992
vt 0.953119 0.128973
vt 0.944692 0.140496
vt 0.939838 0.104433
vt 0.910956 0.104432
vt 0.909888 0.112590
vt 0.940905 0.112590
vt 0.152357 0.086574
vt 0.152357 0.086574
vt 0.152357 0.086574
vt 0.152357 0.086574
vt 0.152357 0.086574
vt 0.152357 0.086574
vt 0.152357 0.086574
vt 0.152357 0.086574
vt 0.152357 0.086574
vt 0.152357 0.086574
vt 0.152357 0.086574
vt 0.152357 0.086574
vt 0.152357 0.086574
vt 0.152357 0.086574
vt 0.152357 0.086574
vt 0.152357 0.086574
vt 0.152357 0.086574
vt 0.152357 0.086574
vt 0.152357 0.086574
vt 0.152357 0.086574
vt 0.152357 0.086574
vt 0.152357 0.086574
vt 0.152357 0.086574
vt 0.152357 0.086574
vt 0.152357 0.086574
vt 0.152357 0.086574
vt 0.152357 0.086574
vt 0.152357 0.086574
vt 0.152357 0.086574
vt 0.152357 0.086574
vt 0.152357 0.086574
vt 0.152357 0.086574
vt 0.152357 0.086574
vt 0.152357 0.086574
vt 0.152357 0.086574
vt 0.152357 0.086574
vt 0.152357 0.086574
vt 0.152357 0.086574
vt 0.152357 0.086574
vt 0.152357 0.086574
vt 0.152357 0.086574
vt 0.152357 0.086574
vt 0.152357 0.086574
vt 0.152357 0.086574
vt 0.152357 0.086574
vt 0.152357 0.086574
vt 0.152357 0.086574
vt 0.152357 0.086574
vt 0.152357 0.086574
vt 0.152357 0.086574
vt 0.152357 0.086574
vt 0.152357 0.086574
vt 0.152357 0.086574
vt 0.152357 0.086574
vt 0.152357 0.086574
vt 0.152357 0.086574
vt 0.152357 0.086574
vt 0.152357 0.086574
vt 0.152357 0.086574
vt 0.152357 0.086574
vt 0.403239 0.948856
vt 0.403239 0.948856
vt 0.403239 0.931422
vt 0.403239 0.929991
vt 0.399862 0.952091
vt 0.399862 0.931422
vt 0.399862 0.952091
vt 0.399862 0.929991
vt 0.338479 0.952091
vt 0.337013 0.951317
vt 0.339595 0.931422
vt 0.341302 0.952091
vt 0.299008 0.929991
vt 0.327685 0.944976
vt 0.328879 0.929991
vt 0.299346 0.931422
vt 0.326522 0.945776
vt 0.340720 0.929991
vt 0.327784 0.931422
vt 0.338226 0.950483
vt 0.275588 0.921622
vt 0.275588 0.924486
vt 0.271930 0.927443
vt 0.271930 0.925527
vt 0.399862 0.921622
vt 0.399862 0.924486
vt 0.333431 0.924486
vt 0.334563 0.921622
vt 0.403239 0.925527
vt 0.403239 0.927443
vt 0.271930 0.951068
vt 0.271930 0.950311
vt 0.399862 0.960378
vt 0.339426 0.960378
vt 0.403239 0.960459
vt 0.403239 0.959014
vt 0.399862 0.958907
vt 0.275588 0.951041
vt 0.296253 0.958907
vt 0.328657 0.958907
vt 0.320768 0.921622
vt 0.275588 0.952400
vt 0.319731 0.924486
vt 0.327564 0.960378
vt 0.340552 0.958907
vt 0.296677 0.960378
vt 0.303660 0.828404
vt 0.304152 0.848991
vt 0.280897 0.848004
vt 0.279451 0.828404
vt 0.299161 0.809121
vt 0.292365 0.809121
vt 0.282347 0.814396
vt 0.279453 0.815769
vt 0.280897 0.826853
vt 0.280897 0.848004
vt 0.304986 0.848991
vt 0.304325 0.826853
vt 0.299657 0.806019
vt 0.292362 0.806019
vt 0.280897 0.811980
vt 0.395716 0.847017
vt 0.395716 0.847017
vt 0.395718 0.828404
vt 0.395716 0.826853
vt 0.395719 0.811453
vt 0.395716 0.808351
vt 0.393061 0.806019
vt 0.392882 0.809121
vt 0.360266 0.809121
vt 0.359355 0.806019
vt 0.392850 0.828404
vt 0.392848 0.848991
vt 0.392848 0.848991
vt 0.392848 0.826853
vt 0.366705 0.848991
vt 0.362413 0.828404
vt 0.361765 0.826853
vt 0.366318 0.848991
vt 0.325435 0.809121
vt 0.325674 0.806019
vt 0.333515 0.848991
vt 0.331389 0.828404
vt 0.331917 0.826853
vt 0.334333 0.848991
vt 0.370409 0.965097
vt 0.370409 0.919874
vt 0.370409 0.919706
vt 0.370409 0.964072
vt 0.304761 0.919874
vt 0.304761 0.965097
vt 0.304761 0.964072
vt 0.304761 0.919706
vt 0.370409 0.914508
vt 0.370409 0.915198
vt 0.304761 0.914508
vt 0.304761 0.915198
vt 0.305877 0.841643
vt 0.305877 0.850627
vt 0.309053 0.852602
vt 0.309053 0.841643
vt 0.309053 0.804446
vt 0.305877 0.806778
vt 0.305877 0.839661
vt 0.309053 0.839661
vt 0.309053 0.852602
vt 0.305877 0.850627
vt 0.305877 0.803659
vt 0.309053 0.801327
vt 0.369292 0.850627
vt 0.369292 0.839661
vt 0.369292 0.841643
vt 0.369292 0.850627
vt 0.369292 0.803659
vt 0.369292 0.806778
vt 0.366729 0.839661
vt 0.366729 0.852602
vt 0.366729 0.801327
vt 0.366729 0.804446
vt 0.366729 0.841643
vt 0.366729 0.852602
vt 0.374132 0.907091
vt 0.374132 0.941041
vt 0.370290 0.941041
vt 0.370290 0.905318
vt 0.374132 0.907211
vt 0.370290 0.905102
vt 0.370290 0.941041
vt 0.374132 0.941041
vt 0.301037 0.907211
vt 0.301037 0.907091
vt 0.301037 0.941041
vt 0.301037 0.941041
vt 0.304448 0.905102
vt 0.304448 0.941041
vt 0.304448 0.905318
vt 0.304448 0.941041
vt 0.329824 0.905102
vt 0.336810 0.941041
vt 0.334711 0.941041
vt 0.327762 0.905318
vt 0.374132 0.974991
vt 0.370290 0.976764
vt 0.374132 0.974870
vt 0.370290 0.976979
vt 0.301037 0.974870
vt 0.301037 0.974991
vt 0.304448 0.976979
vt 0.304448 0.976764
vt 0.341972 0.976979
vt 0.339837 0.976764
vt 0.407006 0.947282
vt 0.407006 0.944519
vt 0.407006 0.944519
vt 0.407006 0.947282
vt 0.183081 0.947905
vt 0.183081 0.947905
vt 0.407006 0.947128
vt 0.407006 0.944673
vt 0.407006 0.944673
vt 0.407006 0.947128
vt 0.407006 0.952928
vt 0.407006 0.938874
vt 0.407006 0.938874
vt 0.407006 0.952928
vt 0.186919 0.950919
vt 0.186919 0.950919
vt 0.209853 0.950371
vt 0.209853 0.950371
vt 0.206442 0.947721
vt 0.206442 0.947721
vt 0.206442 0.956816
vt 0.186919 0.941571
vt 0.186919 0.941571
vt 0.206442 0.956816
vt 0.322970 0.924872
vt 0.325984 0.924872
vt 0.325984 0.958641
vt 0.322970 0.956052
vt 0.322970 0.924003
vt 0.322970 0.956614
vt 0.325984 0.958641
vt 0.325984 0.923440
vt 0.352199 0.956614
vt 0.352199 0.956052
vt 0.352199 0.924872
vt 0.352199 0.924003
vt 0.349195 0.958641
vt 0.349195 0.924872
vt 0.349195 0.958641
vt 0.349195 0.923440
vt 0.306847 0.927449
vt 0.306847 0.954461
vt 0.309954 0.956064
vt 0.309954 0.927449
vt 0.306847 0.926018
vt 0.309954 0.926018
vt 0.309954 0.956064
vt 0.306847 0.954461
vt 0.368322 0.954461
vt 0.368322 0.926018
vt 0.368322 0.927449
vt 0.368322 0.954461
vt 0.365344 0.956064
vt 0.365344 0.927449
vt 0.365344 0.956064
vt 0.365344 0.926018
vt 0.358995 0.917989
vt 0.362239 0.917989
vt 0.362239 0.951758
vt 0.358995 0.949168
vt 0.358995 0.917120
vt 0.358995 0.949731
vt 0.362239 0.951758
vt 0.362239 0.916557
vt 0.388578 0.949731
vt 0.388578 0.949168
vt 0.388578 0.917989
vt 0.388578 0.917120
vt 0.385855 0.951758
vt 0.385855 0.917989
vt 0.385855 0.951758
vt 0.385855 0.916557
vt 0.325984 0.921560
vt 0.325984 0.924424
vt 0.322970 0.925993
vt 0.322970 0.924047
vt 0.352199 0.924047
vt 0.352199 0.925993
vt 0.349195 0.924424
vt 0.349195 0.921560
vt 0.325984 0.959021
vt 0.349195 0.959021
vt 0.322970 0.959628
vt 0.322970 0.960521
vt 0.325984 0.960485
vt 0.349195 0.960485
vt 0.352199 0.960521
vt 0.352199 0.959628
vt 0.369921 0.896235
vt 0.369921 0.941041
vt 0.366652 0.941041
vt 0.366652 0.896235
vt 0.369921 0.894752
vt 0.366652 0.894752
vt 0.366652 0.941041
vt 0.369921 0.941041
vt 0.305248 0.894752
vt 0.305248 0.896235
vt 0.305248 0.941041
vt 0.305248 0.941041
vt 0.308381 0.941041
vt 0.308381 0.894752
vt 0.308381 0.896235
vt 0.308381 0.941041
vt 0.369921 0.985846
vt 0.366652 0.985846
vt 0.369921 0.987329
vt 0.366652 0.987330
vt 0.305248 0.987329
vt 0.305248 0.985846
vt 0.308381 0.987329
vt 0.308381 0.985846
vt 0.306847 0.923048
vt 0.306847 0.924982
vt 0.306847 0.948224
vt 0.306847 0.946782
vt 0.365344 0.959005
vt 0.365344 0.921596
vt 0.368322 0.923102
vt 0.368322 0.959042
vt 0.368322 0.960485
vt 0.368322 0.925037
vt 0.365344 0.960485
vt 0.365344 0.925037
vt 0.306847 0.923102
vt 0.306847 0.943073
vt 0.306847 0.944208
vt 0.306847 0.925037
vt 0.309954 0.945487
vt 0.309954 0.921596
vt 0.323458 0.959005
vt 0.309954 0.947435
vt 0.309954 0.921542
vt 0.309954 0.949702
vt 0.309954 0.924982
vt 0.365344 0.921542
vt 0.365344 0.949711
vt 0.328071 0.956058
vt 0.365344 0.924982
vt 0.365344 0.951883
vt 0.327923 0.958251
vt 0.368322 0.951376
vt 0.368322 0.924982
vt 0.368322 0.950010
vt 0.368322 0.923048
vt 0.309954 0.925037
vt 0.309954 0.947134
vt 0.323224 0.960485
vt 0.326038 0.921544
vt 0.326038 0.924407
vt 0.322793 0.925976
vt 0.322793 0.924031
vt 0.352376 0.924031
vt 0.352376 0.925976
vt 0.349654 0.924407
vt 0.349654 0.921544
vt 0.322793 0.959645
vt 0.326038 0.959040
vt 0.322793 0.960538
vt 0.326038 0.960503
vt 0.349654 0.960503
vt 0.352376 0.960538
vt 0.352376 0.959645
vt 0.349654 0.959040
vt 0.773739 0.840244
vt 0.785335 0.840244
vt 0.785335 0.851841
vt 0.773739 0.851841
vt 0.145502 0.135860
vt 0.145499 0.135940
vt 0.145537 0.135745
vt 0.145591 0.135751
vt 0.145553 0.135947
vt 0.145557 0.135866
vt 0.773739 0.840244
vt 0.785335 0.840244
vt 0.785335 0.851841
vt 0.773739 0.851841
vt 0.773739 0.840244
vt 0.785335 0.840244
vt 0.785335 0.851841
vt 0.773739 0.851841
vt 0.145651 0.135258
vt 0.145653 0.135790
vt 0.145600 0.135784
vt 0.145597 0.135252
vt 0.145624 0.135225
vt 0.145678 0.135231
vt 0.773739 0.851841
vt 0.773739 0.840244
vt 0.785335 0.840244
vt 0.785335 0.851841
vt 0.773739 0.840244
vt 0.785335 0.840244
vt 0.785335 0.851841
vt 0.773739 0.851841
vt 0.145399 0.135904
vt 0.145403 0.135988
vt 0.145430 0.135810
vt 0.145484 0.135809
vt 0.145457 0.135988
vt 0.145454 0.135903
vt 0.773739 0.840244
vt 0.785335 0.840244
vt 0.785335 0.851841
vt 0.773739 0.851841
vt 0.773739 0.840244
vt 0.785335 0.840244
vt 0.785335 0.851841
vt 0.773739 0.851841
vt 0.145510 0.135329
vt 0.145562 0.135903
vt 0.145509 0.135904
vt 0.145456 0.135330
vt 0.145486 0.135324
vt 0.145539 0.135322
vt 0.773739 0.851841
vt 0.773739 0.840244
vt 0.785335 0.840244
vt 0.785335 0.851841
vt 0.773739 0.840244
vt 0.785335 0.840244
vt 0.785335 0.851841
vt 0.773739 0.851841
vt 0.145320 0.135839
vt 0.145317 0.135919
vt 0.145356 0.135724
vt 0.145409 0.135730
vt 0.145371 0.135925
vt 0.145374 0.135845
vt 0.773739 0.840244
vt 0.785335 0.840244
vt 0.785335 0.851841
vt 0.773739 0.851841
vt 0.773739 0.840244
vt 0.785335 0.840244
vt 0.785335 0.851841
vt 0.773739 0.851841
vt 0.145470 0.135238
vt 0.145475 0.135770
vt 0.145422 0.135764
vt 0.145416 0.135232
vt 0.145445 0.135206
vt 0.145498 0.135212
vt 0.773739 0.851841
vt 0.773739 0.840244
vt 0.785335 0.840244
vt 0.785335 0.851841
vt 0.773739 0.840244
vt 0.785335 0.840244
vt 0.785335 0.851841
vt 0.773739 0.851841
vt 0.145230 0.135828
vt 0.145227 0.135908
vt 0.145266 0.135714
vt 0.145320 0.135720
vt 0.145281 0.135915
vt 0.145284 0.135835
vt 0.773739 0.840244
vt 0.785335 0.840244
vt 0.785335 0.851841
vt 0.773739 0.851841
vt 0.773739 0.840244
vt 0.785335 0.840244
vt 0.785335 0.851841
vt 0.773739 0.851841
vt 0.145380 0.135229
vt 0.145387 0.135760
vt 0.145335 0.135754
vt 0.145327 0.135223
vt 0.145356 0.135197
vt 0.145409 0.135202
vt 0.773739 0.851841
vt 0.773739 0.840244
vt 0.785335 0.840244
vt 0.785335 0.851841
vt 0.773739 0.840244
vt 0.785335 0.840244
vt 0.785335 0.851841
vt 0.773739 0.851841
vt 0.145118 0.135811
vt 0.145104 0.135888
vt 0.145162 0.135698
vt 0.145215 0.135711
vt 0.145157 0.135902
vt 0.145171 0.135824
vt 0.773739 0.840244
vt 0.785335 0.840244
vt 0.785335 0.851841
vt 0.773739 0.851841
vt 0.773739 0.840244
vt 0.785335 0.840244
vt 0.785335 0.851841
vt 0.773739 0.851841
vt 0.145333 0.135230
vt 0.145262 0.135745
vt 0.145210 0.135733
vt 0.145280 0.135217
vt 0.145307 0.135190
vt 0.145359 0.135203
vt 0.773739 0.851841
vt 0.773739 0.840244
vt 0.785335 0.840244
vt 0.785335 0.851841
vt 0.773739 0.840244
vt 0.785335 0.840244
vt 0.785335 0.851841
vt 0.773739 0.851841
vt 0.145074 0.135774
vt 0.145071 0.135853
vt 0.145111 0.135661
vt 0.145164 0.135667
vt 0.145125 0.135859
vt 0.145127 0.135780
vt 0.773739 0.840244
vt 0.785335 0.840244
vt 0.785335 0.851841
vt 0.773739 0.851841
vt 0.773739 0.840244
vt 0.785335 0.840244
vt 0.785335 0.851841
vt 0.773739 0.851841
vt 0.145224 0.135179
vt 0.145235 0.135707
vt 0.145183 0.135701
vt 0.145171 0.135173
vt 0.145202 0.135148
vt 0.145254 0.135153
vt 0.773739 0.851841
vt 0.773739 0.840244
vt 0.785335 0.840244
vt 0.785335 0.851841
vt 0.773739 0.840244
vt 0.785335 0.840244
vt 0.785335 0.851841
vt 0.773739 0.851841
vt 0.144976 0.135798
vt 0.144983 0.135878
vt 0.145009 0.135684
vt 0.145062 0.135685
vt 0.145036 0.135879
vt 0.145029 0.135799
vt 0.773739 0.840244
vt 0.785335 0.840244
vt 0.785335 0.851841
vt 0.773739 0.851841
vt 0.773739 0.840244
vt 0.785335 0.840244
vt 0.785335 0.851841
vt 0.773739 0.851841
vt 0.145076 0.135193
vt 0.145153 0.135727
vt 0.145101 0.135726
vt 0.145024 0.135193
vt 0.145058 0.135167
vt 0.145110 0.135168
vt 0.773739 0.851841
vt 0.773739 0.840244
vt 0.785335 0.840244
vt 0.785335 0.851841
vt 0.773739 0.840244
vt 0.785335 0.840244
vt 0.785335 0.851841
vt 0.773739 0.851841
vt 0.145610 0.135858
vt 0.145579 0.135931
vt 0.145662 0.135747
vt 0.145713 0.135770
vt 0.145630 0.135954
vt 0.145662 0.135881
vt 0.773739 0.840244
vt 0.785335 0.840244
vt 0.785335 0.851841
vt 0.773739 0.851841
vt 0.773739 0.840244
vt 0.785335 0.840244
vt 0.785335 0.851841
vt 0.773739 0.851841
vt 0.145968 0.135391
vt 0.145836 0.135505
vt 0.145820 0.135531
vt 0.145715 0.135791
vt 0.145665 0.135768
vt 0.145794 0.135463
vt 0.145779 0.135486
vt 0.143010 0.132034
vt 0.143590 0.132774
vt 0.143466 0.133034
vt 0.142765 0.132379
vt 0.145845 0.135492
vt 0.785335 0.840244
vt 0.785335 0.851841
vt 0.773739 0.851841
vt 0.773739 0.840244
vt 0.773739 0.851841
vt 0.773739 0.840244
vt 0.785335 0.840244
vt 0.785335 0.851841
vt 0.145932 0.135350
vt 0.145803 0.135449
vt 0.143502 0.134672
vt 0.143181 0.134575
vt 0.142764 0.133672
vt 0.143590 0.133761
vt 0.785335 0.840244
vt 0.785335 0.851841
vt 0.773739 0.851841
vt 0.773739 0.840244
vt 0.785335 0.840244
vt 0.785335 0.851841
vt 0.773739 0.851841
vt 0.773739 0.840244
vn 0.605110 -0.774471 -0.184489
vn 0.605110 -0.774471 -0.184489
vn 0.605110 -0.774471 -0.184489
vn 0.605110 -0.774471 -0.184489
vn 0.787982 -0.614014 -0.045517
vn 0.787982 -0.614014 -0.045517
vn 0.787982 -0.614014 -0.045517
vn 0.787981 -0.614014 -0.045517
vn -0.216473 -0.869462 -0.444043
vn -0.216473 -0.869462 -0.444043
vn -0.216473 -0.869462 -0.444043
vn -0.216473 -0.869462 -0.444043
vn 0.555300 -0.818451 -0.147577
vn 0.555300 -0.818451 -0.147577
vn 0.555300 -0.818451 -0.147577
vn 0.555300 -0.818451 -0.147577
vn -0.207987 -0.853843 -0.477173
vn -0.207987 -0.853843 -0.477173
vn -0.207987 -0.853843 -0.477173
vn -0.207987 -0.853843 -0.477173
vn 0.577885 -0.799937 -0.161708
vn 0.577885 -0.799937 -0.161708
vn 0.577885 -0.799937 -0.161708
vn 0.577885 -0.799937 -0.161708
vn -0.816303 0.577621 0.001958
vn -0.816303 0.577621 0.001958
vn -0.816303 0.577621 0.001958
vn -0.816303 0.577621 0.001958
vn -0.576659 0.799672 0.167298
vn -0.576659 0.799672 0.167298
vn -0.576659 0.799672 0.167298
vn -0.576659 0.799672 0.167298
vn 0.281234 0.843754 -0.457150
vn 0.281234 0.843754 -0.457150
vn 0.281234 0.843754 -0.457150
vn 0.281233 0.843754 -0.457150
vn -0.250882 -0.812816 0.525726
vn -0.250882 -0.812816 0.525726
vn -0.250882 -0.812816 0.525726
vn -0.250882 -0.812816 0.525726
vn 0.026287 -0.746088 0.665328
vn 0.026287 -0.746088 0.665328
vn 0.026287 -0.746088 0.665328
vn 0.026287 -0.746088 0.665328
vn 0.508421 0.050677 -0.859616
vn 0.508421 0.050677 -0.859616
vn 0.508421 0.050677 -0.859616
vn 0.508421 0.050677 -0.859616
vn 0.658633 0.142698 -0.738810
vn 0.658633 0.142698 -0.738810
vn 0.658633 0.142698 -0.738810
vn 0.658633 0.142698 -0.738810
vn -0.696375 -0.095750 0.711262
vn -0.696375 -0.095750 0.711262
vn -0.696375 -0.095750 0.711262
vn -0.696375 -0.095750 0.711262
vn -0.553023 0.015361 0.833025
vn -0.553023 0.015361 0.833025
vn -0.553023 0.015361 0.833025
vn -0.553023 0.015361 0.833025
vn -0.069541 0.792613 -0.605746
vn -0.069541 0.792613 -0.605746
vn -0.069541 0.792613 -0.605746
vn -0.069541 0.792613 -0.605746
vn -0.217289 0.854885 -0.471123
vn -0.217289 0.854885 -0.471123
vn -0.217289 0.854885 -0.471123
vn -0.217289 0.854885 -0.471124
vn -0.347386 0.749391 -0.563680
vn -0.347386 0.749391 -0.563680
vn -0.347386 0.749391 -0.563680
vn -0.347386 0.749391 -0.563680
vn -0.602632 0.239801 0.761138
vn -0.602632 0.239801 0.761138
vn -0.602632 0.239801 0.761138
vn -0.602632 0.239801 0.761138
vn -0.813011 0.063301 0.578797
vn -0.813011 0.063302 0.578797
vn -0.813011 0.063301 0.578797
vn -0.813011 0.063301 0.578797
vn -0.592179 0.786945 0.173325
vn -0.592179 0.786945 0.173325
vn -0.592180 0.786945 0.173325
vn -0.592179 0.786945 0.173325
vn -0.814344 0.580191 0.014897
vn -0.814344 0.580191 0.014897
vn -0.814344 0.580191 0.014897
vn -0.814344 0.580191 0.014897
vn -0.219949 -0.546936 0.807764
vn -0.219949 -0.546936 0.807764
vn -0.219950 -0.546936 0.807765
vn -0.219949 -0.546936 0.807765
vn 0.293962 0.430584 -0.853337
vn 0.293962 0.430584 -0.853337
vn 0.293962 0.430584 -0.853337
vn 0.293962 0.430584 -0.853337
vn -0.232714 -0.502444 0.832703
vn -0.232714 -0.502444 0.832703
vn -0.232714 -0.502444 0.832703
vn -0.232714 -0.502444 0.832703
vn 0.345319 0.450812 -0.823118
vn 0.345319 0.450812 -0.823118
vn 0.345319 0.450812 -0.823118
vn 0.345319 0.450812 -0.823118
vn -0.254706 -0.501509 0.826809
vn -0.254706 -0.501509 0.826809
vn -0.254706 -0.501509 0.826809
vn -0.254706 -0.501509 0.826809
vn -0.830675 0.556599 -0.013270
vn -0.830675 0.556599 -0.013270
vn -0.830675 0.556599 -0.013270
vn -0.830675 0.556599 -0.013270
vn -0.563815 0.807207 0.174728
vn -0.563815 0.807207 0.174728
vn -0.563815 0.807207 0.174728
vn -0.563815 0.807207 0.174728
vn 0.914426 -0.386471 0.120273
vn 0.914426 -0.386471 0.120273
vn 0.914426 -0.386471 0.120273
vn 0.914426 -0.386471 0.120273
vn 0.937036 -0.339581 0.081537
vn 0.937036 -0.339581 0.081537
vn 0.937036 -0.339581 0.081537
vn 0.937036 -0.339581 0.081537
vn 0.825458 -0.448829 0.342304
vn 0.825458 -0.448829 0.342304
vn 0.825458 -0.448829 0.342304
vn 0.825458 -0.448829 0.342304
vn -0.287577 0.461102 -0.839455
vn -0.287577 0.461102 -0.839455
vn -0.287577 0.461102 -0.839455
vn -0.287577 0.461102 -0.839455
vn 0.887354 -0.392530 0.241915
vn 0.887354 -0.392530 0.241915
vn 0.887354 -0.392530 0.241915
vn 0.887354 -0.392530 0.241915
vn -0.937299 0.339163 -0.080244
vn -0.937299 0.339163 -0.080244
vn -0.937299 0.339163 -0.080244
vn -0.937299 0.339163 -0.080244
vn 0.654053 0.064630 -0.753683
vn 0.654053 0.064630 -0.753683
vn 0.654053 0.064630 -0.753683
vn 0.654053 0.064630 -0.753683
vn -0.678073 -0.107535 0.727085
vn -0.678073 -0.107535 0.727085
vn -0.678073 -0.107535 0.727085
vn -0.678073 -0.107535 0.727085
vn -0.490332 0.462592 -0.738636
vn -0.490332 0.462592 -0.738636
vn -0.490332 0.462592 -0.738636
vn -0.490332 0.462592 -0.738636
vn -0.825887 0.075663 0.558736
vn -0.825887 0.075663 0.558736
vn -0.825887 0.075663 0.558736
vn -0.825887 0.075663 0.558736
vn -0.948800 0.309844 -0.061439
vn -0.948800 0.309844 -0.061439
vn -0.948800 0.309844 -0.061439
vn -0.948800 0.309844 -0.061439
vn 0.269099 0.300548 -0.915017
vn 0.269099 0.300548 -0.915017
vn 0.269099 0.300548 -0.915017
vn 0.269099 0.300548 -0.915017
vn -0.197524 -0.288545 0.936870
vn -0.197524 -0.288545 0.936870
vn -0.197524 -0.288545 0.936870
vn -0.197524 -0.288545 0.936870
vn -0.922715 0.371907 -0.101398
vn -0.922715 0.371907 -0.101398
vn -0.922715 0.371907 -0.101398
vn -0.922715 0.371907 -0.101398
vn 0.956860 -0.211391 0.199332
vn 0.956860 -0.211391 0.199332
vn 0.956860 -0.211391 0.199332
vn 0.956860 -0.211391 0.199332
vn 0.967143 -0.198951 0.158280
vn 0.967143 -0.198951 0.158280
vn 0.967143 -0.198951 0.158280
vn 0.967143 -0.198951 0.158280
vn 0.237443 -0.568028 0.788013
vn 0.237443 -0.568028 0.788013
vn 0.237443 -0.568028 0.788013
vn 0.237443 -0.568028 0.788013
vn -0.285538 0.524120 -0.802351
vn -0.285538 0.524120 -0.802351
vn -0.285538 0.524120 -0.802351
vn -0.285538 0.524120 -0.802351
vn 0.968227 -0.216384 0.125356
vn 0.968227 -0.216384 0.125356
vn 0.968227 -0.216384 0.125356
vn 0.968227 -0.216384 0.125356
vn -0.970484 0.177311 -0.163465
vn -0.970484 0.177311 -0.163465
vn -0.970484 0.177311 -0.163465
vn -0.970484 0.177311 -0.163465
vn 0.689888 0.355624 -0.630545
vn 0.689888 0.355624 -0.630545
vn 0.689888 0.355624 -0.630545
vn 0.689888 0.355624 -0.630545
vn -0.711724 -0.343237 0.612893
vn -0.711724 -0.343237 0.612893
vn -0.711724 -0.343237 0.612893
vn -0.711724 -0.343237 0.612893
vn -0.484946 0.517144 -0.705258
vn -0.484946 0.517144 -0.705258
vn -0.484946 0.517144 -0.705258
vn -0.484946 0.517144 -0.705258
vn -0.870132 -0.230273 0.435712
vn -0.870132 -0.230273 0.435712
vn -0.870132 -0.230273 0.435712
vn -0.870132 -0.230273 0.435712
vn -0.974802 0.169948 -0.144495
vn -0.974802 0.169948 -0.144495
vn -0.974802 0.169948 -0.144495
vn -0.974802 0.169948 -0.144495
vn 0.301029 0.517735 -0.800832
vn 0.301029 0.517735 -0.800832
vn 0.301029 0.517735 -0.800832
vn 0.301029 0.517735 -0.800832
vn -0.218432 -0.511312 0.831172
vn -0.218432 -0.511312 0.831172
vn -0.218432 -0.511312 0.831172
vn -0.218432 -0.511312 0.831172
vn -0.966862 0.164497 -0.195240
vn -0.966862 0.164497 -0.195240
vn -0.966862 0.164497 -0.195240
vn -0.966862 0.164497 -0.195240
vn 0.801677 -0.597406 0.020516
vn 0.801677 -0.597406 0.020516
vn 0.801677 -0.597406 0.020516
vn 0.801677 -0.597405 0.020516
vn 0.802062 -0.597201 -0.006834
vn 0.802062 -0.597201 -0.006834
vn 0.802062 -0.597201 -0.006834
vn 0.802062 -0.597201 -0.006834
vn 0.104000 -0.702342 0.704202
vn 0.104000 -0.702342 0.704202
vn 0.104000 -0.702342 0.704202
vn 0.104000 -0.702342 0.704202
vn -0.185965 0.695232 -0.694312
vn -0.185965 0.695232 -0.694312
vn -0.185965 0.695232 -0.694312
vn -0.185965 0.695232 -0.694312
vn -0.193078 -0.828911 -0.525002
vn -0.193078 -0.828912 -0.525002
vn -0.193078 -0.828911 -0.525002
vn -0.193078 -0.828912 -0.525002
vn 0.209738 0.850600 0.482172
vn 0.209738 0.850600 0.482172
vn 0.209738 0.850600 0.482172
vn 0.209738 0.850600 0.482172
vn -0.072476 -0.007121 0.997345
vn -0.072476 -0.007121 0.997345
vn -0.072476 -0.007121 0.997345
vn -0.072476 -0.007121 0.997345
vn 0.086940 0.083080 -0.992743
vn 0.086940 0.083080 -0.992743
vn 0.086940 0.083080 -0.992743
vn 0.086940 0.083080 -0.992743
vn 0.272192 0.929778 -0.247840
vn 0.272192 0.929778 -0.247840
vn 0.272192 0.929778 -0.247840
vn 0.272192 0.929778 -0.247840
vn -0.023677 0.190493 0.981403
vn -0.023677 0.190493 0.981403
vn -0.023677 0.190493 0.981403
vn -0.023677 0.190493 0.981403
vn 0.203178 0.837871 0.506646
vn 0.203178 0.837871 0.506646
vn 0.203178 0.837871 0.506646
vn 0.203178 0.837872 0.506646
vn 0.169466 0.483269 -0.858913
vn 0.169466 0.483269 -0.858913
vn 0.169466 0.483269 -0.858913
vn 0.169466 0.483269 -0.858913
vn 0.216126 0.857427 0.467021
vn 0.216126 0.857427 0.467021
vn 0.216126 0.857427 0.467021
vn 0.216126 0.857427 0.467021
vn 0.281345 -0.775080 -0.565770
vn 0.281345 -0.775080 -0.565770
vn 0.281345 -0.775080 -0.565770
vn 0.281345 -0.775080 -0.565770
vn -0.286519 0.833457 0.472501
vn -0.286519 0.833457 0.472501
vn -0.286519 0.833457 0.472501
vn -0.286519 0.833457 0.472501
vn -0.250715 -0.188563 0.949519
vn -0.250715 -0.188563 0.949519
vn -0.250715 -0.188563 0.949519
vn -0.250715 -0.188563 0.949519
vn 0.065843 0.269325 -0.960796
vn 0.065842 0.269325 -0.960796
vn 0.065843 0.269325 -0.960796
vn 0.065843 0.269325 -0.960796
vn -0.235048 0.963380 -0.129044
vn -0.235048 0.963380 -0.129044
vn -0.235048 0.963380 -0.129044
vn -0.235048 0.963380 -0.129044
vn -0.252019 0.091616 0.963376
vn -0.252019 0.091616 0.963376
vn -0.252019 0.091616 0.963376
vn -0.252019 0.091616 0.963376
vn -0.376921 0.766353 0.520225
vn -0.376921 0.766353 0.520225
vn -0.376921 0.766353 0.520225
vn -0.376921 0.766353 0.520225
vn -0.024731 0.663570 -0.747705
vn -0.024731 0.663570 -0.747705
vn -0.024731 0.663570 -0.747705
vn -0.024731 0.663570 -0.747705
vn -0.280356 0.778262 0.561880
vn -0.280355 0.778262 0.561880
vn -0.280355 0.778262 0.561880
vn -0.280355 0.778262 0.561880
vn 0.162123 -0.854192 -0.494036
vn 0.162123 -0.854192 -0.494036
vn 0.162123 -0.854192 -0.494036
vn 0.162123 -0.854192 -0.494036
vn 0.239000 -0.801961 -0.547482
vn 0.239000 -0.801961 -0.547482
vn 0.239000 -0.801961 -0.547482
vn 0.239000 -0.801961 -0.547482
vn -0.051848 0.941414 -0.333245
vn -0.051848 0.941414 -0.333245
vn -0.051848 0.941414 -0.333245
vn -0.051848 0.941414 -0.333245
vn 0.143237 -0.907755 0.394289
vn 0.143237 -0.907755 0.394289
vn 0.143237 -0.907755 0.394289
vn 0.143237 -0.907755 0.394289
vn -0.020665 -0.717158 0.696604
vn -0.020665 -0.717158 0.696604
vn -0.020665 -0.717158 0.696604
vn -0.020665 -0.717158 0.696604
vn 0.849637 0.189378 0.492192
vn 0.849637 0.189378 0.492192
vn 0.849637 0.189378 0.492192
vn 0.849637 0.189378 0.492192
vn 0.905952 0.171279 0.387187
vn 0.905952 0.171279 0.387187
vn 0.905952 0.171279 0.387187
vn 0.905952 0.171280 0.387187
vn 0.909830 0.200227 0.363481
vn 0.909830 0.200227 0.363481
vn 0.909830 0.200227 0.363481
vn 0.909274 0.192677 0.368913
vn 0.909274 0.192677 0.368913
vn 0.909274 0.192677 0.368913
vn 0.839172 0.198733 0.506257
vn 0.839172 0.198734 0.506257
vn 0.839172 0.198734 0.506257
vn 0.839172 0.198734 0.506257
vn 0.873423 0.109934 0.474392
vn 0.873423 0.109934 0.474392
vn 0.873423 0.109934 0.474392
vn 0.873423 0.109934 0.474392
vn 0.926441 0.175796 0.332872
vn 0.926441 0.175796 0.332872
vn 0.926441 0.175796 0.332872
vn 0.926441 0.175796 0.332872
vn 0.826560 -0.388587 0.407183
vn 0.511128 -0.825154 0.240559
vn 0.577017 -0.765504 0.284704
vn -0.295853 -0.944202 -0.144754
vn 0.577017 -0.765504 0.284704
vn 0.511128 -0.825154 0.240559
vn -0.291604 -0.944685 -0.150126
vn -0.274633 -0.946161 -0.171336
vn -0.291604 -0.944685 -0.150126
vn 0.511128 -0.825154 0.240559
vn -0.276346 -0.944353 -0.178412
vn -0.276346 -0.944353 -0.178412
vn 0.511128 -0.825154 0.240559
vn -0.263901 -0.948166 -0.177023
vn -0.267307 -0.942870 -0.198855
vn -0.243803 -0.954172 -0.173539
vn -0.243497 -0.953301 -0.178678
vn -0.243497 -0.953301 -0.178678
vn -0.247195 -0.951265 -0.184361
vn -0.243803 -0.954172 -0.173539
vn -0.247195 -0.951265 -0.184361
vn -0.263901 -0.948166 -0.177023
vn -0.267307 -0.942870 -0.198855
vn -0.263901 -0.948166 -0.177023
vn -0.247195 -0.951265 -0.184361
vn -0.258355 -0.943590 -0.207101
vn -0.130950 -0.793831 -0.593872
vn -0.130950 -0.793831 -0.593872
vn -0.130950 -0.793831 -0.593872
vn -0.130950 -0.793831 -0.593872
vn -0.762507 -0.364653 -0.534427
vn -0.762507 -0.364653 -0.534427
vn -0.762507 -0.364653 -0.534427
vn -0.762507 -0.364653 -0.534427
vn -0.972405 0.168544 -0.161311
vn -0.972405 0.168544 -0.161311
vn -0.972405 0.168544 -0.161310
vn -0.972405 0.168544 -0.161311
vn -0.772328 -0.436682 -0.461323
vn -0.772328 -0.436682 -0.461323
vn -0.772328 -0.436682 -0.461323
vn -0.772328 -0.436682 -0.461323
vn 0.148612 0.828713 0.539583
vn 0.148612 0.828713 0.539583
vn 0.148612 0.828713 0.539583
vn 0.148612 0.828713 0.539583
vn 0.771548 0.414036 0.482999
vn 0.771548 0.414036 0.482999
vn 0.771548 0.414036 0.482999
vn 0.771548 0.414036 0.482999
vn -0.930508 0.230938 -0.284293
vn -0.930508 0.230938 -0.284293
vn -0.930508 0.230938 -0.284293
vn -0.930508 0.230938 -0.284293
vn -0.768813 -0.397600 -0.500840
vn -0.768813 -0.397600 -0.500840
vn -0.768813 -0.397600 -0.500840
vn -0.768813 -0.397600 -0.500840
vn -0.300503 0.132752 0.944497
vn -0.300503 0.132752 0.944497
vn -0.300503 0.132752 0.944497
vn -0.300503 0.132752 0.944497
vn 0.264564 -0.345410 0.900388
vn 0.264564 -0.345410 0.900388
vn 0.264564 -0.345410 0.900388
vn 0.264564 -0.345410 0.900388
vn 0.430540 0.769822 -0.471179
vn 0.430540 0.769822 -0.471179
vn 0.430540 0.769822 -0.471179
vn 0.430540 0.769822 -0.471179
vn 0.468019 0.422174 -0.776355
vn 0.468019 0.422174 -0.776355
vn 0.468019 0.422174 -0.776355
vn 0.468019 0.422174 -0.776355
vn -0.377708 -0.551628 0.743669
vn -0.377708 -0.551628 0.743669
vn -0.377708 -0.551628 0.743669
vn -0.377708 -0.551628 0.743669
vn -0.480539 -0.748207 0.457460
vn -0.480538 -0.748207 0.457460
vn -0.480538 -0.748207 0.457460
vn -0.480538 -0.748207 0.457460
vn -0.220973 0.419158 -0.880612
vn -0.220973 0.419158 -0.880612
vn -0.220973 0.419158 -0.880612
vn -0.220973 0.419158 -0.880612
vn 0.378503 -0.044261 -0.924541
vn 0.378503 -0.044261 -0.924541
vn 0.378503 -0.044261 -0.924541
vn 0.378503 -0.044261 -0.924541
vn 0.442770 0.891098 -0.099491
vn 0.442770 0.891098 -0.099491
vn 0.442770 0.891098 -0.099491
vn 0.442770 0.891098 -0.099491
vn 0.668016 0.715202 -0.205526
vn 0.668016 0.715202 -0.205526
vn 0.668016 0.715202 -0.205526
vn 0.668016 0.715202 -0.205526
vn -0.234476 0.329351 0.914630
vn -0.234476 0.329351 0.914630
vn -0.234476 0.329351 0.914630
vn -0.234476 0.329351 0.914630
vn 0.489669 -0.134113 0.861532
vn 0.489669 -0.134113 0.861532
vn 0.489669 -0.134113 0.861532
vn 0.489669 -0.134113 0.861532
vn 0.150226 0.807700 0.570134
vn 0.150226 0.807700 0.570134
vn 0.150226 0.807700 0.570134
vn 0.150226 0.807700 0.570134
vn 0.769245 0.389815 0.506267
vn 0.769245 0.389815 0.506267
vn 0.769245 0.389815 0.506267
vn 0.769245 0.389815 0.506267
vn 0.481730 0.393851 -0.782827
vn 0.481730 0.393851 -0.782827
vn 0.481730 0.393851 -0.782827
vn 0.481730 0.393851 -0.782827
vn 0.050013 0.581952 -0.811684
vn 0.050013 0.581952 -0.811684
vn 0.050013 0.581952 -0.811684
vn 0.050013 0.581952 -0.811684
vn -0.176029 -0.531943 0.828282
vn -0.176029 -0.531943 0.828282
vn -0.176029 -0.531943 0.828282
vn -0.176029 -0.531943 0.828282
vn 0.110942 0.553178 -0.825643
vn 0.110942 0.553178 -0.825643
vn 0.110942 0.553178 -0.825643
vn 0.110942 0.553178 -0.825643
vn -0.082499 -0.636845 0.766565
vn -0.082499 -0.636845 0.766565
vn -0.082499 -0.636845 0.766565
vn -0.082499 -0.636845 0.766565
vn 0.154097 0.845738 0.510864
vn 0.154097 0.845737 0.510864
vn 0.154097 0.845737 0.510864
vn 0.154097 0.845737 0.510864
vn 0.772016 0.429635 0.468408
vn 0.772016 0.429634 0.468407
vn 0.772016 0.429635 0.468408
vn 0.772016 0.429635 0.468408
vn -0.951119 0.196979 -0.237848
vn -0.951119 0.196979 -0.237848
vn -0.951119 0.196979 -0.237848
vn -0.951119 0.196979 -0.237848
vn 0.936975 -0.220930 0.270679
vn 0.936975 -0.220930 0.270679
vn 0.936975 -0.220930 0.270679
vn 0.936975 -0.220930 0.270679
vn 0.271548 -0.584036 0.764960
vn 0.271548 -0.584036 0.764960
vn 0.271548 -0.584036 0.764960
vn 0.271548 -0.584036 0.764960
vn -0.147272 0.515392 -0.844205
vn -0.147272 0.515392 -0.844205
vn -0.147272 0.515392 -0.844205
vn -0.147272 0.515392 -0.844205
vn 0.591824 0.464332 -0.658893
vn 0.591824 0.464332 -0.658893
vn 0.591824 0.464332 -0.658893
vn 0.591824 0.464332 -0.658893
vn 0.458380 -0.497849 0.736229
vn 0.458380 -0.497849 0.736229
vn 0.458381 -0.497849 0.736229
vn 0.458380 -0.497849 0.736229
vn 0.965987 -0.168191 0.196422
vn 0.965987 -0.168191 0.196422
vn 0.965987 -0.168191 0.196422
vn 0.965987 -0.168191 0.196422
vn 0.965949 -0.180305 0.185563
vn 0.965949 -0.180305 0.185563
vn 0.965949 -0.180305 0.185563
vn 0.965949 -0.180305 0.185563
vn -0.761090 -0.360630 -0.539155
vn -0.761090 -0.360630 -0.539155
vn -0.761090 -0.360630 -0.539155
vn -0.761090 -0.360630 -0.539155
vn -0.773658 -0.446264 -0.449780
vn -0.773658 -0.446264 -0.449780
vn -0.773658 -0.446264 -0.449780
vn -0.773658 -0.446264 -0.449780
vn 0.768364 0.398817 0.500561
vn 0.768364 0.398817 0.500561
vn 0.768364 0.398817 0.500561
vn 0.768364 0.398817 0.500561
vn -0.771975 -0.412440 -0.483681
vn -0.771975 -0.412440 -0.483681
vn -0.771975 -0.412440 -0.483681
vn -0.771975 -0.412440 -0.483681
vn 0.314457 -0.298441 0.901138
vn 0.314457 -0.298441 0.901138
vn 0.314457 -0.298441 0.901138
vn 0.314457 -0.298441 0.901138
vn 0.373682 0.758439 -0.533978
vn 0.373682 0.758439 -0.533978
vn 0.373682 0.758439 -0.533978
vn 0.373682 0.758439 -0.533978
vn -0.403920 -0.733660 0.546435
vn -0.403920 -0.733660 0.546435
vn -0.403920 -0.733660 0.546435
vn -0.403920 -0.733660 0.546435
vn -0.257594 0.386247 -0.885697
vn -0.257594 0.386247 -0.885697
vn -0.257594 0.386247 -0.885697
vn -0.257594 0.386247 -0.885697
vn 0.591880 0.728237 -0.345469
vn 0.591880 0.728237 -0.345469
vn 0.591880 0.728237 -0.345469
vn 0.591880 0.728237 -0.345469
vn 0.501647 -0.118669 0.856894
vn 0.501647 -0.118669 0.856894
vn 0.501647 -0.118669 0.856894
vn 0.501647 -0.118669 0.856894
vn 0.766371 0.379678 0.518188
vn 0.766371 0.379678 0.518189
vn 0.766371 0.379678 0.518189
vn 0.766371 0.379678 0.518189
vn 0.145787 0.573950 -0.805808
vn 0.145787 0.573950 -0.805809
vn 0.145787 0.573950 -0.805808
vn 0.145787 0.573950 -0.805809
vn -0.089064 -0.640795 0.762528
vn -0.089064 -0.640795 0.762528
vn -0.089064 -0.640795 0.762528
vn -0.089064 -0.640795 0.762528
vn 0.770302 0.418943 0.480751
vn 0.770302 0.418943 0.480751
vn 0.770302 0.418943 0.480751
vn 0.770302 0.418943 0.480751
vn -0.147050 -0.861640 -0.485749
vn -0.147050 -0.861640 -0.485749
vn -0.147050 -0.861640 -0.485749
vn -0.147050 -0.861640 -0.485749
vn -0.141256 -0.830160 -0.539333
vn -0.141256 -0.830160 -0.539334
vn -0.141256 -0.830160 -0.539334
vn -0.141256 -0.830160 -0.539333
vn 0.488677 0.772629 -0.405265
vn 0.488677 0.772629 -0.405265
vn 0.488677 0.772629 -0.405265
vn 0.488677 0.772629 -0.405265
vn -0.508520 -0.771935 0.381476
vn -0.508520 -0.771935 0.381476
vn -0.508520 -0.771935 0.381476
vn -0.508520 -0.771935 0.381476
vn -0.494119 -0.402461 0.770631
vn -0.494119 -0.402461 0.770631
vn -0.494119 -0.402461 0.770631
vn -0.494119 -0.402461 0.770631
vn -0.561632 -0.598374 -0.571417
vn -0.561632 -0.598374 -0.571417
vn -0.561632 -0.598374 -0.571417
vn -0.561632 -0.598374 -0.571417
vn -0.526148 -0.610835 -0.591649
vn -0.526148 -0.610835 -0.591649
vn -0.526148 -0.610835 -0.591649
vn -0.526148 -0.610835 -0.591649
vn 0.708437 0.632922 -0.312292
vn 0.708437 0.632922 -0.312292
vn 0.708437 0.632922 -0.312292
vn 0.708437 0.632922 -0.312292
vn -0.597063 -0.703677 0.385168
vn -0.597063 -0.703677 0.385168
vn -0.597063 -0.703677 0.385168
vn -0.597063 -0.703677 0.385168
vn -0.405097 -0.440428 0.801199
vn -0.405097 -0.440428 0.801199
vn -0.405096 -0.440428 0.801199
vn -0.405097 -0.440428 0.801199
vn -0.413100 -0.655742 -0.631942
vn -0.413100 -0.655742 -0.631942
vn -0.413100 -0.655742 -0.631942
vn -0.413100 -0.655742 -0.631942
vn 0.589257 0.520491 0.617953
vn 0.589257 0.520491 0.617953
vn 0.589257 0.520491 0.617953
vn 0.589257 0.520491 0.617953
vn 0.025555 -0.025503 0.999348
vn 0.025555 -0.025503 0.999348
vn 0.025555 -0.025503 0.999348
vn 0.025555 -0.025503 0.999348
vn 0.089878 0.082676 -0.992515
vn 0.089878 0.082676 -0.992515
vn 0.089878 0.082676 -0.992515
vn 0.089878 0.082676 -0.992515
vn 0.674183 0.735816 -0.063649
vn 0.674183 0.735816 -0.063649
vn 0.674183 0.735816 -0.063649
vn 0.674183 0.735816 -0.063649
vn 0.281917 0.058233 0.957670
vn 0.281917 0.058233 0.957670
vn 0.281917 0.058233 0.957670
vn 0.281917 0.058233 0.957670
vn 0.578788 0.525158 0.623869
vn 0.578788 0.525158 0.623869
vn 0.578788 0.525158 0.623869
vn 0.578788 0.525158 0.623869
vn 0.405953 0.424402 -0.809373
vn 0.405953 0.424402 -0.809373
vn 0.405953 0.424402 -0.809373
vn 0.405953 0.424402 -0.809373
vn 0.682603 0.421024 0.597321
vn 0.682603 0.421024 0.597321
vn 0.682603 0.421024 0.597321
vn 0.682603 0.421024 0.597321
vn -0.761824 0.611061 -0.215009
vn -0.761824 0.611061 -0.215009
vn -0.761824 0.611061 -0.215009
vn -0.761824 0.611061 -0.215009
vn -0.757960 0.532309 -0.377019
vn -0.757960 0.532309 -0.377019
vn -0.757960 0.532309 -0.377019
vn -0.750188 0.526405 -0.400146
vn -0.750188 0.526405 -0.400146
vn -0.750188 0.526405 -0.400146
vn -0.750188 0.526405 -0.400146
vn -0.816766 0.529505 -0.229170
vn -0.816766 0.529505 -0.229170
vn -0.816766 0.529505 -0.229170
vn -0.816766 0.529505 -0.229170
vn -0.818706 0.548198 -0.170880
vn -0.818706 0.548198 -0.170880
vn -0.818706 0.548198 -0.170880
vn -0.818706 0.548198 -0.170880
vn -0.801565 0.567515 -0.188201
vn -0.801565 0.567516 -0.188201
vn -0.801565 0.567515 -0.188201
vn -0.801565 0.567515 -0.188201
vn -0.818629 0.300556 -0.489400
vn -0.818629 0.300556 -0.489400
vn -0.818629 0.300556 -0.489400
vn -0.137918 -0.841055 -0.523073
vn -0.158301 -0.847993 -0.505815
vn -0.158301 -0.847993 -0.505815
vn -0.057508 -0.459785 -0.886166
vn -0.069471 -0.576983 -0.813797
vn -0.163911 -0.985830 0.035657
vn -0.163911 -0.985830 0.035657
vn -0.145415 -0.987880 0.054287
vn -0.036368 -0.378442 -0.924910
vn -0.147710 -0.828463 -0.540214
vn -0.147710 -0.828463 -0.540214
vn -0.137918 -0.841055 -0.523073
vn -0.137918 -0.841055 -0.523073
vn -0.057508 -0.459785 -0.886166
vn -0.036368 -0.378442 -0.924910
vn -0.036368 -0.378442 -0.924910
vn -0.057508 -0.459785 -0.886166
vn -0.069471 -0.576983 -0.813797
vn -0.065092 -0.591743 -0.803494
vn -0.065092 -0.591743 -0.803494
vn -0.069471 -0.576983 -0.813797
vn -0.145415 -0.987880 0.054287
vn -0.140653 -0.988233 0.060103
vn -0.140653 -0.988233 0.060103
vn -0.185585 -0.982015 0.034720
vn -0.065092 -0.591743 -0.803494
vn -0.333193 -0.419393 0.844447
vn -0.333193 -0.419393 0.844447
vn -0.333193 -0.419393 0.844447
vn -0.333193 -0.419393 0.844447
vn 0.083364 0.850712 0.518979
vn 0.083364 0.850712 0.518979
vn 0.083364 0.850712 0.518979
vn 0.083364 0.850712 0.518979
vn 0.936393 -0.285828 0.203645
vn 0.936393 -0.285828 0.203645
vn 0.936393 -0.285828 0.203645
vn 0.936393 -0.285828 0.203645
vn 0.039941 0.747527 0.663029
vn 0.039941 0.747527 0.663029
vn 0.039941 0.747527 0.663029
vn 0.039941 0.747527 0.663029
vn 0.984078 -0.079680 -0.158876
vn 0.984078 -0.079680 -0.158876
vn 0.984078 -0.079680 -0.158876
vn 0.984078 -0.079680 -0.158876
vn -0.079093 -0.854026 -0.514183
vn -0.079093 -0.854026 -0.514183
vn -0.079093 -0.854026 -0.514183
vn -0.079093 -0.854026 -0.514183
vn -0.936518 0.282205 -0.208072
vn -0.936518 0.282206 -0.208072
vn -0.936518 0.282206 -0.208072
vn -0.936518 0.282206 -0.208072
vn -0.101492 -0.625727 -0.773411
vn -0.101492 -0.625727 -0.773411
vn -0.101492 -0.625727 -0.773411
vn -0.101492 -0.625727 -0.773411
vn -0.952344 -0.104585 0.286535
vn -0.952344 -0.104585 0.286535
vn -0.952344 -0.104585 0.286535
vn -0.952344 -0.104585 0.286535
vn 0.094953 0.644766 0.758460
vn 0.094953 0.644766 0.758460
vn 0.094953 0.644766 0.758460
vn 0.094953 0.644766 0.758460
vn 0.956596 0.085232 -0.278675
vn 0.956596 0.085232 -0.278675
vn 0.956596 0.085232 -0.278675
vn 0.956596 0.085232 -0.278675
vn -0.033045 -0.733535 -0.678847
vn -0.033045 -0.733535 -0.678847
vn -0.033045 -0.733535 -0.678847
vn -0.033045 -0.733535 -0.678847
vn -0.984725 0.069889 0.159476
vn -0.984725 0.069889 0.159476
vn -0.984725 0.069889 0.159476
vn -0.984725 0.069889 0.159476
vn -0.429730 0.785977 -0.444491
vn -0.429730 0.785977 -0.444491
vn -0.429730 0.785977 -0.444491
vn -0.429730 0.785977 -0.444491
vn -0.604565 -0.784940 0.135533
vn -0.604565 -0.784941 0.135533
vn -0.604565 -0.784941 0.135533
vn -0.604565 -0.784940 0.135533
vn -0.904573 0.394659 -0.161219
vn -0.904573 0.394659 -0.161219
vn -0.904573 0.394659 -0.161219
vn -0.904573 0.394659 -0.161219
vn 0.980145 -0.192929 0.045770
vn 0.980145 -0.192929 0.045770
vn 0.980145 -0.192929 0.045770
vn 0.980145 -0.192929 0.045770
vn 0.229891 0.833516 0.502396
vn 0.229891 0.833516 0.502396
vn 0.229891 0.833516 0.502396
vn 0.229891 0.833516 0.502396
vn -0.163197 -0.980244 -0.111750
vn -0.163197 -0.980244 -0.111750
vn -0.163197 -0.980244 -0.111750
vn -0.163197 -0.980244 -0.111750
vn -0.980040 0.193378 -0.046117
vn -0.980040 0.193378 -0.046117
vn -0.980040 0.193378 -0.046117
vn -0.980040 0.193378 -0.046117
vn 0.961563 -0.250655 -0.112106
vn 0.961564 -0.250655 -0.112106
vn 0.961563 -0.250655 -0.112106
vn 0.961564 -0.250655 -0.112106
vn 0.162006 0.979904 0.116374
vn 0.162006 0.979904 0.116374
vn 0.162006 0.979904 0.116374
vn 0.162006 0.979904 0.116374
vn -0.212116 -0.871801 0.441554
vn -0.212116 -0.871801 0.441554
vn -0.212116 -0.871801 0.441554
vn -0.212116 -0.871801 0.441554
vn -0.893368 0.273615 -0.356410
vn -0.893368 0.273615 -0.356410
vn -0.893368 0.273615 -0.356410
vn -0.893368 0.273615 -0.356410
vn 0.398704 0.917018 -0.010597
vn 0.398704 0.917018 -0.010597
vn 0.398704 0.917018 -0.010597
vn 0.398704 0.917018 -0.010597
vn 0.904720 -0.394528 0.160714
vn 0.904720 -0.394528 0.160714
vn 0.904720 -0.394528 0.160714
vn 0.904720 -0.394528 0.160714
vn -0.228300 -0.831978 -0.505660
vn -0.228300 -0.831978 -0.505660
vn -0.228300 -0.831978 -0.505660
vn -0.228300 -0.831978 -0.505660
vn 0.902720 -0.276927 0.329253
vn 0.902720 -0.276927 0.329253
vn 0.902720 -0.276927 0.329253
vn 0.902720 -0.276927 0.329253
vn -0.398880 -0.916093 -0.040838
vn -0.398880 -0.916093 -0.040838
vn -0.398880 -0.916093 -0.040838
vn -0.398880 -0.916093 -0.040838
vn -0.960793 0.252638 0.114241
vn -0.960793 0.252638 0.114241
vn -0.960793 0.252638 0.114241
vn -0.960793 0.252638 0.114241
vn 0.206749 0.868519 -0.450478
vn 0.206749 0.868519 -0.450478
vn 0.206748 0.868519 -0.450478
vn 0.206749 0.868519 -0.450478
vn 0.783907 -0.470556 0.405051
vn 0.783907 -0.470556 0.405051
vn 0.783907 -0.470556 0.405051
vn 0.783907 -0.470556 0.405051
vn 0.052137 0.620409 0.782544
vn 0.052137 0.620409 0.782544
vn 0.052137 0.620409 0.782544
vn 0.052137 0.620409 0.782544
vn -0.779973 0.474316 -0.408248
vn -0.779973 0.474316 -0.408248
vn -0.779973 0.474316 -0.408248
vn -0.779973 0.474316 -0.408248
vn -0.054070 -0.622608 -0.780664
vn -0.054070 -0.622608 -0.780664
vn -0.054070 -0.622608 -0.780664
vn -0.054070 -0.622608 -0.780664
vn -0.333202 -0.419414 0.844434
vn -0.333202 -0.419414 0.844434
vn -0.333202 -0.419414 0.844434
vn -0.333202 -0.419414 0.844434
vn -0.885556 0.459942 -0.065149
vn -0.885556 0.459942 -0.065149
vn -0.885556 0.459942 -0.065149
vn -0.885556 0.459942 -0.065149
vn 0.988386 -0.151475 -0.012177
vn 0.988386 -0.151475 -0.012177
vn 0.988386 -0.151475 -0.012177
vn 0.988386 -0.151475 -0.012177
vn 0.300710 0.833169 0.464116
vn 0.300710 0.833169 0.464116
vn 0.300710 0.833169 0.464116
vn 0.300710 0.833169 0.464116
vn -0.151964 -0.985208 -0.079203
vn -0.151964 -0.985208 -0.079203
vn -0.151964 -0.985208 -0.079203
vn -0.151964 -0.985208 -0.079203
vn -0.988386 0.151475 0.012177
vn -0.988386 0.151475 0.012177
vn -0.988386 0.151475 0.012177
vn -0.988386 0.151475 0.012177
vn 0.786003 -0.339811 0.516458
vn 0.786003 -0.339811 0.516458
vn 0.786003 -0.339811 0.516458
vn 0.786003 -0.339811 0.516458
vn 0.151965 0.985207 0.079203
vn 0.151965 0.985207 0.079203
vn 0.151965 0.985207 0.079203
vn 0.151965 0.985207 0.079203
vn -0.232291 -0.935627 0.265788
vn -0.232291 -0.935627 0.265788
vn -0.232291 -0.935627 0.265788
vn -0.232291 -0.935627 0.265788
vn -0.785427 0.336802 -0.519296
vn -0.785427 0.336802 -0.519296
vn -0.785427 0.336802 -0.519296
vn -0.785427 0.336802 -0.519296
vn 0.234233 0.944468 -0.230466
vn 0.234233 0.944468 -0.230466
vn 0.234233 0.944468 -0.230466
vn 0.234233 0.944468 -0.230466
vn 0.885570 -0.459952 0.064887
vn 0.885570 -0.459952 0.064887
vn 0.885570 -0.459952 0.064887
vn 0.885570 -0.459952 0.064887
vn -0.303599 -0.826160 -0.474645
vn -0.303599 -0.826160 -0.474645
vn -0.303599 -0.826160 -0.474645
vn -0.303599 -0.826160 -0.474645
vn 0.056035 -0.991967 -0.113408
vn 0.056035 -0.991967 -0.113408
vn 0.056035 -0.991967 -0.113408
vn 0.056035 -0.991967 -0.113408
vn -0.999886 -0.004331 0.014490
vn -0.999886 -0.004331 0.014490
vn -0.999886 -0.004331 0.014490
vn -0.999886 -0.004331 0.014490
vn -0.056615 0.991996 0.112864
vn -0.056615 0.991996 0.112864
vn -0.056615 0.991996 0.112864
vn -0.056615 0.991996 0.112864
vn 0.142526 -0.916974 0.372620
vn 0.142526 -0.916974 0.372620
vn 0.142526 -0.916974 0.372620
vn 0.142526 -0.916974 0.372620
vn 0.999912 0.004652 -0.012416
vn 0.999912 0.004652 -0.012416
vn 0.999912 0.004652 -0.012416
vn 0.999912 0.004652 -0.012416
vn -0.963851 -0.017232 -0.265883
vn -0.963851 -0.017232 -0.265883
vn -0.963851 -0.017232 -0.265883
vn -0.963851 -0.017232 -0.265883
vn -0.142563 0.917555 -0.371172
vn -0.142563 0.917555 -0.371172
vn -0.142563 0.917555 -0.371172
vn -0.142563 0.917555 -0.371172
vn 0.960271 0.019872 0.278360
vn 0.960271 0.019872 0.278360
vn 0.960271 0.019872 0.278360
vn 0.960271 0.019872 0.278360
vn -0.656187 0.546806 0.520022
vn -0.656187 0.546806 0.520022
vn -0.656187 0.546806 0.520022
vn -0.656187 0.546806 0.520022
vn -0.023583 -0.996140 -0.084556
vn -0.023583 -0.996140 -0.084556
vn -0.023583 -0.996140 -0.084556
vn -0.023583 -0.996140 -0.084556
vn 0.999809 0.019551 0.000016
vn 0.999809 0.019551 0.000016
vn 0.999809 0.019551 0.000016
vn 0.999809 0.019551 0.000016
vn 0.015465 0.996498 0.082172
vn 0.015465 0.996498 0.082172
vn 0.015465 0.996498 0.082172
vn 0.015465 0.996498 0.082172
vn -0.080174 -0.954092 -0.288585
vn -0.080174 -0.954092 -0.288585
vn -0.080174 -0.954092 -0.288585
vn -0.080174 -0.954092 -0.288585
vn -0.999888 -0.014960 -0.000249
vn -0.999888 -0.014960 -0.000249
vn -0.999888 -0.014960 -0.000249
vn -0.999888 -0.014960 -0.000249
vn 0.985054 0.022764 -0.170737
vn 0.985054 0.022764 -0.170737
vn 0.985054 0.022764 -0.170737
vn 0.985054 0.022764 -0.170737
vn 0.068025 0.952510 0.296813
vn 0.068025 0.952510 0.296813
vn 0.068025 0.952510 0.296813
vn 0.068025 0.952510 0.296813
vn -0.984100 -0.017781 0.176721
vn -0.984100 -0.017781 0.176721
vn -0.984100 -0.017781 0.176721
vn -0.984100 -0.017781 0.176721
vn -0.065193 -0.126300 0.989848
vn -0.065193 -0.126300 0.989848
vn -0.065193 -0.126300 0.989848
vn -0.065193 -0.126300 0.989848
vn -0.333201 -0.419400 0.844441
vn -0.333201 -0.419400 0.844441
vn -0.333201 -0.419400 0.844441
vn -0.333201 -0.419400 0.844441
vn 0.165836 0.846500 0.505901
vn 0.165836 0.846500 0.505901
vn 0.165836 0.846500 0.505901
vn 0.165836 0.846500 0.505901
vn -0.931133 0.304995 -0.199924
vn -0.931133 0.304995 -0.199924
vn -0.931133 0.304995 -0.199924
vn -0.931133 0.304995 -0.199924
vn 0.057010 0.618751 0.783516
vn 0.057010 0.618751 0.783516
vn 0.057010 0.618751 0.783516
vn 0.057010 0.618751 0.783516
vn -0.894016 0.387129 -0.225535
vn -0.894016 0.387129 -0.225535
vn -0.894016 0.387129 -0.225535
vn -0.894017 0.387129 -0.225535
vn -0.165574 -0.846207 -0.506478
vn -0.165574 -0.846207 -0.506478
vn -0.165574 -0.846207 -0.506478
vn -0.165574 -0.846207 -0.506478
vn 0.930954 -0.305317 0.200264
vn 0.930954 -0.305317 0.200264
vn 0.930954 -0.305317 0.200264
vn 0.930954 -0.305317 0.200264
vn -0.059372 -0.618580 -0.783475
vn -0.059372 -0.618580 -0.783475
vn -0.059372 -0.618580 -0.783476
vn -0.059372 -0.618580 -0.783476
vn 0.896401 -0.382407 0.224119
vn 0.896401 -0.382407 0.224119
vn 0.896401 -0.382407 0.224119
vn 0.896401 -0.382407 0.224119
vn 0.209910 0.873190 -0.439861
vn 0.209910 0.873190 -0.439861
vn 0.209910 0.873190 -0.439861
vn 0.209910 0.873190 -0.439861
vn 0.425972 -0.438472 0.791385
vn 0.425972 -0.438472 0.791385
vn 0.425972 -0.438472 0.791385
vn 0.425972 -0.438472 0.791385
vn 0.827564 0.383401 0.410051
vn 0.827563 0.383402 0.410051
vn 0.827563 0.383402 0.410051
vn 0.827564 0.383401 0.410051
vn 0.718868 0.588191 -0.370485
vn 0.718868 0.588191 -0.370485
vn 0.718868 0.588191 -0.370485
vn 0.718869 0.588191 -0.370485
vn -0.357847 0.923339 -0.139247
vn -0.357847 0.923339 -0.139247
vn -0.357847 0.923339 -0.139247
vn -0.357847 0.923339 -0.139247
vn 0.217401 0.454566 -0.863775
vn 0.217401 0.454566 -0.863775
vn 0.217401 0.454566 -0.863775
vn 0.217401 0.454566 -0.863775
vn 0.488274 -0.839506 -0.238367
vn 0.488274 -0.839506 -0.238367
vn 0.488274 -0.839506 -0.238367
vn 0.488274 -0.839506 -0.238367
vn 0.474031 -0.701668 -0.531937
vn 0.484658 -0.730166 -0.481626
vn 0.490923 -0.748087 -0.446498
vn 0.474031 -0.701668 -0.531937
vn 0.493402 -0.579642 -0.648514
vn 0.493402 -0.579642 -0.648514
vn 0.493402 -0.579642 -0.648514
vn 0.493402 -0.579642 -0.648514
vn -0.228318 -0.761808 0.606234
vn -0.228318 -0.761808 0.606234
vn -0.228318 -0.761808 0.606234
vn -0.228318 -0.761808 0.606234
vn -0.542460 0.235118 0.806509
vn -0.542460 0.235118 0.806509
vn -0.542460 0.235118 0.806509
vn -0.542460 0.235118 0.806509
vn -0.483908 0.698545 0.527132
vn -0.500563 0.744186 0.442294
vn -0.494495 0.726837 0.476636
vn -0.483908 0.698545 0.527132
vn 0.827563 0.383402 0.410051
vn 0.827563 0.383402 0.410051
vn 0.839063 0.331665 0.431245
vn 0.838993 0.332025 0.431104
vn 0.508215 -0.808250 -0.297404
vn 0.508215 -0.808250 -0.297404
vn 0.508215 -0.808250 -0.297404
vn 0.508215 -0.808250 -0.297404
vn -0.517572 0.803981 0.292802
vn -0.517572 0.803981 0.292803
vn -0.517572 0.803981 0.292802
vn -0.517572 0.803981 0.292802
vn 0.490923 -0.748087 -0.446498
vn 0.484658 -0.730166 -0.481626
vn 0.508215 -0.808250 -0.297404
vn 0.508215 -0.808250 -0.297404
vn -0.494495 0.726837 0.476636
vn -0.500563 0.744186 0.442294
vn -0.517572 0.803981 0.292803
vn -0.517572 0.803981 0.292802
vn 0.838993 0.332025 0.431104
vn 0.839063 0.331665 0.431245
vn 0.842062 0.315467 0.437506
vn 0.842062 0.315467 0.437506
vn -0.909806 -0.251967 -0.329797
vn -0.572212 -0.655627 -0.492673
vn -0.670102 -0.453585 -0.587558
vn -0.670102 -0.453585 -0.587558
vn -0.572212 -0.655627 -0.492673
vn -0.571220 -0.656592 -0.492539
vn -0.571220 -0.656592 -0.492539
vn -0.572212 -0.655627 -0.492673
vn -0.571832 -0.657871 -0.490117
vn -0.571832 -0.657871 -0.490117
vn -0.571832 -0.657871 -0.490117
vn -0.571832 -0.657871 -0.490117
vn -0.569194 -0.625587 -0.533535
vn -0.572481 -0.615143 -0.542093
vn -0.569194 -0.625587 -0.533535
vn -0.628265 -0.537055 -0.562899
vn -0.572481 -0.615143 -0.542093
vn -0.905716 -0.031621 -0.422704
vn -0.659137 -0.504829 -0.557392
vn -0.628265 -0.537055 -0.562899
vn -0.628265 -0.537055 -0.562899
vn -0.659137 -0.504829 -0.557392
vn -0.627442 -0.539724 -0.561262
vn -0.572481 -0.615143 -0.542093
vn 0.284736 0.440397 -0.851455
vn 0.284736 0.440397 -0.851455
vn 0.284736 0.440397 -0.851455
vn 0.284736 0.440397 -0.851455
vn 0.939720 -0.289306 0.182288
vn 0.939720 -0.289306 0.182288
vn 0.939720 -0.289306 0.182288
vn 0.939720 -0.289306 0.182288
vn 0.055569 -0.304170 -0.950996
vn 0.055569 -0.304170 -0.950996
vn 0.055569 -0.304170 -0.950996
vn 0.055569 -0.304170 -0.950996
vn -0.593869 0.508688 -0.623343
vn -0.593868 0.508688 -0.623343
vn -0.593868 0.508688 -0.623343
vn -0.593868 0.508688 -0.623343
vn -0.191051 -0.831169 -0.522167
vn -0.191051 -0.831169 -0.522167
vn -0.191051 -0.831169 -0.522167
vn -0.191051 -0.831169 -0.522166
vn -0.938946 0.308590 -0.152163
vn -0.938946 0.308590 -0.152163
vn -0.938946 0.308590 -0.152163
vn -0.938946 0.308590 -0.152163
vn 0.885194 0.220105 0.409860
vn 0.622397 0.434366 0.651113
vn 0.538571 0.644550 0.542675
vn 0.622397 0.434366 0.651113
vn 0.537733 0.645456 0.542429
vn 0.538571 0.644550 0.542675
vn 0.944034 -0.284309 0.167239
vn 0.944034 -0.284309 0.167239
vn 0.944034 -0.284309 0.167239
vn 0.944034 -0.284309 0.167239
vn 0.538535 0.646638 0.540222
vn 0.538535 0.646638 0.540222
vn 0.538571 0.644550 0.542675
vn 0.537733 0.645456 0.542429
vn 0.000003 -0.984808 0.173648
vn 0.000003 -0.984808 0.173648
vn 0.000003 -0.984808 0.173648
vn 0.000003 -0.984808 0.173648
vn -0.333199 -0.419421 0.844431
vn -0.333199 -0.419421 0.844431
vn -0.333199 -0.419421 0.844431
vn -0.333199 -0.419421 0.844431
vn 0.947569 -0.115776 0.297839
vn 0.947569 -0.115776 0.297839
vn 0.947569 -0.115776 0.297839
vn 0.947569 -0.115776 0.297839
vn -0.984508 -0.175329 0.002041
vn -0.984508 -0.175329 0.002041
vn -0.984508 -0.175329 0.002041
vn -0.984508 -0.175329 0.002041
vn 0.015992 0.883851 0.467496
vn 0.015992 0.883851 0.467496
vn 0.015992 0.883851 0.467496
vn 0.015992 0.883851 0.467496
vn 0.193803 -0.966086 -0.170643
vn 0.193803 -0.966086 -0.170643
vn 0.193803 -0.966086 -0.170643
vn 0.193803 -0.966086 -0.170643
vn 0.984562 0.175028 -0.001659
vn 0.984562 0.175028 -0.001659
vn 0.984562 0.175028 -0.001659
vn 0.984562 0.175028 -0.001659
vn -0.964288 -0.091467 -0.248563
vn -0.964287 -0.091467 -0.248563
vn -0.964287 -0.091467 -0.248563
vn -0.964288 -0.091467 -0.248563
vn -0.190382 0.968754 0.158968
vn -0.190382 0.968754 0.158968
vn -0.190382 0.968754 0.158968
vn -0.190382 0.968754 0.158968
vn 0.075661 -0.959811 -0.270256
vn 0.075661 -0.959811 -0.270256
vn 0.075661 -0.959811 -0.270256
vn 0.075661 -0.959811 -0.270256
vn 0.964734 0.090711 0.247101
vn 0.964734 0.090711 0.247101
vn 0.964734 0.090711 0.247101
vn 0.964734 0.090711 0.247101
vn -0.071810 0.958089 0.277326
vn -0.071810 0.958089 0.277326
vn -0.071810 0.958089 0.277326
vn -0.071810 0.958089 0.277326
vn -0.947567 0.115952 -0.297778
vn -0.947567 0.115952 -0.297778
vn -0.947567 0.115952 -0.297778
vn -0.947567 0.115952 -0.297778
vn -0.015137 -0.886072 -0.463301
vn -0.015137 -0.886072 -0.463301
vn -0.015137 -0.886072 -0.463301
vn -0.015137 -0.886072 -0.463301
vn -0.333180 -0.419419 0.844440
vn -0.333180 -0.419419 0.844440
vn -0.333179 -0.419419 0.844440
vn -0.333180 -0.419419 0.844440
vn 0.942764 -0.160812 0.292123
vn 0.942764 -0.160812 0.292123
vn 0.942764 -0.160812 0.292123
vn 0.942764 -0.160812 0.292123
vn -0.989145 -0.146436 0.012183
vn -0.989145 -0.146436 0.012183
vn -0.989145 -0.146436 0.012183
vn -0.989145 -0.146436 0.012183
vn 0.013275 0.893437 0.448993
vn 0.013275 0.893437 0.448993
vn 0.013275 0.893437 0.448992
vn 0.013275 0.893437 0.448993
vn 0.185493 -0.959049 -0.214051
vn 0.185493 -0.959049 -0.214051
vn 0.185493 -0.959049 -0.214051
vn 0.185493 -0.959049 -0.214051
vn 0.989126 0.146601 -0.011775
vn 0.989126 0.146601 -0.011775
vn 0.989126 0.146601 -0.011775
vn 0.989126 0.146601 -0.011775
vn -0.884142 0.021687 -0.466715
vn -0.884142 0.021687 -0.466715
vn -0.884142 0.021687 -0.466715
vn -0.884142 0.021687 -0.466715
vn -0.185422 0.959376 0.212641
vn -0.185422 0.959376 0.212641
vn -0.185422 0.959376 0.212641
vn -0.185422 0.959376 0.212641
vn 0.063818 -0.974563 -0.214834
vn 0.063818 -0.974563 -0.214834
vn 0.063818 -0.974563 -0.214834
vn 0.063818 -0.974563 -0.214834
vn 0.887710 -0.020218 0.459959
vn 0.887710 -0.020218 0.459959
vn 0.887710 -0.020218 0.459959
vn 0.887710 -0.020218 0.459959
vn -0.065014 0.972716 0.222705
vn -0.065014 0.972716 0.222705
vn -0.065014 0.972716 0.222705
vn -0.065014 0.972716 0.222705
vn -0.942764 0.160812 -0.292123
vn -0.942764 0.160812 -0.292123
vn -0.942764 0.160812 -0.292123
vn -0.942764 0.160812 -0.292123
vn -0.013265 -0.893439 -0.448990
vn -0.013265 -0.893439 -0.448989
vn -0.013265 -0.893439 -0.448990
vn -0.013265 -0.893439 -0.448990
vn -0.270260 -0.525773 -0.806550
vn -0.270260 -0.525773 -0.806550
vn -0.270260 -0.525773 -0.806550
vn -0.270260 -0.525773 -0.806550
vn 0.080456 0.055210 0.995228
vn 0.080456 0.055210 0.995228
vn 0.080456 0.055210 0.995228
vn 0.080456 0.055210 0.995228
vn 0.817759 -0.558563 0.138840
vn 0.817759 -0.558563 0.138840
vn 0.817759 -0.558563 0.138840
vn 0.817759 -0.558563 0.138840
vn 0.284736 0.440415 -0.851446
vn 0.284736 0.440415 -0.851446
vn 0.284736 0.440415 -0.851446
vn 0.284736 0.440415 -0.851446
vn -0.284736 -0.750221 0.596737
vn -0.284736 -0.750220 0.596737
vn -0.284736 -0.750220 0.596737
vn -0.284736 -0.750221 0.596737
vn 0.384896 0.921737 -0.047502
vn 0.384895 0.921737 -0.047502
vn 0.384895 0.921737 -0.047502
vn 0.384895 0.921737 -0.047502
vn -0.276105 -0.818785 -0.503346
vn -0.276105 -0.818785 -0.503346
vn -0.276105 -0.818785 -0.503346
vn -0.276105 -0.818785 -0.503346
vn 0.971261 -0.206318 -0.118677
vn 0.971261 -0.206318 -0.118677
vn 0.971261 -0.206318 -0.118677
vn 0.971261 -0.206318 -0.118677
vn 0.280864 0.644193 0.711429
vn 0.280129 0.690260 0.667135
vn 0.280503 0.675126 0.682292
vn 0.280864 0.644193 0.711429
vn -0.281284 -0.641075 -0.714075
vn -0.281284 -0.641075 -0.714075
vn -0.281067 -0.673075 -0.684084
vn -0.280749 -0.688848 -0.668332
vn 0.936954 -0.347055 -0.040866
vn 0.936954 -0.347055 -0.040866
vn 0.935723 -0.352381 -0.015827
vn 0.934650 -0.355569 -0.000290
vn -0.114076 -0.583225 -0.804261
vn -0.114076 -0.583225 -0.804261
vn -0.114076 -0.583225 -0.804261
vn -0.114076 -0.583225 -0.804261
vn -0.051193 0.103632 0.993297
vn -0.051193 0.103632 0.993297
vn -0.051193 0.103632 0.993297
vn -0.051193 0.103632 0.993297
vn -0.988028 0.105686 0.112391
vn -0.988028 0.105686 0.112391
vn -0.988028 0.105686 0.112391
vn -0.988028 0.105686 0.112391
vn 0.284733 0.440416 -0.851447
vn 0.284733 0.440416 -0.851447
vn 0.284733 0.440416 -0.851446
vn 0.284733 0.440416 -0.851446
vn -0.284737 -0.750224 0.596732
vn -0.284737 -0.750224 0.596732
vn -0.284737 -0.750224 0.596732
vn -0.284737 -0.750224 0.596732
vn 0.255892 0.964265 -0.068645
vn 0.255892 0.964265 -0.068645
vn 0.255892 0.964265 -0.068645
vn 0.255892 0.964265 -0.068645
vn -0.119928 -0.870273 -0.477748
vn -0.119928 -0.870273 -0.477748
vn -0.119928 -0.870273 -0.477748
vn -0.119928 -0.870273 -0.477748
vn -0.824902 0.385867 -0.413089
vn -0.824902 0.385867 -0.413089
vn -0.824902 0.385867 -0.413089
vn -0.824902 0.385867 -0.413089
vn 0.137555 0.704118 0.696632
vn 0.137555 0.704118 0.696632
vn 0.133653 0.752475 0.644917
vn 0.135147 0.735358 0.664066
vn -0.136002 -0.702450 -0.698618
vn -0.133624 -0.734681 -0.665122
vn -0.132124 -0.752504 -0.645198
vn -0.136002 -0.702450 -0.698618
vn -0.974505 0.216737 -0.058013
vn -0.969774 0.223991 -0.096785
vn -0.971336 0.221877 -0.085307
vn -0.974505 0.216737 -0.058013
vn 0.270505 0.815211 0.512111
vn 0.270505 0.815211 0.512111
vn 0.270505 0.815211 0.512111
vn 0.270505 0.815211 0.512111
vn -0.271623 -0.814753 -0.512248
vn -0.271623 -0.814753 -0.512248
vn -0.271623 -0.814753 -0.512248
vn -0.271623 -0.814753 -0.512248
vn 0.919665 -0.376092 0.113014
vn 0.919665 -0.376092 0.113014
vn 0.919665 -0.376092 0.113014
vn 0.919665 -0.376092 0.113014
vn 0.119586 0.864964 0.487377
vn 0.119586 0.864964 0.487376
vn 0.119587 0.864964 0.487376
vn 0.119587 0.864964 0.487376
vn -0.118430 -0.865256 -0.487141
vn -0.118430 -0.865256 -0.487141
vn -0.118429 -0.865256 -0.487141
vn -0.118430 -0.865256 -0.487141
vn -0.951109 0.240664 -0.193577
vn -0.951109 0.240664 -0.193577
vn -0.951109 0.240664 -0.193577
vn -0.951109 0.240664 -0.193577
vn 0.280503 0.675126 0.682292
vn 0.280129 0.690260 0.667135
vn 0.270505 0.815211 0.512111
vn 0.270505 0.815211 0.512111
vn -0.280749 -0.688848 -0.668332
vn -0.281067 -0.673075 -0.684084
vn -0.271623 -0.814753 -0.512248
vn -0.271623 -0.814753 -0.512248
vn 0.934650 -0.355569 -0.000290
vn 0.935723 -0.352381 -0.015827
vn 0.919665 -0.376092 0.113014
vn 0.919665 -0.376092 0.113014
vn 0.135147 0.735358 0.664066
vn 0.133653 0.752475 0.644917
vn 0.119586 0.864964 0.487376
vn 0.119586 0.864964 0.487377
vn -0.132124 -0.752504 -0.645198
vn -0.133624 -0.734681 -0.665122
vn -0.118430 -0.865256 -0.487141
vn -0.118430 -0.865256 -0.487141
vn -0.971336 0.221877 -0.085307
vn -0.969774 0.223991 -0.096785
vn -0.951109 0.240664 -0.193577
vn -0.951109 0.240664 -0.193577
vn -0.251599 0.093548 0.963300
vn -0.251599 0.093548 0.963300
vn -0.251599 0.093548 0.963300
vn -0.251599 0.093548 0.963300
vn -0.016094 0.436855 -0.899388
vn -0.016094 0.436855 -0.899388
vn -0.016094 0.436855 -0.899388
vn -0.016094 0.436855 -0.899388
vn 0.016076 -0.436826 0.899402
vn 0.016076 -0.436826 0.899402
vn 0.016076 -0.436826 0.899403
vn 0.016076 -0.436826 0.899402
vn -0.270610 0.803124 -0.530813
vn -0.270610 0.803124 -0.530813
vn -0.270610 0.803124 -0.530813
vn -0.270610 0.803124 -0.530813
vn -0.464392 0.793357 0.393605
vn -0.464392 0.793357 0.393605
vn -0.464392 0.793357 0.393605
vn -0.464392 0.793357 0.393605
vn -0.318389 0.064278 0.945778
vn -0.318389 0.064278 0.945778
vn -0.318389 0.064278 0.945778
vn -0.318389 0.064278 0.945778
vn -0.003794 0.426418 -0.904518
vn -0.003794 0.426418 -0.904518
vn -0.003794 0.426418 -0.904518
vn -0.003794 0.426418 -0.904518
vn 0.002370 -0.430372 0.902648
vn 0.002370 -0.430372 0.902648
vn 0.002370 -0.430372 0.902648
vn 0.002370 -0.430372 0.902648
vn -0.294176 0.727367 -0.619998
vn -0.294176 0.727367 -0.619998
vn -0.294176 0.727367 -0.619998
vn -0.294176 0.727367 -0.619998
vn -0.579107 0.750075 0.319410
vn -0.579107 0.750075 0.319410
vn -0.579107 0.750075 0.319410
vn -0.579107 0.750075 0.319410
vn -0.166586 -0.394374 0.903725
vn -0.166586 -0.394374 0.903725
vn -0.166586 -0.394374 0.903725
vn -0.166586 -0.394374 0.903725
vn 0.046118 -0.287117 0.956785
vn 0.042260 -0.276178 0.960177
vn 0.043135 -0.278660 0.959421
vn 0.046118 -0.287117 0.956785
vn -0.620624 0.435995 -0.651717
vn -0.620624 0.435995 -0.651717
vn -0.637102 0.438071 -0.634188
vn -0.652357 0.439800 -0.617258
vn -0.031257 0.275410 -0.960819
vn -0.031257 0.275410 -0.960819
vn -0.042497 0.279647 -0.959162
vn -0.049060 0.282103 -0.958129
vn 0.043135 -0.278660 0.959421
vn 0.042260 -0.276178 0.960177
vn 0.026074 -0.230033 0.972834
vn 0.026074 -0.230033 0.972834
vn -0.571669 -0.041817 0.819418
vn -0.569835 -0.033618 0.821071
vn -0.560454 0.005762 0.828165
vn -0.560454 0.005762 0.828165
vn -0.928596 0.344523 0.137887
vn -0.931226 0.336355 0.140299
vn -0.925297 0.349613 0.146959
vn 0.928493 -0.346545 -0.133440
vn 0.924076 -0.353178 -0.146111
vn 0.923093 -0.356983 -0.143044
vn 0.578809 -0.750814 -0.318211
vn 0.578809 -0.750814 -0.318211
vn 0.578809 -0.750814 -0.318211
vn 0.578809 -0.750814 -0.318211
vn 0.477130 -0.787151 -0.390820
vn 0.477130 -0.787151 -0.390821
vn 0.477130 -0.787151 -0.390820
vn 0.477130 -0.787151 -0.390821
vn -0.652357 0.439800 -0.617258
vn -0.637102 0.438071 -0.634188
vn -0.655473 0.440130 -0.613711
vn -0.655473 0.440130 -0.613711
vn -0.049060 0.282103 -0.958129
vn -0.042497 0.279647 -0.959162
vn -0.052523 0.283394 -0.957564
vn -0.052523 0.283394 -0.957564
vn -0.927567 0.338238 0.158792
vn -0.925297 0.349613 0.146959
vn -0.926227 0.344903 0.152139
vn -0.931226 0.336355 0.140299
vn -0.943236 0.304600 0.132385
vn -0.926227 0.344903 0.152139
vn -0.925297 0.349613 0.146959
vn -0.931226 0.336355 0.140299
vn -0.995307 -0.093087 0.026433
vn -0.995307 -0.093087 0.026433
vn -0.943236 0.304600 0.132385
vn 0.927270 -0.339309 -0.158242
vn 0.924682 -0.350193 -0.149423
vn 0.924076 -0.353178 -0.146111
vn 0.924682 -0.350193 -0.149423
vn 0.922840 -0.357461 -0.143485
vn 0.923093 -0.356983 -0.143044
vn 0.924076 -0.353178 -0.146111
vn -0.603101 -0.238990 0.761021
vn -0.603101 -0.238990 0.761021
vn -0.569835 -0.033618 0.821071
vn -0.571669 -0.041817 0.819418
vn 0.995101 0.097111 -0.018525
vn 0.995101 0.097111 -0.018525
vn 0.995101 0.097111 -0.018525
vn 0.995101 0.097111 -0.018525
vn 0.120979 -0.533158 -0.837321
vn 0.120979 -0.533158 -0.837321
vn 0.120979 -0.533158 -0.837321
vn 0.120979 -0.533158 -0.837321
vn -0.023986 -0.966446 -0.255746
vn -0.023986 -0.966446 -0.255746
vn -0.023651 -0.966462 -0.255717
vn -0.022291 -0.966526 -0.255600
vn -0.022291 -0.966526 -0.255600
vn -0.023651 -0.966462 -0.255717
vn -0.001926 -0.967259 -0.253786
vn 0.120924 -0.990640 -0.063326
vn 0.120924 -0.990640 -0.063326
vn 0.120922 -0.990640 -0.063330
vn 0.120922 -0.990640 -0.063330
vn 0.120917 -0.990640 -0.063340
vn 0.120922 -0.990640 -0.063330
vn 0.120922 -0.990640 -0.063330
vn -0.090833 0.882695 0.461085
vn -0.090833 0.882695 0.461085
vn -0.090833 0.882695 0.461085
vn -0.090833 0.882695 0.461085
vn -0.168354 0.271722 0.947536
vn -0.168354 0.271722 0.947536
vn -0.168354 0.271722 0.947536
vn -0.168354 0.271722 0.947536
vn 0.171262 0.396490 -0.901923
vn 0.171262 0.396490 -0.901923
vn 0.171262 0.396490 -0.901923
vn 0.171262 0.396490 -0.901923
vn 0.047489 0.914717 -0.401294
vn 0.047489 0.914717 -0.401294
vn 0.047489 0.914717 -0.401294
vn 0.047489 0.914717 -0.401294
vn 0.117216 -0.878835 -0.462504
vn 0.117216 -0.878835 -0.462504
vn 0.117216 -0.878835 -0.462504
vn 0.117216 -0.878835 -0.462504
vn 0.791985 -0.181808 -0.582843
vn 0.791994 -0.181788 -0.582837
vn 0.791995 -0.181786 -0.582836
vn 0.791985 -0.181808 -0.582843
vn 0.791995 -0.181786 -0.582836
vn 0.791994 -0.181788 -0.582837
vn 0.791996 -0.181783 -0.582835
vn 0.791996 -0.181783 -0.582835
vn -0.835396 0.355667 0.419063
vn -0.835396 0.355667 0.419063
vn -0.835396 0.355667 0.419063
vn -0.835396 0.355667 0.419063
vn 0.945237 -0.316468 0.079848
vn 0.945237 -0.316468 0.079848
vn 0.945237 -0.316468 0.079848
vn 0.945237 -0.316468 0.079848
vn 0.477387 0.053799 0.877045
vn 0.477387 0.053799 0.877045
vn 0.477387 0.053799 0.877045
vn 0.477387 0.053799 0.877045
vn -0.002813 0.281704 -0.959497
vn -0.002813 0.281704 -0.959497
vn -0.002813 0.281704 -0.959497
vn -0.002813 0.281704 -0.959497
vn 0.365441 0.918783 0.149300
vn 0.365441 0.918783 0.149300
vn 0.365441 0.918783 0.149300
vn 0.365441 0.918783 0.149300
vn 0.477389 0.053786 0.877045
vn 0.477388 0.053786 0.877045
vn 0.477388 0.053786 0.877045
vn 0.477389 0.053786 0.877045
vn 0.848436 0.143192 -0.509561
vn 0.848436 0.143192 -0.509561
vn 0.848436 0.143192 -0.509561
vn 0.848436 0.143192 -0.509561
vn -0.130689 0.991384 -0.008825
vn -0.130689 0.991384 -0.008825
vn -0.130689 0.991384 -0.008825
vn -0.130689 0.991384 -0.008825
vn -0.998212 -0.026474 -0.053597
vn -0.998212 -0.026474 -0.053597
vn -0.998212 -0.026474 -0.053597
vn -0.998212 -0.026474 -0.053597
vn 0.844343 -0.296481 -0.446301
vn 0.919643 -0.215812 -0.328150
vn 0.926811 -0.206105 -0.313914
vn 0.844343 -0.296481 -0.446301
vn 0.218202 0.862589 0.456430
vn 0.218202 0.862589 0.456430
vn 0.262109 0.952814 0.153115
vn 0.254735 0.941322 0.221413
vn -0.851787 0.263863 0.452587
vn -0.851787 0.263863 0.452587
vn -0.933798 0.172695 0.313366
vn -0.931011 0.176629 0.319407
vn 0.979966 -0.106832 -0.168089
vn 0.926811 -0.206105 -0.313914
vn 0.919643 -0.215812 -0.328150
vn 0.979966 -0.106832 -0.168089
vn 0.254735 0.941322 0.221413
vn 0.262109 0.952814 0.153115
vn 0.277393 0.957484 -0.079228
vn 0.277393 0.957484 -0.079228
vn -0.931011 0.176629 0.319407
vn -0.933798 0.172695 0.313366
vn -0.983366 0.076480 0.164751
vn -0.983366 0.076480 0.164751
vn -0.731306 0.652128 0.199801
vn -0.725732 0.658335 0.199769
vn -0.636714 0.745339 0.197651
vn -0.636714 0.745339 0.197651
vn -0.548155 0.812414 0.198771
vn -0.548155 0.812414 0.198771
vn -0.548155 0.812414 0.198771
vn -0.548155 0.812413 0.198771
vn 0.703062 -0.658163 0.269306
vn 0.703062 -0.658163 0.269306
vn 0.703062 -0.658163 0.269306
vn 0.703062 -0.658163 0.269306
vn -0.002084 0.283212 -0.959055
vn -0.002084 0.283212 -0.959055
vn -0.002084 0.283212 -0.959055
vn -0.002084 0.283212 -0.959055
vn -0.852456 0.495345 0.167188
vn -0.852456 0.495345 0.167188
vn -0.852456 0.495345 0.167188
vn -0.852456 0.495345 0.167188
vn 0.703682 -0.252080 -0.664295
vn 0.703682 -0.252080 -0.664295
vn 0.703682 -0.252080 -0.664295
vn 0.703682 -0.252080 -0.664295
vn -0.731306 0.652128 0.199801
vn -0.801563 0.563872 0.198859
vn -0.801563 0.563872 0.198859
vn -0.725732 0.658335 0.199769
vn 0.806937 -0.553180 -0.206991
vn 0.806936 -0.553180 -0.206991
vn 0.735789 -0.643327 -0.211531
vn 0.730556 -0.649195 -0.211740
vn 0.640322 -0.737898 -0.213293
vn 0.730556 -0.649195 -0.211740
vn 0.735789 -0.643327 -0.211531
vn 0.640322 -0.737898 -0.213293
vn 0.000000 -1.000000 0.000000
vn 0.000000 -1.000000 0.000000
vn -0.000000 -1.000000 -0.000000
vn -0.000000 -1.000000 -0.000000
vn -0.000000 -1.000000 -0.000000
vn -0.000000 -1.000000 -0.000000
vn 0.000000 -1.000000 -0.000000
vn 0.000000 -1.000000 -0.000000
vn 0.000000 -1.000000 -0.000000
vn 0.000000 -1.000000 -0.000000
vn 0.000000 -1.000000 0.000000
vn 0.000000 -1.000000 0.000000
vn 0.000000 -1.000000 0.000000
vn 0.000001 -1.000000 0.000000
vn 0.000001 -1.000000 0.000000
vn 0.000000 -1.000000 0.000000
vn -0.139464 -0.836489 -0.529939
vn -0.139464 -0.836490 -0.529939
vn -0.139464 -0.836490 -0.529939
vn -0.139464 -0.836489 -0.529939
vn 0.563566 -0.793222 -0.230633
vn 0.563566 -0.793222 -0.230633
vn 0.563566 -0.793222 -0.230633
vn 0.563566 -0.793222 -0.230633
vn 0.920914 -0.369478 0.124113
vn 0.920914 -0.369478 0.124113
vn 0.920914 -0.369478 0.124113
vn 0.920914 -0.369478 0.124113
vn -0.751017 -0.376548 -0.542389
vn -0.751017 -0.376548 -0.542389
vn -0.751017 -0.376548 -0.542389
vn -0.751017 -0.376548 -0.542389
vn -0.956145 0.176048 -0.234082
vn -0.956145 0.176048 -0.234082
vn -0.956145 0.176048 -0.234082
vn -0.956145 0.176048 -0.234082
vn -0.784234 -0.418359 -0.458206
vn -0.784234 -0.418359 -0.458206
vn -0.784234 -0.418359 -0.458206
vn -0.784234 -0.418359 -0.458206
vn -0.172910 -0.878592 -0.445173
vn -0.172910 -0.878592 -0.445173
vn -0.172910 -0.878592 -0.445173
vn -0.172910 -0.878592 -0.445173
vn 0.530351 -0.835033 -0.146453
vn 0.530351 -0.835033 -0.146453
vn 0.530351 -0.835033 -0.146453
vn 0.530351 -0.835033 -0.146453
vn 0.156384 0.858624 0.488170
vn 0.156384 0.858624 0.488170
vn 0.156384 0.858624 0.488170
vn 0.156384 0.858624 0.488170
vn 0.767601 0.399407 0.501261
vn 0.767601 0.399407 0.501261
vn 0.767601 0.399407 0.501261
vn 0.767601 0.399407 0.501261
vn -0.941552 0.195107 -0.274615
vn -0.941552 0.195107 -0.274615
vn -0.941552 0.195107 -0.274615
vn -0.941552 0.195107 -0.274615
vn -0.768346 -0.398299 -0.501002
vn -0.768346 -0.398299 -0.501002
vn -0.768346 -0.398299 -0.501002
vn -0.768346 -0.398299 -0.501002
vn -0.156382 -0.858620 -0.488177
vn -0.156382 -0.858620 -0.488177
vn -0.156382 -0.858620 -0.488177
vn -0.156382 -0.858620 -0.488177
vn 0.547311 -0.815310 -0.188999
vn 0.547311 -0.815310 -0.188999
vn 0.547311 -0.815310 -0.188999
vn 0.547311 -0.815310 -0.188999
vn -0.905341 0.392446 -0.162311
vn -0.905341 0.392446 -0.162311
vn -0.905341 0.392446 -0.162311
vn -0.905341 0.392446 -0.162311
vn -0.546261 0.815857 0.189674
vn -0.546261 0.815857 0.189674
vn -0.546261 0.815857 0.189674
vn -0.546261 0.815857 0.189674
vn -0.200969 0.095398 0.974941
vn -0.200969 0.095398 0.974941
vn -0.200969 0.095398 0.974941
vn -0.200969 0.095398 0.974941
vn 0.365615 0.808605 -0.460960
vn 0.365615 0.808605 -0.460960
vn 0.365615 0.808605 -0.460960
vn 0.365615 0.808605 -0.460960
vn 0.118667 -0.148060 0.981833
vn 0.118667 -0.148060 0.981833
vn 0.118667 -0.148060 0.981833
vn 0.118667 -0.148059 0.981833
vn 0.686214 0.566334 -0.456483
vn 0.686214 0.566334 -0.456483
vn 0.686214 0.566334 -0.456483
vn 0.686214 0.566334 -0.456483
vn 0.769247 0.260486 -0.583443
vn 0.769247 0.260486 -0.583443
vn 0.769247 0.260486 -0.583443
vn 0.769247 0.260486 -0.583443
vn -0.740831 -0.276304 0.612230
vn -0.740831 -0.276304 0.612230
vn -0.740831 -0.276304 0.612230
vn -0.740831 -0.276304 0.612230
vn -0.650337 -0.556038 0.517575
vn -0.650337 -0.556038 0.517575
vn -0.650337 -0.556038 0.517575
vn -0.650337 -0.556038 0.517575
vn -0.059318 0.187939 -0.980388
vn -0.059318 0.187939 -0.980388
vn -0.059318 0.187939 -0.980388
vn -0.059318 0.187939 -0.980388
vn -0.367807 -0.766588 0.526366
vn -0.367807 -0.766588 0.526366
vn -0.367807 -0.766588 0.526366
vn -0.367807 -0.766588 0.526366
vn 0.224306 -0.021289 -0.974286
vn 0.224306 -0.021289 -0.974286
vn 0.224306 -0.021289 -0.974286
vn 0.224306 -0.021289 -0.974286
vn -0.042826 -0.748601 0.661636
vn -0.042826 -0.748601 0.661636
vn -0.042826 -0.748601 0.661636
vn -0.042826 -0.748601 0.661636
vn 0.548245 -0.004637 -0.836305
vn 0.548245 -0.004637 -0.836305
vn 0.548245 -0.004637 -0.836305
vn 0.548245 -0.004637 -0.836305
vn 0.723906 0.183161 -0.665140
vn 0.723906 0.183161 -0.665141
vn 0.723906 0.183161 -0.665140
vn 0.723906 0.183161 -0.665140
vn -0.750733 -0.158948 0.641198
vn -0.750733 -0.158948 0.641198
vn -0.750734 -0.158948 0.641198
vn -0.750733 -0.158948 0.641198
vn -0.570253 0.070297 0.818455
vn -0.570253 0.070297 0.818456
vn -0.570253 0.070297 0.818455
vn -0.570253 0.070297 0.818456
vn -0.002728 0.784703 -0.619866
vn -0.002728 0.784703 -0.619866
vn -0.002728 0.784703 -0.619866
vn -0.002728 0.784703 -0.619866
vn 0.275760 0.954560 0.113014
vn 0.275760 0.954560 0.113014
vn 0.275760 0.954560 0.113014
vn 0.275760 0.954560 0.113014
vn 0.837046 0.532909 0.123944
vn 0.837046 0.532909 0.123944
vn 0.837046 0.532909 0.123944
vn 0.837046 0.532909 0.123944
vn -0.369014 0.915184 -0.162070
vn -0.369014 0.915184 -0.162070
vn -0.369014 0.915184 -0.162070
vn -0.369014 0.915184 -0.162070
vn -0.695537 0.526981 -0.488385
vn -0.695537 0.526981 -0.488385
vn -0.695537 0.526981 -0.488385
vn -0.695537 0.526981 -0.488385
vn 0.011332 0.621708 0.783167
vn 0.011332 0.621709 0.783167
vn 0.011332 0.621708 0.783167
vn 0.011332 0.621708 0.783167
vn 0.571988 0.199263 0.795691
vn 0.571987 0.199263 0.795691
vn 0.571988 0.199263 0.795691
vn 0.571988 0.199263 0.795691
vn -0.634069 0.581541 0.509673
vn -0.634069 0.581541 0.509673
vn -0.634069 0.581541 0.509673
vn -0.634069 0.581541 0.509673
vn -0.963216 0.190036 0.190006
vn -0.963216 0.190036 0.190006
vn -0.963216 0.190036 0.190006
vn -0.963216 0.190036 0.190006
vn 0.329620 0.400124 -0.855132
vn 0.329620 0.400124 -0.855132
vn 0.329620 0.400124 -0.855132
vn 0.329620 0.400124 -0.855132
vn -0.336607 -0.438500 0.833315
vn -0.336607 -0.438500 0.833315
vn -0.336607 -0.438500 0.833314
vn -0.336607 -0.438500 0.833315
vn 0.346206 0.399438 -0.848876
vn 0.346206 0.399438 -0.848876
vn 0.346206 0.399438 -0.848876
vn 0.346206 0.399439 -0.848876
vn -0.319987 -0.439149 0.839498
vn -0.319987 -0.439149 0.839498
vn -0.319987 -0.439149 0.839498
vn -0.319987 -0.439149 0.839498
vn 0.363568 0.405581 -0.838643
vn 0.363568 0.405581 -0.838643
vn 0.363568 0.405581 -0.838643
vn 0.363568 0.405581 -0.838643
vn -0.302457 -0.432766 0.849254
vn -0.302457 -0.432766 0.849254
vn -0.302457 -0.432766 0.849254
vn -0.302457 -0.432766 0.849254
vn 0.301115 0.425378 -0.853454
vn 0.301115 0.425378 -0.853454
vn 0.301115 0.425378 -0.853454
vn 0.301115 0.425378 -0.853454
vn -0.364897 -0.412974 0.834448
vn -0.364897 -0.412974 0.834448
vn -0.364897 -0.412974 0.834448
vn -0.364897 -0.412974 0.834448
vn 0.314582 0.409463 -0.856375
vn 0.314582 0.409463 -0.856375
vn 0.314582 0.409463 -0.856375
vn 0.314582 0.409463 -0.856375
vn -0.351611 -0.429121 0.832000
vn -0.351611 -0.429121 0.832000
vn -0.351611 -0.429121 0.832000
vn -0.351611 -0.429121 0.832000
vn -0.924770 0.215542 -0.313595
vn -0.924770 0.215542 -0.313595
vn -0.924770 0.215542 -0.313595
vn -0.924770 0.215542 -0.313595
vn 0.889542 -0.408967 0.203619
vn 0.889542 -0.408967 0.203619
vn 0.889542 -0.408967 0.203619
vn 0.889542 -0.408967 0.203619
vn 0.941669 -0.192991 0.275707
vn 0.941669 -0.192991 0.275707
vn 0.941669 -0.192991 0.275707
vn 0.941669 -0.192991 0.275707
vn 0.905966 -0.390494 0.163526
vn 0.905966 -0.390494 0.163526
vn 0.905966 -0.390494 0.163526
vn 0.905966 -0.390494 0.163526
vn 0.197284 -0.459439 0.866023
vn 0.197284 -0.459439 0.866023
vn 0.197284 -0.459439 0.866023
vn 0.197284 -0.459439 0.866023
vn -0.154626 0.461630 -0.873492
vn -0.154626 0.461630 -0.873492
vn -0.154626 0.461630 -0.873492
vn -0.154626 0.461630 -0.873492
vn 0.137636 -0.554747 0.820556
vn 0.137636 -0.554747 0.820556
vn 0.137636 -0.554747 0.820556
vn 0.137636 -0.554747 0.820556
vn -0.178790 0.560985 -0.808288
vn -0.178790 0.560985 -0.808288
vn -0.178790 0.560985 -0.808288
vn -0.178790 0.560985 -0.808289
vn 0.996148 -0.009223 -0.087204
vn 0.996148 -0.009223 -0.087204
vn 0.996148 -0.009223 -0.087204
vn 0.996148 -0.009223 -0.087204
vn 0.728465 -0.346169 0.591190
vn 0.728465 -0.346169 0.591190
vn 0.728465 -0.346169 0.591190
vn 0.728465 -0.346169 0.591190
vn -0.132277 -0.860308 -0.492314
vn -0.132277 -0.860308 -0.492314
vn -0.125619 -0.863695 -0.488109
vn -0.120209 -0.866451 -0.484574
vn -0.120209 -0.866451 -0.484574
vn -0.125619 -0.863695 -0.488109
vn -0.117917 -0.869596 -0.479477
vn -0.117917 -0.869596 -0.479477
vn -0.108927 -0.883851 -0.454909
vn -0.120209 -0.866451 -0.484574
vn -0.120213 -0.871495 -0.475442
vn -0.120209 -0.866451 -0.484574
vn -0.108927 -0.883851 -0.454909
vn -0.106671 -0.870805 -0.479918
vn -0.129389 -0.869164 -0.477298
vn -0.139487 -0.869388 -0.474033
vn -0.139487 -0.869388 -0.474033
vn -0.120213 -0.871495 -0.475442
vn -0.120213 -0.871495 -0.475442
vn -0.106671 -0.870805 -0.479918
vn -0.129389 -0.869164 -0.477298
vn -0.129389 -0.869164 -0.477298
vn -0.106671 -0.870805 -0.479918
vn -0.146295 -0.856476 -0.495021
vn -0.181622 -0.845944 -0.501390
vn -0.173179 -0.847342 -0.502017
vn -0.173179 -0.847342 -0.502017
vn -0.188526 -0.844798 -0.500774
vn -0.181622 -0.845944 -0.501390
vn -0.188526 -0.844798 -0.500774
vn -0.194019 -0.845475 -0.497522
vn -0.194019 -0.845475 -0.497522
vn -0.188526 -0.844798 -0.500774
vn -0.218451 -0.849135 -0.480883
vn -0.218451 -0.849135 -0.480883
vn -0.188526 -0.844798 -0.500774
vn -0.195031 -0.847781 -0.493183
vn -0.202686 -0.840372 -0.502685
vn -0.180400 -0.856420 -0.483736
vn -0.180400 -0.856420 -0.483736
vn -0.186298 -0.851125 -0.490795
vn -0.195031 -0.847781 -0.493183
vn -0.195031 -0.847781 -0.493183
vn -0.186298 -0.851125 -0.490795
vn -0.202686 -0.840372 -0.502685
vn -0.202686 -0.840372 -0.502685
vn -0.186298 -0.851125 -0.490795
vn -0.159724 -0.852218 -0.498210
vn 0.066285 0.033231 0.997247
vn 0.066285 0.033231 0.997247
vn 0.060594 -0.006709 0.998140
vn 0.064476 0.020459 0.997710
vn -0.801728 0.481875 -0.353594
vn -0.801728 0.481875 -0.353594
vn -0.801728 0.481875 -0.353594
vn -0.801728 0.481875 -0.353594
vn 0.852804 -0.520568 -0.041650
vn 0.852804 -0.520568 -0.041650
vn 0.852804 -0.520568 -0.041650
vn 0.852804 -0.520568 -0.041650
vn 0.856545 -0.515266 -0.028851
vn 0.852831 -0.520592 -0.040781
vn 0.852831 -0.520592 -0.040781
vn 0.855590 -0.516665 -0.031966
vn 0.866786 -0.498628 0.007160
vn 0.856545 -0.515266 -0.028851
vn 0.855590 -0.516665 -0.031966
vn 0.865753 -0.500462 0.003280
vn 0.887022 -0.455619 0.074852
vn 0.887022 -0.455619 0.074852
vn 0.857683 -0.513494 -0.026528
vn 0.884821 -0.461316 0.065409
vn -0.914014 0.345835 0.212079
vn -0.914014 0.345835 0.212079
vn -0.900741 0.362785 0.238855
vn -0.801397 0.453443 0.390067
vn -0.864171 0.502550 0.025540
vn -0.870892 0.490551 0.030109
vn -0.870892 0.490551 0.030109
vn -0.864616 0.501757 0.026060
vn -0.864171 0.502550 0.025540
vn -0.864616 0.501757 0.026060
vn -0.856927 0.514974 0.021861
vn -0.856807 0.515223 0.020665
vn 0.479600 0.839165 0.256486
vn 0.479600 0.839165 0.256486
vn 0.488158 0.847106 0.210030
vn 0.490689 0.849261 0.194884
vn 0.004188 0.089399 -0.995987
vn 0.004188 0.089399 -0.995987
vn 0.004188 0.089399 -0.995987
vn 0.004188 0.089399 -0.995987
vn 0.064476 0.020459 0.997710
vn 0.060594 -0.006709 0.998140
vn 0.006133 -0.357712 0.933812
vn 0.006133 -0.357712 0.933812
vn 0.866786 -0.498628 0.007160
vn 0.865753 -0.500462 0.003280
vn 0.852830 -0.520594 -0.040783
vn 0.884821 -0.461316 0.065409
vn 0.857683 -0.513494 -0.026528
vn 0.852852 -0.520621 -0.039965
vn -0.801397 0.453443 0.390067
vn -0.900741 0.362785 0.238855
vn -0.786603 0.463518 0.407930
vn -0.856927 0.514974 0.021861
vn -0.864616 0.501757 0.026060
vn -0.858650 0.510947 0.040660
vn 0.490689 0.849261 0.194884
vn 0.488158 0.847106 0.210030
vn 0.511711 0.859093 0.010533
vn 0.511711 0.859093 0.010533
vn 0.340730 0.537709 -0.771215
vn 0.340730 0.537709 -0.771215
vn 0.340730 0.537709 -0.771214
vn 0.340730 0.537709 -0.771214
vn 0.340730 0.537709 -0.771214
vn 0.340726 0.537712 -0.771214
vn 0.340726 0.537712 -0.771214
vn 0.340730 0.537709 -0.771214
vn -0.267613 -0.955960 -0.120512
vn -0.267613 -0.955960 -0.120512
vn -0.155016 -0.987480 -0.029200
vn -0.153527 -0.987748 -0.028006
vn -0.153527 -0.987748 -0.028006
vn -0.155016 -0.987480 -0.029200
vn -0.155082 -0.987686 -0.020656
vn -0.153657 -0.987882 -0.021878
vn -0.155082 -0.987686 -0.020656
vn -0.262075 -0.962305 0.072707
vn -0.262075 -0.962305 0.072707
vn -0.153657 -0.987882 -0.021878
vn -0.911561 0.335988 0.236999
vn -0.911561 0.335988 0.236999
vn -0.911561 0.335988 0.236999
vn -0.911561 0.335988 0.236999
vn 0.743525 0.312281 0.591312
vn 0.736826 0.256921 0.625364
vn 0.651009 0.403957 0.642656
vn 0.651009 0.403957 0.642656
vn 0.736826 0.256921 0.625364
vn 0.716820 0.270163 0.642791
vn 0.736826 0.256921 0.625364
vn 0.707959 0.243164 0.663073
vn 0.716820 0.270163 0.642791
vn 0.516605 0.190100 0.834854
vn 0.516605 0.190100 0.834854
vn 0.405341 0.305043 0.861770
vn 0.427226 0.283898 0.858417
vn -0.581757 -0.320847 0.747406
vn -0.581757 -0.320847 0.747406
vn -0.561945 -0.319078 0.763156
vn -0.567763 -0.319615 0.758611
vn -0.722279 -0.320663 -0.612771
vn -0.722279 -0.320663 -0.612771
vn -0.643784 -0.438943 -0.626794
vn -0.634304 -0.451470 -0.627562
vn -0.560313 0.795812 -0.229636
vn -0.578475 0.791991 -0.195237
vn -0.607115 0.782799 -0.136519
vn -0.607115 0.782799 -0.136519
vn 0.532641 0.521421 0.666643
vn 0.534947 0.524564 0.662317
vn 0.488080 0.461854 0.740587
vn -0.525947 -0.530363 -0.664902
vn -0.528681 -0.534126 -0.659702
vn -0.534378 -0.541991 -0.648603
vn -0.695842 -0.318840 -0.643542
vn -0.627329 -0.439704 -0.642743
vn -0.528681 -0.534126 -0.659702
vn -0.528681 -0.534126 -0.659702
vn -0.627329 -0.439704 -0.642743
vn -0.534378 -0.541991 -0.648603
vn -0.462546 0.797276 -0.387817
vn -0.462546 0.797276 -0.387817
vn -0.578475 0.791991 -0.195237
vn -0.560313 0.795812 -0.229636
vn -0.480619 -0.469208 -0.740844
vn -0.528681 -0.534126 -0.659702
vn -0.525947 -0.530363 -0.664902
vn 0.588769 -0.242073 -0.771201
vn 0.588769 -0.242073 -0.771201
vn 0.588769 -0.242073 -0.771201
vn 0.588769 -0.242073 -0.771201
vn 0.274046 0.416952 -0.866631
vn 0.233683 0.473877 -0.849018
vn 0.228975 0.480252 -0.846716
vn 0.274046 0.416952 -0.866631
vn 0.333816 -0.647582 -0.684984
vn 0.333816 -0.647583 -0.684984
vn 0.333816 -0.647582 -0.684984
vn 0.333816 -0.647582 -0.684984
vn -0.046727 -0.917074 -0.395971
vn -0.046727 -0.917074 -0.395971
vn -0.046727 -0.917074 -0.395971
vn -0.046727 -0.917074 -0.395971
vn 0.009357 -0.964318 -0.264581
vn 0.009357 -0.964318 -0.264581
vn 0.009357 -0.964318 -0.264581
vn 0.009357 -0.964318 -0.264581
vn 0.532641 0.521421 0.666643
vn 0.541255 0.533203 0.650182
vn 0.534947 0.524564 0.662317
vn 0.716820 0.270163 0.642791
vn 0.534947 0.524564 0.662317
vn 0.651009 0.403957 0.642656
vn 0.651009 0.403957 0.642656
vn 0.534947 0.524564 0.662317
vn 0.541255 0.533203 0.650182
vn 0.427226 0.283898 0.858417
vn 0.405341 0.305043 0.861770
vn 0.310278 0.389869 0.867024
vn 0.310278 0.389869 0.867024
vn -0.567763 -0.319615 0.758611
vn -0.561945 -0.319078 0.763156
vn -0.542932 -0.317222 0.777557
vn -0.542932 -0.317222 0.777557
vn -0.634304 -0.451470 -0.627562
vn -0.643784 -0.438943 -0.626794
vn -0.550950 -0.549613 -0.627997
vn -0.550950 -0.549613 -0.627997
vn -0.737019 -0.325303 -0.592437
vn -0.627329 -0.439704 -0.642743
vn -0.736519 -0.248518 -0.629109
vn -0.695842 -0.318840 -0.643542
vn -0.729289 -0.246631 -0.638210
vn -0.627329 -0.439704 -0.642743
vn -0.627329 -0.439704 -0.642743
vn -0.729289 -0.246631 -0.638210
vn -0.736519 -0.248518 -0.629109
vn 0.228975 0.480252 -0.846716
vn 0.233683 0.473877 -0.849018
vn 0.220398 0.491726 -0.842396
vn 0.220398 0.491726 -0.842396
vn 0.031916 -0.272162 0.961722
vn 0.031916 -0.272162 0.961722
vn 0.031916 -0.272162 0.961722
vn 0.031916 -0.272162 0.961722
vn 0.199252 0.944627 0.260729
vn 0.212681 0.968013 0.133110
vn 0.199252 0.944627 0.260728
vn 0.199252 0.944627 0.260729
vn 0.199252 0.944627 0.260728
vn 0.199250 0.944627 0.260730
vn 0.199250 0.944627 0.260730
vn -0.218997 -0.972442 -0.079982
vn -0.218997 -0.972442 -0.079982
vn -0.214320 -0.967629 -0.133273
vn -0.217746 -0.971373 -0.094984
vn -0.214320 -0.967629 -0.133273
vn -0.200439 -0.944404 -0.260625
vn -0.217746 -0.971373 -0.094984
vn -0.200439 -0.944404 -0.260625
vn -0.200439 -0.944404 -0.260625
vn -0.200439 -0.944404 -0.260625
vn -0.200439 -0.944404 -0.260625
vn 0.979439 -0.183253 -0.084365
vn 0.979439 -0.183253 -0.084365
vn 0.982769 -0.181813 -0.033319
vn 0.982788 -0.181797 -0.032834
vn -0.302044 0.911341 0.279692
vn -0.302044 0.911341 0.279692
vn -0.331870 0.918104 0.216673
vn -0.327671 0.917407 0.225822
vn 0.319849 -0.905292 -0.279540
vn 0.343464 -0.910572 -0.229978
vn 0.347401 -0.911199 -0.221426
vn 0.319849 -0.905292 -0.279540
vn -0.938011 -0.344079 0.041766
vn -0.936574 -0.347033 0.048960
vn -0.936504 -0.347173 0.049305
vn -0.938011 -0.344079 0.041766
vn 0.535225 0.075473 -0.841331
vn 0.535225 0.075473 -0.841331
vn 0.535225 0.075473 -0.841331
vn 0.535225 0.075473 -0.841331
vn -0.994866 0.100496 -0.011892
vn -0.994866 0.100496 -0.011892
vn -0.994866 0.100496 -0.011892
vn -0.994866 0.100496 -0.011892
vn -0.248390 0.054781 -0.967110
vn -0.248390 0.054781 -0.967110
vn -0.248390 0.054781 -0.967110
vn -0.248390 0.054781 -0.967110
vn 0.212681 0.968013 0.133110
vn 0.217113 0.972822 0.080490
vn 0.217113 0.972822 0.080490
vn 0.215956 0.971773 0.094979
vn 0.199252 0.944627 0.260728
vn 0.212681 0.968013 0.133110
vn 0.215956 0.971773 0.094979
vn 0.199250 0.944627 0.260730
vn 0.199252 0.944627 0.260728
vn 0.215956 0.971773 0.094979
vn -0.200439 -0.944404 -0.260625
vn -0.214320 -0.967629 -0.133273
vn -0.200439 -0.944404 -0.260625
vn -0.200439 -0.944404 -0.260625
vn -0.200439 -0.944404 -0.260625
vn -0.217746 -0.971373 -0.094984
vn 0.982788 -0.181797 -0.032834
vn 0.982769 -0.181813 -0.033319
vn 0.983565 -0.180113 0.012601
vn 0.983565 -0.180113 0.012601
vn -0.327671 0.917407 0.225822
vn -0.331870 0.918104 0.216673
vn -0.348935 0.919997 0.178465
vn -0.348935 0.919997 0.178465
vn 0.347401 -0.911199 -0.221426
vn 0.343464 -0.910572 -0.229978
vn 0.363701 -0.912949 -0.185057
vn 0.363701 -0.912949 -0.185057
vn -0.936504 -0.347173 0.049305
vn -0.936574 -0.347033 0.048960
vn -0.935770 -0.348625 0.052861
vn -0.935770 -0.348625 0.052861
vn 0.048502 -0.284216 0.957533
vn 0.048502 -0.284216 0.957533
vn 0.048502 -0.284216 0.957533
vn 0.048502 -0.284216 0.957533
vn -0.948629 0.142635 -0.282415
vn -0.948629 0.142635 -0.282415
vn -0.948629 0.142635 -0.282415
vn -0.948629 0.142635 -0.282415
vn 0.707488 -0.085544 0.701529
vn 0.707488 -0.085544 0.701529
vn 0.707488 -0.085544 0.701529
vn 0.707488 -0.085544 0.701529
vn -0.340070 0.033314 0.939810
vn -0.340070 0.033314 0.939810
vn -0.340070 0.033314 0.939810
vn -0.340070 0.033314 0.939810
vn -0.325277 -0.745730 0.581448
vn -0.325277 -0.745730 0.581448
vn -0.325277 -0.745730 0.581448
vn -0.325277 -0.745730 0.581448
vn 0.733392 -0.133940 -0.666480
vn 0.733392 -0.133940 -0.666480
vn 0.733392 -0.133940 -0.666480
vn 0.733392 -0.133940 -0.666480
vn -0.917611 0.140605 -0.371779
vn -0.917611 0.140605 -0.371779
vn -0.843646 0.103670 -0.526797
vn -0.862034 0.112013 -0.494318
vn -0.095620 -0.995408 -0.004451
vn -0.095620 -0.995408 -0.004451
vn -0.096535 -0.995001 0.025575
vn -0.096614 -0.994919 0.028320
vn 0.923303 -0.112050 0.367364
vn 0.923303 -0.112050 0.367364
vn 0.868536 -0.084142 0.488432
vn 0.850257 -0.076017 0.520851
vn -0.669379 0.015468 -0.742761
vn -0.669378 0.015468 -0.742761
vn -0.669379 0.015468 -0.742761
vn -0.669379 0.015468 -0.742760
vn 0.398215 -0.842158 -0.363585
vn 0.398215 -0.842158 -0.363585
vn 0.398215 -0.842158 -0.363585
vn 0.398215 -0.842158 -0.363585
vn 0.937016 -0.049351 0.345781
vn 0.937016 -0.049351 0.345781
vn 0.937016 -0.049351 0.345781
vn 0.937016 -0.049351 0.345781
vn -0.245108 0.941781 -0.230154
vn -0.249005 0.943564 -0.218366
vn -0.277841 0.948327 -0.153230
vn -0.276484 0.948978 -0.151650
vn -0.277841 0.948327 -0.153230
vn -0.335359 0.915802 -0.221000
vn -0.335359 0.915802 -0.221000
vn -0.276484 0.948978 -0.151650
vn -0.668646 0.034635 -0.742774
vn -0.660597 0.031636 -0.750074
vn -0.608922 0.012989 -0.793123
vn -0.608922 0.012989 -0.793123
vn -0.101583 -0.990513 0.092542
vn -0.101366 -0.990661 0.091194
vn -0.104139 -0.988627 0.108497
vn -0.104139 -0.988627 0.108497
vn 0.659471 -0.002925 0.751725
vn 0.667732 -0.005958 0.744378
vn 0.607158 0.015597 0.794428
vn 0.607158 0.015597 0.794428
vn -0.170049 0.896548 -0.409004
vn -0.175011 0.907432 -0.382018
vn -0.172718 0.906681 -0.384835
vn -0.165619 0.897080 -0.409655
vn -0.334537 0.863091 -0.378363
vn -0.334537 0.863091 -0.378363
vn -0.170049 0.896548 -0.409004
vn -0.165619 0.897080 -0.409655
vn -0.862034 0.112013 -0.494318
vn -0.843646 0.103670 -0.526797
vn -0.660597 0.031636 -0.750074
vn -0.668646 0.034635 -0.742774
vn -0.096614 -0.994919 0.028320
vn -0.096535 -0.995001 0.025575
vn -0.101366 -0.990661 0.091194
vn -0.101583 -0.990513 0.092542
vn 0.850257 -0.076017 0.520851
vn 0.868536 -0.084142 0.488432
vn 0.667732 -0.005958 0.744378
vn 0.659471 -0.002925 0.751725
vn -0.249005 0.943564 -0.218366
vn -0.245108 0.941781 -0.230154
vn -0.172718 0.906681 -0.384835
vn -0.175011 0.907432 -0.382018
vn 0.986880 0.033941 0.157850
vn 0.986880 0.033941 0.157850
vn 0.986880 0.033941 0.157850
vn 0.986880 0.033941 0.157850
vn -0.944739 -0.133100 0.299587
vn -0.944739 -0.133100 0.299587
vn -0.944739 -0.133100 0.299587
vn -0.944739 -0.133100 0.299587
vn -0.155037 -0.284541 0.946044
vn -0.155037 -0.284541 0.946044
vn -0.155037 -0.284541 0.946044
vn -0.155037 -0.284541 0.946044
vn -0.043523 -0.921138 0.386797
vn -0.043523 -0.921137 0.386797
vn -0.043523 -0.921138 0.386797
vn -0.043523 -0.921138 0.386797
vn 0.155057 0.284542 -0.946041
vn 0.155057 0.284542 -0.946041
vn 0.155057 0.284542 -0.946041
vn 0.155057 0.284542 -0.946041
vn 0.985086 0.027792 0.169806
vn 0.985086 0.027792 0.169806
vn 0.985086 0.027792 0.169806
vn 0.985086 0.027792 0.169806
vn 0.046018 -0.958664 -0.280794
vn 0.046018 -0.958664 -0.280794
vn 0.046018 -0.958664 -0.280794
vn 0.046018 -0.958664 -0.280794
vn -0.986834 -0.000000 -0.161734
vn -0.986834 -0.000000 -0.161734
vn -0.986834 -0.000000 -0.161734
vn -0.986834 -0.000000 -0.161734
vn 0.982594 0.026098 0.183925
vn 0.982594 0.026098 0.183925
vn 0.982594 0.026098 0.183925
vn 0.982594 0.026098 0.183925
vn 0.155598 -0.533416 -0.831418
vn 0.155598 -0.533416 -0.831418
vn 0.155598 -0.533416 -0.831418
vn 0.155598 -0.533416 -0.831418
vn -0.783233 0.139840 -0.605798
vn -0.783233 0.139840 -0.605798
vn -0.783233 0.139840 -0.605798
vn -0.783233 0.139840 -0.605798
vn 0.458041 0.862162 0.216505
vn 0.458041 0.862162 0.216505
vn 0.344349 0.883762 0.316841
vn 0.342743 0.883913 0.318158
vn 0.342743 0.883913 0.318158
vn 0.344349 0.883762 0.316841
vn 0.342472 0.880967 0.326513
vn 0.341337 0.881966 0.325000
vn 0.342472 0.880967 0.326513
vn 0.421953 0.795923 0.434122
vn 0.421953 0.795923 0.434122
vn 0.341337 0.881966 0.325000
vn -0.139462 -0.836490 -0.529939
vn -0.139462 -0.836490 -0.529939
vn -0.139462 -0.836490 -0.529939
vn -0.139462 -0.836490 -0.529939
vn 0.563566 -0.793222 -0.230633
vn 0.563566 -0.793222 -0.230633
vn 0.563566 -0.793222 -0.230633
vn 0.563566 -0.793222 -0.230633
vn 0.920913 -0.369479 0.124114
vn 0.920913 -0.369479 0.124114
vn 0.920913 -0.369479 0.124114
vn 0.920913 -0.369479 0.124114
vn -0.751018 -0.376547 -0.542388
vn -0.751018 -0.376547 -0.542388
vn -0.751018 -0.376547 -0.542388
vn -0.751018 -0.376547 -0.542388
vn -0.956145 0.176048 -0.234082
vn -0.956145 0.176048 -0.234082
vn -0.956145 0.176048 -0.234082
vn -0.956145 0.176048 -0.234082
vn -0.784234 -0.418359 -0.458206
vn -0.784234 -0.418359 -0.458206
vn -0.784234 -0.418359 -0.458206
vn -0.784234 -0.418359 -0.458206
vn -0.172910 -0.878592 -0.445173
vn -0.172910 -0.878592 -0.445173
vn -0.172910 -0.878592 -0.445173
vn -0.172910 -0.878592 -0.445173
vn 0.530351 -0.835033 -0.146453
vn 0.530351 -0.835033 -0.146453
vn 0.530351 -0.835033 -0.146453
vn 0.530351 -0.835033 -0.146453
vn 0.156384 0.858624 0.488169
vn 0.156384 0.858624 0.488169
vn 0.156384 0.858624 0.488169
vn 0.156384 0.858624 0.488169
vn 0.767602 0.399406 0.501261
vn 0.767602 0.399406 0.501261
vn 0.767602 0.399406 0.501261
vn 0.767602 0.399406 0.501261
vn -0.941552 0.195108 -0.274615
vn -0.941552 0.195108 -0.274615
vn -0.941552 0.195108 -0.274615
vn -0.941552 0.195108 -0.274615
vn -0.768346 -0.398299 -0.501002
vn -0.768346 -0.398299 -0.501002
vn -0.768346 -0.398299 -0.501002
vn -0.768346 -0.398299 -0.501002
vn -0.156381 -0.858620 -0.488178
vn -0.156381 -0.858620 -0.488178
vn -0.156381 -0.858620 -0.488177
vn -0.156381 -0.858620 -0.488177
vn 0.547310 -0.815310 -0.188999
vn 0.547310 -0.815310 -0.188999
vn 0.547310 -0.815310 -0.188999
vn 0.547310 -0.815310 -0.188999
vn -0.905339 0.392449 -0.162312
vn -0.905339 0.392449 -0.162312
vn -0.905339 0.392449 -0.162312
vn -0.905339 0.392449 -0.162312
vn -0.546261 0.815857 0.189674
vn -0.546261 0.815857 0.189674
vn -0.546261 0.815857 0.189674
vn -0.546261 0.815857 0.189674
vn -0.200970 0.095398 0.974941
vn -0.200970 0.095398 0.974941
vn -0.200970 0.095398 0.974941
vn -0.200970 0.095398 0.974941
vn 0.365613 0.808606 -0.460960
vn 0.365613 0.808606 -0.460960
vn 0.365613 0.808606 -0.460960
vn 0.365613 0.808606 -0.460960
vn 0.118669 -0.148059 0.981833
vn 0.118669 -0.148059 0.981833
vn 0.118669 -0.148059 0.981833
vn 0.118669 -0.148059 0.981833
vn 0.686213 0.566335 -0.456483
vn 0.686213 0.566335 -0.456483
vn 0.686213 0.566335 -0.456483
vn 0.686213 0.566335 -0.456483
vn 0.769248 0.260486 -0.583442
vn 0.769248 0.260486 -0.583442
vn 0.769248 0.260486 -0.583442
vn 0.769248 0.260486 -0.583442
vn -0.740829 -0.276306 0.612232
vn -0.740829 -0.276306 0.612232
vn -0.740829 -0.276306 0.612232
vn -0.740829 -0.276305 0.612232
vn -0.650333 -0.556041 0.517577
vn -0.650333 -0.556041 0.517577
vn -0.650333 -0.556041 0.517577
vn -0.650333 -0.556041 0.517577
vn -0.059315 0.187939 -0.980388
vn -0.059315 0.187939 -0.980388
vn -0.059315 0.187939 -0.980388
vn -0.059315 0.187939 -0.980388
vn -0.367810 -0.766586 0.526366
vn -0.367810 -0.766586 0.526366
vn -0.367810 -0.766586 0.526366
vn -0.367810 -0.766586 0.526366
vn 0.224305 -0.021288 -0.974286
vn 0.224305 -0.021288 -0.974286
vn 0.224305 -0.021288 -0.974286
vn 0.224305 -0.021288 -0.974286
vn -0.042825 -0.748601 0.661636
vn -0.042825 -0.748601 0.661636
vn -0.042825 -0.748601 0.661636
vn -0.042825 -0.748601 0.661636
vn 0.548247 -0.004636 -0.836304
vn 0.548247 -0.004636 -0.836304
vn 0.548247 -0.004636 -0.836304
vn 0.548246 -0.004636 -0.836304
vn 0.723904 0.183160 -0.665143
vn 0.723904 0.183160 -0.665143
vn 0.723904 0.183160 -0.665143
vn 0.723904 0.183160 -0.665143
vn -0.750734 -0.158949 0.641198
vn -0.750734 -0.158949 0.641198
vn -0.750734 -0.158949 0.641198
vn -0.750734 -0.158949 0.641198
vn -0.570251 0.070296 0.818457
vn -0.570251 0.070296 0.818457
vn -0.570251 0.070296 0.818457
vn -0.570251 0.070296 0.818457
vn -0.002729 0.784703 -0.619866
vn -0.002729 0.784703 -0.619866
vn -0.002729 0.784703 -0.619866
vn -0.002729 0.784703 -0.619866
vn 0.275761 0.954559 0.113015
vn 0.275761 0.954560 0.113015
vn 0.275761 0.954560 0.113015
vn 0.275761 0.954559 0.113015
vn 0.837046 0.532909 0.123944
vn 0.837046 0.532909 0.123944
vn 0.837046 0.532909 0.123944
vn 0.837046 0.532909 0.123944
vn -0.369014 0.915184 -0.162069
vn -0.369014 0.915184 -0.162069
vn -0.369014 0.915184 -0.162069
vn -0.369014 0.915184 -0.162069
vn -0.695536 0.526981 -0.488386
vn -0.695536 0.526981 -0.488386
vn -0.695536 0.526981 -0.488386
vn -0.695536 0.526981 -0.488386
vn 0.011334 0.621708 0.783167
vn 0.011334 0.621708 0.783167
vn 0.011334 0.621708 0.783167
vn 0.011334 0.621708 0.783167
vn 0.571988 0.199263 0.795691
vn 0.571988 0.199263 0.795691
vn 0.571989 0.199263 0.795691
vn 0.571989 0.199263 0.795691
vn -0.634069 0.581541 0.509673
vn -0.634069 0.581541 0.509673
vn -0.634069 0.581541 0.509673
vn -0.634069 0.581541 0.509673
vn -0.963216 0.190036 0.190005
vn -0.963216 0.190036 0.190005
vn -0.963216 0.190036 0.190005
vn -0.963216 0.190036 0.190005
vn 0.329619 0.400124 -0.855133
vn 0.329619 0.400124 -0.855133
vn 0.329619 0.400124 -0.855133
vn 0.329619 0.400124 -0.855133
vn -0.336609 -0.438500 0.833314
vn -0.336609 -0.438500 0.833314
vn -0.336609 -0.438500 0.833314
vn -0.336609 -0.438500 0.833314
vn 0.346207 0.399437 -0.848876
vn 0.346207 0.399437 -0.848876
vn 0.346207 0.399437 -0.848876
vn 0.346207 0.399437 -0.848876
vn -0.319988 -0.439149 0.839498
vn -0.319988 -0.439149 0.839498
vn -0.319988 -0.439149 0.839498
vn -0.319988 -0.439149 0.839498
vn 0.363566 0.405581 -0.838644
vn 0.363566 0.405581 -0.838644
vn 0.363566 0.405581 -0.838644
vn 0.363566 0.405581 -0.838644
vn -0.302455 -0.432767 0.849255
vn -0.302455 -0.432767 0.849255
vn -0.302455 -0.432766 0.849255
vn -0.302455 -0.432767 0.849255
vn 0.301113 0.425379 -0.853454
vn 0.301113 0.425379 -0.853454
vn 0.301113 0.425379 -0.853454
vn 0.301113 0.425379 -0.853454
vn -0.364894 -0.412974 0.834449
vn -0.364894 -0.412974 0.834448
vn -0.364894 -0.412974 0.834449
vn -0.364894 -0.412974 0.834449
vn 0.314580 0.409463 -0.856376
vn 0.314580 0.409463 -0.856376
vn 0.314580 0.409463 -0.856376
vn 0.314580 0.409463 -0.856376
vn -0.351611 -0.429121 0.832000
vn -0.351611 -0.429121 0.832000
vn -0.351611 -0.429121 0.832000
vn -0.351611 -0.429121 0.832000
vn -0.924771 0.215541 -0.313594
vn -0.924771 0.215541 -0.313594
vn -0.924771 0.215540 -0.313594
vn -0.924771 0.215540 -0.313594
vn 0.889542 -0.408967 0.203619
vn 0.889542 -0.408967 0.203619
vn 0.889542 -0.408967 0.203619
vn 0.889542 -0.408967 0.203619
vn 0.941669 -0.192990 0.275707
vn 0.941669 -0.192990 0.275707
vn 0.941669 -0.192990 0.275707
vn 0.941669 -0.192990 0.275707
vn 0.905967 -0.390491 0.163525
vn 0.905967 -0.390491 0.163525
vn 0.905967 -0.390491 0.163525
vn 0.905967 -0.390491 0.163525
vn 0.197284 -0.459439 0.866022
vn 0.197284 -0.459439 0.866022
vn 0.197284 -0.459439 0.866022
vn 0.197284 -0.459439 0.866022
vn -0.154618 0.461630 -0.873493
vn -0.154618 0.461630 -0.873493
vn -0.154618 0.461630 -0.873493
vn -0.154618 0.461630 -0.873493
vn 0.137632 -0.554748 0.820556
vn 0.137632 -0.554748 0.820556
vn 0.137632 -0.554748 0.820556
vn 0.137632 -0.554748 0.820556
vn -0.178790 0.560984 -0.808289
vn -0.178790 0.560984 -0.808289
vn -0.178790 0.560984 -0.808289
vn -0.178790 0.560984 -0.808289
vn 0.996148 -0.009223 -0.087205
vn 0.996148 -0.009223 -0.087205
vn 0.996148 -0.009223 -0.087205
vn 0.996148 -0.009223 -0.087205
vn 0.728465 -0.346169 0.591190
vn 0.728465 -0.346169 0.591190
vn 0.728465 -0.346169 0.591190
vn 0.728465 -0.346169 0.591190
vn -0.132278 -0.860308 -0.492314
vn -0.132278 -0.860308 -0.492314
vn -0.125619 -0.863695 -0.488109
vn -0.120209 -0.866451 -0.484574
vn -0.120209 -0.866451 -0.484574
vn -0.125619 -0.863695 -0.488109
vn -0.117915 -0.869596 -0.479477
vn -0.117915 -0.869596 -0.479477
vn -0.108926 -0.883851 -0.454909
vn -0.120209 -0.866451 -0.484574
vn -0.120213 -0.871495 -0.475442
vn -0.120209 -0.866451 -0.484574
vn -0.108926 -0.883851 -0.454909
vn -0.106673 -0.870804 -0.479918
vn -0.129388 -0.869164 -0.477298
vn -0.139485 -0.869389 -0.474033
vn -0.139485 -0.869389 -0.474033
vn -0.120213 -0.871495 -0.475442
vn -0.120213 -0.871495 -0.475442
vn -0.106673 -0.870804 -0.479918
vn -0.129388 -0.869164 -0.477298
vn -0.129388 -0.869164 -0.477298
vn -0.106673 -0.870804 -0.479918
vn -0.146293 -0.856477 -0.495021
vn -0.181624 -0.845944 -0.501389
vn -0.173182 -0.847341 -0.502017
vn -0.173182 -0.847341 -0.502017
vn -0.188527 -0.844798 -0.500773
vn -0.181624 -0.845944 -0.501389
vn -0.188527 -0.844798 -0.500773
vn -0.194019 -0.845476 -0.497521
vn -0.194019 -0.845476 -0.497521
vn -0.188527 -0.844798 -0.500773
vn -0.218450 -0.849135 -0.480884
vn -0.218450 -0.849135 -0.480884
vn -0.188527 -0.844798 -0.500773
vn -0.195031 -0.847781 -0.493183
vn -0.202687 -0.840372 -0.502686
vn -0.180401 -0.856420 -0.483735
vn -0.180401 -0.856420 -0.483735
vn -0.186299 -0.851125 -0.490795
vn -0.195031 -0.847781 -0.493183
vn -0.195031 -0.847781 -0.493183
vn -0.186299 -0.851125 -0.490795
vn -0.202687 -0.840372 -0.502686
vn -0.202687 -0.840372 -0.502686
vn -0.186299 -0.851125 -0.490795
vn -0.159729 -0.852217 -0.498209
vn -0.000000 -0.991507 -0.130057
vn -0.000000 -0.991507 -0.130057
vn -0.000000 -0.991507 -0.130057
vn -0.000000 -0.991507 -0.130057
vn 0.706921 -0.699272 -0.106219
vn 0.706921 -0.699272 -0.106218
vn 0.706921 -0.699272 -0.106219
vn 0.706921 -0.699272 -0.106219
vn 0.992520 -0.108504 -0.055951
vn 0.992520 -0.108504 -0.055951
vn 0.992520 -0.108504 -0.055951
vn 0.992520 -0.108504 -0.055951
vn -0.715873 -0.684494 -0.137817
vn -0.715873 -0.684494 -0.137817
vn -0.715873 -0.684494 -0.137817
vn -0.715873 -0.684494 -0.137817
vn -0.860812 -0.508464 0.021609
vn -0.860812 -0.508464 0.021609
vn -0.860812 -0.508464 0.021609
vn -0.860812 -0.508464 0.021609
vn -0.736379 -0.674157 -0.057072
vn -0.736379 -0.674157 -0.057072
vn -0.736379 -0.674157 -0.057072
vn -0.736379 -0.674158 -0.057072
vn 0.001111 -0.998888 -0.047130
vn 0.001111 -0.998888 -0.047130
vn 0.001111 -0.998888 -0.047130
vn 0.001111 -0.998888 -0.047130
vn 0.706444 -0.707069 -0.031481
vn 0.706444 -0.707069 -0.031481
vn 0.706444 -0.707069 -0.031481
vn 0.706444 -0.707069 -0.031481
vn 0.000000 0.996784 0.080131
vn 0.000000 0.996784 0.080131
vn 0.000000 0.996784 0.080131
vn 0.000000 0.996784 0.080131
vn 0.719953 0.687451 0.095287
vn 0.719953 0.687451 0.095287
vn 0.719953 0.687451 0.095287
vn 0.719953 0.687451 0.095287
vn -0.881796 -0.471630 0.001213
vn -0.881796 -0.471630 0.001213
vn -0.881796 -0.471630 0.001213
vn -0.881796 -0.471630 0.001213
vn -0.723878 -0.682898 -0.098244
vn -0.723878 -0.682898 -0.098244
vn -0.723878 -0.682898 -0.098244
vn -0.723878 -0.682898 -0.098244
vn -0.000000 -0.996784 -0.080133
vn -0.000000 -0.996784 -0.080133
vn -0.000000 -0.996784 -0.080133
vn -0.000000 -0.996784 -0.080133
vn 0.707497 -0.704444 -0.056633
vn 0.707497 -0.704444 -0.056633
vn 0.707497 -0.704444 -0.056633
vn 0.707497 -0.704444 -0.056633
vn -0.993232 0.115774 0.009305
vn -0.993232 0.115774 0.009305
vn -0.993232 0.115774 0.009305
vn -0.993232 0.115774 0.009305
vn -0.706533 0.705405 0.056708
vn -0.706533 0.705404 0.056708
vn -0.706533 0.705405 0.056708
vn -0.706533 0.705405 0.056708
vn 0.000000 0.456584 0.889680
vn 0.000000 0.456584 0.889680
vn 0.000000 0.456584 0.889680
vn 0.000000 0.456584 0.889680
vn 0.000000 0.592878 -0.805292
vn 0.000000 0.592878 -0.805292
vn 0.000000 0.592878 -0.805292
vn 0.000000 0.592878 -0.805292
vn 0.378070 0.335742 0.862752
vn 0.378070 0.335742 0.862752
vn 0.378070 0.335742 0.862752
vn 0.378070 0.335742 0.862752
vn 0.422262 0.412747 -0.807053
vn 0.422262 0.412747 -0.807053
vn 0.422262 0.412747 -0.807053
vn 0.422262 0.412747 -0.807053
vn 0.357909 0.481949 -0.799766
vn 0.357909 0.481949 -0.799766
vn 0.357909 0.481949 -0.799766
vn 0.357909 0.481949 -0.799766
vn -0.322069 -0.457357 0.828913
vn -0.322069 -0.457357 0.828913
vn -0.322069 -0.457357 0.828913
vn -0.322069 -0.457357 0.828913
vn -0.375788 -0.374391 0.847712
vn -0.375788 -0.374391 0.847712
vn -0.375788 -0.374391 0.847712
vn -0.375788 -0.374391 0.847712
vn -0.324771 -0.307947 -0.894255
vn -0.324771 -0.307947 -0.894255
vn -0.324771 -0.307947 -0.894255
vn -0.324771 -0.307947 -0.894255
vn -0.000000 -0.528495 0.848937
vn -0.000000 -0.528495 0.848937
vn -0.000000 -0.528495 0.848937
vn -0.000000 -0.528495 0.848937
vn -0.000001 -0.386143 -0.922439
vn -0.000001 -0.386143 -0.922439
vn -0.000001 -0.386143 -0.922439
vn -0.000001 -0.386143 -0.922439
vn 0.326695 -0.396501 0.857938
vn 0.326695 -0.396501 0.857938
vn 0.326695 -0.396501 0.857938
vn 0.326695 -0.396501 0.857938
vn 0.326721 -0.254380 -0.910244
vn 0.326721 -0.254380 -0.910244
vn 0.326721 -0.254380 -0.910244
vn 0.326721 -0.254380 -0.910244
vn 0.472439 0.016439 -0.881210
vn 0.472439 0.016439 -0.881210
vn 0.472439 0.016439 -0.881210
vn 0.472439 0.016439 -0.881210
vn -0.509795 -0.009832 0.860239
vn -0.509795 -0.009832 0.860239
vn -0.509795 -0.009832 0.860239
vn -0.509796 -0.009832 0.860239
vn -0.370459 0.301279 0.878630
vn -0.370459 0.301279 0.878630
vn -0.370459 0.301279 0.878630
vn -0.370459 0.301279 0.878630
vn -0.370483 0.437795 -0.819194
vn -0.370483 0.437795 -0.819194
vn -0.370483 0.437795 -0.819194
vn -0.370483 0.437795 -0.819194
vn 0.000000 0.774895 -0.632090
vn 0.000000 0.774895 -0.632090
vn 0.000000 0.774895 -0.632090
vn 0.000000 0.774895 -0.632090
vn 0.538077 0.563346 -0.626988
vn 0.538077 0.563346 -0.626988
vn 0.538077 0.563346 -0.626988
vn 0.538077 0.563346 -0.626988
vn -0.509337 0.563651 -0.650287
vn -0.509337 0.563651 -0.650287
vn -0.509337 0.563651 -0.650287
vn -0.509337 0.563651 -0.650287
vn -0.710339 0.138158 -0.690167
vn -0.710339 0.138158 -0.690167
vn -0.710339 0.138158 -0.690167
vn -0.710339 0.138158 -0.690167
vn -0.001321 0.649390 0.760454
vn -0.001321 0.649390 0.760454
vn -0.001321 0.649390 0.760454
vn -0.001321 0.649390 0.760454
vn 0.508676 0.481738 0.713566
vn 0.508676 0.481738 0.713566
vn 0.508676 0.481738 0.713566
vn 0.508676 0.481738 0.713566
vn -0.493721 0.438285 0.751096
vn -0.493721 0.438285 0.751096
vn -0.493721 0.438285 0.751096
vn -0.493721 0.438285 0.751096
vn -0.706588 0.025664 0.707159
vn -0.706588 0.025664 0.707159
vn -0.706588 0.025664 0.707159
vn -0.706588 0.025664 0.707159
vn 0.000000 0.995029 0.099588
vn 0.000000 0.995029 0.099588
vn 0.000000 0.995029 0.099588
vn 0.000000 0.995029 0.099588
vn -0.706591 0.703453 0.076702
vn -0.706591 0.703453 0.076702
vn -0.706591 0.703453 0.076702
vn -0.706591 0.703453 0.076702
vn -0.993051 0.113282 0.031897
vn -0.993051 0.113282 0.031897
vn -0.993051 0.113282 0.031897
vn -0.993051 0.113282 0.031897
vn 0.713651 0.692140 0.107912
vn 0.713651 0.692140 0.107912
vn 0.713651 0.692140 0.107912
vn 0.713651 0.692140 0.107912
vn 0.000000 0.057839 -0.998326
vn 0.000000 0.057839 -0.998326
vn 0.000000 0.057839 -0.998326
vn 0.000000 0.057839 -0.998326
vn -0.000323 -0.101075 0.994879
vn -0.000323 -0.101075 0.994879
vn -0.000323 -0.101075 0.994879
vn -0.000323 -0.101075 0.994879
vn 0.017007 0.062879 -0.997876
vn 0.017007 0.062879 -0.997876
vn 0.017007 0.062879 -0.997876
vn 0.017007 0.062879 -0.997876
vn 0.016183 -0.095914 0.995258
vn 0.016183 -0.095914 0.995258
vn 0.016183 -0.095914 0.995258
vn 0.016183 -0.095914 0.995258
vn 0.033593 0.075799 -0.996557
vn 0.033593 0.075798 -0.996557
vn 0.033593 0.075798 -0.996557
vn 0.033593 0.075798 -0.996557
vn 0.033314 -0.084202 0.995892
vn 0.033314 -0.084202 0.995892
vn 0.033314 -0.084202 0.995892
vn 0.033314 -0.084202 0.995892
vn -0.242662 0.232864 -0.941748
vn -0.242662 0.232864 -0.941748
vn -0.242662 0.232864 -0.941748
vn -0.242662 0.232864 -0.941748
vn 0.191587 -0.212432 0.958210
vn 0.191587 -0.212432 0.958210
vn 0.191587 -0.212432 0.958211
vn 0.191587 -0.212431 0.958210
vn -0.017569 0.034627 -0.999246
vn -0.017569 0.034627 -0.999246
vn -0.017569 0.034627 -0.999246
vn -0.017569 0.034627 -0.999246
vn -0.052940 -0.015682 0.998475
vn -0.052940 -0.015682 0.998475
vn -0.052940 -0.015682 0.998475
vn -0.052940 -0.015682 0.998475
vn -0.000334 0.997472 0.071056
vn -0.000334 0.997472 0.071056
vn -0.000334 0.997472 0.071056
vn -0.000334 0.997472 0.071056
vn 0.724677 0.684452 0.079807
vn 0.724677 0.684452 0.079807
vn 0.724677 0.684452 0.079807
vn 0.724677 0.684452 0.079807
vn -0.993051 0.116923 -0.013390
vn -0.993051 0.116923 -0.013390
vn -0.993051 0.116923 -0.013390
vn -0.993051 0.116923 -0.013390
vn -0.706208 0.706395 0.047725
vn -0.706208 0.706395 0.047725
vn -0.706208 0.706395 0.047725
vn -0.706208 0.706395 0.047725
vn -0.872426 -0.486818 -0.043384
vn -0.872426 -0.486818 -0.043384
vn -0.872426 -0.486818 -0.043384
vn -0.872426 -0.486818 -0.043384
vn 0.992652 -0.116072 0.034207
vn 0.992652 -0.116072 0.034207
vn 0.992652 -0.116072 0.034207
vn 0.992652 -0.116072 0.034207
vn 0.883122 0.468934 0.013993
vn 0.883122 0.468934 0.013993
vn 0.883122 0.468934 0.013993
vn 0.883122 0.468934 0.013993
vn 0.993506 -0.113413 -0.009118
vn 0.993506 -0.113413 -0.009118
vn 0.993506 -0.113413 -0.009118
vn 0.993506 -0.113413 -0.009118
vn 0.721408 0.060005 0.689905
vn 0.721408 0.060005 0.689905
vn 0.721408 0.060005 0.689905
vn 0.721408 0.060005 0.689905
vn -0.702253 -0.009629 -0.711863
vn -0.702253 -0.009629 -0.711863
vn -0.702253 -0.009629 -0.711863
vn -0.702253 -0.009629 -0.711863
vn 0.472409 -0.124545 0.872536
vn 0.472409 -0.124545 0.872536
vn 0.472409 -0.124545 0.872536
vn 0.472409 -0.124545 0.872536
vn -0.509806 0.127720 -0.850756
vn -0.509806 0.127720 -0.850756
vn -0.509806 0.127720 -0.850756
vn -0.509806 0.127720 -0.850756
vn 0.587828 0.612317 -0.528702
vn 0.587828 0.612317 -0.528702
vn 0.587828 0.612317 -0.528702
vn 0.587828 0.612317 -0.528702
vn 0.837909 0.204058 0.506230
vn 0.837909 0.204058 0.506230
vn 0.837909 0.204058 0.506230
vn 0.837909 0.204058 0.506230
vn 0.879333 0.475432 0.027182
vn 0.879333 0.475432 0.027182
vn 0.879333 0.475432 0.027182
vn 0.879333 0.475432 0.027182
vn 0.890617 0.454755 0.000140
vn 0.890616 0.454755 0.000140
vn 0.890616 0.454755 0.000140
vn 0.890616 0.454755 0.000140
vn -0.873646 -0.479939 0.080008
vn -0.873646 -0.479939 0.080008
vn -0.873646 -0.479939 0.080008
vn -0.873646 -0.479939 0.080008
vn -0.873809 -0.483472 0.052088
vn -0.873809 -0.483472 0.052088
vn -0.873809 -0.483472 0.052088
vn -0.873809 -0.483472 0.052088
vn 0.506159 0.288777 -0.812657
vn 0.506159 0.288777 -0.812657
vn 0.506159 0.288777 -0.812657
vn 0.506159 0.288777 -0.812657
vn -0.473892 -0.283159 0.833815
vn -0.473892 -0.283159 0.833815
vn -0.473892 -0.283159 0.833815
vn -0.473892 -0.283159 0.833815
vn -0.072451 0.006704 -0.997349
vn -0.072451 0.006704 -0.997350
vn -0.072451 0.006704 -0.997349
vn -0.072451 0.006704 -0.997349
vn -0.016953 0.004322 0.999847
vn -0.016953 0.004322 0.999847
vn -0.016953 0.004322 0.999847
vn -0.016953 0.004322 0.999847
vn -0.895868 -0.443410 -0.028408
vn -0.895868 -0.443410 -0.028408
vn -0.895868 -0.443410 -0.028408
vn -0.895869 -0.443410 -0.028408
vn 0.888471 0.458913 -0.004361
vn 0.888471 0.458913 -0.004361
vn 0.888471 0.458913 -0.004361
vn 0.888471 0.458913 -0.004361
vn 0.688131 0.064786 0.722689
vn 0.688131 0.064786 0.722689
vn 0.688131 0.064786 0.722689
vn 0.688131 0.064786 0.722689
vn -0.631256 -0.088105 -0.770554
vn -0.631256 -0.088105 -0.770554
vn -0.631256 -0.088105 -0.770554
vn -0.631256 -0.088105 -0.770554
vn 0.571457 0.514343 -0.639444
vn 0.571457 0.514343 -0.639444
vn 0.571457 0.514343 -0.639444
vn 0.571457 0.514343 -0.639444
vn 0.792169 0.243110 0.559792
vn 0.792169 0.243110 0.559792
vn 0.792169 0.243110 0.559792
vn 0.792169 0.243110 0.559792
vn 0.904387 0.426702 0.003113
vn 0.904387 0.426702 0.003113
vn 0.904387 0.426702 0.003113
vn 0.904387 0.426702 0.003113
vn 0.880736 0.473448 -0.012290
vn 0.880736 0.473448 -0.012290
vn 0.880736 0.473447 -0.012290
vn 0.880736 0.473447 -0.012290
vn -0.875847 -0.482255 0.017952
vn -0.875847 -0.482256 0.017952
vn -0.875847 -0.482256 0.017952
vn -0.875847 -0.482256 0.017952
vn 0.872559 0.486166 -0.047781
vn 0.872559 0.486166 -0.047781
vn 0.872559 0.486166 -0.047781
vn 0.872559 0.486166 -0.047781
vn 0.574972 0.298637 0.761724
vn 0.574972 0.298637 0.761724
vn 0.574972 0.298637 0.761724
vn 0.574972 0.298637 0.761724
vn -0.534077 -0.287784 -0.794948
vn -0.534077 -0.287784 -0.794948
vn -0.534077 -0.287784 -0.794948
vn -0.534077 -0.287784 -0.794948
vn 0.653048 0.390013 -0.649167
vn 0.653048 0.390013 -0.649167
vn 0.653048 0.390013 -0.649167
vn 0.653048 0.390013 -0.649167
vn 0.726826 0.407924 0.552559
vn 0.726826 0.407924 0.552559
vn 0.726826 0.407924 0.552559
vn 0.726826 0.407924 0.552559
vn 0.873613 0.485617 -0.031247
vn 0.873613 0.485617 -0.031247
vn 0.873613 0.485617 -0.031247
vn 0.873613 0.485617 -0.031247
vn 0.872632 0.484773 -0.059227
vn 0.872632 0.484773 -0.059227
vn 0.872632 0.484773 -0.059227
vn 0.872632 0.484773 -0.059227
vn -0.886724 -0.462140 0.012084
vn -0.886724 -0.462140 0.012084
vn -0.886724 -0.462140 0.012084
vn -0.886724 -0.462140 0.012084
vn -0.880789 -0.473326 -0.013124
vn -0.880789 -0.473326 -0.013124
vn -0.880789 -0.473326 -0.013124
vn -0.880789 -0.473326 -0.013124
vn 0.431214 0.549808 -0.715379
vn 0.431214 0.549808 -0.715379
vn 0.431214 0.549808 -0.715379
vn 0.431214 0.549808 -0.715379
vn -0.388037 -0.603564 0.696518
vn -0.388037 -0.603564 0.696518
vn -0.388037 -0.603564 0.696518
vn -0.388037 -0.603564 0.696518
vn -0.251315 0.366650 -0.895773
vn -0.251315 0.366650 -0.895773
vn -0.251315 0.366650 -0.895773
vn -0.251315 0.366650 -0.895773
vn 0.145766 -0.341541 0.928495
vn 0.145766 -0.341541 0.928495
vn 0.145766 -0.341541 0.928495
vn 0.145766 -0.341541 0.928495
vn -0.028196 -0.996070 -0.083957
vn -0.020215 -0.995470 -0.092899
vn -0.032655 -0.995704 -0.086639
vn -0.020215 -0.995470 -0.092899
vn -0.034738 -0.995426 -0.088995
vn -0.032655 -0.995704 -0.086639
vn -0.032655 -0.995704 -0.086639
vn -0.034738 -0.995426 -0.088995
vn -0.039130 -0.995651 -0.084540
vn -0.039130 -0.995651 -0.084540
vn -0.034738 -0.995426 -0.088995
vn -0.041703 -0.996196 -0.076514
vn -0.041703 -0.996196 -0.076514
vn -0.034738 -0.995426 -0.088995
vn -0.058738 -0.997348 -0.042970
vn -0.034738 -0.995426 -0.088995
vn -0.042303 -0.996309 -0.074695
vn -0.058738 -0.997348 -0.042970
vn -0.058738 -0.997348 -0.042970
vn -0.042303 -0.996309 -0.074695
vn -0.052845 -0.994985 -0.084919
vn -0.028198 -0.996690 -0.076247
vn -0.035811 -0.996086 -0.080805
vn -0.020217 -0.997526 -0.067324
vn -0.020217 -0.997526 -0.067324
vn -0.035811 -0.996086 -0.080805
vn -0.042303 -0.996309 -0.074695
vn -0.042303 -0.996309 -0.074695
vn -0.035811 -0.996086 -0.080805
vn -0.052845 -0.994985 -0.084919
vn -0.035811 -0.996086 -0.080805
vn -0.021127 -0.995873 -0.088269
vn -0.052845 -0.994985 -0.084919
vn -0.021127 -0.995873 -0.088269
vn 0.000259 -0.997008 -0.077296
vn -0.052845 -0.994985 -0.084919
vn 0.059943 -0.949443 -0.308163
vn 0.072433 -0.951210 -0.299923
vn 0.071531 -0.948134 -0.309717
vn 0.072433 -0.951210 -0.299923
vn 0.080511 -0.951839 -0.295837
vn 0.071531 -0.948134 -0.309717
vn 0.080511 -0.951839 -0.295837
vn 0.080058 -0.950285 -0.300914
vn 0.071531 -0.948134 -0.309717
vn 0.071531 -0.948134 -0.309717
vn 0.080058 -0.950285 -0.300914
vn 0.089533 -0.938368 -0.333841
vn 0.080058 -0.950285 -0.300914
vn 0.105350 -0.948761 -0.297916
vn 0.089533 -0.938368 -0.333841
vn 0.089533 -0.938368 -0.333841
vn 0.105350 -0.948761 -0.297916
vn 0.109361 -0.952327 -0.284803
vn 0.105350 -0.948761 -0.297916
vn 0.098410 -0.944902 -0.312212
vn 0.109361 -0.952327 -0.284803
vn 0.086489 -0.947093 -0.309086
vn 0.089339 -0.947806 -0.306077
vn 0.089611 -0.946019 -0.311478
vn 0.089611 -0.946019 -0.311478
vn 0.089339 -0.947806 -0.306077
vn 0.090119 -0.946692 -0.309279
vn 0.090119 -0.946692 -0.309279
vn 0.089339 -0.947806 -0.306077
vn 0.086764 -0.948385 -0.305021
vn 0.086764 -0.948385 -0.305021
vn 0.089339 -0.947806 -0.306077
vn 0.098410 -0.944902 -0.312212
vn 0.098410 -0.944902 -0.312212
vn 0.089339 -0.947806 -0.306077
vn 0.109361 -0.952327 -0.284803
vn -0.045694 0.282004 -0.958325
vn -0.045694 0.282004 -0.958325
vn -0.045694 0.282004 -0.958325
vn -0.045694 0.282004 -0.958325
vn 0.999860 0.012856 0.010716
vn 0.999860 0.012856 0.010716
vn 0.999860 0.012856 0.010716
vn 0.999860 0.012856 0.010716
vn 0.000000 -0.594911 -0.803791
vn 0.000000 -0.594911 -0.803791
vn 0.000000 -0.594911 -0.803791
vn 0.000000 -0.594911 -0.803791
vn -0.873710 0.138413 -0.466339
vn -0.873710 0.138413 -0.466339
vn -0.873710 0.138413 -0.466339
vn -0.873710 0.138413 -0.466339
vn 0.994858 -0.081504 0.060118
vn 0.994858 -0.081504 0.060118
vn 0.998497 -0.047614 0.027126
vn 0.998061 -0.053103 0.032467
vn -0.033658 -0.956095 -0.291120
vn -0.033658 -0.956094 -0.291120
vn -0.033399 -0.956468 -0.289921
vn -0.032856 -0.957244 -0.287411
vn -0.983362 0.106512 -0.147153
vn -0.983362 0.106512 -0.147152
vn -0.998530 0.031782 -0.043909
vn -0.999452 0.019401 -0.026803
vn 0.998061 -0.053103 0.032467
vn 0.998497 -0.047614 0.027126
vn 0.999001 -0.040064 0.019782
vn 0.999001 -0.040064 0.019782
vn -0.032856 -0.957244 -0.287411
vn -0.033399 -0.956468 -0.289921
vn -0.032796 -0.957328 -0.287136
vn -0.032796 -0.957328 -0.287135
vn -0.999452 0.019401 -0.026803
vn -0.998530 0.031782 -0.043909
vn -1.000000 -0.000000 0.000000
vn -1.000000 -0.000000 0.000000
vn 0.387548 0.850465 0.355690
vn 0.387548 0.850465 0.355690
vn 0.387548 0.850465 0.355690
vn 0.387548 0.850465 0.355690
vn 0.392379 0.814441 0.427464
vn 0.392379 0.814441 0.427464
vn 0.392379 0.814441 0.427464
vn 0.392379 0.814441 0.427464
vn -0.053662 -0.606883 0.792978
vn -0.053662 -0.606883 0.792978
vn -0.053662 -0.606883 0.792978
vn -0.053662 -0.606883 0.792978
vn -0.261468 -0.751502 -0.605706
vn -0.261468 -0.751502 -0.605706
vn -0.261468 -0.751502 -0.605706
vn -0.261468 -0.751502 -0.605706
vn -0.078550 0.045373 -0.995877
vn -0.078550 0.045373 -0.995877
vn -0.078550 0.045373 -0.995877
vn -0.078550 0.045373 -0.995877
vn -0.687740 0.553381 0.469876
vn -0.687740 0.553380 0.469876
vn -0.687740 0.553381 0.469876
vn -0.687740 0.553381 0.469876
vn -0.680066 0.533090 0.503315
vn -0.680066 0.533090 0.503315
vn -0.680066 0.533090 0.503315
vn 0.481857 -0.408779 -0.775057
vn 0.481857 -0.408779 -0.775057
vn 0.481857 -0.408779 -0.775057
vn 0.481857 -0.408779 -0.775057
vn 0.589737 -0.516522 -0.620818
vn 0.589737 -0.516522 -0.620818
vn 0.589737 -0.516522 -0.620818
vn 0.589737 -0.516522 -0.620818
vn 0.523314 -0.424722 -0.738752
vn 0.523314 -0.424722 -0.738752
vn 0.523314 -0.424722 -0.738752
vn 0.523314 -0.424722 -0.738752
vn 0.313195 0.752398 0.579487
vn 0.313195 0.752398 0.579487
vn 0.313195 0.752398 0.579487
vn -0.258911 -0.819259 -0.511644
vn -0.258911 -0.819259 -0.511644
vn -0.258911 -0.819259 -0.511644
vn -0.258911 -0.819259 -0.511644
vn 0.380273 0.863066 0.332430
vn 0.380273 0.863066 0.332430
vn 0.380273 0.863066 0.332430
vn 0.380273 0.863066 0.332430
vn 0.346920 0.874309 0.339455
vn 0.346920 0.874309 0.339455
vn 0.346920 0.874309 0.339455
vn 0.346920 0.874309 0.339455
vn 0.388027 0.920238 0.050949
vn 0.388027 0.920238 0.050949
vn 0.388027 0.920239 0.050949
vn 0.388027 0.920238 0.050949
vn 0.358090 0.844513 0.398208
vn 0.358090 0.844513 0.398208
vn 0.358090 0.844513 0.398208
vn 0.358090 0.844513 0.398208
vn 0.218293 0.145197 0.965021
vn 0.218293 0.145197 0.965021
vn 0.218293 0.145197 0.965021
vn 0.481975 0.590402 0.647399
vn 0.481975 0.590402 0.647399
vn 0.481975 0.590402 0.647399
vn 0.200690 0.842953 -0.499153
vn 0.200690 0.842953 -0.499153
vn 0.200690 0.842953 -0.499153
vn 0.200690 0.842953 -0.499153
vn -0.190913 -0.752078 -0.630818
vn -0.190913 -0.752078 -0.630817
vn -0.190913 -0.752078 -0.630818
vn -0.193796 -0.785925 -0.587166
vn -0.193796 -0.785925 -0.587166
vn -0.193796 -0.785925 -0.587166
vn -0.193796 -0.785925 -0.587166
vn -0.300620 -0.844650 -0.442939
vn -0.300620 -0.844650 -0.442939
vn -0.300620 -0.844650 -0.442939
vn 0.292133 0.817290 0.496685
vn 0.292133 0.817290 0.496685
vn 0.292133 0.817290 0.496685
vn 0.292133 0.817290 0.496685
vn 0.320702 0.819754 0.474504
vn 0.320702 0.819754 0.474504
vn 0.320702 0.819754 0.474504
vn 0.320702 0.819754 0.474504
vn 0.533987 0.701689 -0.471689
vn 0.533987 0.701689 -0.471689
vn 0.533987 0.701689 -0.471689
vn 0.533987 0.701689 -0.471689
vn 0.136166 0.650539 -0.747167
vn 0.136166 0.650539 -0.747167
vn 0.136166 0.650539 -0.747167
vn 0.136166 0.650539 -0.747167
vn 0.768433 -0.599788 -0.223080
vn 0.768433 -0.599788 -0.223080
vn 0.768433 -0.599788 -0.223080
vn 0.768433 -0.599788 -0.223080
vn 0.845835 -0.477533 -0.237751
vn 0.845835 -0.477533 -0.237751
vn 0.845835 -0.477533 -0.237751
vn -0.687011 -0.699746 -0.195886
vn -0.687011 -0.699746 -0.195886
vn -0.687011 -0.699746 -0.195886
vn -0.687011 -0.699746 -0.195886
vn -0.914034 -0.387675 -0.119377
vn -0.914034 -0.387675 -0.119377
vn -0.914034 -0.387675 -0.119377
vn -0.914033 -0.387675 -0.119377
vn -0.999731 -0.022375 -0.006166
vn -0.999731 -0.022375 -0.006166
vn -0.999731 -0.022375 -0.006166
vn -0.999731 -0.022375 -0.006166
vn -0.938947 0.324883 0.113265
vn -0.938947 0.324883 0.113265
vn -0.938947 0.324883 0.113264
vn -0.938947 0.324883 0.113265
vn -0.665825 0.433066 0.607561
vn -0.665825 0.433066 0.607561
vn -0.665825 0.433066 0.607561
vn -0.549255 0.790815 0.270056
vn -0.549255 0.790815 0.270056
vn -0.549255 0.790815 0.270056
vn -0.724519 0.673756 0.145346
vn -0.724519 0.673756 0.145346
vn -0.724519 0.673756 0.145346
vn -0.724519 0.673756 0.145346
vn -0.442051 0.876050 0.192684
vn -0.442051 0.876050 0.192684
vn -0.442051 0.876050 0.192684
vn -0.407471 0.881956 0.236901
vn -0.407471 0.881956 0.236901
vn -0.407471 0.881956 0.236901
vn -0.412378 0.857375 0.307983
vn -0.412378 0.857375 0.307983
vn -0.412378 0.857375 0.307983
vn -0.034370 0.931252 0.362752
vn -0.034370 0.931252 0.362751
vn -0.034370 0.931252 0.362752
vn -0.034370 0.931252 0.362752
vn 0.882701 -0.469662 -0.016044
vn 0.882701 -0.469661 -0.016044
vn 0.882701 -0.469662 -0.016044
vn 0.882701 -0.469662 -0.016044
vn 0.684008 -0.726236 -0.068658
vn 0.684008 -0.726236 -0.068658
vn 0.684008 -0.726236 -0.068658
vn 0.684008 -0.726236 -0.068658
vn 0.487864 -0.872653 -0.021583
vn 0.487864 -0.872653 -0.021583
vn 0.487864 -0.872653 -0.021583
vn 0.487864 -0.872653 -0.021583
vn 0.084113 -0.987777 -0.131234
vn 0.084113 -0.987777 -0.131234
vn 0.084113 -0.987777 -0.131234
vn 0.084113 -0.987777 -0.131234
vn -0.391980 -0.896084 -0.208291
vn -0.391980 -0.896084 -0.208291
vn -0.391980 -0.896084 -0.208291
vn -0.391980 -0.896084 -0.208291
vn 0.074624 0.292512 -0.953346
vn 0.062451 0.292426 -0.954247
vn 0.062451 0.292426 -0.954247
vn 0.076688 0.292523 -0.953179
vn 0.074624 0.292512 -0.953346
vn 0.076688 0.292523 -0.953179
vn 0.080897 0.292540 -0.952825
vn 0.080897 0.292539 -0.952826
vn 0.074624 0.292512 -0.953346
vn 0.080897 0.292539 -0.952826
vn 0.080897 0.292536 -0.952827
vn 0.080897 0.292536 -0.952827
vn -0.385576 0.559682 -0.733545
vn -0.385576 0.559681 -0.733545
vn -0.385576 0.559681 -0.733545
vn -0.385576 0.559681 -0.733545
vn 0.071943 0.918449 -0.388942
vn 0.071943 0.918449 -0.388942
vn 0.071943 0.918449 -0.388942
vn 0.071943 0.918449 -0.388941
vn 0.534936 0.526042 -0.661153
vn 0.534936 0.526042 -0.661153
vn 0.534936 0.526042 -0.661153
vn 0.534936 0.526042 -0.661153
vn 0.347818 -0.272727 -0.897019
vn 0.347818 -0.272727 -0.897019
vn 0.347818 -0.272727 -0.897019
vn 0.347817 -0.272727 -0.897019
vn -0.128405 -0.243995 -0.961238
vn -0.128405 -0.243995 -0.961238
vn -0.128405 -0.243995 -0.961238
vn -0.128405 -0.243995 -0.961238
vn 0.776835 -0.547889 -0.310395
vn 0.776835 -0.547889 -0.310395
vn 0.775807 -0.549442 -0.310221
vn 0.776267 -0.548748 -0.310299
vn 0.775807 -0.549442 -0.310221
vn 0.772074 -0.555032 -0.309583
vn 0.776267 -0.548748 -0.310299
vn 0.094933 -0.620810 -0.778192
vn 0.094933 -0.620810 -0.778192
vn 0.094933 -0.620810 -0.778192
vn 0.094933 -0.620810 -0.778192
vn -0.680060 -0.593401 -0.430573
vn -0.680060 -0.593401 -0.430573
vn -0.680060 -0.593401 -0.430573
vn -0.680060 -0.593401 -0.430573
vn -0.002458 0.992773 0.119981
vn -0.016160 0.992995 0.117047
vn -0.016160 0.992995 0.117047
vn 0.012537 0.992307 0.123164
vn 0.012537 0.992307 0.123164
vn 0.030785 0.991425 0.127000
vn 0.030785 0.991425 0.127000
vn -0.002458 0.992773 0.119981
vn 0.375821 0.920781 0.104506
vn 0.375821 0.920781 0.104506
vn 0.375821 0.920781 0.104506
vn 0.375821 0.920781 0.104506
vn -0.425784 -0.665145 0.613425
vn -0.425784 -0.665145 0.613425
vn -0.425784 -0.665145 0.613425
vn -0.425784 -0.665145 0.613425
vn -0.613415 -0.407232 0.676672
vn -0.613415 -0.407232 0.676672
vn -0.613415 -0.407232 0.676672
vn -0.613415 -0.407232 0.676672
vn -0.646575 -0.108711 0.755064
vn -0.646575 -0.108711 0.755064
vn -0.646575 -0.108711 0.755064
vn -0.646575 -0.108711 0.755064
vn -0.650082 -0.145563 0.745791
vn -0.650082 -0.145563 0.745791
vn -0.650082 -0.145563 0.745791
vn -0.650082 -0.145563 0.745791
vn -0.486179 0.152554 0.860440
vn -0.486179 0.152554 0.860440
vn -0.486179 0.152554 0.860440
vn -0.486179 0.152554 0.860440
vn -0.302234 0.273441 0.913173
vn -0.302234 0.273441 0.913173
vn -0.302234 0.273441 0.913173
vn -0.302234 0.273441 0.913173
vn -0.082318 0.316418 0.945042
vn -0.082318 0.316418 0.945042
vn -0.082318 0.316418 0.945042
vn -0.082318 0.316418 0.945042
vn 0.140116 0.274950 0.951194
vn 0.140116 0.274950 0.951194
vn 0.140116 0.274950 0.951194
vn 0.140116 0.274950 0.951194
vn 0.473632 -0.468326 0.745884
vn 0.473632 -0.468326 0.745884
vn 0.473632 -0.468326 0.745884
vn 0.473632 -0.468326 0.745884
vn 0.334542 -0.688686 0.643267
vn 0.334542 -0.688686 0.643267
vn 0.334542 -0.688686 0.643268
vn 0.334542 -0.688686 0.643267
vn 0.176974 -0.799338 0.574229
vn 0.176974 -0.799338 0.574229
vn 0.176974 -0.799338 0.574229
vn 0.176974 -0.799338 0.574229
vn 0.007572 -0.837625 0.546193
vn 0.007572 -0.837625 0.546193
vn 0.007572 -0.837625 0.546193
vn 0.007572 -0.837625 0.546193
vn -0.251284 -0.779779 0.573412
vn -0.251284 -0.779779 0.573412
vn -0.251284 -0.779779 0.573412
vn -0.251284 -0.779779 0.573412
vn -0.626698 -0.716353 -0.306737
vn -0.626698 -0.716353 -0.306737
vn -0.626698 -0.716353 -0.306737
vn -0.626698 -0.716353 -0.306737
vn -0.577445 -0.478210 -0.661719
vn -0.577445 -0.478209 -0.661719
vn -0.577445 -0.478210 -0.661719
vn -0.904971 -0.357742 -0.230320
vn -0.904971 -0.357742 -0.230320
vn -0.904971 -0.357742 -0.230320
vn -0.904971 -0.357742 -0.230320
vn -0.724517 0.673758 0.145345
vn -0.724517 0.673758 0.145345
vn -0.724517 0.673758 0.145345
vn -0.724517 0.673758 0.145345
vn -0.724512 0.673764 0.145345
vn -0.724512 0.673764 0.145345
vn -0.724512 0.673764 0.145345
vn -0.422406 0.860133 0.285909
vn -0.422406 0.860133 0.285909
vn -0.422406 0.860133 0.285909
vn -0.422406 0.860133 0.285909
vn -0.121099 0.951762 0.281929
vn -0.121099 0.951762 0.281929
vn -0.121099 0.951762 0.281929
vn 0.349135 0.863902 0.363013
vn 0.349135 0.863902 0.363013
vn 0.349135 0.863902 0.363013
vn 0.349135 0.863902 0.363013
vn 0.924450 -0.377328 -0.054919
vn 0.924450 -0.377328 -0.054919
vn 0.924450 -0.377328 -0.054919
vn 0.924450 -0.377328 -0.054919
vn 0.693562 -0.684580 -0.224324
vn 0.693562 -0.684580 -0.224324
vn 0.693562 -0.684580 -0.224324
vn 0.693562 -0.684580 -0.224324
vn 0.450984 -0.852341 -0.264817
vn 0.450984 -0.852341 -0.264817
vn 0.450984 -0.852341 -0.264817
vn 0.450984 -0.852341 -0.264817
vn -0.040107 0.004670 -0.999185
vn -0.040107 0.004670 -0.999184
vn -0.040107 0.004670 -0.999184
vn -0.040107 0.004670 -0.999185
vn 0.156308 -0.916409 -0.368459
vn 0.156308 -0.916409 -0.368459
vn 0.156308 -0.916409 -0.368459
vn 0.644318 0.762465 0.059175
vn 0.644318 0.762465 0.059175
vn 0.644318 0.762465 0.059175
vn 0.644318 0.762465 0.059175
vn 0.898884 -0.375015 -0.226655
vn 0.928034 -0.264909 -0.261872
vn 0.921711 -0.293960 -0.253055
vn 0.928971 -0.260196 -0.263271
vn 0.921711 -0.293960 -0.253055
vn 0.928034 -0.264909 -0.261872
vn 0.928971 -0.260196 -0.263271
vn 0.784067 -0.549436 -0.288721
vn 0.784067 -0.549436 -0.288721
vn 0.784067 -0.549436 -0.288721
vn 0.784067 -0.549436 -0.288721
vn 0.785846 -0.546669 -0.289134
vn 0.785849 -0.546667 -0.289132
vn 0.785853 -0.546662 -0.289129
vn 0.785853 -0.546662 -0.289129
vn 0.785849 -0.546667 -0.289132
vn 0.785856 -0.546659 -0.289126
vn 0.785856 -0.546659 -0.289126
vn -0.272373 -0.706128 -0.653602
vn -0.272373 -0.706128 -0.653602
vn -0.272373 -0.706128 -0.653602
vn -0.272373 -0.706128 -0.653602
vn -0.903977 -0.350398 -0.245044
vn -0.903977 -0.350398 -0.245044
vn -0.892202 -0.375164 -0.251450
vn -0.864410 -0.427541 -0.264582
vn -0.892202 -0.375164 -0.251450
vn -0.698007 -0.644715 -0.311654
vn -0.864410 -0.427541 -0.264582
vn -0.014629 -0.892113 -0.451575
vn -0.014629 -0.892113 -0.451575
vn -0.014629 -0.892113 -0.451575
vn -0.586267 -0.720317 -0.370722
vn -0.586267 -0.720317 -0.370723
vn -0.586267 -0.720317 -0.370723
vn 0.194100 0.977325 0.084625
vn 0.194100 0.977325 0.084625
vn 0.194100 0.977325 0.084625
vn 0.182712 0.979535 0.084418
vn 0.182712 0.979535 0.084418
vn 0.182712 0.979535 0.084418
vn 0.023912 0.968247 0.248849
vn 0.023912 0.968247 0.248849
vn 0.023912 0.968247 0.248849
vn 0.023912 0.968247 0.248849
vn -0.026950 0.961016 0.275176
vn -0.026950 0.961016 0.275176
vn -0.026950 0.961016 0.275176
vn -0.513431 0.842511 0.162982
vn -0.513431 0.842511 0.162982
vn -0.513431 0.842511 0.162982
vn -0.513431 0.842511 0.162982
vn -0.407844 0.880584 0.241320
vn -0.407844 0.880584 0.241320
vn -0.407844 0.880584 0.241320
vn -0.408029 0.882024 0.235681
vn -0.408029 0.882024 0.235681
vn -0.408029 0.882024 0.235681
vn -0.408029 0.882024 0.235681
vn -0.724522 0.673752 0.145347
vn -0.724522 0.673752 0.145347
vn -0.724522 0.673752 0.145347
vn -0.724514 0.673762 0.145343
vn -0.724516 0.673759 0.145344
vn -0.724517 0.673758 0.145344
vn -0.724517 0.673758 0.145344
vn -0.724516 0.673759 0.145344
vn -0.724518 0.673758 0.145344
vn -0.724518 0.673758 0.145344
vn -0.724525 0.673748 0.145348
vn -0.724525 0.673749 0.145348
vn -0.724525 0.673748 0.145348
vn -0.723670 0.674479 0.146219
vn -0.723670 0.674479 0.146219
vn -0.723670 0.674479 0.146219
vn -0.723670 0.674479 0.146219
vn -0.684489 -0.678584 -0.266454
vn -0.684490 -0.678584 -0.266454
vn -0.684490 -0.678584 -0.266454
vn -0.684493 -0.678580 -0.266454
vn -0.684493 -0.678580 -0.266454
vn -0.684493 -0.678580 -0.266454
vn -0.684493 -0.678580 -0.266454
vn 0.079955 -0.934325 -0.347337
vn 0.079955 -0.934325 -0.347337
vn 0.079955 -0.934325 -0.347337
vn 0.052635 -0.925381 -0.375367
vn 0.052635 -0.925381 -0.375367
vn 0.052635 -0.925381 -0.375367
vn 0.052635 -0.925381 -0.375367
vn 0.996318 0.003279 0.085669
vn 0.996318 0.003279 0.085669
vn 0.996318 0.003279 0.085669
vn 0.996318 0.003279 0.085669
vn 0.912900 0.359330 0.193637
vn 0.912900 0.359330 0.193637
vn 0.912900 0.359330 0.193637
vn 0.912900 0.359329 0.193637
vn 0.678820 0.682193 0.271690
vn 0.678820 0.682193 0.271690
vn 0.678820 0.682193 0.271690
vn 0.678820 0.682193 0.271690
vn -0.007072 0.975889 0.218153
vn -0.007072 0.975889 0.218153
vn -0.007072 0.975889 0.218153
vn -0.007072 0.975889 0.218153
vn -0.407415 0.882157 0.236245
vn -0.407415 0.882157 0.236245
vn -0.407415 0.882157 0.236245
vn -0.407415 0.882157 0.236245
vn -0.674759 0.728077 -0.120851
vn -0.674759 0.728077 -0.120851
vn -0.674759 0.728077 -0.120851
vn -0.674759 0.728077 -0.120851
vn -0.873660 0.428974 -0.229562
vn -0.873660 0.428974 -0.229562
vn -0.873660 0.428974 -0.229562
vn -0.873660 0.428974 -0.229562
vn -0.936194 0.076737 -0.343006
vn -0.936194 0.076737 -0.343006
vn -0.936194 0.076737 -0.343006
vn -0.936194 0.076737 -0.343006
vn -0.852825 -0.274980 -0.443931
vn -0.852826 -0.274980 -0.443931
vn -0.852826 -0.274980 -0.443931
vn -0.852826 -0.274980 -0.443931
vn -0.636251 -0.572667 -0.516949
vn -0.636251 -0.572667 -0.516949
vn -0.636251 -0.572667 -0.516949
vn -0.636251 -0.572667 -0.516949
vn -0.431929 -0.721258 -0.541501
vn -0.431929 -0.721258 -0.541501
vn -0.431929 -0.721258 -0.541501
vn -0.431929 -0.721258 -0.541501
vn 0.092284 -0.906385 -0.412249
vn 0.092284 -0.906385 -0.412249
vn 0.092284 -0.906385 -0.412249
vn 0.092284 -0.906385 -0.412249
vn 0.573901 -0.812766 -0.100244
vn 0.573901 -0.812766 -0.100244
vn 0.573901 -0.812766 -0.100244
vn 0.573901 -0.812766 -0.100244
vn 0.775477 -0.623156 -0.101552
vn 0.775477 -0.623156 -0.101552
vn 0.775477 -0.623156 -0.101552
vn 0.775477 -0.623156 -0.101552
vn 0.880337 -0.406334 -0.244743
vn 0.880337 -0.406334 -0.244743
vn 0.880337 -0.406334 -0.244743
vn 0.880337 -0.406334 -0.244743
vn 0.987644 0.062426 -0.143747
vn 0.987643 0.062426 -0.143747
vn 0.987644 0.062426 -0.143747
vn 0.987643 0.062426 -0.143747
vn 0.907227 0.418610 -0.041286
vn 0.907227 0.418610 -0.041286
vn 0.907227 0.418610 -0.041286
vn 0.907227 0.418610 -0.041286
vn 0.680512 0.732724 -0.004364
vn 0.680512 0.732724 -0.004364
vn 0.680512 0.732724 -0.004364
vn 0.680512 0.732724 -0.004364
vn -0.057456 0.881404 0.468856
vn -0.057456 0.881404 0.468856
vn -0.057456 0.881404 0.468856
vn -0.057456 0.881404 0.468856
vn -0.750393 0.633404 0.188969
vn -0.750393 0.633404 0.188969
vn -0.750393 0.633404 0.188969
vn -0.750393 0.633404 0.188969
vn -0.355126 -0.884764 -0.301790
vn -0.355126 -0.884765 -0.301790
vn -0.355126 -0.884764 -0.301790
vn -0.355126 -0.884764 -0.301790
vn 0.067709 -0.956251 -0.284604
vn 0.067709 -0.956251 -0.284604
vn 0.067709 -0.956251 -0.284604
vn 0.067709 -0.956251 -0.284604
vn 0.681696 0.685424 0.255900
vn 0.681696 0.685424 0.255900
vn 0.681696 0.685424 0.255900
vn 0.681696 0.685424 0.255900
vn -0.006046 0.999516 0.030520
vn -0.006046 0.999516 0.030520
vn -0.006046 0.999516 0.030520
vn -0.006046 0.999516 0.030520
vn -0.371831 0.928028 -0.022494
vn -0.371831 0.928028 -0.022494
vn -0.371831 0.928028 -0.022494
vn -0.371831 0.928028 -0.022494
vn -0.677785 0.726955 -0.110198
vn -0.677785 0.726955 -0.110198
vn -0.677785 0.726955 -0.110198
vn -0.677785 0.726955 -0.110198
vn -0.203714 -0.963009 0.176391
vn -0.203713 -0.963009 0.176391
vn -0.203713 -0.963009 0.176391
vn -0.203713 -0.963009 0.176391
vn 0.060099 -0.933252 -0.354161
vn 0.060099 -0.933252 -0.354161
vn 0.060099 -0.933252 -0.354161
vn 0.060099 -0.933252 -0.354161
vn 0.996321 0.003413 0.085635
vn 0.996321 0.003413 0.085635
vn 0.996321 0.003413 0.085635
vn 0.996321 0.003413 0.085635
vn 0.916505 0.353908 0.186459
vn 0.916505 0.353908 0.186459
vn 0.916505 0.353908 0.186459
vn 0.916505 0.353908 0.186459
vn 0.674645 0.687618 0.268394
vn 0.674645 0.687618 0.268394
vn 0.674645 0.687618 0.268394
vn 0.674645 0.687618 0.268394
vn -0.082169 0.322232 0.943088
vn -0.082169 0.322232 0.943088
vn -0.082169 0.322233 0.943088
vn -0.082169 0.322232 0.943088
vn -0.303968 0.278869 0.910953
vn -0.303968 0.278869 0.910953
vn -0.303968 0.278869 0.910953
vn -0.303968 0.278869 0.910953
vn -0.489505 0.156970 0.857756
vn -0.489505 0.156970 0.857756
vn -0.489505 0.156970 0.857756
vn -0.489505 0.156970 0.857756
vn -0.142099 -0.280223 -0.949359
vn -0.142099 -0.280223 -0.949359
vn -0.142099 -0.280223 -0.949359
vn -0.142099 -0.280223 -0.949359
vn -0.095187 -0.789780 0.605959
vn -0.095187 -0.789780 0.605959
vn -0.095187 -0.789780 0.605959
vn -0.095187 -0.789780 0.605959
vn 0.172535 -0.301745 -0.937647
vn 0.172535 -0.301745 -0.937647
vn 0.172535 -0.301745 -0.937647
vn 0.172535 -0.301745 -0.937647
vn 0.517224 -0.235266 0.822879
vn 0.517224 -0.235266 0.822879
vn 0.517224 -0.235266 0.822879
vn 0.517224 -0.235266 0.822879
vn 0.648388 0.239271 -0.722733
vn 0.648388 0.239271 -0.722733
vn 0.648388 0.239271 -0.722733
vn 0.648388 0.239271 -0.722733
vn 0.514805 -0.133944 0.846779
vn 0.514805 -0.133944 0.846779
vn 0.514805 -0.133944 0.846779
vn 0.514805 -0.133944 0.846779
vn 0.550232 0.545730 -0.632000
vn 0.550232 0.545730 -0.632000
vn 0.550232 0.545730 -0.632000
vn 0.550232 0.545730 -0.632000
vn 0.242604 0.241889 0.939486
vn 0.242604 0.241889 0.939486
vn 0.242604 0.241889 0.939486
vn 0.242604 0.241889 0.939486
vn 0.541562 0.557676 -0.629054
vn 0.541562 0.557676 -0.629054
vn 0.541562 0.557676 -0.629054
vn 0.541562 0.557676 -0.629054
vn 0.377802 0.915374 0.139126
vn 0.377802 0.915374 0.139126
vn 0.377802 0.915374 0.139126
vn 0.377802 0.915374 0.139126
vn 0.347959 0.859972 0.373325
vn 0.347959 0.859972 0.373325
vn 0.347959 0.859972 0.373325
vn 0.347960 0.859972 0.373325
vn 0.618629 0.734810 0.278123
vn 0.618629 0.734810 0.278123
vn 0.618629 0.734810 0.278123
vn -0.241256 -0.771216 -0.589085
vn -0.241256 -0.771216 -0.589085
vn -0.241256 -0.771216 -0.589085
vn -0.241256 -0.771216 -0.589085
vn 0.916958 0.366037 0.158759
vn 0.916958 0.366037 0.158759
vn 0.916958 0.366037 0.158759
vn 0.909494 0.369366 0.190760
vn 0.909494 0.369366 0.190760
vn 0.909494 0.369366 0.190760
vn 0.909494 0.369366 0.190760
vn 0.996321 0.003416 0.085636
vn 0.996321 0.003416 0.085636
vn 0.996321 0.003416 0.085636
vn 0.996321 0.003416 0.085636
vn 0.931307 -0.362796 -0.032330
vn 0.931307 -0.362796 -0.032330
vn 0.931307 -0.362796 -0.032330
vn 0.610366 0.025055 -0.791724
vn 0.610366 0.025055 -0.791724
vn 0.610366 0.025055 -0.791724
vn 0.610366 0.025055 -0.791724
vn 0.909753 -0.415087 0.007258
vn 0.909753 -0.415087 0.007258
vn 0.909753 -0.415087 0.007258
vn 0.909753 -0.415087 0.007258
vn 0.496795 -0.369814 0.785132
vn 0.496795 -0.369814 0.785132
vn 0.496795 -0.369814 0.785132
vn 0.937459 -0.346137 0.036874
vn 0.937459 -0.346137 0.036874
vn 0.937459 -0.346137 0.036874
vn 0.937459 -0.346137 0.036874
vn 0.932894 -0.359940 -0.012298
vn 0.932894 -0.359940 -0.012298
vn 0.932894 -0.359940 -0.012298
vn 0.932894 -0.359940 -0.012298
vn 0.693216 -0.720729 -0.001222
vn 0.693216 -0.720729 -0.001222
vn 0.693216 -0.720729 -0.001222
vn 0.693216 -0.720729 -0.001222
vn 0.648341 -0.750280 -0.129361
vn 0.648341 -0.750280 -0.129361
vn 0.648341 -0.750280 -0.129361
vn -0.752339 0.651010 -0.100860
vn -0.752339 0.651010 -0.100860
vn -0.752339 0.651010 -0.100860
vn -0.503104 0.863679 0.030738
vn -0.503104 0.863679 0.030738
vn -0.503104 0.863679 0.030738
vn -0.503104 0.863679 0.030738
vn -0.356633 0.933755 0.030256
vn -0.356633 0.933755 0.030256
vn -0.356633 0.933755 0.030256
vn -0.926093 0.335693 -0.172224
vn -0.926093 0.335693 -0.172224
vn -0.926093 0.335693 -0.172224
vn -0.823236 0.550406 -0.139051
vn -0.823236 0.550406 -0.139051
vn -0.823236 0.550406 -0.139051
vn -0.790577 -0.450128 -0.415179
vn -0.790577 -0.450128 -0.415179
vn -0.790576 -0.450128 -0.415179
vn -0.792909 -0.162780 -0.587196
vn -0.792909 -0.162780 -0.587196
vn -0.792909 -0.162780 -0.587196
vn -0.792909 -0.162780 -0.587196
vn 0.489577 0.586242 -0.645472
vn 0.489577 0.586242 -0.645473
vn 0.489577 0.586242 -0.645473
vn 0.489577 0.586242 -0.645473
vn -0.878192 -0.307480 -0.366381
vn -0.878192 -0.307480 -0.366381
vn -0.878192 -0.307480 -0.366381
vn -0.878192 -0.307480 -0.366381
vn 0.934886 0.348773 0.065922
vn 0.934886 0.348773 0.065922
vn 0.934886 0.348773 0.065922
vn 0.012434 -0.336793 -0.941497
vn 0.012434 -0.336793 -0.941497
vn 0.012434 -0.336793 -0.941497
vn 0.012434 -0.336793 -0.941497
vn 0.390733 0.914517 0.104819
vn 0.390733 0.914517 0.104819
vn 0.390733 0.914517 0.104819
vn 0.390733 0.914517 0.104819
vn 0.923219 0.375271 0.082697
vn 0.923219 0.375271 0.082697
vn 0.923219 0.375271 0.082697
vn 0.923219 0.375271 0.082697
vn -0.909652 -0.369087 -0.190548
vn -0.909652 -0.369087 -0.190548
vn -0.909652 -0.369087 -0.190548
vn -0.909652 -0.369087 -0.190548
vn -0.909650 -0.369091 -0.190548
vn -0.909650 -0.369091 -0.190548
vn -0.909650 -0.369091 -0.190548
vn -0.909651 -0.369089 -0.190550
vn -0.909651 -0.369089 -0.190550
vn -0.909651 -0.369089 -0.190550
vn -0.909651 -0.369089 -0.190550
vn -0.909652 -0.369084 -0.190553
vn -0.909652 -0.369084 -0.190553
vn -0.909652 -0.369084 -0.190553
vn -0.909652 -0.369084 -0.190553
vn -0.880579 -0.153775 -0.448256
vn -0.880579 -0.153775 -0.448256
vn -0.880579 -0.153775 -0.448256
vn -0.880579 -0.153775 -0.448256
vn -0.044016 -0.972754 -0.227621
vn -0.044016 -0.972755 -0.227621
vn -0.044016 -0.972755 -0.227621
vn -0.044016 -0.972755 -0.227621
vn -0.355186 -0.884718 -0.301855
vn -0.355186 -0.884718 -0.301855
vn -0.355186 -0.884718 -0.301855
vn -0.355186 -0.884718 -0.301855
vn -0.355121 -0.884766 -0.301793
vn -0.355121 -0.884766 -0.301793
vn -0.355121 -0.884766 -0.301793
vn -0.471527 -0.687350 -0.552460
vn -0.471527 -0.687350 -0.552460
vn -0.471527 -0.687350 -0.552460
vn -0.471527 -0.687350 -0.552460
vn -0.355127 -0.884769 -0.301775
vn -0.355127 -0.884769 -0.301775
vn -0.355127 -0.884769 -0.301775
vn -0.355127 -0.884769 -0.301775
vn -0.355131 -0.884756 -0.301808
vn -0.355131 -0.884756 -0.301808
vn -0.355131 -0.884756 -0.301808
vn -0.272222 -0.753481 0.598466
vn -0.272222 -0.753481 0.598466
vn -0.272222 -0.753482 0.598466
vn -0.272222 -0.753481 0.598466
vn -0.350943 -0.866003 -0.356199
vn -0.350943 -0.866003 -0.356199
vn -0.350943 -0.866003 -0.356199
vn -0.399325 -0.847477 -0.349746
vn -0.399325 -0.847477 -0.349746
vn -0.399325 -0.847477 -0.349746
vn -0.420538 -0.844691 -0.331127
vn -0.420538 -0.844691 -0.331127
vn -0.420538 -0.844691 -0.331127
vn -0.421010 -0.856467 -0.298689
vn -0.421010 -0.856467 -0.298689
vn -0.421010 -0.856467 -0.298689
vn 0.956666 0.283496 -0.066483
vn 0.935344 0.349742 -0.053035
vn 0.931968 0.358918 -0.051122
vn 0.931968 0.358918 -0.051122
vn 0.935344 0.349742 -0.053035
vn 0.931491 0.360192 -0.050855
vn 0.931491 0.360192 -0.050855
vn 0.942019 0.335389 -0.010724
vn 0.942019 0.335389 -0.010724
vn 0.942019 0.335389 -0.010724
vn 0.942019 0.335389 -0.010724
vn 0.943569 0.321475 -0.079572
vn 0.943569 0.321475 -0.079572
vn 0.943569 0.321475 -0.079572
vn 0.941942 0.335554 -0.012186
vn 0.941942 0.335554 -0.012186
vn 0.941942 0.335554 -0.012186
vn 0.310907 0.946972 0.081118
vn 0.310907 0.946972 0.081118
vn 0.310907 0.946972 0.081118
vn 0.354905 0.931972 0.073969
vn 0.354905 0.931972 0.073969
vn 0.354905 0.931972 0.073969
vn 0.354905 0.931972 0.073969
vn 0.942633 0.333583 -0.012839
vn 0.942633 0.333583 -0.012839
vn 0.942633 0.333583 -0.012839
vn 0.942633 0.333583 -0.012839
vn 0.104816 -0.869871 -0.482014
vn 0.104816 -0.869871 -0.482014
vn 0.104816 -0.869871 -0.482014
vn 0.104816 -0.869871 -0.482014
vn 0.085308 -0.858670 -0.505379
vn 0.085308 -0.858670 -0.505379
vn 0.085308 -0.858670 -0.505379
vn 0.356727 -0.804842 -0.474315
vn 0.356727 -0.804842 -0.474315
vn 0.356727 -0.804842 -0.474315
vn 0.356727 -0.804842 -0.474315
vn 0.476975 -0.731522 -0.487207
vn 0.476975 -0.731522 -0.487207
vn 0.476975 -0.731522 -0.487207
vn 0.476975 -0.731522 -0.487207
vn 0.282746 -0.822570 -0.493389
vn 0.282746 -0.822570 -0.493389
vn 0.282746 -0.822570 -0.493389
vn -0.996320 -0.003411 -0.085638
vn -0.996320 -0.003411 -0.085638
vn -0.996321 -0.003411 -0.085638
vn -0.996320 -0.003411 -0.085638
vn 0.786524 -0.516136 -0.339092
vn 0.786524 -0.516136 -0.339092
vn 0.786524 -0.516136 -0.339092
vn 0.393895 -0.805223 -0.443241
vn 0.393895 -0.805223 -0.443241
vn 0.414959 -0.795501 -0.441574
vn 0.418419 -0.793852 -0.441276
vn 0.418419 -0.793852 -0.441276
vn 0.414959 -0.795501 -0.441574
vn 0.608174 -0.678082 -0.412710
vn 0.319745 -0.759343 -0.566711
vn 0.319745 -0.759343 -0.566711
vn 0.319745 -0.759343 -0.566711
vn 0.319745 -0.759343 -0.566711
vn -0.931311 0.362789 0.032313
vn -0.931311 0.362789 0.032313
vn -0.931311 0.362789 0.032313
vn -0.931311 0.362789 0.032313
vn -0.785096 0.228764 0.575579
vn -0.785096 0.228764 0.575579
vn -0.785096 0.228764 0.575579
vn -0.785096 0.228764 0.575579
vn -0.299066 -0.118016 0.946906
vn -0.299066 -0.118016 0.946906
vn -0.299066 -0.118016 0.946906
vn -0.299066 -0.118016 0.946906
vn -0.906242 0.388238 0.167323
vn -0.906242 0.388238 0.167323
vn -0.906242 0.388238 0.167323
vn -0.906242 0.388238 0.167323
vn -0.887046 0.251651 0.387066
vn -0.887046 0.251651 0.387066
vn -0.887046 0.251651 0.387066
vn -0.887046 0.251651 0.387066
vn 0.713092 -0.333611 -0.616607
vn 0.713092 -0.333611 -0.616607
vn 0.713092 -0.333611 -0.616607
vn 0.713092 -0.333611 -0.616607
vn -0.945261 0.305962 0.113443
vn -0.945261 0.305962 0.113443
vn -0.945261 0.305962 0.113443
vn -0.945261 0.305962 0.113443
vn 0.853222 -0.289723 -0.433674
vn 0.853222 -0.289723 -0.433674
vn 0.853222 -0.289723 -0.433674
vn 0.853222 -0.289723 -0.433674
vn 0.986093 -0.021021 0.164860
vn 0.986093 -0.021021 0.164860
vn 0.986093 -0.021021 0.164860
vn 0.984376 -0.009731 0.175813
vn 0.984376 -0.009731 0.175813
vn 0.984376 -0.009731 0.175813
vn 0.984376 -0.009731 0.175813
vn 0.879479 0.348058 0.324610
vn 0.879479 0.348058 0.324610
vn 0.879479 0.348058 0.324610
vn 0.879479 0.348058 0.324610
vn 0.684493 0.678582 0.266450
vn 0.684493 0.678582 0.266450
vn 0.684493 0.678582 0.266450
vn 0.684493 0.678582 0.266450
vn 0.635045 0.611560 0.471924
vn 0.635045 0.611560 0.471924
vn 0.635045 0.611560 0.471924
vn 0.635045 0.611560 0.471924
vn 0.684493 0.678581 0.266454
vn 0.684493 0.678581 0.266454
vn 0.684493 0.678581 0.266454
vn 0.331161 0.155347 0.930698
vn 0.331161 0.155347 0.930698
vn 0.331161 0.155347 0.930698
vn 0.331161 0.155347 0.930698
vn 0.678725 0.660691 0.320655
vn 0.678725 0.660691 0.320655
vn 0.678725 0.660691 0.320655
vn 0.674949 0.663984 0.321821
vn 0.674949 0.663984 0.321821
vn 0.674949 0.663984 0.321821
vn 0.674949 0.663984 0.321821
vn 0.888099 0.382808 0.254438
vn 0.888099 0.382808 0.254438
vn 0.888099 0.382808 0.254438
vn 0.888099 0.382808 0.254438
vn 0.995423 -0.017954 0.093864
vn 0.995423 -0.017954 0.093864
vn 0.995423 -0.017954 0.093864
vn 0.995423 -0.017954 0.093864
vn 0.993979 -0.014986 0.108545
vn 0.993979 -0.014986 0.108545
vn 0.993979 -0.014986 0.108545
vn 0.993979 -0.014986 0.108545
vn 0.512054 -0.236307 0.825808
vn 0.512054 -0.236307 0.825808
vn 0.512054 -0.236307 0.825808
vn 0.512054 -0.236307 0.825808
vn 0.038090 -0.950629 -0.307983
vn 0.038090 -0.950629 -0.307983
vn 0.038090 -0.950629 -0.307983
vn 0.038090 -0.950629 -0.307983
vn 0.072011 -0.955238 -0.286941
vn 0.072011 -0.955238 -0.286941
vn 0.072011 -0.955238 -0.286941
vn 0.671637 0.230019 -0.704269
vn 0.671637 0.230019 -0.704269
vn 0.671637 0.230019 -0.704269
vn -0.021766 0.962563 -0.270183
vn -0.021766 0.962563 -0.270183
vn -0.021766 0.962563 -0.270183
vn -0.021766 0.962563 -0.270183
vn -0.024015 -0.352209 -0.935613
vn -0.024015 -0.352209 -0.935613
vn -0.024015 -0.352209 -0.935613
vn -0.024015 -0.352209 -0.935613
vn -0.380451 -0.876668 -0.294466
vn -0.380451 -0.876668 -0.294466
vn -0.380451 -0.876668 -0.294466
vn -0.355127 -0.884763 -0.301792
vn -0.355127 -0.884763 -0.301792
vn -0.355127 -0.884763 -0.301792
vn -0.359669 -0.884254 -0.297882
vn -0.359669 -0.884254 -0.297882
vn -0.359669 -0.884254 -0.297882
vn -0.359668 -0.884254 -0.297882
vn -0.367874 -0.882263 -0.293736
vn -0.367874 -0.882263 -0.293736
vn -0.367874 -0.882263 -0.293736
vn -0.033318 0.936043 0.350305
vn -0.033318 0.936043 0.350305
vn -0.033318 0.936043 0.350305
vn -0.033318 0.936043 0.350305
vn -0.819340 -0.546400 0.173579
vn -0.819340 -0.546400 0.173579
vn -0.819340 -0.546400 0.173579
vn -0.819340 -0.546400 0.173579
vn 0.720160 0.582136 0.377475
vn 0.720160 0.582136 0.377475
vn 0.720160 0.582136 0.377475
vn 0.720160 0.582136 0.377475
vn 0.145608 -0.702751 -0.696376
vn 0.145608 -0.702751 -0.696376
vn 0.145608 -0.702751 -0.696376
vn 0.466749 0.558108 0.686047
vn 0.466749 0.558108 0.686047
vn 0.466749 0.558108 0.686047
vn 0.606938 0.159352 0.778610
vn 0.606938 0.159352 0.778610
vn 0.606938 0.159352 0.778610
vn 0.762678 0.629741 -0.147476
vn 0.762678 0.629741 -0.147476
vn 0.762678 0.629741 -0.147476
vn 0.762678 0.629741 -0.147476
vn -0.579512 -0.267517 -0.769806
vn -0.579512 -0.267517 -0.769806
vn -0.579512 -0.267517 -0.769806
vn -0.579512 -0.267517 -0.769806
vn 0.773403 0.428135 -0.467493
vn 0.773403 0.428135 -0.467493
vn 0.773402 0.428135 -0.467493
vn 0.773403 0.428135 -0.467493
vn 0.333517 0.401890 -0.852790
vn 0.333517 0.401890 -0.852790
vn 0.333517 0.401890 -0.852790
vn 0.333517 0.401890 -0.852790
vn 0.355325 0.053899 0.933188
vn 0.355325 0.053899 0.933188
vn 0.355325 0.053899 0.933188
vn 0.355325 0.053899 0.933188
vn 0.461165 0.420016 0.781610
vn 0.461165 0.420016 0.781610
vn 0.461165 0.420016 0.781609
vn -0.470364 0.837772 0.277300
vn -0.470364 0.837772 0.277300
vn -0.470364 0.837772 0.277300
vn -0.470364 0.837772 0.277300
vn -0.724378 -0.498754 -0.475943
vn -0.724378 -0.498754 -0.475943
vn -0.724378 -0.498754 -0.475943
vn -0.637135 0.273025 -0.720775
vn -0.637135 0.273025 -0.720775
vn -0.637135 0.273025 -0.720775
vn -0.614120 -0.440901 0.654571
vn -0.614120 -0.440901 0.654571
vn -0.614120 -0.440901 0.654571
vn -0.889852 -0.345968 0.297438
vn -0.889852 -0.345968 0.297438
vn -0.889852 -0.345968 0.297438
vn -0.889852 -0.345968 0.297438
vn -0.931547 -0.165760 -0.323642
vn -0.931547 -0.165760 -0.323642
vn -0.931547 -0.165760 -0.323642
vn -0.219463 -0.303940 -0.927069
vn -0.219463 -0.303940 -0.927069
vn -0.219463 -0.303940 -0.927069
vn -0.219463 -0.303940 -0.927069
vn -0.751261 0.221623 -0.621684
vn -0.751261 0.221623 -0.621684
vn -0.751261 0.221623 -0.621684
vn -0.751261 0.221623 -0.621684
vn 0.425938 -0.415259 -0.803826
vn 0.425938 -0.415259 -0.803826
vn 0.425938 -0.415259 -0.803826
vn 0.425938 -0.415259 -0.803826
vn -0.067672 -0.137868 -0.988136
vn -0.067672 -0.137868 -0.988136
vn -0.067672 -0.137868 -0.988136
vn -0.067672 -0.137868 -0.988136
vn 0.503091 -0.291718 -0.813511
vn 0.503091 -0.291718 -0.813511
vn 0.503091 -0.291718 -0.813511
vn 0.503091 -0.291718 -0.813511
vn 0.525978 0.842792 -0.114233
vn 0.525978 0.842792 -0.114233
vn 0.525978 0.842792 -0.114233
vn 0.525978 0.842792 -0.114233
vn -0.174082 -0.034416 -0.984130
vn -0.174082 -0.034416 -0.984130
vn -0.174082 -0.034416 -0.984130
vn -0.174082 -0.034416 -0.984130
vn -0.436477 -0.111510 -0.892779
vn -0.436477 -0.111510 -0.892779
vn -0.436477 -0.111510 -0.892779
vn -0.436477 -0.111510 -0.892779
vn -0.421856 -0.760780 -0.493205
vn -0.421856 -0.760780 -0.493205
vn -0.421856 -0.760780 -0.493205
vn -0.421269 -0.527061 -0.738065
vn -0.421269 -0.527061 -0.738065
vn -0.421269 -0.527061 -0.738065
vn -0.387362 -0.533772 -0.751691
vn -0.387362 -0.533772 -0.751691
vn -0.387362 -0.533772 -0.751691
vn -0.387362 -0.533772 -0.751691
vn -0.595359 -0.135598 -0.791935
vn -0.595359 -0.135598 -0.791935
vn -0.595359 -0.135598 -0.791935
vn -0.549968 -0.661509 -0.509844
vn -0.549968 -0.661509 -0.509844
vn -0.549968 -0.661509 -0.509844
vn 0.279546 -0.387481 -0.878472
vn 0.279546 -0.387481 -0.878472
vn 0.279546 -0.387481 -0.878472
vn 0.279546 -0.387481 -0.878472
vn 0.453280 -0.857785 -0.242368
vn 0.453280 -0.857785 -0.242368
vn 0.453280 -0.857785 -0.242368
vn 0.642455 -0.135071 0.754325
vn 0.642455 -0.135071 0.754326
vn 0.642456 -0.135071 0.754326
vn 0.018899 -0.957506 -0.287794
vn 0.018899 -0.957506 -0.287794
vn 0.018899 -0.957506 -0.287794
vn -0.470939 -0.018412 0.881974
vn -0.470939 -0.018412 0.881974
vn -0.470939 -0.018412 0.881974
vn -0.470939 -0.018412 0.881974
vn -0.574538 0.035785 0.817695
vn -0.574538 0.035785 0.817695
vn -0.574538 0.035785 0.817695
vn -0.574538 0.035785 0.817695
vn -0.664567 -0.025525 0.746792
vn -0.664567 -0.025525 0.746792
vn -0.664567 -0.025525 0.746792
vn -0.707669 -0.054666 0.704427
vn -0.707669 -0.054666 0.704427
vn -0.707669 -0.054666 0.704427
vn -0.677274 -0.062456 0.733075
vn -0.677274 -0.062456 0.733075
vn -0.677274 -0.062456 0.733075
vn -0.529983 -0.796995 -0.289683
vn -0.529972 -0.796999 -0.289695
vn -0.529974 -0.796998 -0.289693
vn -0.529958 -0.797007 -0.289697
vn -0.529974 -0.796998 -0.289693
vn -0.529972 -0.796999 -0.289695
vn -0.529969 -0.796999 -0.289697
vn -0.529968 -0.797002 -0.289693
vn -0.529969 -0.796999 -0.289697
vn -0.529972 -0.796999 -0.289695
vn -0.529969 -0.796999 -0.289697
vn -0.529926 -0.797029 -0.289695
vn -0.529958 -0.797007 -0.289697
vn -0.252837 -0.827898 -0.500659
vn -0.252837 -0.827898 -0.500659
vn -0.252837 -0.827898 -0.500658
vn -0.252837 -0.827898 -0.500658
vn -0.087655 -0.875408 -0.475371
vn -0.087655 -0.875408 -0.475371
vn -0.087655 -0.875408 -0.475371
vn -0.087655 -0.875408 -0.475371
vn -0.227425 -0.769487 -0.596798
vn -0.227425 -0.769487 -0.596798
vn -0.227425 -0.769487 -0.596798
vn -0.227425 -0.769487 -0.596798
vn -0.497375 -0.693902 -0.520691
vn -0.497375 -0.693902 -0.520691
vn -0.497375 -0.693902 -0.520691
vn -0.529984 -0.796990 -0.289697
vn -0.529984 -0.796990 -0.289697
vn -0.529984 -0.796990 -0.289697
vn -0.529984 -0.796990 -0.289697
vn 0.521432 0.828569 0.203917
vn 0.521432 0.828569 0.203917
vn 0.521432 0.828569 0.203917
vn 0.521432 0.828569 0.203917
vn 0.516492 0.841280 0.159638
vn 0.516492 0.841280 0.159638
vn 0.516492 0.841280 0.159638
vn 0.516492 0.841280 0.159638
vn 0.516470 0.841293 0.159640
vn 0.516470 0.841293 0.159640
vn 0.516470 0.841293 0.159640
vn 0.516470 0.841293 0.159640
vn 0.047118 0.991613 0.120346
vn 0.047118 0.991613 0.120346
vn 0.047118 0.991613 0.120346
vn -0.844136 0.528424 0.090567
vn -0.844136 0.528424 0.090567
vn -0.844136 0.528424 0.090567
vn -0.844136 0.528424 0.090567
vn -0.844144 0.528411 0.090565
vn -0.844144 0.528411 0.090565
vn -0.844144 0.528411 0.090565
vn -0.844144 0.528411 0.090565
vn -0.844138 0.528424 0.090552
vn -0.844138 0.528424 0.090552
vn -0.844138 0.528424 0.090552
vn -0.844138 0.528424 0.090552
vn -0.844141 0.528419 0.090552
vn -0.844141 0.528419 0.090552
vn -0.844141 0.528419 0.090552
vn 0.091472 -0.883627 -0.459169
vn 0.091472 -0.883627 -0.459169
vn 0.091472 -0.883627 -0.459169
vn 0.091472 -0.883627 -0.459169
vn 0.753584 -0.637740 -0.159367
vn 0.779908 -0.599322 -0.180437
vn 0.775895 -0.605479 -0.177148
vn 0.781474 -0.596884 -0.181737
vn 0.781483 -0.596872 -0.181736
vn 0.775895 -0.605479 -0.177148
vn 0.779908 -0.599322 -0.180437
vn 0.779908 -0.599322 -0.180437
vn -0.987476 -0.145642 0.060657
vn 0.781474 -0.596884 -0.181737
vn 0.988295 -0.141916 0.055978
vn 0.988295 -0.141916 0.055978
vn 0.988295 -0.141916 0.055978
vn 0.988295 -0.141916 0.055978
vn 0.991127 -0.124763 0.045847
vn 0.991127 -0.124763 0.045847
vn 0.991127 -0.124763 0.045847
vn 0.991127 -0.124763 0.045847
vn 0.981802 -0.184242 0.046038
vn 0.981802 -0.184242 0.046038
vn 0.981802 -0.184242 0.046038
vn 0.981802 -0.184242 0.046038
vn -0.982263 0.014506 -0.186948
vn -0.982263 0.014506 -0.186948
vn -0.982263 0.014506 -0.186948
vn -0.982263 0.014506 -0.186948
vn -0.998992 0.026245 0.036414
vn -0.998992 0.026245 0.036414
vn -0.998992 0.026245 0.036414
vn -0.998992 0.026245 0.036414
vn -0.985549 0.148009 0.082381
vn -0.985549 0.148009 0.082381
vn -0.985549 0.148009 0.082381
vn -0.985541 0.148058 0.082390
vn -0.985541 0.148058 0.082390
vn -0.985541 0.148058 0.082390
vn -0.597055 -0.210347 0.774132
vn -0.597055 -0.210347 0.774132
vn -0.597055 -0.210347 0.774132
vn -0.597055 -0.210347 0.774132
vn -0.445231 -0.334948 0.830409
vn -0.445231 -0.334948 0.830409
vn -0.445231 -0.334948 0.830409
vn -0.445231 -0.334948 0.830409
vn -0.523050 0.057036 -0.850392
vn -0.523049 0.057036 -0.850392
vn -0.523049 0.057036 -0.850392
vn -0.523049 0.057036 -0.850392
vn -0.707118 -0.437737 0.555312
vn -0.707118 -0.437737 0.555312
vn -0.707118 -0.437737 0.555312
vn -0.707118 -0.437737 0.555312
vn -0.119209 0.267279 -0.956217
vn -0.119209 0.267279 -0.956217
vn -0.119209 0.267279 -0.956217
vn -0.119209 0.267279 -0.956217
vn 0.695849 0.168518 -0.698137
vn 0.695849 0.168518 -0.698137
vn 0.695849 0.168518 -0.698137
vn 0.695849 0.168518 -0.698137
vn 0.397636 0.183713 -0.898964
vn 0.397635 0.183713 -0.898963
vn 0.397636 0.183713 -0.898964
vn 0.397635 0.183713 -0.898963
vn 0.837944 -0.444860 0.316148
vn 0.837944 -0.444860 0.316148
vn 0.837944 -0.444860 0.316148
vn 0.837944 -0.444860 0.316148
vn 0.804273 -0.456353 0.380641
vn 0.804272 -0.456353 0.380641
vn 0.804272 -0.456353 0.380641
vn 0.804273 -0.456353 0.380641
vn -0.829524 0.167674 0.532706
vn -0.829524 0.167674 0.532706
vn -0.829524 0.167674 0.532706
vn -0.829524 0.167674 0.532706
vn -0.954605 0.225173 0.195005
vn -0.954605 0.225173 0.195005
vn -0.954605 0.225173 0.195005
vn -0.954605 0.225173 0.195005
vn -0.362737 -0.878911 -0.309738
vn -0.362737 -0.878911 -0.309738
vn -0.362737 -0.878911 -0.309738
vn -0.362737 -0.878911 -0.309738
vn -0.365110 -0.880416 -0.302593
vn -0.365110 -0.880416 -0.302593
vn -0.365110 -0.880416 -0.302593
vn -0.365110 -0.880416 -0.302593
vn 0.061421 -0.955958 -0.287005
vn 0.061421 -0.955958 -0.287005
vn 0.061421 -0.955958 -0.287005
vn 0.017394 -0.951981 -0.305662
vn 0.017394 -0.951981 -0.305662
vn 0.017394 -0.951981 -0.305662
vn 0.025669 -0.959432 -0.280770
vn 0.025669 -0.959432 -0.280770
vn 0.025669 -0.959432 -0.280771
vn 0.025669 -0.959432 -0.280771
vn 0.426369 -0.874165 -0.232475
vn 0.426369 -0.874165 -0.232475
vn 0.426369 -0.874165 -0.232475
vn -0.933023 0.357583 0.040023
vn -0.933023 0.357583 0.040023
vn -0.933023 0.357583 0.040023
vn -0.933023 0.357583 0.040023
vn -0.994573 -0.007340 -0.103787
vn -0.994573 -0.007340 -0.103787
vn -0.994573 -0.007340 -0.103787
vn -0.994573 -0.007340 -0.103787
vn -0.009886 -0.980472 0.196410
vn -0.009886 -0.980472 0.196410
vn -0.009886 -0.980472 0.196410
vn -0.009886 -0.980472 0.196410
vn 0.743028 -0.595609 0.305219
vn 0.743028 -0.595609 0.305219
vn 0.743028 -0.595609 0.305219
vn 0.743028 -0.595609 0.305219
vn -0.691942 -0.705488 0.153308
vn -0.691942 -0.705487 0.153308
vn -0.691942 -0.705487 0.153308
vn -0.691942 -0.705488 0.153308
vn 0.862078 0.033854 0.505644
vn 0.862078 0.033854 0.505644
vn 0.862078 0.033854 0.505644
vn 0.862078 0.033854 0.505644
vn -0.428171 0.902494 0.046633
vn -0.428171 0.902494 0.046633
vn -0.428171 0.902494 0.046633
vn -0.428171 0.902494 0.046633
vn -0.390023 0.918942 -0.058549
vn -0.390023 0.918942 -0.058549
vn -0.390023 0.918942 -0.058549
vn -0.390023 0.918942 -0.058549
vn -0.492322 0.848857 0.192511
vn -0.492322 0.848858 0.192511
vn -0.492322 0.848857 0.192511
vn -0.492322 0.848858 0.192511
vn 0.546976 -0.290621 -0.785084
vn 0.546976 -0.290621 -0.785084
vn 0.546976 -0.290621 -0.785084
vn 0.546976 -0.290621 -0.785084
vn -0.705676 -0.673534 -0.219939
vn -0.705676 -0.673534 -0.219939
vn -0.705676 -0.673534 -0.219939
vn -0.705676 -0.673534 -0.219939
vn 0.953251 0.288938 0.088475
vn 0.953251 0.288938 0.088475
vn 0.805110 0.584546 0.100515
vn 0.917783 0.385954 0.093345
vn 0.791570 0.602684 0.100943
vn 0.917783 0.385954 0.093345
vn 0.805110 0.584546 0.100515
vn 0.791570 0.602684 0.100943
vn 0.964888 0.119335 -0.233989
vn 0.964888 0.119335 -0.233989
vn 0.964888 0.119335 -0.233989
vn 0.964888 0.119335 -0.233989
vn -0.518144 -0.793061 -0.320283
vn -0.518144 -0.793061 -0.320283
vn -0.518144 -0.793061 -0.320283
vn -0.518144 -0.793061 -0.320283
vn -0.820939 -0.570837 0.014291
vn -0.820939 -0.570837 0.014291
vn -0.820939 -0.570837 0.014291
vn -0.820939 -0.570837 0.014291
vn -0.668866 -0.741365 0.054734
vn -0.668866 -0.741365 0.054734
vn -0.668866 -0.741365 0.054734
vn 0.797046 0.538469 0.273438
vn 0.797046 0.538469 0.273438
vn 0.797046 0.538469 0.273438
vn 0.797046 0.538469 0.273438
vn 0.589622 0.773609 0.232111
vn 0.589622 0.773609 0.232111
vn 0.589622 0.773609 0.232111
vn 0.589622 0.773609 0.232111
vn 0.565420 0.794070 0.223055
vn 0.565420 0.794070 0.223055
vn 0.565420 0.794070 0.223055
vn 0.565420 0.794070 0.223055
vn -0.428485 0.561182 0.708149
vn -0.428485 0.561182 0.708149
vn -0.428485 0.561182 0.708149
vn -0.428485 0.561182 0.708149
vn 0.557448 0.754441 0.346511
vn 0.557448 0.754441 0.346511
vn 0.557448 0.754441 0.346511
vn 0.557448 0.754441 0.346511
vn -0.990717 0.071074 -0.115877
vn -0.990718 0.071074 -0.115877
vn -0.990718 0.071074 -0.115877
vn -0.990718 0.071074 -0.115877
vn -0.752493 0.493878 -0.435706
vn -0.752492 0.493878 -0.435706
vn -0.752493 0.493878 -0.435706
vn -0.522005 -0.394443 -0.756257
vn -0.522005 -0.394443 -0.756257
vn -0.522005 -0.394443 -0.756257
vn -0.522005 -0.394443 -0.756257
vn 0.035394 0.983762 0.175953
vn 0.035394 0.983762 0.175953
vn 0.035394 0.983762 0.175953
vn 0.035394 0.983762 0.175953
vn -0.986189 0.131366 -0.100865
vn -0.986189 0.131366 -0.100865
vn -0.986189 0.131366 -0.100865
vn -0.986189 0.131366 -0.100865
vn -0.039725 0.903812 0.426082
vn -0.039725 0.903812 0.426082
vn -0.039725 0.903812 0.426082
vn 0.763741 0.644571 0.035037
vn 0.763741 0.644571 0.035037
vn 0.763741 0.644571 0.035037
vn 0.763741 0.644571 0.035037
vn -0.964184 -0.153560 -0.216263
vn -0.964183 -0.153560 -0.216263
vn -0.964184 -0.153560 -0.216263
vn -0.964183 -0.153560 -0.216263
vn 0.001435 0.446784 -0.894641
vn 0.001435 0.446784 -0.894641
vn 0.001435 0.446784 -0.894641
vn 0.001435 0.446784 -0.894641
vn -0.002647 0.461609 -0.887079
vn -0.002647 0.461609 -0.887079
vn -0.002647 0.461609 -0.887079
vn -0.959982 -0.143720 -0.240373
vn -0.959982 -0.143720 -0.240373
vn -0.959982 -0.143720 -0.240373
vn -0.959982 -0.143720 -0.240373
vn 0.979743 0.182877 -0.081605
vn 0.979743 0.182877 -0.081605
vn 0.979743 0.182877 -0.081605
vn -0.199587 0.935283 -0.292251
vn -0.043507 0.805546 -0.590934
vn -0.043507 0.805546 -0.590934
vn -0.097689 0.862059 -0.497303
vn -0.199587 0.935283 -0.292251
vn -0.097689 0.862059 -0.497303
vn -0.465520 0.883860 -0.045634
vn -0.385041 0.913202 0.133437
vn -0.586105 0.623904 -0.516938
vn -0.385041 0.913202 0.133437
vn -0.465520 0.883860 -0.045634
vn -0.875096 -0.450452 -0.176916
vn -0.875096 -0.450452 -0.176916
vn -0.875096 -0.450452 -0.176916
vn -0.875096 -0.450452 -0.176916
vn 0.622529 0.535007 -0.571161
vn 0.622529 0.535007 -0.571161
vn 0.622529 0.535007 -0.571161
vn 0.622529 0.535007 -0.571161
vn 0.577077 -0.793183 -0.194534
vn 0.577077 -0.793183 -0.194534
vn 0.577077 -0.793183 -0.194534
vn -0.844116 0.528523 0.090178
vn -0.844116 0.528523 0.090178
vn -0.844116 0.528523 0.090178
vn -0.844116 0.528523 0.090178
vn -0.992215 0.105839 -0.065638
vn -0.992215 0.105839 -0.065639
vn -0.992215 0.105839 -0.065638
vn -0.992215 0.105839 -0.065638
vn 0.347117 -0.492752 -0.797938
vn 0.347117 -0.492752 -0.797938
vn 0.347117 -0.492752 -0.797938
vn 0.347117 -0.492752 -0.797938
vn 0.275122 -0.448714 -0.850272
vn 0.398573 -0.463728 -0.791263
vn 0.353121 -0.459125 -0.815175
vn 0.275122 -0.448714 -0.850272
vn 0.574700 -0.634654 0.516657
vn 0.574700 -0.634654 0.516657
vn 0.574700 -0.634654 0.516657
vn 0.574700 -0.634654 0.516657
vn -0.173338 -0.036936 0.984170
vn -0.173338 -0.036936 0.984170
vn -0.173338 -0.036936 0.984170
vn -0.173338 -0.036936 0.984170
vn -0.310622 0.127873 0.941893
vn -0.310622 0.127873 0.941893
vn -0.310622 0.127874 0.941893
vn -0.310622 0.127873 0.941893
vn -0.524888 0.850543 0.032702
vn -0.524888 0.850543 0.032702
vn -0.524888 0.850543 0.032702
vn -0.524888 0.850543 0.032702
vn -0.254042 0.844513 0.471445
vn -0.404512 0.767072 0.497967
vn -0.404503 0.767078 0.497965
vn -0.404512 0.767072 0.497967
vn -0.671842 0.540693 0.506239
vn -0.404503 0.767078 0.497965
vn -0.197749 0.891788 -0.406951
vn -0.197749 0.891788 -0.406951
vn -0.197749 0.891788 -0.406951
vn -0.197749 0.891788 -0.406951
vn 0.455189 -0.467819 -0.757594
vn 0.353121 -0.459125 -0.815175
vn 0.398573 -0.463728 -0.791263
vn 0.455189 -0.467819 -0.757594
vn -0.696892 0.177404 -0.694888
vn -0.696892 0.177404 -0.694888
vn -0.696892 0.177404 -0.694888
vn -0.696892 0.177404 -0.694888
vn -0.989421 0.099943 -0.105159
vn -0.989421 0.099943 -0.105159
vn -0.989421 0.099943 -0.105159
vn -0.989421 0.099943 -0.105159
vn 0.062941 0.946031 0.317906
vn 0.062941 0.946031 0.317906
vn 0.062941 0.946031 0.317906
vn 0.062941 0.946031 0.317906
vn -0.076965 -0.307875 0.948309
vn -0.076965 -0.307875 0.948309
vn -0.076965 -0.307875 0.948309
vn -0.076965 -0.307875 0.948309
vn -0.017403 -0.687173 -0.726285
vn -0.017403 -0.687173 -0.726285
vn -0.017403 -0.687173 -0.726285
vn -0.017403 -0.687173 -0.726285
vn 0.362831 0.805831 0.467963
vn 0.362831 0.805831 0.467963
vn 0.362831 0.805831 0.467963
vn 0.073782 0.959043 0.273482
vn 0.073782 0.959043 0.273482
vn 0.073782 0.959043 0.273482
vn 0.073782 0.959043 0.273482
vn 0.717759 -0.286008 0.634840
vn 0.717759 -0.286008 0.634840
vn 0.717759 -0.286008 0.634840
vn -0.269101 -0.817086 -0.509858
vn -0.269101 -0.817086 -0.509858
vn -0.269101 -0.817086 -0.509858
vn -0.269101 -0.817086 -0.509858
vn 0.240006 0.930510 0.276674
vn 0.240006 0.930510 0.276674
vn 0.240006 0.930510 0.276674
vn -0.638406 0.607174 0.473051
vn -0.638406 0.607174 0.473051
vn -0.638406 0.607174 0.473051
vn -0.638406 0.607174 0.473051
vn 0.744329 0.649536 0.155168
vn 0.729480 0.683267 0.031720
vn 0.726963 0.686358 0.020912
vn 0.718370 0.694628 0.037903
vn 0.744329 0.649536 0.155168
vn 0.718370 0.694628 0.037903
vn 0.749761 0.633592 0.190837
vn 0.749761 0.633592 0.190837
vn 0.718370 0.694628 0.037903
vn 0.805860 0.589857 0.051552
vn 0.718370 0.694628 0.037903
vn 0.726841 0.686032 0.032578
vn 0.805860 0.589857 0.051552
vn -0.673624 0.702864 0.228500
vn -0.677474 0.698411 0.230761
vn -0.700006 0.671113 0.244130
vn -0.700006 0.671113 0.244130
vn -0.677474 0.698411 0.230761
vn -0.676394 0.687508 0.264243
vn -0.666972 0.693877 0.271447
vn 0.326833 0.476392 -0.816230
vn 0.326833 0.476392 -0.816230
vn 0.326833 0.476392 -0.816230
vn 0.326833 0.476392 -0.816230
vn 0.759754 0.595559 0.260929
vn 0.759754 0.595558 0.260930
vn 0.759754 0.595559 0.260930
vn 0.759754 0.595558 0.260930
vn 0.759754 0.595559 0.260930
vn 0.759754 0.595559 0.260930
vn 0.627201 0.306326 0.716088
vn 0.627201 0.306326 0.716088
vn 0.627201 0.306326 0.716088
vn 0.627201 0.306326 0.716088
vn -0.014738 -0.385425 0.922622
vn -0.014738 -0.385425 0.922622
vn -0.014738 -0.385425 0.922622
vn -0.014738 -0.385425 0.922622
vn 0.562409 -0.400531 -0.723375
vn 0.562409 -0.400531 -0.723375
vn 0.562409 -0.400531 -0.723375
vn 0.562409 -0.400531 -0.723375
vn 0.656520 -0.715277 -0.239503
vn 0.653853 -0.709126 -0.263851
vn 0.655065 -0.711859 -0.253274
vn 0.656520 -0.715277 -0.239503
vn 0.337728 -0.298878 -0.892531
vn 0.337728 -0.298878 -0.892531
vn 0.337728 -0.298878 -0.892531
vn 0.337728 -0.298878 -0.892531
vn 0.436748 -0.493031 -0.752444
vn 0.436748 -0.493031 -0.752444
vn 0.436748 -0.493031 -0.752444
vn 0.436748 -0.493031 -0.752444
vn 0.510144 -0.402545 -0.760073
vn 0.510144 -0.402545 -0.760073
vn 0.510144 -0.402545 -0.760073
vn -0.685293 0.727577 -0.031698
vn -0.685293 0.727577 -0.031698
vn -0.685293 0.727577 -0.031698
vn -0.721657 -0.604470 -0.337384
vn -0.721657 -0.604470 -0.337384
vn -0.759112 -0.536809 -0.368218
vn -0.743183 -0.599990 -0.296127
vn -0.759112 -0.536809 -0.368218
vn -0.830715 -0.432926 -0.349982
vn -0.743183 -0.599990 -0.296127
vn -0.743183 -0.599990 -0.296127
vn -0.830715 -0.432926 -0.349982
vn -0.741881 -0.653551 -0.149948
vn -0.735537 -0.667214 -0.117520
vn -0.710987 -0.698941 -0.077319
vn -0.685524 -0.675985 -0.270374
vn -0.685524 -0.675985 -0.270374
vn -0.712997 -0.700435 -0.032045
vn 0.729480 0.683267 0.031720
vn 0.744329 0.649536 0.155168
vn 0.759754 0.595559 0.260930
vn -0.666972 0.693877 0.271447
vn -0.676394 0.687508 0.264243
vn -0.650033 0.704820 0.284053
vn -0.650033 0.704820 0.284053
vn 0.744329 0.649536 0.155168
vn 0.749761 0.633592 0.190837
vn 0.759754 0.595559 0.260930
vn 0.759754 0.595559 0.260930
vn 0.655065 -0.711859 -0.253274
vn 0.653853 -0.709126 -0.263851
vn 0.650151 -0.701247 -0.292499
vn 0.650151 -0.701247 -0.292499
vn -0.735537 -0.667214 -0.117520
vn -0.741881 -0.653551 -0.149948
vn -0.710987 -0.698941 -0.077319
vn -0.712997 -0.700435 -0.032045
vn 0.210012 -0.374992 0.902927
vn 0.210012 -0.374992 0.902927
vn 0.210012 -0.374992 0.902927
vn 0.210012 -0.374992 0.902927
vn 0.577167 -0.807526 -0.121571
vn 0.577167 -0.807526 -0.121571
vn 0.577167 -0.807526 -0.121571
vn 0.577167 -0.807526 -0.121571
vn -0.210025 0.374990 -0.902924
vn -0.210025 0.374990 -0.902924
vn -0.210025 0.374990 -0.902924
vn -0.210025 0.374990 -0.902924
vn -0.445136 0.571864 0.689076
vn -0.445136 0.571864 0.689076
vn -0.445136 0.571864 0.689076
vn -0.445136 0.571864 0.689076
vn 0.824142 0.564757 0.042881
vn 0.824142 0.564757 0.042881
vn 0.824142 0.564757 0.042881
vn 0.824142 0.564757 0.042881
vn 0.959837 -0.096670 -0.263379
vn 0.959837 -0.096670 -0.263379
vn 0.959837 -0.096670 -0.263379
vn 0.959837 -0.096670 -0.263379
vn 0.005342 0.515574 -0.856828
vn 0.005342 0.515574 -0.856828
vn 0.005342 0.515574 -0.856828
vn 0.005342 0.515574 -0.856828
vn 0.012071 0.977162 -0.212151
vn 0.012071 0.977162 -0.212151
vn 0.012071 0.977162 -0.212151
vn 0.012071 0.977162 -0.212151
vn -0.015190 -0.967968 -0.250614
vn -0.015190 -0.967968 -0.250614
vn -0.015190 -0.967968 -0.250614
vn -0.015190 -0.967968 -0.250614
vn 0.943207 0.177734 -0.280661
vn 0.943207 0.177734 -0.280661
vn 0.943207 0.177734 -0.280661
vn 0.943207 0.177734 -0.280661
vn -0.030435 0.515722 -0.856215
vn -0.030435 0.515722 -0.856215
vn -0.030435 0.515722 -0.856215
vn -0.030435 0.515722 -0.856215
vn -0.110648 0.980344 -0.163345
vn -0.110648 0.980345 -0.163345
vn -0.110648 0.980345 -0.163345
vn -0.110648 0.980344 -0.163345
vn 0.121745 -0.940767 -0.316441
vn 0.121745 -0.940767 -0.316441
vn 0.121745 -0.940768 -0.316441
vn 0.121745 -0.940767 -0.316441
vn -0.880636 0.140964 -0.452338
vn -0.880636 0.140964 -0.452338
vn -0.880636 0.140964 -0.452338
vn -0.880636 0.140964 -0.452338
vn 0.317343 -0.945618 0.071410
vn 0.319160 -0.925170 0.205421
vn 0.319160 -0.925170 0.205421
vn 0.318117 -0.943157 0.096207
vn -0.007142 -0.966116 -0.258008
vn 0.181415 -0.931543 -0.315144
vn 0.054764 -0.958956 -0.278215
vn 0.224775 -0.917597 -0.327860
vn 0.054764 -0.958956 -0.278215
vn 0.181415 -0.931543 -0.315144
vn 0.224959 -0.917741 -0.327330
vn 0.983045 0.115321 0.142561
vn 0.984399 0.100470 0.144445
vn 0.986993 0.059110 0.149503
vn 0.986993 0.059110 0.149503
vn 0.299182 -0.870992 -0.389695
vn 0.334732 -0.887866 -0.315670
vn 0.335577 -0.898869 -0.281819
vn 0.194197 -0.911029 -0.363751
vn 0.299182 -0.870992 -0.389695
vn 0.194197 -0.911029 -0.363751
vn 0.125473 -0.930342 -0.344558
vn -0.963372 -0.222185 -0.150159
vn -0.959971 -0.249341 -0.127614
vn -0.966435 -0.172896 -0.190028
vn -0.966435 -0.172896 -0.190028
vn 0.225754 -0.918359 -0.325041
vn 0.225754 -0.918359 -0.325041
vn 0.224959 -0.917741 -0.327330
vn 0.181415 -0.931543 -0.315144
vn 0.334732 -0.887866 -0.315670
vn 0.321667 -0.946430 0.028286
vn 0.335577 -0.898869 -0.281819
vn 0.317343 -0.945618 0.071410
vn 0.318117 -0.943157 0.096207
vn 0.335577 -0.898869 -0.281819
vn 0.321667 -0.946430 0.028286
vn -0.939273 -0.343096 -0.007120
vn -0.935861 -0.351918 -0.017848
vn -0.959971 -0.249341 -0.127614
vn -0.963372 -0.222185 -0.150159
vn 0.967341 0.218504 0.128482
vn 0.967341 0.218504 0.128482
vn 0.984399 0.100470 0.144445
vn 0.983045 0.115321 0.142561
vn -0.226792 0.917114 0.327821
vn -0.226647 0.915178 0.333287
vn -0.226647 0.915178 0.333287
vn -0.180263 0.931358 0.316350
vn 0.005924 0.965662 0.259734
vn -0.056074 0.958598 0.279186
vn -0.180263 0.931358 0.316350
vn -0.180263 0.931358 0.316350
vn -0.056074 0.958598 0.279186
vn -0.226816 0.917446 0.326875
vn -0.226792 0.917114 0.327821
vn -0.335718 0.914185 0.227068
vn -0.335025 0.901342 0.274482
vn -0.300801 0.871032 0.388358
vn -0.195421 0.910739 0.363819
vn -0.300801 0.871032 0.388358
vn -0.126057 0.929942 0.345424
vn -0.195421 0.910739 0.363819
vn -0.325326 0.942946 -0.070826
vn -0.325751 0.944112 -0.050389
vn -0.335025 0.901342 0.274482
vn -0.335718 0.914185 0.227068
vn -0.318968 0.924949 -0.206708
vn -0.325751 0.944112 -0.050389
vn -0.325326 0.942946 -0.070826
vn -0.318968 0.924949 -0.206708
vn -0.946644 -0.321750 0.018497
vn -0.946644 -0.321750 0.018497
vn -0.935861 -0.351918 -0.017848
vn -0.939273 -0.343096 -0.007120
vn -0.597643 0.063570 0.799238
vn -0.597643 0.063570 0.799238
vn -0.597643 0.063570 0.799238
vn -0.597643 0.063570 0.799238
vn -0.898512 -0.082915 0.431047
vn -0.898512 -0.082915 0.431047
vn -0.898512 -0.082915 0.431047
vn -0.898512 -0.082915 0.431047
vn -0.672959 -0.417736 0.610429
vn -0.672959 -0.417736 0.610429
vn -0.672959 -0.417736 0.610429
vn -0.672959 -0.417736 0.610429
vn 0.899250 -0.004745 0.437410
vn 0.899250 -0.004745 0.437410
vn 0.899250 -0.004745 0.437410
vn 0.899250 -0.004745 0.437410
vn 0.913155 -0.128558 0.386809
vn 0.913155 -0.128558 0.386809
vn 0.913155 -0.128558 0.386809
vn 0.913155 -0.128558 0.386809
vn 0.854882 -0.176031 0.488047
vn 0.649677 0.169210 0.741140
vn 0.879649 -0.076590 0.469416
vn 0.882897 0.314877 0.348347
vn 0.879649 -0.076590 0.469416
vn 0.649677 0.169210 0.741140
vn 0.733388 0.253537 0.630762
vn 0.306628 0.089939 0.947571
vn 0.733388 0.253537 0.630762
vn 0.649677 0.169210 0.741140
vn 0.306628 0.089939 0.947571
vn -0.433495 0.782618 -0.446755
vn -0.433495 0.782618 -0.446755
vn -0.433495 0.782618 -0.446755
vn -0.433495 0.782618 -0.446755
vn -0.730884 0.552949 0.400070
vn -0.730884 0.552949 0.400070
vn -0.730884 0.552949 0.400070
vn -0.730884 0.552949 0.400070
vn -0.672796 -0.633980 -0.381332
vn -0.659137 -0.673977 -0.333608
vn -0.665111 -0.666941 -0.335883
vn -0.672797 -0.633980 -0.381332
vn -0.673240 -0.584371 -0.453055
vn -0.673239 -0.584371 -0.453055
vn -0.673240 -0.584371 -0.453055
vn -0.673240 -0.584371 -0.453055
vn 0.035389 0.523103 -0.851534
vn 0.035389 0.523103 -0.851534
vn 0.035389 0.523103 -0.851534
vn 0.035389 0.523103 -0.851534
vn 0.648515 0.758254 0.066930
vn 0.648515 0.758254 0.066930
vn 0.648515 0.758254 0.066930
vn 0.648515 0.758254 0.066930
vn 0.706132 0.595952 0.382386
vn 0.586887 0.783500 0.204183
vn 0.575997 0.794841 0.190931
vn 0.628516 0.750278 0.205063
vn 0.575997 0.794841 0.190931
vn 0.586887 0.783500 0.204183
vn 0.668378 0.666516 0.330194
vn 0.628516 0.750278 0.205063
vn 0.601609 0.759758 0.246646
vn 0.575997 0.794841 0.190931
vn 0.673833 0.660945 0.330304
vn 0.668378 0.666516 0.330194
vn 0.681157 0.627729 0.376804
vn 0.681157 0.627729 0.376804
vn 0.668378 0.666516 0.330194
vn 0.673833 0.660945 0.330304
vn 0.645774 0.734230 0.209481
vn 0.628516 0.750278 0.205063
vn 0.440593 -0.601326 -0.666547
vn 0.440593 -0.601326 -0.666547
vn 0.440593 -0.601326 -0.666547
vn 0.440593 -0.601326 -0.666547
vn 0.419253 -0.749175 -0.512800
vn 0.419253 -0.749175 -0.512800
vn 0.425279 -0.743498 -0.516090
vn 0.423661 -0.745031 -0.515209
vn 0.425279 -0.743498 -0.516090
vn 0.529192 -0.629586 -0.568838
vn 0.529192 -0.629586 -0.568838
vn 0.423661 -0.745031 -0.515209
vn -0.635148 -0.742494 -0.212816
vn -0.665111 -0.666941 -0.335883
vn -0.659137 -0.673977 -0.333608
vn -0.610204 -0.763956 -0.209815
vn -0.610204 -0.763956 -0.209815
vn -0.659137 -0.673977 -0.333608
vn -0.580777 -0.785732 -0.212892
vn -0.569559 -0.796072 -0.204625
vn -0.569559 -0.796072 -0.204625
vn -0.580777 -0.785732 -0.212892
vn -0.723463 -0.607539 -0.327868
vn -0.733653 -0.591664 -0.334197
vn -0.723463 -0.607539 -0.327868
vn -0.580777 -0.785732 -0.212892
vn -0.692011 0.444613 0.568717
vn -0.692011 0.444613 0.568717
vn -0.692011 0.444613 0.568717
vn -0.692011 0.444613 0.568717
vn -0.170480 0.055121 0.983818
vn -0.170480 0.055121 0.983818
vn -0.170480 0.055121 0.983818
vn -0.170480 0.055121 0.983818
vn -0.404086 -0.206057 0.891210
vn -0.404086 -0.206057 0.891210
vn -0.404086 -0.206057 0.891210
vn -0.404086 -0.206057 0.891210
vn 0.599030 0.188237 0.778286
vn 0.599030 0.188237 0.778286
vn 0.599030 0.188237 0.778286
vn 0.599030 0.188237 0.778286
vn 0.870563 0.233855 0.432935
vn 0.870563 0.233855 0.432935
vn 0.870563 0.233855 0.432935
vn 0.870563 0.233855 0.432935
vn 0.253078 -0.414153 -0.874316
vn 0.253078 -0.414153 -0.874316
vn 0.253078 -0.414153 -0.874316
vn 0.253078 -0.414153 -0.874316
vn -0.611168 -0.759932 -0.221305
vn -0.637925 -0.735464 -0.228352
vn -0.666734 -0.686926 -0.289135
vn -0.666734 -0.686926 -0.289135
vn -0.637925 -0.735464 -0.228352
vn -0.654708 -0.719162 -0.232729
vn -0.668996 -0.689296 -0.278056
vn -0.666734 -0.686926 -0.289135
vn -0.668996 -0.689296 -0.278056
vn -0.694020 -0.621009 -0.364258
vn -0.685744 -0.644852 -0.337523
vn -0.685744 -0.644852 -0.337523
vn -0.694020 -0.621009 -0.364258
vn -0.725786 -0.399337 -0.560147
vn -0.717418 -0.495499 -0.489685
vn -0.717418 -0.495499 -0.489685
vn -0.717418 -0.495499 -0.489685
vn -0.717418 -0.495499 -0.489685
vn -0.689184 -0.663192 -0.291893
vn -0.689184 -0.663192 -0.291893
vn -0.689184 -0.663192 -0.291893
vn -0.689184 -0.663192 -0.291893
vn -0.357776 -0.753255 0.551909
vn -0.357776 -0.753255 0.551909
vn -0.357776 -0.753255 0.551909
vn -0.734174 -0.673976 0.082129
vn -0.734174 -0.673976 0.082129
vn -0.734174 -0.673976 0.082129
vn -0.448567 -0.022649 -0.893462
vn -0.448567 -0.022649 -0.893462
vn -0.448567 -0.022649 -0.893462
vn 0.520421 0.842632 0.138326
vn 0.520421 0.842632 0.138326
vn 0.520420 0.842632 0.138326
vn 0.520420 0.842632 0.138326
vn 0.600206 0.784169 0.157580
vn 0.600206 0.784169 0.157580
vn 0.600206 0.784169 0.157580
vn 0.535470 0.827738 0.167694
vn 0.535470 0.827738 0.167694
vn 0.535470 0.827738 0.167694
vn 0.535470 0.827738 0.167694
vn 0.641059 0.715784 0.276942
vn 0.641059 0.715784 0.276942
vn 0.641059 0.715784 0.276942
vn -0.540215 0.040771 -0.840539
vn -0.408946 0.136500 -0.902292
vn -0.408946 0.136500 -0.902292
vn -0.449753 0.108127 -0.886584
vn -0.449753 0.108127 -0.886584
vn -0.736398 -0.136278 -0.662682
vn -0.540215 0.040771 -0.840539
vn -0.458455 0.748037 0.479853
vn -0.458455 0.748037 0.479853
vn -0.458455 0.748037 0.479853
vn -0.458455 0.748037 0.479853
vn -0.574097 0.715658 0.397803
vn -0.574097 0.715658 0.397803
vn -0.574097 0.715658 0.397803
vn 0.916171 0.323297 0.236876
vn 0.916171 0.323297 0.236876
vn 0.916171 0.323297 0.236876
vn 0.916171 0.323297 0.236876
vn 0.999817 0.019041 0.001909
vn 0.999817 0.019041 0.001909
vn 0.999817 0.019041 0.001909
vn 0.999817 0.019041 0.001909
vn 0.929462 -0.298443 -0.216868
vn 0.929462 -0.298443 -0.216868
vn 0.929462 -0.298443 -0.216868
vn 0.929462 -0.298443 -0.216868
vn 0.730375 -0.564398 -0.384719
vn 0.730375 -0.564398 -0.384719
vn 0.730374 -0.564398 -0.384719
vn 0.730375 -0.564398 -0.384719
vn 0.385888 -0.918140 -0.090051
vn 0.385888 -0.918140 -0.090051
vn 0.385888 -0.918140 -0.090051
vn 0.179909 -0.821314 -0.541366
vn 0.179909 -0.821314 -0.541366
vn 0.179909 -0.821314 -0.541366
vn 0.398475 -0.715651 -0.573639
vn 0.398475 -0.715651 -0.573639
vn 0.398475 -0.715651 -0.573639
vn 0.398475 -0.715651 -0.573639
vn 0.057393 -0.775505 -0.628727
vn 0.057393 -0.775505 -0.628727
vn 0.057393 -0.775505 -0.628727
vn 0.018663 -0.801837 -0.597251
vn 0.018663 -0.801837 -0.597251
vn 0.018663 -0.801837 -0.597251
vn 0.024883 -0.844301 -0.535292
vn 0.024883 -0.844301 -0.535292
vn 0.024883 -0.844301 -0.535292
vn -0.356698 -0.808175 -0.468636
vn -0.356698 -0.808175 -0.468636
vn -0.356698 -0.808175 -0.468636
vn -0.356698 -0.808175 -0.468636
vn -0.634493 0.552593 0.540426
vn -0.634493 0.552593 0.540426
vn -0.634493 0.552593 0.540426
vn -0.634493 0.552593 0.540426
vn -0.349590 0.673178 0.651627
vn -0.349590 0.673178 0.651627
vn -0.349590 0.673178 0.651627
vn -0.349590 0.673178 0.651627
vn -0.118986 0.656635 0.744763
vn -0.118986 0.656635 0.744763
vn -0.118986 0.656635 0.744763
vn -0.118986 0.656635 0.744763
vn 0.307603 0.677513 0.668099
vn 0.307604 0.677513 0.668099
vn 0.307604 0.677513 0.668099
vn 0.307604 0.677513 0.668099
vn 0.719635 0.535324 0.442215
vn 0.719635 0.535324 0.442215
vn 0.719635 0.535324 0.442215
vn 0.719635 0.535324 0.442215
vn -0.040714 0.582601 -0.811738
vn -0.080291 0.593735 -0.800645
vn -0.079888 0.593626 -0.800766
vn -0.083414 0.594569 -0.799706
vn -0.079888 0.593626 -0.800766
vn -0.080291 0.593735 -0.800645
vn -0.083415 0.594569 -0.799706
vn -0.083415 0.594570 -0.799706
vn -0.083415 0.594569 -0.799706
vn -0.080291 0.593735 -0.800645
vn -0.083415 0.594570 -0.799706
vn -0.083415 0.594570 -0.799706
vn -0.083415 0.594571 -0.799705
vn -0.083415 0.594570 -0.799706
vn 0.480000 0.531648 -0.697818
vn 0.480000 0.531648 -0.697818
vn 0.480000 0.531648 -0.697818
vn 0.480000 0.531648 -0.697818
vn 0.222425 0.130063 -0.966235
vn 0.222425 0.130063 -0.966235
vn 0.222425 0.130063 -0.966235
vn 0.222425 0.130063 -0.966235
vn -0.370100 -0.190009 -0.909353
vn -0.370100 -0.190009 -0.909353
vn -0.370100 -0.190009 -0.909353
vn -0.370100 -0.190009 -0.909353
vn -0.620085 0.383785 -0.684254
vn -0.620085 0.383785 -0.684254
vn -0.620085 0.383785 -0.684254
vn -0.620085 0.383785 -0.684254
vn -0.451078 0.854820 0.256539
vn -0.451078 0.854820 0.256539
vn -0.451078 0.854820 0.256539
vn -0.451078 0.854820 0.256539
vn 0.228338 0.973534 -0.009681
vn 0.228338 0.973534 -0.009681
vn 0.228338 0.973534 -0.009681
vn 0.228338 0.973534 -0.009681
vn 0.894686 0.446547 0.011533
vn 0.894686 0.446547 0.011533
vn 0.894686 0.446547 0.011533
vn 0.894686 0.446547 0.011533
vn 0.576911 -0.235207 0.782210
vn 0.576911 -0.235207 0.782210
vn 0.576911 -0.235207 0.782210
vn 0.576911 -0.235207 0.782210
vn 0.646043 -0.486677 0.588025
vn 0.646043 -0.486677 0.588025
vn 0.646043 -0.486677 0.588025
vn 0.646043 -0.486677 0.588025
vn 0.556102 -0.723628 0.408794
vn 0.556102 -0.723628 0.408794
vn 0.556102 -0.723628 0.408794
vn 0.556102 -0.723628 0.408794
vn 0.574156 -0.697090 0.429430
vn 0.574156 -0.697090 0.429430
vn 0.574156 -0.697090 0.429430
vn 0.574156 -0.697090 0.429430
vn 0.299097 -0.899450 0.318640
vn 0.299097 -0.899450 0.318640
vn 0.299097 -0.899450 0.318640
vn 0.299097 -0.899450 0.318640
vn 0.078737 -0.949212 0.304626
vn 0.078737 -0.949212 0.304626
vn 0.078737 -0.949212 0.304626
vn 0.078737 -0.949212 0.304626
vn -0.143253 -0.928194 0.343417
vn -0.143253 -0.928194 0.343417
vn -0.143253 -0.928194 0.343417
vn -0.143253 -0.928194 0.343417
vn -0.333107 -0.839598 0.429085
vn -0.333107 -0.839598 0.429085
vn -0.333107 -0.839598 0.429086
vn -0.333107 -0.839598 0.429086
vn -0.339135 -0.162619 0.926576
vn -0.339135 -0.162619 0.926576
vn -0.339135 -0.162619 0.926576
vn -0.339135 -0.162619 0.926576
vn -0.117403 -0.004975 0.993072
vn -0.117403 -0.004975 0.993072
vn -0.117403 -0.004975 0.993072
vn -0.117403 -0.004975 0.993072
vn 0.076542 0.059943 0.995263
vn 0.076542 0.059943 0.995263
vn 0.076542 0.059943 0.995263
vn 0.076542 0.059943 0.995263
vn 0.249863 0.049322 0.967024
vn 0.249863 0.049322 0.967024
vn 0.249863 0.049322 0.967024
vn 0.249863 0.049322 0.967024
vn 0.463561 -0.085529 0.881927
vn 0.463561 -0.085529 0.881927
vn 0.463561 -0.085529 0.881927
vn 0.463561 -0.085529 0.881927
vn 0.913353 0.366548 0.177280
vn 0.913353 0.366548 0.177280
vn 0.913353 0.366548 0.177280
vn 0.913353 0.366548 0.177280
vn 0.913377 0.366516 0.177224
vn 0.913377 0.366516 0.177224
vn 0.913377 0.366516 0.177224
vn 0.996345 0.064667 -0.055814
vn 0.996345 0.064667 -0.055814
vn 0.996345 0.064667 -0.055814
vn 0.996345 0.064667 -0.055814
vn 0.398476 -0.715650 -0.573639
vn 0.398476 -0.715650 -0.573639
vn 0.398476 -0.715650 -0.573639
vn 0.398476 -0.715650 -0.573639
vn 0.398475 -0.715649 -0.573641
vn 0.398475 -0.715649 -0.573641
vn 0.398475 -0.715649 -0.573641
vn 0.018596 -0.801433 -0.597795
vn 0.018596 -0.801433 -0.597795
vn 0.018596 -0.801433 -0.597795
vn 0.018596 -0.801433 -0.597795
vn 0.018609 -0.801434 -0.597794
vn 0.018609 -0.801434 -0.597794
vn 0.018609 -0.801434 -0.597794
vn -0.691368 -0.612476 -0.383253
vn -0.691368 -0.612476 -0.383253
vn -0.691368 -0.612476 -0.383253
vn -0.691368 -0.612476 -0.383253
vn -0.702792 0.538404 0.464978
vn -0.702792 0.538403 0.464978
vn -0.702792 0.538404 0.464978
vn -0.702792 0.538404 0.464978
vn -0.354772 0.750221 0.557947
vn -0.354772 0.750221 0.557947
vn -0.354772 0.750221 0.557948
vn -0.354772 0.750221 0.557947
vn -0.066888 0.820529 0.567678
vn -0.066888 0.820529 0.567678
vn -0.066888 0.820529 0.567678
vn -0.066888 0.820529 0.567678
vn -0.018604 0.801432 0.597796
vn -0.018604 0.801432 0.597796
vn -0.018604 0.801432 0.597796
vn -0.018604 0.801432 0.597796
vn -0.074276 0.819865 0.567718
vn -0.074276 0.819865 0.567718
vn -0.074276 0.819865 0.567718
vn -0.917536 -0.210920 -0.337105
vn -0.917536 -0.210920 -0.337105
vn -0.917536 -0.210920 -0.337105
vn -0.917536 -0.210920 -0.337105
vn -0.986966 0.151800 -0.053435
vn -0.989288 0.140394 -0.039989
vn -0.990572 0.133293 -0.031639
vn -0.989288 0.140394 -0.039989
vn -0.990969 0.130942 -0.028878
vn -0.990969 0.130942 -0.028878
vn -0.990572 0.133293 -0.031639
vn -0.667612 0.664416 0.335926
vn -0.667612 0.664416 0.335926
vn -0.667612 0.664416 0.335926
vn -0.667612 0.664416 0.335926
vn -0.701769 0.669189 0.244347
vn -0.701769 0.669189 0.244347
vn -0.701769 0.669189 0.244347
vn -0.701769 0.669189 0.244347
vn -0.392204 0.812813 0.430709
vn -0.392204 0.812813 0.430709
vn -0.392204 0.812813 0.430709
vn -0.392204 0.812813 0.430709
vn -0.410734 0.790221 0.454805
vn -0.410734 0.790221 0.454806
vn -0.410734 0.790221 0.454806
vn -0.410734 0.790221 0.454805
vn -0.487460 0.774683 0.402802
vn -0.487457 0.774685 0.402801
vn -0.487453 0.774688 0.402800
vn -0.487453 0.774688 0.402800
vn -0.487457 0.774685 0.402801
vn -0.487449 0.774691 0.402800
vn -0.487449 0.774691 0.402800
vn 0.585341 0.809374 0.047847
vn 0.585341 0.809374 0.047847
vn 0.585341 0.809374 0.047847
vn 0.585341 0.809374 0.047847
vn 0.919569 0.374865 0.117770
vn 0.919569 0.374865 0.117770
vn 0.919569 0.374865 0.117770
vn 0.919569 0.374865 0.117770
vn 0.531231 0.845600 0.052481
vn 0.531231 0.845600 0.052481
vn 0.531231 0.845600 0.052481
vn 0.220208 0.870178 0.440792
vn 0.220208 0.870178 0.440792
vn 0.220208 0.870178 0.440792
vn 0.893196 0.429488 0.133193
vn 0.893196 0.429488 0.133193
vn 0.893196 0.429488 0.133193
vn 0.893196 0.429488 0.133193
vn -0.539503 -0.555509 -0.632729
vn -0.539503 -0.555509 -0.632729
vn -0.539503 -0.555509 -0.632729
vn -0.403970 -0.635596 -0.657895
vn -0.403970 -0.635596 -0.657895
vn -0.403970 -0.635596 -0.657895
vn -0.373518 -0.607878 -0.700692
vn -0.390422 -0.735342 -0.553933
vn -0.390880 -0.741013 -0.545998
vn -0.391033 -0.743000 -0.543180
vn -0.390880 -0.741013 -0.545998
vn -0.390422 -0.735342 -0.553933
vn -0.391033 -0.743000 -0.543180
vn 0.138874 -0.756539 -0.639033
vn 0.138874 -0.756539 -0.639033
vn 0.138874 -0.756539 -0.639033
vn 0.138874 -0.756539 -0.639033
vn 0.019045 -0.804584 -0.593533
vn 0.019045 -0.804584 -0.593533
vn 0.019045 -0.804584 -0.593533
vn 0.019271 -0.801118 -0.598196
vn 0.019271 -0.801118 -0.598196
vn 0.019271 -0.801118 -0.598196
vn 0.019271 -0.801118 -0.598196
vn 0.398439 -0.715657 -0.573657
vn 0.398439 -0.715657 -0.573657
vn 0.398439 -0.715657 -0.573657
vn 0.398479 -0.715655 -0.573631
vn 0.398476 -0.715651 -0.573638
vn 0.398474 -0.715649 -0.573641
vn 0.398474 -0.715649 -0.573641
vn 0.398476 -0.715651 -0.573638
vn 0.398474 -0.715649 -0.573642
vn 0.398474 -0.715649 -0.573642
vn 0.398516 -0.715643 -0.573620
vn 0.398517 -0.715643 -0.573620
vn 0.398517 -0.715643 -0.573620
vn 0.397339 -0.716453 -0.573426
vn 0.397339 -0.716453 -0.573426
vn 0.397339 -0.716453 -0.573426
vn 0.397339 -0.716453 -0.573426
vn 0.913378 0.366515 0.177223
vn 0.913378 0.366515 0.177223
vn 0.913378 0.366515 0.177223
vn 0.913378 0.366515 0.177223
vn 0.336475 0.789433 0.513401
vn 0.336475 0.789433 0.513401
vn 0.336475 0.789433 0.513401
vn 0.336475 0.789433 0.513401
vn 0.386599 0.748514 0.538765
vn 0.386599 0.748514 0.538765
vn 0.386599 0.748514 0.538765
vn 0.386599 0.748514 0.538765
vn 0.498996 0.757529 0.420895
vn 0.498996 0.757529 0.420895
vn 0.498996 0.757529 0.420895
vn -0.927573 0.246923 0.280425
vn -0.927573 0.246923 0.280425
vn -0.927573 0.246923 0.280425
vn -0.927573 0.246923 0.280425
vn -0.995993 -0.060657 0.065714
vn -0.995993 -0.060657 0.065714
vn -0.995993 -0.060657 0.065714
vn -0.995993 -0.060657 0.065714
vn -0.910068 -0.374339 -0.177895
vn -0.910068 -0.374339 -0.177895
vn -0.910068 -0.374339 -0.177895
vn -0.910068 -0.374339 -0.177895
vn -0.364090 -0.765208 -0.530939
vn -0.364090 -0.765208 -0.530939
vn -0.364090 -0.765208 -0.530939
vn -0.364090 -0.765208 -0.530939
vn 0.018600 -0.801435 -0.597793
vn 0.018600 -0.801435 -0.597793
vn 0.018600 -0.801435 -0.597793
vn 0.018600 -0.801435 -0.597793
vn 0.360458 -0.525711 -0.770518
vn 0.360458 -0.525711 -0.770518
vn 0.360458 -0.525711 -0.770518
vn 0.360458 -0.525711 -0.770518
vn 0.667488 -0.338401 -0.663283
vn 0.667488 -0.338401 -0.663283
vn 0.667488 -0.338401 -0.663283
vn 0.667488 -0.338401 -0.663283
vn 0.869421 -0.074815 -0.488375
vn 0.869421 -0.074815 -0.488375
vn 0.869421 -0.074815 -0.488375
vn 0.869421 -0.074815 -0.488375
vn 0.935520 0.224917 -0.272422
vn 0.935520 0.224917 -0.272422
vn 0.935520 0.224917 -0.272422
vn 0.935520 0.224917 -0.272422
vn 0.855722 0.515177 -0.048290
vn 0.855722 0.515177 -0.048290
vn 0.855722 0.515177 -0.048290
vn 0.855722 0.515177 -0.048290
vn 0.726040 0.681312 0.093162
vn 0.726041 0.681312 0.093162
vn 0.726041 0.681312 0.093162
vn 0.726040 0.681312 0.093162
vn 0.299280 0.850638 0.432257
vn 0.299280 0.850638 0.432257
vn 0.299280 0.850638 0.432257
vn 0.299280 0.850638 0.432257
vn -0.212362 0.710873 0.670494
vn -0.212362 0.710873 0.670494
vn -0.212362 0.710873 0.670494
vn -0.212362 0.710873 0.670494
vn -0.469046 0.669916 0.575507
vn -0.469046 0.669916 0.575507
vn -0.469046 0.669916 0.575507
vn -0.469046 0.669916 0.575507
vn -0.631875 0.692271 0.348562
vn -0.631875 0.692270 0.348562
vn -0.631875 0.692271 0.348562
vn -0.631875 0.692270 0.348562
vn -0.917495 0.387488 0.089761
vn -0.917495 0.387488 0.089761
vn -0.917495 0.387488 0.089761
vn -0.917495 0.387488 0.089761
vn -0.988146 0.085012 -0.127827
vn -0.988146 0.085012 -0.127827
vn -0.988146 0.085012 -0.127827
vn -0.988146 0.085012 -0.127827
vn -0.901355 -0.189878 -0.389238
vn -0.901355 -0.189878 -0.389238
vn -0.901355 -0.189878 -0.389238
vn -0.901355 -0.189878 -0.389238
vn -0.327960 -0.869212 -0.370018
vn -0.327960 -0.869212 -0.370018
vn -0.327960 -0.869212 -0.370018
vn -0.327960 -0.869212 -0.370018
vn 0.432838 -0.734857 -0.522146
vn 0.432838 -0.734857 -0.522146
vn 0.432838 -0.734857 -0.522146
vn 0.432838 -0.734857 -0.522146
vn -0.912255 -0.363104 -0.189598
vn -0.912254 -0.363104 -0.189598
vn -0.912254 -0.363104 -0.189598
vn -0.912255 -0.363104 -0.189598
vn -0.373210 -0.582035 -0.722461
vn -0.373210 -0.582035 -0.722461
vn -0.373210 -0.582035 -0.722461
vn -0.373210 -0.582035 -0.722461
vn -0.003977 -0.616988 -0.786963
vn -0.003977 -0.616988 -0.786963
vn -0.003977 -0.616988 -0.786963
vn -0.003977 -0.616988 -0.786963
vn 0.362545 -0.534220 -0.763656
vn 0.362545 -0.534220 -0.763656
vn 0.362545 -0.534220 -0.763656
vn 0.362545 -0.534220 -0.763656
vn 0.939385 0.218738 -0.264026
vn 0.939385 0.218738 -0.264026
vn 0.939385 0.218738 -0.264026
vn 0.939385 0.218738 -0.264026
vn 0.332849 0.810819 0.481439
vn 0.332849 0.810819 0.481439
vn 0.332849 0.810819 0.481439
vn 0.332849 0.810819 0.481439
vn -0.927622 0.246870 0.280309
vn -0.927622 0.246870 0.280309
vn -0.927622 0.246870 0.280309
vn -0.927622 0.246870 0.280309
vn -0.996514 -0.050986 0.066038
vn -0.996514 -0.050986 0.066038
vn -0.996514 -0.050986 0.066038
vn -0.996514 -0.050986 0.066038
vn -0.907913 -0.376142 -0.184961
vn -0.907913 -0.376142 -0.184961
vn -0.907913 -0.376142 -0.184961
vn -0.907913 -0.376142 -0.184961
vn -0.145368 -0.929882 0.337916
vn -0.145368 -0.929882 0.337916
vn -0.145368 -0.929882 0.337916
vn -0.145368 -0.929882 0.337916
vn 0.078536 -0.951065 0.298842
vn 0.078536 -0.951065 0.298842
vn 0.078536 -0.951065 0.298842
vn 0.078536 -0.951065 0.298842
vn 0.300779 -0.900883 0.312956
vn 0.300779 -0.900883 0.312956
vn 0.300779 -0.900883 0.312956
vn 0.300779 -0.900883 0.312956
vn 0.610335 -0.626632 0.484585
vn 0.610335 -0.626632 0.484585
vn 0.610336 -0.626632 0.484585
vn 0.610335 -0.626632 0.484585
vn -0.475043 -0.337769 0.812555
vn -0.475043 -0.337769 0.812555
vn -0.475043 -0.337769 0.812555
vn -0.475043 -0.337769 0.812555
vn -0.610255 0.626651 -0.484661
vn -0.610255 0.626651 -0.484661
vn -0.610255 0.626651 -0.484661
vn -0.610255 0.626651 -0.484661
vn -0.513361 -0.413358 0.752061
vn -0.513361 -0.413358 0.752061
vn -0.513361 -0.413358 0.752061
vn -0.513361 -0.413358 0.752061
vn -0.644652 0.355272 -0.676909
vn -0.644652 0.355272 -0.676909
vn -0.644652 0.355272 -0.676909
vn -0.644652 0.355272 -0.676909
vn -0.413799 -0.779833 0.469714
vn -0.413799 -0.779833 0.469714
vn -0.413799 -0.779833 0.469714
vn -0.413799 -0.779833 0.469714
vn -0.641455 0.343626 -0.685899
vn -0.641455 0.343626 -0.685898
vn -0.641455 0.343626 -0.685899
vn -0.641455 0.343626 -0.685898
vn -0.683027 -0.655891 -0.321374
vn -0.683027 -0.655891 -0.321374
vn -0.683027 -0.655891 -0.321374
vn -0.683027 -0.655891 -0.321374
vn -0.998553 -0.036321 0.039657
vn -0.998553 -0.036321 0.039657
vn -0.998553 -0.036321 0.039657
vn -0.996324 -0.065105 0.055680
vn -0.996324 -0.065105 0.055680
vn -0.996324 -0.065105 0.055680
vn -0.996324 -0.065105 0.055680
vn -0.927622 0.246874 0.280306
vn -0.927622 0.246874 0.280306
vn -0.927622 0.246874 0.280306
vn -0.927622 0.246874 0.280306
vn -0.717691 0.520891 0.462161
vn -0.717691 0.520891 0.462161
vn -0.717691 0.520891 0.462161
vn -0.487463 0.786939 -0.378294
vn -0.487463 0.786939 -0.378294
vn -0.487463 0.786939 -0.378294
vn -0.487463 0.786939 -0.378294
vn -0.682368 0.512850 0.520921
vn -0.682368 0.512850 0.520921
vn -0.682368 0.512850 0.520921
vn -0.682368 0.512850 0.520921
vn -0.401698 -0.240247 0.883697
vn -0.401698 -0.240247 0.883697
vn -0.401698 -0.240247 0.883697
vn -0.736928 0.460433 0.494914
vn -0.736928 0.460433 0.494914
vn -0.736928 0.460433 0.494914
vn -0.736928 0.460433 0.494914
vn -0.722326 0.504453 0.473046
vn -0.722326 0.504453 0.473046
vn -0.722326 0.504453 0.473046
vn -0.722326 0.504453 0.473046
vn -0.367285 0.621213 0.692239
vn -0.367285 0.621213 0.692239
vn -0.367285 0.621213 0.692239
vn -0.367285 0.621213 0.692239
vn 0.084972 0.855733 0.510392
vn 0.084972 0.855733 0.510392
vn 0.084972 0.855733 0.510392
vn 0.432108 -0.534758 -0.726166
vn 0.432108 -0.534758 -0.726165
vn 0.432108 -0.534758 -0.726165
vn -0.106944 -0.716035 -0.689824
vn -0.106944 -0.716035 -0.689824
vn -0.106944 -0.716035 -0.689824
vn -0.025716 -0.655895 -0.754414
vn -0.025716 -0.655895 -0.754414
vn -0.025716 -0.655895 -0.754414
vn 0.788372 -0.310847 -0.530889
vn 0.788372 -0.310847 -0.530889
vn 0.788372 -0.310847 -0.530889
vn 0.565848 -0.459645 -0.684502
vn 0.565847 -0.459645 -0.684502
vn 0.565848 -0.459645 -0.684502
vn 0.940970 0.320034 -0.110248
vn 0.940970 0.320034 -0.110248
vn 0.940970 0.320034 -0.110248
vn 0.853380 0.291402 -0.432236
vn 0.853380 0.291402 -0.432236
vn 0.853380 0.291402 -0.432236
vn 0.853380 0.291402 -0.432236
vn -0.602619 0.323903 -0.729340
vn -0.602619 0.323903 -0.729340
vn -0.602619 0.323903 -0.729340
vn -0.602619 0.323903 -0.729340
vn 0.996342 0.064735 -0.055786
vn 0.996342 0.064735 -0.055786
vn 0.996342 0.064735 -0.055786
vn 0.996342 0.064735 -0.055786
vn -0.997548 0.055296 -0.042909
vn -0.997548 0.055296 -0.042909
vn -0.997548 0.055296 -0.042909
vn -0.997548 0.055296 -0.042909
vn 0.996341 0.064740 -0.055791
vn 0.996341 0.064740 -0.055791
vn 0.995101 0.092427 -0.035077
vn 0.995530 0.085387 -0.040356
vn 0.995530 0.085387 -0.040356
vn 0.995101 0.092427 -0.035077
vn 0.913374 0.366519 0.177233
vn 0.996340 0.064752 -0.055794
vn 0.996340 0.064752 -0.055794
vn 0.996340 0.064752 -0.055794
vn 0.691359 0.612494 0.383242
vn 0.691359 0.612494 0.383242
vn 0.691359 0.612494 0.383242
vn 0.691360 0.612487 0.383251
vn 0.691360 0.612487 0.383251
vn 0.691360 0.612487 0.383251
vn 0.739561 0.362517 0.567125
vn 0.739561 0.362517 0.567125
vn 0.739561 0.362517 0.567125
vn 0.739561 0.362517 0.567125
vn 0.722240 0.615362 0.315752
vn 0.722240 0.615362 0.315752
vn 0.722240 0.615362 0.315752
vn 0.739696 0.591424 0.321041
vn 0.739696 0.591424 0.321041
vn 0.739696 0.591424 0.321041
vn 0.741053 0.573540 0.349131
vn 0.741053 0.573540 0.349131
vn 0.741053 0.573540 0.349131
vn -0.987728 0.131853 -0.083720
vn -0.987728 0.131853 -0.083720
vn -0.987728 0.131853 -0.083720
vn -0.987728 0.131853 -0.083720
vn -0.960020 0.276585 0.043151
vn -0.960020 0.276585 0.043151
vn -0.960020 0.276585 0.043151
vn -0.960020 0.276585 0.043151
vn -0.990306 -0.056499 -0.126893
vn -0.990306 -0.056499 -0.126893
vn -0.990306 -0.056499 -0.126893
vn -0.990306 -0.056499 -0.126893
vn -0.684989 -0.463452 -0.562140
vn -0.660101 -0.486874 -0.572031
vn -0.660101 -0.486874 -0.572031
vn -0.662465 -0.484709 -0.571137
vn -0.684989 -0.463452 -0.562140
vn -0.662465 -0.484709 -0.571137
vn -0.691740 -0.456851 -0.559270
vn 0.615732 0.784685 0.071717
vn 0.486043 0.832235 0.266733
vn 0.455683 0.836159 0.305270
vn 0.455683 0.836159 0.305270
vn 0.486043 0.832235 0.266733
vn 0.337557 0.889710 0.307362
vn 0.481269 0.845499 0.231325
vn 0.139702 0.820528 0.554272
vn 0.212527 0.798889 0.562680
vn 0.212527 0.798889 0.562680
vn 0.083146 0.985792 0.145947
vn 0.139702 0.820528 0.554272
vn 0.083146 0.985792 0.145947
vn 0.337557 0.889710 0.307362
vn 0.337557 0.889710 0.307362
vn 0.083146 0.985792 0.145947
vn 0.481269 0.845499 0.231325
vn 0.481269 0.845499 0.231325
vn 0.083146 0.985792 0.145947
vn 0.836822 -0.097187 0.538780
vn 0.083146 0.985792 0.145947
vn 0.890787 -0.268803 -0.366392
vn 0.836822 -0.097187 0.538780
vn 0.134595 0.919761 0.368677
vn 0.134595 0.919761 0.368677
vn 0.134595 0.919761 0.368677
vn -0.112640 0.932284 0.343742
vn -0.112640 0.932284 0.343742
vn -0.112640 0.932284 0.343742
vn -0.112640 0.932284 0.343742
vn 0.927621 -0.246877 -0.280305
vn 0.927621 -0.246877 -0.280305
vn 0.927621 -0.246877 -0.280305
vn 0.927621 -0.246876 -0.280305
vn 0.927625 -0.246872 -0.280296
vn 0.927625 -0.246872 -0.280296
vn 0.927625 -0.246872 -0.280296
vn 0.927621 -0.246874 -0.280307
vn 0.927621 -0.246874 -0.280307
vn 0.927621 -0.246874 -0.280307
vn 0.927621 -0.246874 -0.280307
vn -0.494253 0.796275 0.348798
vn -0.494253 0.796275 0.348798
vn -0.494253 0.796275 0.348798
vn 0.009420 0.926542 0.376074
vn -0.123065 0.874677 0.468823
vn -0.123065 0.874677 0.468823
vn -0.077667 0.895470 0.438294
vn 0.009420 0.926542 0.376074
vn -0.077667 0.895470 0.438294
vn 0.030984 0.932463 0.359933
vn 0.030984 0.932463 0.359933
vn 0.575851 -0.817440 0.013689
vn 0.575851 -0.817440 0.013689
vn 0.575851 -0.817440 0.013689
vn 0.575851 -0.817440 0.013689
vn 0.219315 -0.756102 0.616612
vn 0.219315 -0.756102 0.616612
vn 0.219315 -0.756102 0.616612
vn 0.219315 -0.756102 0.616612
vn 0.670723 -0.630896 -0.390001
vn 0.670723 -0.630896 -0.390001
vn 0.670723 -0.630896 -0.390001
vn 0.670723 -0.630896 -0.390001
vn 0.681094 -0.717555 -0.145691
vn 0.681094 -0.717555 -0.145691
vn 0.681094 -0.717555 -0.145691
vn 0.681094 -0.717555 -0.145691
vn -0.465818 0.884619 0.021527
vn -0.465818 0.884619 0.021527
vn -0.465818 0.884619 0.021527
vn -0.465818 0.884619 0.021527
vn 0.726602 -0.530988 -0.436005
vn 0.739961 -0.546613 -0.392012
vn 0.739961 -0.546613 -0.392012
vn 0.724089 -0.528125 -0.443598
vn 0.717678 -0.520915 -0.462153
vn 0.726602 -0.530988 -0.436005
vn 0.724089 -0.528125 -0.443598
vn 0.717678 -0.520915 -0.462153
vn -0.625123 0.758610 0.183666
vn -0.625123 0.758610 0.183666
vn -0.625123 0.758610 0.183666
vn -0.625123 0.758610 0.183666
vn -0.917421 0.196393 0.346076
vn -0.917421 0.196393 0.346076
vn -0.917421 0.196393 0.346076
vn -0.921242 0.181153 0.344233
vn -0.921242 0.181153 0.344233
vn -0.921242 0.181153 0.344233
vn -0.921242 0.181153 0.344233
vn -0.974870 -0.165542 0.149080
vn -0.974870 -0.165542 0.149080
vn -0.974870 -0.165542 0.149080
vn -0.974870 -0.165542 0.149080
vn -0.914129 -0.388369 -0.116356
vn -0.914129 -0.388369 -0.116356
vn -0.917582 -0.380513 -0.115125
vn -0.912984 -0.395294 -0.101011
vn -0.885847 -0.462377 -0.038511
vn -0.912984 -0.395294 -0.101011
vn -0.911816 -0.401249 -0.087128
vn -0.923231 -0.367243 -0.113035
vn -0.911816 -0.401249 -0.087128
vn -0.912984 -0.395294 -0.101011
vn -0.917582 -0.380513 -0.115125
vn -0.461890 -0.696923 0.548595
vn -0.461890 -0.696923 0.548595
vn -0.461890 -0.696923 0.548595
vn -0.461890 -0.696923 0.548595
vn -0.913375 -0.366519 -0.177230
vn -0.913375 -0.366519 -0.177230
vn -0.913375 -0.366519 -0.177230
vn -0.913377 -0.366516 -0.177227
vn -0.913377 -0.366516 -0.177227
vn -0.913377 -0.366516 -0.177227
vn -0.913377 -0.366516 -0.177227
vn -0.996341 -0.064747 0.055788
vn -0.996341 -0.064747 0.055788
vn -0.996341 -0.064747 0.055788
vn -0.996341 -0.064747 0.055788
vn -0.927622 0.246877 0.280304
vn -0.927622 0.246877 0.280304
vn -0.927622 0.246877 0.280304
vn -0.927622 0.246877 0.280304
vn -0.927622 0.246874 0.280305
vn -0.927622 0.246874 0.280305
vn -0.927622 0.246874 0.280305
vn -0.927622 0.246874 0.280305
vn -0.470155 -0.341098 0.814006
vn -0.470156 -0.341098 0.814006
vn -0.470156 -0.341098 0.814006
vn -0.470156 -0.341098 0.814006
vn 0.354748 0.778071 0.518420
vn 0.354748 0.778071 0.518420
vn 0.354748 0.778071 0.518420
vn 0.354748 0.778071 0.518420
vn 0.323022 0.775181 0.542910
vn 0.323022 0.775181 0.542910
vn 0.323022 0.775181 0.542910
vn 0.364094 0.765203 0.530942
vn 0.364094 0.765203 0.530942
vn 0.364094 0.765203 0.530942
vn 0.364088 0.765203 0.530946
vn 0.364088 0.765203 0.530946
vn 0.364088 0.765203 0.530946
vn 0.364088 0.765203 0.530946
vn 0.691367 0.612478 0.383252
vn 0.691367 0.612478 0.383252
vn 0.691367 0.612478 0.383252
vn 0.691368 0.612478 0.383252
vn 0.710841 0.594364 0.376082
vn 0.710841 0.594363 0.376082
vn 0.710841 0.594364 0.376082
vn 0.691375 0.612472 0.383249
vn 0.691375 0.612472 0.383249
vn 0.691375 0.612472 0.383249
vn 0.694935 0.607762 0.384306
vn 0.694935 0.607762 0.384306
vn 0.694935 0.607762 0.384306
vn 0.694935 0.607762 0.384306
vn 0.701311 0.600873 0.383556
vn 0.701311 0.600873 0.383556
vn 0.701311 0.600873 0.383556
vn -0.364087 -0.765206 -0.530944
vn -0.364086 -0.765206 -0.530944
vn -0.364086 -0.765206 -0.530944
vn -0.364086 -0.765206 -0.530944
vn 0.942449 -0.058135 0.329257
vn 0.942449 -0.058135 0.329257
vn 0.942449 -0.058135 0.329257
vn 0.942449 -0.058135 0.329257
vn -0.921745 -0.386820 -0.027500
vn -0.921745 -0.386820 -0.027500
vn -0.921745 -0.386820 -0.027500
vn -0.921745 -0.386820 -0.027500
vn -0.781867 -0.583622 0.219248
vn -0.781867 -0.583622 0.219248
vn -0.781867 -0.583622 0.219248
vn -0.794155 -0.447460 0.411215
vn -0.794155 -0.447460 0.411215
vn -0.794155 -0.447460 0.411215
vn -0.923143 0.003357 -0.384442
vn -0.923143 0.003357 -0.384442
vn -0.923143 0.003357 -0.384442
vn -0.923143 0.003357 -0.384442
vn 0.785565 0.474389 -0.397294
vn 0.785565 0.474390 -0.397294
vn 0.785565 0.474389 -0.397294
vn 0.785565 0.474389 -0.397294
vn -0.823350 0.364861 -0.434708
vn -0.823350 0.364861 -0.434708
vn -0.823350 0.364861 -0.434708
vn -0.823350 0.364861 -0.434708
vn -0.367681 0.536577 -0.759537
vn -0.367681 0.536577 -0.759537
vn -0.367681 0.536577 -0.759537
vn -0.367681 0.536577 -0.759537
vn -0.446282 -0.634703 0.630860
vn -0.446282 -0.634703 0.630860
vn -0.446282 -0.634703 0.630860
vn -0.446282 -0.634703 0.630860
vn -0.665205 -0.688762 0.288289
vn -0.665205 -0.688762 0.288289
vn -0.665205 -0.688762 0.288289
vn 0.088882 -0.828121 -0.553457
vn 0.088882 -0.828121 -0.553457
vn 0.088882 -0.828121 -0.553457
vn 0.088882 -0.828121 -0.553457
vn 0.558846 0.396776 -0.728190
vn 0.558846 0.396776 -0.728190
vn 0.558846 0.396776 -0.728190
vn 0.661672 -0.451175 0.598858
vn 0.661672 -0.451175 0.598858
vn 0.661672 -0.451175 0.598858
vn 0.923645 -0.323871 0.204908
vn 0.923645 -0.323871 0.204908
vn 0.923645 -0.323871 0.204908
vn 0.923645 -0.323871 0.204908
vn 0.861468 -0.336775 0.380073
vn 0.861468 -0.336775 0.380074
vn 0.861468 -0.336775 0.380074
vn 0.963232 0.173739 -0.204938
vn 0.963232 0.173739 -0.204938
vn 0.963232 0.173739 -0.204938
vn 0.414529 0.812136 -0.410610
vn 0.414529 0.812136 -0.410610
vn 0.414529 0.812136 -0.410610
vn 0.414529 0.812136 -0.410610
vn 0.393820 0.465638 -0.792519
vn 0.393820 0.465638 -0.792519
vn 0.393820 0.465638 -0.792519
vn 0.393820 0.465638 -0.792519
vn -0.150916 0.983255 -0.102143
vn -0.150916 0.983255 -0.102143
vn -0.150916 0.983255 -0.102143
vn -0.150916 0.983255 -0.102143
vn 0.268670 0.892715 -0.361768
vn 0.268670 0.892715 -0.361768
vn 0.268670 0.892715 -0.361768
vn 0.268670 0.892715 -0.361768
vn -0.267379 0.946239 -0.182043
vn -0.267379 0.946239 -0.182043
vn -0.267379 0.946239 -0.182043
vn -0.267379 0.946239 -0.182043
vn -0.788794 -0.215578 -0.575613
vn -0.788794 -0.215578 -0.575613
vn -0.788794 -0.215578 -0.575613
vn -0.788794 -0.215578 -0.575613
vn 0.285824 0.717238 -0.635511
vn 0.285825 0.717238 -0.635511
vn 0.285825 0.717238 -0.635511
vn 0.285825 0.717238 -0.635511
vn 0.636533 0.603983 -0.479615
vn 0.636533 0.603982 -0.479615
vn 0.636533 0.603983 -0.479615
vn 0.726495 0.669406 0.155246
vn 0.726495 0.669406 0.155246
vn 0.726495 0.669406 0.155246
vn 0.751779 0.531846 -0.389831
vn 0.751779 0.531846 -0.389831
vn 0.751779 0.531846 -0.389831
vn 0.636832 0.752439 -0.168171
vn 0.636832 0.752439 -0.168171
vn 0.636832 0.752439 -0.168171
vn 0.636832 0.752439 -0.168171
vn 0.682983 0.495911 -0.536289
vn 0.682983 0.495911 -0.536289
vn 0.682983 0.495911 -0.536289
vn 0.808903 0.586455 0.041799
vn 0.808903 0.586455 0.041799
vn 0.808903 0.586455 0.041799
vn 0.193783 0.978266 -0.073777
vn 0.193783 0.978266 -0.073777
vn 0.193783 0.978266 -0.073777
vn -0.119957 0.401881 0.907801
vn -0.119957 0.401881 0.907801
vn -0.119957 0.401881 0.907801
vn 0.289370 -0.830827 0.475385
vn 0.289370 -0.830827 0.475385
vn 0.289370 -0.830827 0.475385
vn 0.266453 -0.935656 0.231408
vn 0.266453 -0.935656 0.231408
vn 0.266453 -0.935656 0.231408
vn 0.266453 -0.935656 0.231408
vn 0.429951 -0.859582 0.276153
vn 0.429951 -0.859582 0.276153
vn 0.429951 -0.859582 0.276153
vn 0.818078 0.499102 0.285736
vn 0.818078 0.499103 0.285736
vn 0.818078 0.499103 0.285736
vn 0.818078 0.499102 0.285736
vn 0.818079 0.499099 0.285740
vn 0.818079 0.499099 0.285740
vn 0.818079 0.499099 0.285740
vn 0.818079 0.499099 0.285740
vn 0.818065 0.499117 0.285750
vn 0.818065 0.499117 0.285750
vn 0.818065 0.499117 0.285750
vn 0.818065 0.499117 0.285750
vn 0.550661 0.758734 0.347987
vn 0.550661 0.758734 0.347987
vn 0.550661 0.758734 0.347987
vn 0.550661 0.758734 0.347987
vn 0.459983 0.825066 0.328150
vn 0.459983 0.825066 0.328150
vn 0.459983 0.825066 0.328150
vn 0.459983 0.825066 0.328150
vn 0.561769 0.815202 0.140932
vn 0.561769 0.815202 0.140932
vn 0.561769 0.815202 0.140932
vn 0.561769 0.815202 0.140932
vn 0.773805 0.629428 0.071036
vn 0.773805 0.629428 0.071036
vn 0.773805 0.629428 0.071036
vn -0.538059 -0.702341 -0.466059
vn -0.538059 -0.702341 -0.466059
vn -0.538058 -0.702341 -0.466059
vn -0.538059 -0.702341 -0.466059
vn 0.818079 0.499096 0.285744
vn 0.818079 0.499096 0.285744
vn 0.818079 0.499096 0.285744
vn 0.818079 0.499096 0.285744
vn -0.812982 -0.453494 -0.365245
vn -0.812982 -0.453494 -0.365245
vn -0.812982 -0.453494 -0.365245
vn -0.812982 -0.453494 -0.365245
vn -0.808512 -0.428122 -0.403758
vn -0.808512 -0.428122 -0.403758
vn -0.808512 -0.428122 -0.403758
vn -0.808512 -0.428122 -0.403758
vn -0.808515 -0.428118 -0.403755
vn -0.808515 -0.428118 -0.403755
vn -0.808515 -0.428118 -0.403755
vn -0.808515 -0.428118 -0.403755
vn -0.428720 -0.629848 -0.647681
vn -0.428720 -0.629848 -0.647681
vn -0.428720 -0.629848 -0.647681
vn 0.569011 -0.630395 -0.528042
vn 0.569011 -0.630395 -0.528042
vn 0.569011 -0.630395 -0.528042
vn 0.569011 -0.630395 -0.528042
vn 0.569034 -0.630379 -0.528037
vn 0.569034 -0.630379 -0.528037
vn 0.569034 -0.630379 -0.528037
vn 0.569034 -0.630379 -0.528037
vn 0.569023 -0.630387 -0.528038
vn 0.569023 -0.630387 -0.528038
vn 0.569023 -0.630387 -0.528038
vn 0.569023 -0.630387 -0.528038
vn 0.568987 -0.630405 -0.528056
vn 0.568987 -0.630405 -0.528056
vn 0.568987 -0.630405 -0.528056
vn -0.437280 0.715539 0.544785
vn -0.473725 0.718643 0.509056
vn -0.468058 0.718277 0.514780
vn -0.475937 0.718778 0.506796
vn -0.475950 0.718773 0.506790
vn -0.468058 0.718277 0.514780
vn -0.473725 0.718643 0.509056
vn -0.473725 0.718643 0.509056
vn 0.951814 -0.291287 -0.095929
vn -0.475937 0.718778 0.506796
vn -0.823126 0.397625 0.405410
vn -0.823126 0.397625 0.405410
vn -0.823126 0.397625 0.405410
vn -0.870479 0.347168 0.348913
vn -0.870479 0.347168 0.348913
vn -0.870479 0.347168 0.348913
vn -0.870479 0.347168 0.348913
vn -0.839562 0.377210 0.390958
vn -0.839562 0.377210 0.390958
vn -0.839562 0.377210 0.390958
vn -0.839562 0.377210 0.390958
vn 0.918683 -0.174596 -0.354313
vn 0.918683 -0.174596 -0.354313
vn 0.918683 -0.174596 -0.354313
vn 0.918683 -0.174596 -0.354313
vn 0.906003 -0.357997 -0.225824
vn 0.906003 -0.357997 -0.225824
vn 0.906003 -0.357997 -0.225824
vn 0.906003 -0.357997 -0.225824
vn 0.842979 -0.456915 -0.283928
vn 0.842979 -0.456915 -0.283928
vn 0.842979 -0.456915 -0.283928
vn 0.843015 -0.456867 -0.283900
vn 0.843015 -0.456867 -0.283900
vn 0.843015 -0.456867 -0.283900
vn 0.546674 -0.666037 0.507486
vn 0.546674 -0.666037 0.507486
vn 0.546674 -0.666037 0.507486
vn 0.546674 -0.666037 0.507486
vn 0.447762 -0.591916 0.670183
vn 0.447762 -0.591916 0.670183
vn 0.447762 -0.591916 0.670183
vn 0.447762 -0.591916 0.670183
vn 0.550241 0.456364 -0.699262
vn 0.550241 0.456364 -0.699262
vn 0.550241 0.456364 -0.699262
vn 0.550241 0.456364 -0.699262
vn 0.756621 -0.406038 0.512502
vn 0.756621 -0.406038 0.512502
vn 0.756621 -0.406038 0.512502
vn 0.756621 -0.406038 0.512502
vn 0.110661 0.548060 -0.829087
vn 0.110661 0.548060 -0.829087
vn 0.110661 0.548060 -0.829086
vn 0.110661 0.548060 -0.829087
vn -0.629956 0.662153 -0.405843
vn -0.629956 0.662153 -0.405843
vn -0.629956 0.662153 -0.405843
vn -0.629956 0.662153 -0.405844
vn -0.339831 0.713818 -0.612355
vn -0.339831 0.713818 -0.612355
vn -0.339831 0.713818 -0.612355
vn -0.339831 0.713818 -0.612355
vn -0.637827 0.269448 0.721509
vn -0.637827 0.269448 0.721509
vn -0.637827 0.269448 0.721509
vn -0.637827 0.269448 0.721509
vn -0.609323 0.215692 0.763022
vn -0.609323 0.215692 0.763022
vn -0.609323 0.215692 0.763022
vn -0.609323 0.215692 0.763022
vn 0.644265 -0.764495 0.021679
vn 0.644265 -0.764495 0.021679
vn 0.644265 -0.764495 0.021679
vn 0.644265 -0.764495 0.021679
vn 0.773587 -0.576604 -0.262851
vn 0.773587 -0.576604 -0.262851
vn 0.773587 -0.576605 -0.262851
vn 0.773587 -0.576605 -0.262851
vn 0.697020 0.612918 0.372148
vn 0.697020 0.612918 0.372148
vn 0.697020 0.612918 0.372148
vn 0.697020 0.612918 0.372148
vn 0.699006 0.607522 0.377236
vn 0.699006 0.607522 0.377236
vn 0.699006 0.607522 0.377236
vn 0.699006 0.607522 0.377236
vn 0.333036 0.772291 0.540974
vn 0.333036 0.772291 0.540974
vn 0.333036 0.772291 0.540974
vn 0.374066 0.770508 0.516133
vn 0.374066 0.770508 0.516133
vn 0.374066 0.770508 0.516133
vn 0.366606 0.758145 0.539274
vn 0.366606 0.758145 0.539274
vn 0.366606 0.758145 0.539274
vn 0.366606 0.758145 0.539274
vn -0.039454 0.800067 0.598612
vn -0.039454 0.800067 0.598612
vn -0.039454 0.800067 0.598612
vn 0.712259 -0.527002 -0.463633
vn 0.712259 -0.527002 -0.463633
vn 0.712259 -0.527002 -0.463633
vn 0.712259 -0.527002 -0.463633
vn 0.927622 -0.246876 -0.280304
vn 0.927622 -0.246876 -0.280304
vn 0.927622 -0.246876 -0.280304
vn 0.927622 -0.246876 -0.280304
vn 0.019862 -0.597814 -0.801389
vn 0.019862 -0.597814 -0.801389
vn 0.019862 -0.597814 -0.801388
vn 0.019862 -0.597814 -0.801388
vn 0.916312 0.314403 0.248036
vn 0.916312 0.314403 0.248036
vn 0.916313 0.314403 0.248036
vn 0.916312 0.314403 0.248036
vn -0.990811 -0.082512 -0.107172
vn -0.990811 -0.082512 -0.107172
vn -0.990811 -0.082512 -0.107172
vn -0.990811 -0.082512 -0.107172
vn -0.917224 0.397179 -0.030814
vn -0.917224 0.397179 -0.030814
vn -0.917224 0.397179 -0.030814
vn 0.990571 0.083781 -0.108393
vn 0.990571 0.083781 -0.108393
vn 0.990571 0.083781 -0.108393
vn 0.990571 0.083781 -0.108393
vn 0.888864 -0.277135 -0.364851
vn 0.888865 -0.277135 -0.364851
vn 0.888864 -0.277135 -0.364851
vn 0.888865 -0.277135 -0.364851
vn 0.512928 -0.059398 -0.856374
vn 0.512928 -0.059398 -0.856375
vn 0.512928 -0.059398 -0.856375
vn 0.512928 -0.059398 -0.856375
vn 0.708930 0.635833 -0.305180
vn 0.708930 0.635833 -0.305180
vn 0.708930 0.635833 -0.305180
vn 0.708930 0.635833 -0.305180
vn 0.898267 -0.137894 -0.417254
vn 0.898267 -0.137894 -0.417254
vn 0.898267 -0.137894 -0.417254
vn -0.503944 -0.682105 -0.529881
vn -0.503944 -0.682105 -0.529881
vn -0.503944 -0.682104 -0.529881
vn -0.503944 -0.682104 -0.529881
vn 0.409039 -0.299454 -0.861983
vn 0.409039 -0.299454 -0.861983
vn 0.409039 -0.299454 -0.861983
vn -0.348169 -0.843238 -0.409547
vn -0.348169 -0.843238 -0.409547
vn -0.348169 -0.843238 -0.409547
vn -0.600882 -0.507001 -0.617973
vn -0.600883 -0.507001 -0.617973
vn -0.600883 -0.507001 -0.617972
vn -0.600883 -0.507001 -0.617973
vn 0.968292 -0.052750 -0.244189
vn 0.968292 -0.052750 -0.244189
vn 0.968292 -0.052750 -0.244189
vn 0.968292 -0.052750 -0.244189
vn -0.078749 0.441918 -0.893592
vn -0.078749 0.441918 -0.893592
vn -0.078749 0.441918 -0.893592
vn -0.071853 0.422977 -0.903287
vn -0.071853 0.422977 -0.903287
vn -0.071853 0.422977 -0.903287
vn 0.963282 -0.038388 -0.265734
vn 0.963282 -0.038388 -0.265734
vn 0.963282 -0.038388 -0.265734
vn 0.963282 -0.038388 -0.265734
vn -0.071683 0.581068 0.810692
vn -0.071683 0.581068 0.810692
vn -0.071683 0.581068 0.810692
vn -0.683656 -0.508654 -0.523341
vn -0.683656 -0.508654 -0.523341
vn -0.683656 -0.508654 -0.523341
vn -0.231617 -0.311837 -0.921472
vn -0.231617 -0.311837 -0.921472
vn -0.231617 -0.311837 -0.921472
vn 0.039563 -0.802495 0.595345
vn 0.039563 -0.802495 0.595345
vn 0.039563 -0.802495 0.595345
vn 0.067290 -0.794813 0.603112
vn 0.067290 -0.794813 0.603113
vn 0.067290 -0.794813 0.603112
vn 0.067290 -0.794813 0.603113
vn 0.197066 0.938864 -0.282311
vn 0.197066 0.938864 -0.282311
vn 0.197066 0.938864 -0.282311
vn 0.197066 0.938864 -0.282311
vn 0.108895 0.990934 0.078689
vn 0.108895 0.990934 0.078689
vn 0.108895 0.990934 0.078689
vn 0.108895 0.990934 0.078689
vn -0.142143 0.989208 -0.035542
vn -0.142143 0.989208 -0.035542
vn -0.142143 0.989208 -0.035542
vn 0.085283 -0.309035 0.947219
vn 0.085283 -0.309035 0.947219
vn 0.085283 -0.309035 0.947219
vn 0.085283 -0.309035 0.947219
vn -0.100221 0.620162 0.778045
vn -0.100221 0.620162 0.778045
vn -0.100221 0.620162 0.778045
vn -0.100221 0.620162 0.778045
vn 0.039654 -0.803227 0.594351
vn 0.039654 -0.803227 0.594351
vn 0.039654 -0.803227 0.594352
vn 0.039654 -0.803227 0.594352
vn 0.069202 -0.784537 0.616209
vn 0.069202 -0.784537 0.616209
vn 0.069202 -0.784537 0.616209
vn 0.069202 -0.784537 0.616209
vn 0.300944 -0.179312 -0.936632
vn 0.300944 -0.179312 -0.936632
vn 0.300944 -0.179312 -0.936632
vn 0.300944 -0.179312 -0.936632
vn -0.231614 -0.311840 -0.921472
vn -0.231614 -0.311840 -0.921472
vn -0.231614 -0.311840 -0.921472
vn -0.063085 0.995526 -0.070351
vn -0.063085 0.995526 -0.070351
vn -0.063085 0.995526 -0.070351
vn -0.063085 0.995525 -0.070351
vn -0.913377 -0.366524 -0.177210
vn -0.913377 -0.366524 -0.177210
vn -0.913377 -0.366524 -0.177210
vn -0.934121 0.355385 0.033475
vn -0.934121 0.355385 0.033475
vn -0.934121 0.355385 0.033475
vn -0.954334 0.232274 -0.187870
vn -0.954334 0.232274 -0.187870
vn -0.954334 0.232274 -0.187870
vn -0.954334 0.232274 -0.187870
vn -0.802659 -0.288248 0.522160
vn -0.802659 -0.288248 0.522160
vn -0.802659 -0.288248 0.522160
vn -0.802659 -0.288248 0.522160
vn -0.953526 -0.213286 0.212832
vn -0.953526 -0.213286 0.212832
vn -0.953526 -0.213286 0.212832
vn -0.953526 -0.213286 0.212832
vn -0.065244 -0.898989 -0.433084
vn -0.065244 -0.898989 -0.433084
vn -0.065244 -0.898989 -0.433084
vn -0.751878 0.162215 0.639035
vn -0.751878 0.162215 0.639035
vn -0.751878 0.162215 0.639035
vn -0.751878 0.162215 0.639035
vn 0.830182 0.549953 -0.091377
vn 0.830182 0.549953 -0.091377
vn 0.830182 0.549953 -0.091377
vn 0.993014 -0.061736 -0.100554
vn 0.993014 -0.061736 -0.100554
vn 0.993014 -0.061736 -0.100554
vn 0.923336 0.229617 0.307778
vn 0.923336 0.229617 0.307778
vn 0.923336 0.229617 0.307778
vn 0.968956 -0.152545 -0.194561
vn 0.968956 -0.152545 -0.194561
vn 0.968956 -0.152545 -0.194561
vn 0.968956 -0.152545 -0.194561
vn 0.755201 0.091853 -0.649025
vn 0.755201 0.091853 -0.649025
vn 0.755201 0.091853 -0.649025
vn 0.755201 0.091853 -0.649025
vn 0.949263 0.208136 -0.235754
vn 0.949263 0.208136 -0.235754
vn 0.949263 0.208136 -0.235754
vn 0.949263 0.208136 -0.235754
vn 0.819846 0.561134 -0.113935
vn 0.819846 0.561134 -0.113935
vn 0.819846 0.561134 -0.113935
vn 0.819846 0.561134 -0.113935
vn 0.393733 0.883828 -0.252632
vn 0.393733 0.883828 -0.252632
vn 0.393733 0.883828 -0.252632
vn 0.393733 0.883828 -0.252632
vn -0.062212 0.799515 -0.597416
vn -0.062212 0.799515 -0.597416
vn -0.062212 0.799515 -0.597416
vn -0.212642 0.773399 0.597191
vn -0.212642 0.773399 0.597191
vn -0.212640 0.773400 0.597190
vn -0.212635 0.773403 0.597189
vn -0.212635 0.773403 0.597189
vn -0.212640 0.773400 0.597190
vn -0.212615 0.773414 0.597181
vn 0.879846 -0.332949 -0.339141
vn 0.879846 -0.332949 -0.339141
vn 0.879846 -0.332949 -0.339141
vn 0.879846 -0.332949 -0.339141
vn -0.001950 -0.219529 -0.975604
vn -0.001950 -0.219529 -0.975604
vn -0.001950 -0.219529 -0.975604
vn -0.001950 -0.219529 -0.975604
vn -0.027659 0.731095 -0.681715
vn -0.233020 0.542034 -0.807404
vn -0.392639 0.094466 -0.914829
vn -0.040166 0.680598 -0.731556
vn -0.392639 0.094466 -0.914829
vn -0.233020 0.542034 -0.807404
vn -0.487174 -0.475652 -0.732405
vn -0.300437 -0.376679 -0.876271
vn -0.392639 0.094466 -0.914829
vn -0.487174 -0.475652 -0.732405
vn -0.040166 0.680598 -0.731556
vn -0.392639 0.094466 -0.914829
vn -0.300437 -0.376679 -0.876271
vn 0.873077 -0.081916 -0.480653
vn 0.873077 -0.081916 -0.480653
vn 0.873077 -0.081916 -0.480653
vn -0.538057 -0.702348 -0.466049
vn -0.482836 -0.267415 -0.833882
vn -0.379805 -0.346734 -0.857627
vn -0.176094 -0.798673 -0.575424
vn -0.035163 -0.766799 -0.640923
vn -0.023715 -0.763375 -0.645521
vn -0.023715 -0.763375 -0.645521
vn -0.035163 -0.766799 -0.640923
vn 0.065708 -0.538631 -0.839976
vn 0.058425 -0.486164 -0.871912
vn 0.058425 -0.486164 -0.871912
vn 0.065708 -0.538631 -0.839976
vn 0.118522 -0.089988 -0.988865
vn 0.016429 -0.119043 -0.992753
vn 0.058425 -0.486164 -0.871912
vn 0.118522 -0.089988 -0.988865
vn 0.103264 -0.098589 -0.989756
vn 0.103264 -0.098589 -0.989756
vn -0.379805 -0.346734 -0.857627
vn 0.016429 -0.119043 -0.992753
vn -0.379805 -0.346734 -0.857627
vn -0.482836 -0.267415 -0.833882
vn 0.016429 -0.119043 -0.992753
vn 0.983656 -0.134320 0.119916
vn 0.634575 0.524125 0.567986
vn 0.924123 0.258529 0.281353
vn -0.046918 0.684752 0.727265
vn 0.924123 0.258529 0.281353
vn 0.634575 0.524125 0.567986
vn -0.046918 0.684752 0.727265
vn 0.634575 0.524125 0.567986
vn 0.983656 -0.134320 0.119916
vn 0.650564 -0.444317 0.615913
vn 0.627569 -0.113950 -0.770177
vn 0.627569 -0.113950 -0.770177
vn 0.627569 -0.113950 -0.770177
vn 0.627569 -0.113950 -0.770177
vn -0.485181 0.872783 0.053368
vn -0.485181 0.872783 0.053368
vn -0.485181 0.872783 0.053368
vn -0.485181 0.872783 0.053368
vn -0.007151 -0.425943 0.904722
vn -0.007151 -0.425943 0.904722
vn -0.007151 -0.425943 0.904722
vn -0.007151 -0.425943 0.904722
vn -0.518887 0.588299 0.620211
vn -0.518887 0.588299 0.620211
vn -0.518887 0.588299 0.620211
vn -0.518887 0.588299 0.620210
vn 0.007169 0.425952 -0.904718
vn 0.007169 0.425952 -0.904718
vn 0.007169 0.425952 -0.904718
vn 0.007169 0.425952 -0.904718
vn 0.514372 -0.856013 -0.051597
vn 0.514372 -0.856013 -0.051597
vn 0.514372 -0.856013 -0.051597
vn 0.514372 -0.856013 -0.051597
vn -0.847074 -0.478234 -0.231860
vn -0.847074 -0.478234 -0.231860
vn -0.847074 -0.478234 -0.231860
vn -0.847074 -0.478234 -0.231860
vn 0.983357 0.161235 0.083741
vn 0.983357 0.161235 0.083741
vn 0.983357 0.161235 0.083741
vn 0.983357 0.161235 0.083741
vn -0.007159 -0.425947 0.904720
vn -0.007159 -0.425947 0.904720
vn -0.007159 -0.425947 0.904720
vn -0.007159 -0.425947 0.904720
vn -0.518594 0.644765 0.561550
vn -0.518594 0.644765 0.561550
vn -0.518594 0.644765 0.561550
vn -0.518594 0.644765 0.561550
vn 0.064302 0.367269 -0.927889
vn 0.064302 0.367269 -0.927889
vn 0.064302 0.367269 -0.927889
vn 0.064302 0.367269 -0.927889
vn 0.486112 -0.871882 -0.059296
vn 0.486112 -0.871882 -0.059296
vn 0.486112 -0.871882 -0.059296
vn 0.486112 -0.871882 -0.059296
vn 0.857530 0.454104 0.241726
vn 0.857530 0.454104 0.241726
vn 0.857530 0.454104 0.241726
vn 0.857530 0.454104 0.241726
vn 0.182717 -0.269990 0.945368
vn 0.182717 -0.269990 0.945368
vn 0.182717 -0.269990 0.945368
vn 0.182717 -0.269990 0.945368
vn -0.801537 -0.594831 0.060945
vn -0.801537 -0.594831 0.060945
vn -0.801537 -0.594831 0.060945
vn -0.801537 -0.594831 0.060945
vn -0.176329 0.375766 -0.909785
vn -0.176329 0.375766 -0.909785
vn -0.176329 0.375766 -0.909785
vn -0.176329 0.375766 -0.909785
vn 0.742691 0.317027 0.589833
vn 0.742691 0.317027 0.589833
vn 0.742691 0.317027 0.589833
vn 0.742691 0.317027 0.589834
vn 0.509026 -0.769997 -0.384705
vn 0.509026 -0.769997 -0.384705
vn 0.509026 -0.769997 -0.384705
vn 0.509026 -0.769997 -0.384705
vn -0.007166 -0.425936 0.904725
vn -0.007166 -0.425936 0.904725
vn -0.007166 -0.425936 0.904725
vn -0.007166 -0.425936 0.904725
vn -0.938442 -0.273328 0.211232
vn -0.938442 -0.273328 0.211232
vn -0.938442 -0.273328 0.211232
vn -0.938442 -0.273328 0.211232
vn 0.007164 0.425949 -0.904719
vn 0.007164 0.425949 -0.904719
vn 0.007164 0.425949 -0.904719
vn 0.007164 0.425949 -0.904719
vn 0.933940 0.005615 0.357386
vn 0.933940 0.005615 0.357386
vn 0.933940 0.005615 0.357386
vn 0.933940 0.005615 0.357386
vn 0.150741 -0.894863 -0.420115
vn 0.150741 -0.894863 -0.420115
vn 0.150741 -0.894863 -0.420115
vn 0.150741 -0.894863 -0.420115
vn -0.007167 -0.425966 0.904711
vn -0.007167 -0.425966 0.904711
vn -0.007167 -0.425966 0.904711
vn -0.007167 -0.425966 0.904711
vn -0.925297 0.069614 0.372800
vn -0.925297 0.069614 0.372800
vn -0.925297 0.069614 0.372800
vn -0.925297 0.069614 0.372800
vn 0.007167 0.425952 -0.904717
vn 0.007167 0.425952 -0.904717
vn 0.007167 0.425952 -0.904718
vn 0.007167 0.425952 -0.904717
vn 0.920788 -0.337357 0.195808
vn 0.920788 -0.337357 0.195808
vn 0.920788 -0.337357 0.195808
vn 0.920788 -0.337357 0.195808
vn -0.248324 -0.875646 -0.414222
vn -0.248324 -0.875646 -0.414222
vn -0.248324 -0.875646 -0.414222
vn -0.248324 -0.875646 -0.414222
vn 0.245892 0.956839 0.154910
vn 0.245892 0.956839 0.154910
vn 0.245892 0.956839 0.154910
vn 0.245892 0.956839 0.154910
vn 0.097625 -0.261428 -0.960273
vn 0.097625 -0.261428 -0.960273
vn 0.097625 -0.261428 -0.960273
vn 0.097625 -0.261428 -0.960273
vn 0.110668 -0.289789 -0.950671
vn 0.110668 -0.289789 -0.950671
vn 0.110668 -0.289789 -0.950671
vn 0.095298 -0.368168 -0.924862
vn 0.095298 -0.368168 -0.924862
vn 0.095298 -0.368168 -0.924862
vn 0.095298 -0.368168 -0.924862
vn 0.051976 0.609107 0.791383
vn 0.051976 0.609107 0.791383
vn 0.051976 0.609107 0.791383
vn 0.051976 0.609107 0.791383
vn -0.010738 0.429790 0.902865
vn -0.010738 0.429790 0.902865
vn -0.010738 0.429790 0.902865
vn -0.010738 0.429790 0.902865
vn -0.000114 0.568389 0.822760
vn -0.000114 0.568389 0.822760
vn -0.000114 0.568389 0.822760
vn -0.000114 0.568389 0.822760
vn -0.813113 -0.581799 -0.018898
vn -0.813113 -0.581799 -0.018898
vn -0.813113 -0.581799 -0.018898
vn 0.768143 0.630863 0.109401
vn 0.767279 0.626998 0.134750
vn 0.767279 0.626998 0.134750
vn 0.768390 0.637066 0.061018
vn 0.767638 0.640120 0.031274
vn 0.768143 0.630863 0.109401
vn 0.768390 0.637066 0.061018
vn 0.767638 0.640120 0.031274
vn -0.803721 -0.566542 -0.181833
vn -0.803721 -0.566542 -0.181833
vn -0.803721 -0.566542 -0.181833
vn -0.803721 -0.566542 -0.181833
vn -0.778300 -0.591335 -0.211123
vn -0.761066 -0.618211 -0.196452
vn -0.761066 -0.618211 -0.196452
vn -0.765044 -0.612202 -0.199790
vn -0.765044 -0.612202 -0.199790
vn -0.808001 -0.539010 -0.237911
vn -0.778300 -0.591335 -0.211123
vn -0.767021 -0.339291 -0.544573
vn -0.767021 -0.339291 -0.544573
vn -0.767021 -0.339291 -0.544573
vn -0.767021 -0.339291 -0.544573
vn -0.837313 -0.504484 -0.210720
vn -0.837313 -0.504484 -0.210720
vn -0.837313 -0.504484 -0.210720
vn -0.837313 -0.504484 -0.210720
vn -0.556846 -0.509748 0.655805
vn -0.556846 -0.509748 0.655805
vn -0.556846 -0.509748 0.655805
vn -0.889851 -0.429203 0.154757
vn -0.889851 -0.429203 0.154757
vn -0.889851 -0.429203 0.154757
vn -0.423038 -0.080643 -0.902516
vn -0.423038 -0.080643 -0.902516
vn -0.423038 -0.080643 -0.902516
vn -0.423038 -0.080643 -0.902516
vn 0.702960 0.711223 0.003024
vn 0.702960 0.711223 0.003024
vn 0.702960 0.711223 0.003024
vn 0.702960 0.711223 0.003024
vn 0.786487 0.615539 0.050498
vn 0.786487 0.615539 0.050498
vn 0.786487 0.615539 0.050498
vn 0.735721 0.675592 0.047857
vn 0.735721 0.675592 0.047857
vn 0.735721 0.675592 0.047857
vn 0.735721 0.675592 0.047857
vn -0.629581 0.179399 -0.755939
vn -0.629581 0.179399 -0.755939
vn -0.629581 0.179399 -0.755939
vn -0.629581 0.179399 -0.755939
vn -0.195629 0.134611 -0.971396
vn -0.195629 0.134611 -0.971396
vn -0.195629 0.134611 -0.971396
vn -0.195629 0.134611 -0.971396
vn -0.366742 0.904526 0.217560
vn -0.366742 0.904526 0.217560
vn -0.366742 0.904526 0.217560
vn 0.965253 0.113207 0.235522
vn 0.965253 0.113207 0.235522
vn 0.965253 0.113207 0.235522
vn 0.965253 0.113207 0.235522
vn 0.967813 -0.242474 0.067408
vn 0.967813 -0.242474 0.067408
vn 0.967813 -0.242474 0.067408
vn 0.967813 -0.242474 0.067408
vn 0.818253 -0.567283 -0.093018
vn 0.818253 -0.567283 -0.093018
vn 0.818253 -0.567283 -0.093018
vn 0.818253 -0.567283 -0.093018
vn 0.557751 -0.799776 -0.221972
vn 0.557751 -0.799776 -0.221972
vn 0.557751 -0.799776 -0.221972
vn 0.557751 -0.799776 -0.221972
vn 0.125795 -0.986085 0.108687
vn 0.125795 -0.986085 0.108687
vn 0.125795 -0.986085 0.108687
vn -0.038856 -0.929842 -0.365903
vn -0.038856 -0.929842 -0.365903
vn -0.038856 -0.929842 -0.365903
vn 0.200625 -0.893370 -0.402045
vn 0.200625 -0.893370 -0.402045
vn 0.200625 -0.893370 -0.402045
vn 0.200625 -0.893370 -0.402045
vn -0.142971 -0.871810 -0.468514
vn -0.142971 -0.871810 -0.468514
vn -0.142971 -0.871810 -0.468514
vn -0.187925 -0.880388 -0.435431
vn -0.187925 -0.880388 -0.435431
vn -0.187925 -0.880388 -0.435431
vn -0.194399 -0.909924 -0.366398
vn -0.194399 -0.909924 -0.366398
vn -0.194399 -0.909924 -0.366398
vn -0.553224 -0.763088 -0.334125
vn -0.553224 -0.763088 -0.334125
vn -0.553224 -0.763088 -0.334125
vn -0.553224 -0.763088 -0.334125
vn -0.471234 0.794310 0.383419
vn -0.471234 0.794310 0.383419
vn -0.471234 0.794310 0.383419
vn -0.471234 0.794310 0.383419
vn -0.166314 0.855860 0.489738
vn -0.166314 0.855860 0.489738
vn -0.166314 0.855860 0.489738
vn -0.166314 0.855860 0.489738
vn 0.049707 0.798428 0.600034
vn 0.049707 0.798428 0.600034
vn 0.049707 0.798428 0.600035
vn 0.049707 0.798428 0.600034
vn 0.467389 0.691746 0.550486
vn 0.467389 0.691746 0.550486
vn 0.467389 0.691746 0.550486
vn 0.467389 0.691746 0.550486
vn 0.829650 0.405342 0.383899
vn 0.829650 0.405342 0.383899
vn 0.829650 0.405342 0.383899
vn 0.829650 0.405342 0.383899
vn 0.131444 0.401123 -0.906545
vn 0.096142 0.424159 -0.900470
vn 0.096508 0.423932 -0.900537
vn 0.093349 0.425953 -0.899917
vn 0.096508 0.423932 -0.900537
vn 0.096142 0.424159 -0.900470
vn 0.093344 0.425949 -0.899919
vn 0.093339 0.425945 -0.899921
vn 0.093344 0.425949 -0.899919
vn 0.096142 0.424159 -0.900470
vn 0.093339 0.425945 -0.899921
vn 0.093339 0.425945 -0.899921
vn 0.093327 0.425942 -0.899924
vn 0.093339 0.425945 -0.899921
vn 0.617142 0.239610 -0.749482
vn 0.617142 0.239610 -0.749482
vn 0.617142 0.239610 -0.749482
vn 0.617142 0.239610 -0.749482
vn 0.536465 0.062649 -0.841594
vn 0.536465 0.062649 -0.841594
vn 0.536465 0.062649 -0.841594
vn 0.536465 0.062649 -0.841594
vn 0.265530 -0.125628 -0.955883
vn 0.265530 -0.125628 -0.955883
vn 0.265530 -0.125628 -0.955883
vn 0.265530 -0.125628 -0.955883
vn -0.392180 -0.262326 -0.881691
vn -0.392180 -0.262326 -0.881691
vn -0.392180 -0.262326 -0.881691
vn -0.392180 -0.262326 -0.881691
vn -0.482132 0.389541 -0.784733
vn -0.482132 0.389541 -0.784733
vn -0.482132 0.389541 -0.784733
vn -0.482132 0.389541 -0.784733
vn 0.142770 0.874420 -0.463688
vn 0.142770 0.874420 -0.463688
vn 0.142770 0.874420 -0.463688
vn 0.142770 0.874420 -0.463688
vn 0.532434 0.616737 -0.579784
vn 0.532434 0.616737 -0.579784
vn 0.532434 0.616737 -0.579784
vn 0.532434 0.616737 -0.579784
vn -0.818539 0.572109 0.051823
vn -0.821117 0.567723 0.058798
vn -0.883684 0.457891 -0.097151
vn -0.881568 0.437230 -0.177952
vn -0.881568 0.437230 -0.177952
vn -0.815126 0.577698 0.042830
vn -0.815126 0.577698 0.042830
vn -0.818539 0.572109 0.051823
vn -0.263148 0.949552 0.170600
vn -0.263148 0.949552 0.170600
vn -0.263148 0.949552 0.170600
vn -0.263148 0.949552 0.170600
vn 0.482252 0.858525 -0.174265
vn 0.482252 0.858525 -0.174265
vn 0.482252 0.858525 -0.174265
vn 0.482252 0.858525 -0.174265
vn 0.981571 0.190852 -0.009709
vn 0.981571 0.190852 -0.009709
vn 0.981571 0.190852 -0.009709
vn 0.981571 0.190852 -0.009709
vn -0.545572 -0.635002 -0.546922
vn -0.545572 -0.635002 -0.546922
vn -0.545572 -0.635002 -0.546922
vn -0.545572 -0.635002 -0.546922
vn -0.784529 -0.378319 -0.491314
vn -0.784528 -0.378319 -0.491314
vn -0.784528 -0.378319 -0.491314
vn -0.784528 -0.378319 -0.491314
vn 0.478945 -0.218538 0.850208
vn 0.478945 -0.218538 0.850208
vn 0.478945 -0.218538 0.850208
vn 0.478945 -0.218538 0.850208
vn 0.481057 -0.512510 0.711279
vn 0.481057 -0.512510 0.711279
vn 0.481057 -0.512510 0.711279
vn 0.481057 -0.512510 0.711279
vn 0.333636 -0.748315 0.573333
vn 0.333636 -0.748315 0.573334
vn 0.333636 -0.748315 0.573333
vn 0.333636 -0.748315 0.573333
vn 0.357825 -0.723867 0.589897
vn 0.357825 -0.723867 0.589897
vn 0.357825 -0.723867 0.589897
vn 0.357825 -0.723867 0.589897
vn 0.040347 -0.865200 0.499802
vn 0.040347 -0.865200 0.499802
vn 0.040347 -0.865200 0.499802
vn 0.040347 -0.865200 0.499802
vn -0.185008 -0.857497 0.480075
vn -0.185008 -0.857497 0.480075
vn -0.185008 -0.857497 0.480075
vn -0.185008 -0.857497 0.480075
vn -0.393752 -0.772070 0.498866
vn -0.393752 -0.772070 0.498866
vn -0.393752 -0.772070 0.498866
vn -0.393752 -0.772070 0.498866
vn -0.554147 -0.621922 0.553293
vn -0.554147 -0.621922 0.553293
vn -0.554147 -0.621922 0.553293
vn -0.554147 -0.621922 0.553293
vn -0.386000 0.117513 0.914983
vn -0.386000 0.117513 0.914983
vn -0.386000 0.117513 0.914983
vn -0.386000 0.117513 0.914983
vn -0.131179 0.221732 0.966244
vn -0.131179 0.221732 0.966244
vn -0.131179 0.221732 0.966244
vn -0.131179 0.221732 0.966244
vn 0.073029 0.232891 0.969757
vn 0.073029 0.232891 0.969757
vn 0.073029 0.232891 0.969757
vn 0.073029 0.232891 0.969757
vn 0.237519 0.172093 0.956017
vn 0.237519 0.172093 0.956017
vn 0.237519 0.172094 0.956017
vn 0.237519 0.172094 0.956017
vn 0.408412 -0.027863 0.912372
vn 0.408412 -0.027863 0.912372
vn 0.408412 -0.027863 0.912372
vn 0.408412 -0.027863 0.912373
vn 0.975198 0.143060 0.168889
vn 0.975198 0.143060 0.168889
vn 0.975198 0.143060 0.168889
vn 0.975198 0.143060 0.168889
vn 0.975211 0.143013 0.168849
vn 0.975211 0.143013 0.168849
vn 0.975211 0.143013 0.168849
vn 0.977735 -0.209833 0.002126
vn 0.977735 -0.209833 0.002126
vn 0.977735 -0.209833 0.002126
vn 0.977735 -0.209833 0.002126
vn 0.200613 -0.893374 -0.402042
vn 0.200613 -0.893374 -0.402043
vn 0.200613 -0.893374 -0.402043
vn 0.200613 -0.893374 -0.402042
vn 0.200662 -0.893371 -0.402025
vn 0.200662 -0.893371 -0.402025
vn 0.200662 -0.893371 -0.402025
vn -0.187853 -0.880096 -0.436053
vn -0.187853 -0.880096 -0.436053
vn -0.187853 -0.880096 -0.436053
vn -0.187853 -0.880096 -0.436053
vn -0.187843 -0.880100 -0.436050
vn -0.187843 -0.880100 -0.436050
vn -0.187843 -0.880100 -0.436050
vn -0.824208 -0.474000 -0.309845
vn -0.824208 -0.474000 -0.309845
vn -0.824208 -0.474000 -0.309845
vn -0.824208 -0.474000 -0.309845
vn -0.539551 0.783840 0.307377
vn -0.539551 0.783840 0.307377
vn -0.539551 0.783840 0.307377
vn -0.539550 0.783840 0.307377
vn -0.148960 0.911547 0.383267
vn -0.148960 0.911547 0.383267
vn -0.148960 0.911547 0.383267
vn -0.148960 0.911547 0.383267
vn 0.147020 0.904800 0.399653
vn 0.147020 0.904800 0.399653
vn 0.147020 0.904800 0.399653
vn 0.147020 0.904800 0.399653
vn 0.187847 0.880094 0.436059
vn 0.187847 0.880094 0.436059
vn 0.187847 0.880094 0.436059
vn 0.187847 0.880094 0.436059
vn 0.139706 0.906110 0.399307
vn 0.139706 0.906110 0.399307
vn 0.139706 0.906111 0.399307
vn -0.928850 -0.054015 -0.366497
vn -0.928850 -0.054015 -0.366497
vn -0.928850 -0.054015 -0.366497
vn -0.928850 -0.054015 -0.366497
vn -0.464212 0.870243 0.164876
vn -0.531404 0.844230 0.069891
vn -0.514625 0.852165 0.094736
vn -0.534065 0.842874 0.065875
vn -0.514625 0.852165 0.094736
vn -0.531404 0.844230 0.069891
vn -0.534065 0.842874 0.065875
vn -0.267509 0.938690 0.217488
vn -0.267509 0.938690 0.217488
vn -0.267509 0.938690 0.217488
vn -0.267509 0.938690 0.217488
vn -0.267509 0.938690 0.217484
vn -0.267509 0.938690 0.217484
vn -0.267509 0.938690 0.217484
vn -0.267509 0.938690 0.217484
vn 0.762032 0.645756 -0.048026
vn 0.762032 0.645755 -0.048026
vn 0.762032 0.645755 -0.048026
vn 0.762032 0.645755 -0.048026
vn 0.984128 0.141486 0.107114
vn 0.984128 0.141486 0.107114
vn 0.984128 0.141486 0.107114
vn 0.438971 0.851800 0.285904
vn 0.438971 0.851800 0.285904
vn 0.438971 0.851800 0.285904
vn 0.977541 0.178558 0.111937
vn 0.977541 0.178558 0.111937
vn 0.977541 0.178558 0.111937
vn -0.658420 -0.508974 -0.554463
vn -0.658420 -0.508974 -0.554463
vn -0.658420 -0.508974 -0.554463
vn -0.549059 -0.624986 -0.554912
vn -0.549059 -0.624986 -0.554912
vn -0.549059 -0.624986 -0.554912
vn -0.575900 -0.678894 -0.455458
vn -0.575900 -0.678894 -0.455458
vn -0.575900 -0.678894 -0.455458
vn -0.575900 -0.678894 -0.455458
vn -0.547034 -0.729770 -0.410110
vn -0.547034 -0.729770 -0.410110
vn -0.547034 -0.729770 -0.410110
vn -0.059273 -0.877178 -0.476492
vn -0.059273 -0.877178 -0.476492
vn -0.059273 -0.877178 -0.476492
vn -0.059273 -0.877178 -0.476492
vn -0.188356 -0.882370 -0.431214
vn -0.188356 -0.882370 -0.431214
vn -0.188356 -0.882370 -0.431214
vn -0.186853 -0.880184 -0.436306
vn -0.186853 -0.880184 -0.436306
vn -0.186853 -0.880184 -0.436306
vn 0.200632 -0.893371 -0.402038
vn 0.200628 -0.893372 -0.402038
vn 0.200625 -0.893373 -0.402038
vn 0.200625 -0.893373 -0.402038
vn 0.200628 -0.893372 -0.402038
vn 0.200623 -0.893373 -0.402038
vn 0.200623 -0.893373 -0.402038
vn 0.199288 -0.893761 -0.401839
vn 0.199288 -0.893762 -0.401839
vn 0.199288 -0.893762 -0.401839
vn 0.199288 -0.893761 -0.401839
vn 0.975213 0.143008 0.168844
vn 0.975213 0.143008 0.168844
vn 0.975213 0.143008 0.168844
vn 0.975211 0.143009 0.168854
vn 0.975211 0.143009 0.168854
vn 0.975211 0.143009 0.168854
vn 0.975211 0.143009 0.168854
vn 0.514387 0.782261 0.351388
vn 0.514387 0.782261 0.351388
vn 0.514387 0.782261 0.351388
vn 0.514387 0.782261 0.351388
vn 0.547473 0.801015 0.242176
vn 0.547472 0.801015 0.242176
vn 0.547473 0.801015 0.242176
vn -0.831383 0.530638 0.165004
vn -0.831383 0.530638 0.165004
vn -0.831383 0.530638 0.165004
vn -0.831383 0.530638 0.165004
vn -0.976483 0.215485 0.006858
vn -0.976483 0.215485 0.006858
vn -0.976483 0.215485 0.006858
vn -0.976483 0.215485 0.006858
vn -0.974121 -0.151406 -0.167825
vn -0.974121 -0.151406 -0.167825
vn -0.974121 -0.151406 -0.167825
vn -0.974121 -0.151406 -0.167825
vn -0.547718 -0.732837 -0.403677
vn -0.547718 -0.732837 -0.403677
vn -0.547718 -0.732837 -0.403677
vn -0.547718 -0.732837 -0.403677
vn -0.187871 -0.880100 -0.436037
vn -0.187871 -0.880100 -0.436037
vn -0.187871 -0.880100 -0.436037
vn -0.187871 -0.880100 -0.436037
vn 0.218486 -0.742783 -0.632880
vn 0.218486 -0.742783 -0.632880
vn 0.218486 -0.742783 -0.632880
vn 0.218486 -0.742783 -0.632880
vn 0.562783 -0.624712 -0.541305
vn 0.562783 -0.624712 -0.541305
vn 0.562783 -0.624712 -0.541305
vn 0.562783 -0.624712 -0.541305
vn 0.825264 -0.393826 -0.404772
vn 0.825264 -0.393826 -0.404772
vn 0.825264 -0.393826 -0.404772
vn 0.825264 -0.393826 -0.404772
vn 0.965993 -0.085244 -0.244115
vn 0.965992 -0.085244 -0.244115
vn 0.965993 -0.085244 -0.244115
vn 0.965992 -0.085244 -0.244115
vn 0.963547 0.254086 -0.083772
vn 0.963547 0.254086 -0.083772
vn 0.963547 0.254086 -0.083772
vn 0.963547 0.254086 -0.083772
vn 0.881039 0.472801 0.015137
vn 0.881039 0.472801 0.015137
vn 0.881039 0.472801 0.015137
vn 0.881039 0.472801 0.015137
vn 0.509990 0.811023 0.286621
vn 0.509990 0.811023 0.286621
vn 0.509990 0.811023 0.286621
vn 0.509990 0.811023 0.286621
vn -0.024342 0.859409 0.510708
vn -0.024342 0.859409 0.510708
vn -0.024342 0.859409 0.510708
vn -0.024342 0.859409 0.510708
vn -0.280926 0.868931 0.407478
vn -0.280926 0.868932 0.407478
vn -0.280926 0.868932 0.407478
vn -0.280926 0.868932 0.407478
vn -0.427854 0.887786 0.169636
vn -0.427854 0.887786 0.169636
vn -0.427854 0.887786 0.169636
vn -0.427854 0.887786 0.169636
vn -0.780595 0.623248 -0.047259
vn -0.780595 0.623248 -0.047259
vn -0.780595 0.623248 -0.047259
vn -0.780595 0.623248 -0.047259
vn -0.926424 0.312927 -0.209322
vn -0.926424 0.312927 -0.209322
vn -0.926424 0.312927 -0.209322
vn -0.926424 0.312927 -0.209322
vn -0.912481 -0.021048 -0.408577
vn -0.912481 -0.021048 -0.408577
vn -0.912481 -0.021048 -0.408577
vn -0.912481 -0.021048 -0.408577
vn -0.543660 -0.808817 -0.224164
vn -0.543660 -0.808817 -0.224164
vn -0.543660 -0.808817 -0.224164
vn -0.543660 -0.808817 -0.224164
vn 0.227663 -0.910336 -0.345627
vn 0.227663 -0.910336 -0.345627
vn 0.227663 -0.910336 -0.345627
vn 0.227663 -0.910336 -0.345627
vn 0.831430 -0.530605 -0.164871
vn 0.831430 -0.530605 -0.164871
vn 0.831430 -0.530605 -0.164871
vn 0.831437 -0.530582 -0.164909
vn 0.831439 -0.530586 -0.164885
vn 0.765958 -0.637422 -0.083673
vn 0.532580 -0.837422 0.122812
vn 0.765958 -0.637422 -0.083673
vn 0.813402 -0.564491 -0.140457
vn 0.813402 -0.564491 -0.140457
vn 0.765958 -0.637422 -0.083673
vn 0.831439 -0.530586 -0.164885
vn 0.831439 -0.530587 -0.164884
vn 0.977751 -0.209758 0.002139
vn 0.977751 -0.209758 0.002139
vn 0.977751 -0.209759 0.002139
vn 0.977751 -0.209759 0.002139
vn 0.824204 0.474006 0.309849
vn 0.824204 0.474006 0.309849
vn 0.824204 0.474006 0.309849
vn 0.824204 0.474006 0.309849
vn 0.513883 0.752071 0.412690
vn 0.513883 0.752071 0.412690
vn 0.513883 0.752071 0.412690
vn 0.513883 0.752071 0.412690
vn -0.973004 -0.142521 -0.181526
vn -0.973004 -0.142521 -0.181526
vn -0.973004 -0.142521 -0.181526
vn -0.973004 -0.142521 -0.181526
vn -0.503921 -0.595128 -0.626008
vn -0.503921 -0.595128 -0.626008
vn -0.503921 -0.595128 -0.626008
vn -0.503921 -0.595128 -0.626008
vn -0.156717 -0.737188 -0.657262
vn -0.156717 -0.737188 -0.657262
vn -0.156717 -0.737188 -0.657262
vn -0.156717 -0.737188 -0.657262
vn 0.218114 -0.750011 -0.624428
vn 0.218114 -0.750011 -0.624428
vn 0.218114 -0.750011 -0.624428
vn 0.218114 -0.750011 -0.624428
vn 0.826741 -0.399971 -0.395630
vn 0.826741 -0.399971 -0.395630
vn 0.826741 -0.399971 -0.395630
vn 0.826741 -0.399971 -0.395630
vn 0.530757 0.774321 0.344565
vn 0.530757 0.774321 0.344565
vn 0.530757 0.774321 0.344565
vn 0.530757 0.774321 0.344565
vn -0.831440 0.530585 0.164888
vn -0.831440 0.530585 0.164888
vn -0.831440 0.530585 0.164888
vn -0.831440 0.530585 0.164888
vn -0.974386 0.224820 0.005338
vn -0.974386 0.224820 0.005338
vn -0.974386 0.224820 0.005338
vn -0.974386 0.224820 0.005338
vn -0.972413 -0.155064 -0.174264
vn -0.972413 -0.155064 -0.174264
vn -0.972413 -0.155064 -0.174264
vn -0.972413 -0.155064 -0.174264
vn -0.396160 -0.774206 0.493621
vn -0.396160 -0.774207 0.493621
vn -0.396160 -0.774207 0.493621
vn -0.396160 -0.774206 0.493621
vn -0.185602 -0.860357 0.474698
vn -0.185602 -0.860357 0.474698
vn -0.185602 -0.860357 0.474698
vn -0.185602 -0.860357 0.474698
vn 0.041668 -0.868113 0.494614
vn 0.041668 -0.868113 0.494614
vn 0.041668 -0.868113 0.494614
vn 0.041668 -0.868113 0.494614
vn 0.410735 -0.655859 0.633360
vn 0.410735 -0.655859 0.633360
vn 0.410735 -0.655859 0.633360
vn 0.410735 -0.655859 0.633360
vn 0.557778 0.622751 -0.548693
vn 0.557778 0.622751 -0.548693
vn 0.557778 0.622751 -0.548693
vn 0.557778 0.622751 -0.548693
vn 0.277314 0.050420 0.959456
vn 0.277314 0.050420 0.959456
vn 0.277314 0.050420 0.959456
vn 0.277314 0.050420 0.959456
vn 0.311432 0.812077 -0.493499
vn 0.311432 0.812077 -0.493499
vn 0.311432 0.812077 -0.493499
vn 0.311432 0.812077 -0.493499
vn -0.562133 -0.035040 0.826304
vn -0.562133 -0.035040 0.826304
vn -0.562133 -0.035040 0.826304
vn -0.562133 -0.035040 0.826304
vn -0.410622 0.655842 -0.633451
vn -0.410622 0.655842 -0.633451
vn -0.410622 0.655842 -0.633451
vn -0.410623 0.655842 -0.633451
vn -0.618454 -0.108356 0.778315
vn -0.618454 -0.108356 0.778315
vn -0.618454 -0.108356 0.778315
vn -0.618453 -0.108356 0.778315
vn -0.513653 0.370437 -0.773911
vn -0.513653 0.370437 -0.773911
vn -0.513653 0.370437 -0.773911
vn -0.513653 0.370437 -0.773911
vn -0.616563 -0.536342 0.576357
vn -0.616563 -0.536342 0.576357
vn -0.616563 -0.536342 0.576357
vn -0.616563 -0.536342 0.576357
vn -0.513499 0.356848 -0.780371
vn -0.513499 0.356848 -0.780370
vn -0.513499 0.356848 -0.780370
vn -0.513499 0.356848 -0.780370
vn -0.825448 -0.431918 -0.363431
vn -0.825448 -0.431918 -0.363431
vn -0.825448 -0.431918 -0.363431
vn -0.825448 -0.431918 -0.363431
vn -0.828917 -0.505001 -0.240563
vn -0.828917 -0.505001 -0.240563
vn -0.828917 -0.505001 -0.240563
vn -0.828917 -0.505001 -0.240563
vn -0.953980 -0.220437 -0.203296
vn -0.953980 -0.220437 -0.203296
vn -0.953980 -0.220437 -0.203296
vn -0.971953 0.234011 -0.023378
vn -0.971953 0.234011 -0.023378
vn -0.971953 0.234011 -0.023378
vn -0.977831 0.209383 -0.002176
vn -0.977831 0.209383 -0.002176
vn -0.977831 0.209383 -0.002176
vn -0.977831 0.209383 -0.002176
vn -0.802826 0.586067 0.109531
vn -0.802826 0.586067 0.109531
vn -0.802826 0.586067 0.109531
vn -0.802826 0.586067 0.109531
vn -0.547456 0.806562 -0.223047
vn -0.547456 0.806562 -0.223047
vn -0.547456 0.806562 -0.223047
vn -0.547456 0.806562 -0.223047
vn -0.558551 0.770637 0.306822
vn -0.558551 0.770637 0.306822
vn -0.558551 0.770637 0.306822
vn -0.558551 0.770637 0.306822
vn -0.596073 0.407363 0.691919
vn -0.596073 0.407363 0.691919
vn -0.596073 0.407363 0.691919
vn -0.596073 0.407363 0.691919
vn -0.594064 0.725366 0.347754
vn -0.594064 0.725366 0.347754
vn -0.594064 0.725366 0.347754
vn -0.594064 0.725366 0.347754
vn -0.559724 0.769910 0.306510
vn -0.559724 0.769910 0.306510
vn -0.559724 0.769910 0.306510
vn -0.198031 0.819377 0.537964
vn -0.198031 0.819377 0.537964
vn -0.198031 0.819377 0.537964
vn -0.198031 0.819377 0.537964
vn -0.106152 0.883683 0.455891
vn -0.106152 0.883682 0.455892
vn -0.106152 0.883682 0.455892
vn -0.476466 0.819597 -0.318183
vn -0.476466 0.819597 -0.318183
vn -0.476466 0.819598 -0.318183
vn -0.476466 0.819597 -0.318183
vn -0.679036 0.637211 0.364517
vn -0.682958 0.632629 0.365170
vn -0.184202 0.954071 0.236259
vn -0.204949 0.893927 0.398611
vn -0.204949 0.893927 0.398611
vn -0.204949 0.893927 0.398611
vn -0.204949 0.893927 0.398611
vn 0.137218 -0.826159 -0.546472
vn 0.137218 -0.826159 -0.546472
vn 0.137218 -0.826159 -0.546472
vn 0.157845 -0.894014 -0.419314
vn 0.157845 -0.894014 -0.419314
vn 0.157845 -0.894014 -0.419314
vn 0.157845 -0.894014 -0.419314
vn 0.284280 -0.761282 -0.582782
vn 0.284280 -0.761282 -0.582782
vn 0.284280 -0.761282 -0.582782
vn -0.035901 -0.807424 -0.588878
vn -0.035901 -0.807424 -0.588878
vn -0.035901 -0.807424 -0.588878
vn -0.188673 -0.761882 -0.619627
vn -0.188673 -0.761882 -0.619627
vn -0.188673 -0.761882 -0.619627
vn 0.684364 -0.604117 -0.408274
vn 0.684364 -0.604117 -0.408274
vn 0.684364 -0.604117 -0.408274
vn 0.432612 -0.716970 -0.546627
vn 0.432612 -0.716970 -0.546627
vn 0.432612 -0.716970 -0.546627
vn 0.994118 0.035202 -0.102420
vn 0.994118 0.035202 -0.102420
vn 0.994118 0.035202 -0.102420
vn 0.907498 -0.032480 -0.418799
vn 0.907498 -0.032480 -0.418799
vn 0.907498 -0.032480 -0.418799
vn 0.907498 -0.032480 -0.418799
vn -0.480688 0.319493 -0.816617
vn -0.480688 0.319493 -0.816617
vn -0.480688 0.319493 -0.816617
vn -0.480688 0.319493 -0.816617
vn 0.977752 -0.209755 0.002136
vn 0.977752 -0.209755 0.002136
vn 0.977752 -0.209755 0.002136
vn 0.977752 -0.209755 0.002136
vn 0.977750 -0.209761 0.002137
vn 0.977750 -0.209761 0.002137
vn 0.977750 -0.209761 0.002137
vn 0.496405 -0.468152 0.731037
vn 0.496405 -0.468152 0.731037
vn 0.496405 -0.468152 0.731037
vn 0.496405 -0.468152 0.731037
vn 0.967907 -0.090433 -0.234475
vn 0.967907 -0.090433 -0.234475
vn 0.967907 -0.090433 -0.234475
vn 0.967907 -0.090433 -0.234475
vn 0.977751 -0.209758 0.002134
vn 0.977751 -0.209758 0.002134
vn 0.977751 -0.209758 0.002134
vn 0.103639 0.973766 -0.202582
vn -0.090120 0.995624 0.024740
vn 0.617149 0.239632 -0.749469
vn 0.060369 -0.720431 -0.690894
vn 0.060369 -0.720431 -0.690894
vn 0.060369 -0.720431 -0.690894
vn 0.824203 0.474011 0.309844
vn 0.824203 0.474011 0.309844
vn 0.824203 0.474011 0.309844
vn 0.824203 0.474011 0.309844
vn 0.824207 0.474012 0.309830
vn 0.824207 0.474012 0.309830
vn 0.824207 0.474012 0.309830
vn 0.404150 -0.069594 0.912041
vn 0.404150 -0.069594 0.912041
vn 0.404150 -0.069594 0.912041
vn 0.404150 -0.069594 0.912041
vn 0.823471 0.470576 0.316943
vn 0.823471 0.470576 0.316943
vn 0.823471 0.470576 0.316943
vn 0.823471 0.470576 0.316943
vn 0.869790 0.443369 0.216540
vn 0.869790 0.443369 0.216540
vn 0.869790 0.443369 0.216540
vn 0.862141 0.417507 0.287054
vn 0.862141 0.417507 0.287054
vn 0.862141 0.417507 0.287054
vn -0.925183 0.307606 -0.222293
vn -0.881617 0.461521 -0.098744
vn -0.915167 0.360914 -0.179475
vn -0.885831 0.453247 -0.099352
vn -0.915167 0.360914 -0.179475
vn -0.885804 0.449661 -0.114700
vn -0.883684 0.457891 -0.097151
vn -0.881568 0.437230 -0.177952
vn -0.883684 0.457891 -0.097151
vn -0.885804 0.449661 -0.114700
vn -0.883621 0.425845 -0.194601
vn -0.865249 0.496780 -0.067480
vn -0.885804 0.449661 -0.114700
vn -0.915167 0.360914 -0.179475
vn -0.881617 0.461521 -0.098744
vn -0.844463 0.533958 -0.042099
vn -0.844463 0.533958 -0.042099
vn -0.844463 0.533958 -0.042099
vn -0.767329 -0.383828 -0.513695
vn -0.767329 -0.383828 -0.513696
vn -0.767329 -0.383828 -0.513696
vn -0.767329 -0.383828 -0.513696
vn 0.500134 0.837104 0.221639
vn 0.500134 0.837104 0.221639
vn 0.500134 0.837104 0.221639
vn 0.500134 0.837104 0.221639
vn 0.514437 0.830207 0.214733
vn 0.514437 0.830207 0.214733
vn 0.514437 0.830208 0.214733
vn 0.514437 0.830207 0.214733
vn 0.371106 0.906774 0.200104
vn 0.371106 0.906774 0.200104
vn 0.371106 0.906774 0.200104
vn 0.136839 0.978191 0.156259
vn 0.136839 0.978191 0.156259
vn 0.136839 0.978191 0.156259
vn 0.136839 0.978191 0.156259
vn 0.831441 -0.530581 -0.164894
vn 0.831441 -0.530581 -0.164894
vn 0.831441 -0.530581 -0.164894
vn 0.831441 -0.530581 -0.164894
vn 0.831446 -0.530574 -0.164891
vn 0.831446 -0.530574 -0.164891
vn 0.831446 -0.530574 -0.164891
vn 0.831443 -0.530577 -0.164895
vn 0.831443 -0.530577 -0.164895
vn 0.831443 -0.530577 -0.164895
vn -0.267330 0.950216 0.160076
vn -0.267330 0.950216 0.160076
vn -0.267330 0.950216 0.160076
vn 0.204254 0.960339 0.189815
vn 0.109176 0.951135 0.288831
vn 0.109176 0.951135 0.288831
vn 0.138440 0.955860 0.259165
vn 0.223355 0.959979 0.168977
vn 0.204254 0.960339 0.189815
vn 0.138440 0.955860 0.259165
vn 0.223355 0.959979 0.168977
vn 0.279317 0.955533 0.094542
vn 0.279317 0.955533 0.094542
vn 0.279317 0.955533 0.094542
vn 0.279317 0.955533 0.094542
vn 0.558549 -0.770639 -0.306820
vn 0.558549 -0.770639 -0.306820
vn 0.558549 -0.770639 -0.306820
vn 0.558549 -0.770639 -0.306820
vn 0.334071 -0.920030 0.204795
vn 0.334071 -0.920030 0.204795
vn 0.334071 -0.920030 0.204795
vn 0.334071 -0.920030 0.204795
vn -0.002938 -0.650093 0.759849
vn -0.002938 -0.650093 0.759849
vn -0.002938 -0.650093 0.759849
vn -0.002938 -0.650093 0.759849
vn 0.482499 -0.848089 -0.218950
vn 0.482499 -0.848089 -0.218950
vn 0.482499 -0.848089 -0.218950
vn 0.482499 -0.848089 -0.218950
vn 0.464998 -0.884525 0.037328
vn 0.464998 -0.884524 0.037328
vn 0.464998 -0.884525 0.037328
vn 0.464998 -0.884525 0.037328
vn -0.210619 0.961751 -0.175143
vn -0.210619 0.961751 -0.175143
vn -0.210619 0.961751 -0.175143
vn -0.210619 0.961751 -0.175143
vn 0.571894 -0.786905 -0.231773
vn 0.571894 -0.786905 -0.231773
vn 0.571894 -0.786905 -0.231773
vn 0.571894 -0.786905 -0.231773
vn -0.403850 0.913388 -0.051253
vn -0.403850 0.913388 -0.051254
vn -0.403850 0.913388 -0.051254
vn -0.403850 0.913388 -0.051254
vn -0.836335 0.493176 0.239420
vn -0.836335 0.493176 0.239420
vn -0.836335 0.493176 0.239420
vn -0.844079 0.479417 0.240188
vn -0.844079 0.479417 0.240188
vn -0.844079 0.479417 0.240188
vn -0.844079 0.479417 0.240188
vn -0.985804 0.127294 0.109481
vn -0.985804 0.127294 0.109481
vn -0.985804 0.127294 0.109481
vn -0.985804 0.127294 0.109481
vn -0.975212 -0.143013 -0.168848
vn -0.975212 -0.143013 -0.168848
vn -0.975212 -0.143013 -0.168848
vn -0.975212 -0.143013 -0.168848
vn -0.967602 -0.251291 0.024477
vn -0.967602 -0.251291 0.024477
vn -0.967602 -0.251291 0.024477
vn -0.967602 -0.251291 0.024477
vn -0.975211 -0.143014 -0.168852
vn -0.975211 -0.143014 -0.168852
vn -0.975211 -0.143014 -0.168852
vn -0.975211 -0.143014 -0.168852
vn -0.641741 -0.429920 0.635088
vn -0.641742 -0.429920 0.635088
vn -0.641742 -0.429920 0.635088
vn -0.641741 -0.429920 0.635088
vn -0.975211 -0.143016 -0.168847
vn -0.975211 -0.143016 -0.168847
vn -0.975211 -0.143016 -0.168847
vn -0.975210 -0.143020 -0.168850
vn -0.975210 -0.143020 -0.168850
vn -0.975210 -0.143020 -0.168850
vn -0.975210 -0.143020 -0.168850
vn -0.977752 0.209755 -0.002137
vn -0.977752 0.209755 -0.002137
vn -0.977752 0.209755 -0.002137
vn -0.977752 0.209755 -0.002137
vn -0.831443 0.530579 0.164890
vn -0.831443 0.530579 0.164890
vn -0.831443 0.530579 0.164890
vn -0.831443 0.530579 0.164890
vn -0.831443 0.530579 0.164890
vn -0.831443 0.530579 0.164890
vn -0.831443 0.530579 0.164890
vn -0.831443 0.530579 0.164890
vn -0.558361 -0.039180 0.828672
vn -0.558361 -0.039180 0.828672
vn -0.558361 -0.039180 0.828672
vn -0.558361 -0.039180 0.828672
vn 0.542396 0.744963 0.388376
vn 0.542396 0.744963 0.388376
vn 0.542396 0.744963 0.388376
vn 0.542396 0.744963 0.388376
vn 0.510649 0.755342 0.410727
vn 0.510649 0.755342 0.410727
vn 0.510649 0.755342 0.410727
vn 0.547720 0.732834 0.403678
vn 0.547720 0.732834 0.403678
vn 0.547720 0.732834 0.403678
vn 0.547712 0.732839 0.403682
vn 0.547712 0.732839 0.403682
vn 0.547712 0.732839 0.403682
vn 0.547712 0.732839 0.403682
vn 0.824208 0.474000 0.309847
vn 0.824208 0.474000 0.309847
vn 0.824208 0.474000 0.309847
vn 0.824208 0.474000 0.309847
vn 0.838199 0.450389 0.307526
vn 0.838199 0.450389 0.307526
vn 0.838199 0.450389 0.307526
vn 0.824201 0.474011 0.309850
vn 0.824201 0.474011 0.309850
vn 0.824201 0.474011 0.309850
vn 0.826358 0.468818 0.311998
vn 0.826358 0.468818 0.311998
vn 0.826358 0.468818 0.311998
vn 0.826358 0.468818 0.311998
vn 0.830646 0.460505 0.312990
vn 0.830646 0.460505 0.312990
vn 0.830646 0.460505 0.312990
vn -0.547719 -0.732835 -0.403678
vn -0.547719 -0.732835 -0.403678
vn -0.547719 -0.732835 -0.403678
vn -0.547719 -0.732835 -0.403678
vn -0.994243 -0.044749 -0.097358
vn -0.994243 -0.044749 -0.097358
vn -0.994243 -0.044749 -0.097358
vn -0.994243 -0.044749 -0.097358
vn -0.906604 -0.393006 0.153672
vn -0.906604 -0.393006 0.153672
vn -0.906604 -0.393006 0.153672
vn -0.894083 -0.212549 0.394257
vn -0.894083 -0.212549 0.394257
vn -0.894083 -0.212549 0.394257
vn 0.890906 0.165018 -0.423149
vn 0.890906 0.165018 -0.423149
vn 0.890906 0.165018 -0.423149
vn 0.890906 0.165018 -0.423149
vn -0.687174 0.473889 -0.550655
vn -0.687174 0.473889 -0.550655
vn -0.687174 0.473889 -0.550655
vn -0.687174 0.473889 -0.550655
vn -0.196667 0.453224 -0.869431
vn -0.196667 0.453224 -0.869431
vn -0.196667 0.453224 -0.869431
vn -0.196667 0.453224 -0.869431
vn -0.611335 -0.358977 0.705269
vn -0.611335 -0.358977 0.705269
vn -0.611335 -0.358977 0.705269
vn -0.611335 -0.358977 0.705269
vn -0.830923 -0.420488 0.364359
vn -0.830923 -0.420488 0.364359
vn -0.830923 -0.420488 0.364359
vn -0.128128 -0.914906 -0.382794
vn -0.128128 -0.914906 -0.382794
vn -0.128128 -0.914906 -0.382794
vn -0.128128 -0.914906 -0.382794
vn 0.657280 0.085554 -0.748774
vn 0.657280 0.085554 -0.748774
vn 0.657280 0.085554 -0.748774
vn 0.795126 -0.448861 0.407797
vn 0.795126 -0.448861 0.407797
vn 0.795126 -0.448861 0.407797
vn 0.795126 -0.448861 0.407797
vn 0.798669 -0.506636 0.324729
vn 0.798669 -0.506636 0.324729
vn 0.798669 -0.506636 0.324729
vn 0.798669 -0.506636 0.324729
vn 0.732346 -0.468069 0.494551
vn 0.732346 -0.468069 0.494551
vn 0.732346 -0.468069 0.494551
vn 0.977752 -0.127534 -0.166543
vn 0.977752 -0.127534 -0.166543
vn 0.977752 -0.127534 -0.166543
vn 0.624820 0.578388 -0.524469
vn 0.624820 0.578388 -0.524469
vn 0.624820 0.578388 -0.524469
vn 0.624820 0.578388 -0.524469
vn 0.719258 -0.096135 -0.688059
vn 0.719259 -0.096135 -0.688059
vn 0.719258 -0.096135 -0.688059
vn 0.719259 -0.096135 -0.688059
vn 0.121259 0.948423 -0.292901
vn 0.121259 0.948422 -0.292901
vn 0.121259 0.948423 -0.292901
vn 0.121259 0.948422 -0.292901
vn 0.442667 0.611729 -0.655617
vn 0.442667 0.611729 -0.655617
vn 0.442667 0.611729 -0.655617
vn 0.442667 0.611729 -0.655617
vn 0.000515 0.928073 -0.372397
vn 0.000515 0.928073 -0.372397
vn 0.000515 0.928073 -0.372397
vn 0.000515 0.928073 -0.372397
vn -0.807858 -0.111443 -0.578745
vn -0.807858 -0.111443 -0.578745
vn -0.807858 -0.111443 -0.578745
vn -0.807858 -0.111443 -0.578745
vn -0.872813 0.376639 -0.310386
vn -0.872813 0.376639 -0.310386
vn -0.872813 0.376639 -0.310386
vn -0.872813 0.376639 -0.310386
vn 0.131758 -0.152716 -0.979448
vn 0.131758 -0.152716 -0.979448
vn 0.131758 -0.152716 -0.979448
vn -0.837219 -0.491022 -0.240753
vn -0.837219 -0.491022 -0.240753
vn -0.837219 -0.491022 -0.240753
vn -0.939158 0.240059 -0.245673
vn -0.939158 0.240059 -0.245673
vn -0.939158 0.240059 -0.245673
vn 0.415809 0.564559 -0.713005
vn 0.415809 0.564559 -0.713005
vn 0.415809 0.564559 -0.713005
vn 0.415809 0.564559 -0.713005
vn 0.865525 0.499780 0.032954
vn 0.865525 0.499780 0.032954
vn 0.865525 0.499780 0.032954
vn 0.860969 0.292006 -0.416491
vn 0.860969 0.292006 -0.416491
vn 0.860969 0.292006 -0.416491
vn 0.842491 0.404353 -0.355959
vn 0.842491 0.404353 -0.355959
vn 0.842491 0.404353 -0.355959
vn 0.842491 0.404353 -0.355959
vn 0.824440 0.235324 -0.514704
vn 0.824440 0.235324 -0.514704
vn 0.824440 0.235324 -0.514704
vn 0.861701 0.506027 0.037529
vn 0.861701 0.506027 0.037529
vn 0.861701 0.506027 0.037529
vn -0.041873 0.969930 0.239755
vn -0.058625 0.975118 0.213793
vn -0.058625 0.975118 0.213793
vn 0.024693 0.939765 0.340928
vn 0.058581 -0.740801 0.669166
vn 0.058581 -0.740801 0.669166
vn 0.058581 -0.740801 0.669166
vn 0.062208 -0.798117 0.599282
vn 0.062208 -0.798117 0.599282
vn 0.062208 -0.798117 0.599282
vn 0.062208 -0.798117 0.599282
vn 0.917322 0.314581 0.244046
vn 0.917322 0.314581 0.244046
vn 0.917322 0.314581 0.244046
vn 0.917322 0.314581 0.244046
vn 0.917311 0.314602 0.244061
vn 0.917311 0.314602 0.244061
vn 0.917311 0.314602 0.244061
vn 0.917311 0.314602 0.244061
vn 0.917315 0.314600 0.244049
vn 0.917315 0.314600 0.244049
vn 0.917315 0.314600 0.244049
vn 0.917315 0.314600 0.244049
vn -0.699398 -0.615241 -0.363759
vn -0.699398 -0.615241 -0.363759
vn -0.699398 -0.615241 -0.363759
vn -0.699398 -0.615241 -0.363759
vn -0.699396 -0.615245 -0.363756
vn -0.699396 -0.615245 -0.363756
vn -0.699396 -0.615245 -0.363756
vn -0.699396 -0.615245 -0.363756
vn 0.465866 -0.285860 -0.837408
vn 0.465866 -0.285860 -0.837408
vn 0.465866 -0.285860 -0.837408
vn 0.465866 -0.285860 -0.837408
vn -0.535576 -0.393598 -0.747154
vn -0.535576 -0.393598 -0.747154
vn -0.535576 -0.393598 -0.747154
vn -0.674566 -0.504081 0.539318
vn -0.674566 -0.504081 0.539318
vn -0.674566 -0.504081 0.539318
vn -0.674566 -0.504081 0.539318
vn 0.780651 0.596269 0.187210
vn 0.780651 0.596269 0.187210
vn 0.780651 0.596269 0.187210
vn 0.780651 0.596269 0.187210
vn 0.659611 0.724393 0.200420
vn 0.659611 0.724393 0.200420
vn 0.659611 0.724393 0.200420
vn 0.659611 0.724393 0.200420
vn 0.758106 0.651623 0.025766
vn 0.758106 0.651623 0.025766
vn 0.758106 0.651623 0.025766
vn 0.758106 0.651623 0.025766
vn 0.913424 0.406959 0.006343
vn 0.913424 0.406959 0.006343
vn 0.913424 0.406959 0.006343
vn -0.699407 -0.615239 -0.363745
vn -0.699407 -0.615239 -0.363745
vn -0.699407 -0.615239 -0.363745
vn -0.898791 -0.288478 -0.330083
vn -0.898791 -0.288478 -0.330083
vn -0.898791 -0.288478 -0.330083
vn -0.898791 -0.288478 -0.330083
vn -0.887006 -0.273251 -0.372229
vn -0.887006 -0.273251 -0.372229
vn -0.887006 -0.273251 -0.372229
vn -0.887006 -0.273251 -0.372229
vn -0.887014 -0.273245 -0.372214
vn -0.887014 -0.273245 -0.372214
vn -0.887014 -0.273245 -0.372214
vn -0.887014 -0.273245 -0.372214
vn -0.571509 -0.611077 -0.547688
vn -0.571509 -0.611077 -0.547688
vn -0.571509 -0.611077 -0.547688
vn 0.387031 -0.848301 -0.361375
vn 0.387031 -0.848301 -0.361375
vn 0.387031 -0.848301 -0.361375
vn 0.387031 -0.848301 -0.361375
vn 0.387072 -0.848285 -0.361369
vn 0.387072 -0.848285 -0.361369
vn 0.387072 -0.848285 -0.361369
vn 0.387072 -0.848285 -0.361369
vn 0.387088 -0.848290 -0.361341
vn 0.387088 -0.848290 -0.361341
vn 0.387088 -0.848290 -0.361341
vn 0.387088 -0.848290 -0.361341
vn 0.386960 -0.848318 -0.361413
vn 0.386960 -0.848318 -0.361413
vn 0.386960 -0.848318 -0.361413
vn -0.288151 0.905193 0.312400
vn -0.277254 0.903893 0.325742
vn -0.284140 0.904745 0.317335
vn -0.288151 0.905193 0.312400
vn -0.273244 0.903353 0.330592
vn -0.273259 0.903351 0.330586
vn -0.284140 0.904745 0.317335
vn -0.277254 0.903893 0.325742
vn -0.277254 0.903893 0.325742
vn 0.852435 -0.521436 0.038199
vn -0.273244 0.903353 0.330592
vn -0.742942 0.626380 0.235978
vn -0.742942 0.626380 0.235978
vn -0.742942 0.626380 0.235978
vn -0.742942 0.626380 0.235978
vn -0.750629 0.623922 0.217434
vn -0.750629 0.623922 0.217434
vn -0.750629 0.623922 0.217434
vn -0.750629 0.623922 0.217434
vn -0.713417 0.652590 0.255268
vn -0.713417 0.652590 0.255268
vn -0.713417 0.652590 0.255268
vn -0.713417 0.652590 0.255268
vn 0.837524 -0.491864 -0.237956
vn 0.831847 -0.496491 -0.248049
vn 0.831847 -0.496491 -0.248049
vn 0.834862 -0.494056 -0.242721
vn 0.837524 -0.491864 -0.237956
vn 0.834862 -0.494056 -0.242721
vn 0.865893 -0.465597 -0.182889
vn 0.779773 -0.619210 -0.092372
vn 0.779773 -0.619210 -0.092372
vn 0.779773 -0.619210 -0.092372
vn 0.779773 -0.619210 -0.092372
vn 0.693397 -0.707725 -0.135375
vn 0.693397 -0.707725 -0.135375
vn 0.693397 -0.707725 -0.135375
vn 0.693451 -0.707679 -0.135335
vn 0.693451 -0.707679 -0.135335
vn 0.693451 -0.707679 -0.135335
vn 0.338431 -0.671946 0.658751
vn 0.338431 -0.671946 0.658751
vn 0.338431 -0.671946 0.658751
vn 0.338431 -0.671946 0.658751
vn 0.260395 -0.544017 0.797647
vn 0.260395 -0.544017 0.797647
vn 0.260395 -0.544017 0.797647
vn 0.260395 -0.544017 0.797647
vn 0.664562 0.149867 -0.732050
vn 0.664562 0.149867 -0.732050
vn 0.664562 0.149867 -0.732050
vn 0.664562 0.149867 -0.732050
vn 0.610531 -0.480044 0.629928
vn 0.610531 -0.480044 0.629928
vn 0.610531 -0.480044 0.629928
vn 0.610531 -0.480044 0.629928
vn 0.268216 0.325589 -0.906671
vn 0.268216 0.325589 -0.906671
vn 0.268216 0.325589 -0.906671
vn 0.268216 0.325589 -0.906671
vn -0.421374 0.710087 -0.564110
vn -0.421374 0.710087 -0.564110
vn -0.421374 0.710087 -0.564110
vn -0.421374 0.710087 -0.564110
vn -0.124556 0.642502 -0.756093
vn -0.124556 0.642502 -0.756093
vn -0.124556 0.642502 -0.756093
vn -0.124556 0.642502 -0.756093
vn -0.553787 0.563302 0.613198
vn -0.553787 0.563302 0.613198
vn -0.553787 0.563302 0.613197
vn -0.553787 0.563302 0.613198
vn -0.541516 0.513249 0.665835
vn -0.541516 0.513249 0.665835
vn -0.541516 0.513249 0.665835
vn -0.541516 0.513249 0.665835
vn 0.414055 -0.886277 0.207538
vn 0.414055 -0.886277 0.207538
vn 0.414055 -0.886277 0.207538
vn 0.414054 -0.886277 0.207538
vn 0.594005 -0.798558 -0.097272
vn 0.594005 -0.798559 -0.097272
vn 0.594005 -0.798559 -0.097272
vn 0.594005 -0.798559 -0.097272
vn 0.829955 0.470754 0.299275
vn 0.829955 0.470754 0.299275
vn 0.829955 0.470754 0.299275
vn 0.829955 0.470754 0.299275
vn 0.830333 0.466133 0.305397
vn 0.830333 0.466133 0.305397
vn 0.830333 0.466133 0.305397
vn 0.830333 0.466133 0.305397
vn 0.519563 0.749606 0.410055
vn 0.519563 0.749606 0.410055
vn 0.519563 0.749606 0.410055
vn 0.558996 0.732322 0.388881
vn 0.558996 0.732322 0.388881
vn 0.558996 0.732322 0.388881
vn 0.548099 0.727152 0.413324
vn 0.548099 0.727153 0.413324
vn 0.548099 0.727153 0.413324
vn 0.548099 0.727152 0.413324
vn 0.167405 0.884402 0.435671
vn 0.167405 0.884402 0.435671
vn 0.167405 0.884402 0.435671
vn 0.556035 -0.773491 -0.304199
vn 0.556035 -0.773491 -0.304199
vn 0.556035 -0.773491 -0.304199
vn 0.556035 -0.773491 -0.304199
vn 0.551709 -0.775274 -0.307517
vn 0.551709 -0.775274 -0.307517
vn 0.551709 -0.775274 -0.307517
vn 0.551709 -0.775274 -0.307517
vn 0.829623 -0.532599 -0.167524
vn 0.829623 -0.532599 -0.167524
vn 0.829623 -0.532599 -0.167524
vn 0.831442 -0.530579 -0.164892
vn 0.831442 -0.530579 -0.164892
vn 0.831442 -0.530579 -0.164892
vn 0.831442 -0.530579 -0.164892
vn 0.697240 -0.077993 0.712583
vn 0.697239 -0.077993 0.712583
vn 0.697239 -0.077993 0.712583
vn 0.697240 -0.077993 0.712583
vn -0.487615 -0.411850 0.769812
vn -0.487615 -0.411850 0.769812
vn -0.487615 -0.411850 0.769812
vn -0.487615 -0.411850 0.769812
vn 0.873275 -0.282010 0.397318
vn 0.873275 -0.282010 0.397318
vn 0.873275 -0.282010 0.397318
vn 0.873275 -0.282010 0.397318
vn -0.813911 -0.551648 0.182297
vn -0.813911 -0.551648 0.182297
vn -0.813912 -0.551648 0.182297
vn -0.813911 -0.551648 0.182297
vn -0.584456 -0.628127 0.513680
vn -0.584456 -0.628127 0.513680
vn -0.584457 -0.628127 0.513681
vn -0.584456 -0.628127 0.513680
vn -0.504066 -0.609121 0.612281
vn -0.504066 -0.609121 0.612281
vn -0.504066 -0.609121 0.612281
vn -0.504067 -0.609121 0.612281
vn -0.827231 -0.561859 0.001835
vn -0.827231 -0.561859 0.001835
vn -0.827231 -0.561859 0.001835
vn -0.827231 -0.561859 0.001835
vn -0.128358 -0.728147 -0.673295
vn -0.128358 -0.728147 -0.673295
vn -0.128358 -0.728147 -0.673295
vn -0.128358 -0.728147 -0.673295
vn -0.108677 -0.842973 -0.526864
vn -0.108677 -0.842973 -0.526864
vn -0.108677 -0.842973 -0.526864
vn -0.108677 -0.842973 -0.526864
vn -0.008089 0.904226 0.426977
vn -0.008089 0.904226 0.426977
vn -0.008089 0.904226 0.426977
vn -0.008089 0.904226 0.426977
vn 0.974546 0.103176 0.199034
vn 0.974546 0.103176 0.199034
vn 0.974546 0.103176 0.199034
vn 0.974546 0.103176 0.199034
vn 0.995482 -0.033956 0.088667
vn 0.995482 -0.033956 0.088667
vn 0.995482 -0.033956 0.088667
vn 0.995482 -0.033956 0.088667
vn 0.989169 -0.058920 0.134438
vn 0.989169 -0.058920 0.134438
vn 0.989169 -0.058920 0.134438
vn 0.989169 -0.058920 0.134438
vn -0.977576 0.133416 -0.162931
vn -0.977576 0.133416 -0.162931
vn -0.977576 0.133416 -0.162931
vn -0.977576 0.133416 -0.162931
vn -0.863465 0.504296 0.010640
vn -0.863465 0.504296 0.010640
vn -0.863465 0.504296 0.010640
vn -0.863465 0.504296 0.010640
vn -0.788925 0.592063 -0.164495
vn -0.788925 0.592063 -0.164495
vn -0.788925 0.592063 -0.164495
vn -0.761849 0.629041 -0.154574
vn -0.761849 0.629041 -0.154574
vn -0.761849 0.629041 -0.154574
vn -0.761849 0.629041 -0.154574
vn 0.971484 -0.080740 0.222937
vn 0.971484 -0.080740 0.222937
vn 0.971484 -0.080740 0.222937
vn 0.971484 -0.080740 0.222937
vn 0.973746 -0.202408 -0.104162
vn 0.973746 -0.202408 -0.104162
vn 0.973746 -0.202408 -0.104162
vn 0.973746 -0.202408 -0.104162
vn 0.918040 -0.394354 -0.041093
vn 0.918040 -0.394354 -0.041093
vn 0.918040 -0.394354 -0.041093
vn -0.916612 -0.154886 -0.368555
vn -0.916612 -0.154886 -0.368555
vn -0.916612 -0.154886 -0.368555
vn -0.916612 -0.154886 -0.368555
vn -0.955394 -0.120903 -0.269454
vn -0.955394 -0.120903 -0.269454
vn -0.955394 -0.120903 -0.269454
vn -0.955394 -0.120903 -0.269454
vn -0.968776 0.035416 -0.245394
vn -0.968776 0.035416 -0.245394
vn -0.968776 0.035416 -0.245394
vn -0.968776 0.035416 -0.245394
vn -0.960732 0.083644 -0.264572
vn -0.960732 0.083644 -0.264572
vn -0.960732 0.083644 -0.264572
vn -0.960732 0.083644 -0.264572
vn 0.021193 -0.611798 -0.790730
vn 0.021193 -0.611798 -0.790730
vn 0.021193 -0.611798 -0.790730
vn 0.021193 -0.611798 -0.790730
vn 0.012203 0.588796 0.808190
vn 0.012203 0.588796 0.808190
vn 0.012203 0.588796 0.808190
vn 0.012203 0.588796 0.808190
vn 0.977109 -0.178289 0.116064
vn 0.977109 -0.178289 0.116064
vn 0.977109 -0.178289 0.116064
vn 0.977109 -0.178289 0.116064
vn -0.959476 -0.070796 -0.272752
vn -0.959476 -0.070796 -0.272752
vn -0.959476 -0.070796 -0.272752
vn -0.959476 -0.070796 -0.272752
vn 0.982650 -0.178847 -0.049120
vn 0.982650 -0.178847 -0.049120
vn 0.982650 -0.178847 -0.049120
vn 0.982650 -0.178847 -0.049120
vn 0.787403 -0.565735 -0.244829
vn 0.787403 -0.565735 -0.244829
vn 0.787403 -0.565735 -0.244829
vn 0.787403 -0.565735 -0.244829
vn 0.862872 0.358275 -0.356497
vn 0.862872 0.358275 -0.356497
vn 0.862872 0.358275 -0.356497
vn 0.862872 0.358275 -0.356497
vn 0.557985 -0.381170 -0.737131
vn 0.557985 -0.381170 -0.737131
vn 0.557985 -0.381170 -0.737131
vn -0.660021 -0.617607 -0.427708
vn -0.660021 -0.617607 -0.427708
vn -0.660021 -0.617607 -0.427708
vn -0.660021 -0.617607 -0.427708
vn 0.327899 -0.559616 -0.761126
vn 0.327899 -0.559616 -0.761126
vn 0.327899 -0.559616 -0.761126
vn -0.555452 -0.786799 -0.269111
vn -0.555452 -0.786799 -0.269111
vn -0.555452 -0.786799 -0.269111
vn -0.948082 0.055569 -0.313132
vn -0.948082 0.055569 -0.313132
vn -0.948082 0.055569 -0.313132
vn -0.948082 0.055569 -0.313132
vn 0.922285 -0.350606 -0.162682
vn 0.922285 -0.350606 -0.162682
vn 0.922285 -0.350606 -0.162682
vn 0.922285 -0.350606 -0.162682
vn 0.061730 0.257617 -0.964273
vn 0.061730 0.257617 -0.964273
vn 0.061730 0.257617 -0.964273
vn 0.061731 0.257617 -0.964273
vn 0.055208 0.242348 -0.968617
vn 0.055208 0.242348 -0.968617
vn 0.055208 0.242348 -0.968617
vn 0.921700 -0.339971 -0.186788
vn 0.921700 -0.339971 -0.186788
vn 0.921700 -0.339971 -0.186787
vn 0.921700 -0.339971 -0.186787
vn 0.073762 0.727683 0.681937
vn 0.073762 0.727682 0.681937
vn 0.073762 0.727682 0.681937
vn -0.786413 -0.405565 -0.465910
vn -0.786413 -0.405565 -0.465910
vn -0.786413 -0.405565 -0.465910
vn -0.291350 -0.416028 -0.861415
vn -0.291350 -0.416028 -0.861415
vn -0.291350 -0.416028 -0.861415
vn -0.188146 -0.651214 0.735202
vn -0.188146 -0.651214 0.735202
vn -0.188146 -0.651214 0.735202
vn -0.159474 -0.649740 0.743240
vn -0.159474 -0.649740 0.743240
vn -0.159474 -0.649740 0.743240
vn -0.159474 -0.649740 0.743240
vn 0.265275 0.947516 -0.178445
vn 0.265275 0.947516 -0.178445
vn 0.265275 0.947516 -0.178445
vn 0.265275 0.947516 -0.178445
vn 0.130210 0.964888 -0.228114
vn 0.130210 0.964888 -0.228114
vn 0.130210 0.964888 -0.228114
vn -0.037493 0.032540 0.998767
vn -0.037493 0.032540 0.998767
vn -0.037493 0.032540 0.998767
vn -0.037493 0.032540 0.998767
vn -0.096396 -0.568431 0.817064
vn -0.096396 -0.568431 0.817064
vn -0.096396 -0.568431 0.817064
vn -0.096396 -0.568431 0.817064
vn 0.257282 -0.432618 -0.864088
vn 0.257282 -0.432618 -0.864088
vn 0.257282 -0.432618 -0.864088
vn 0.257282 -0.432618 -0.864088
vn -0.291492 -0.415973 -0.861394
vn -0.291492 -0.415973 -0.861394
vn -0.291492 -0.415973 -0.861394
vn 0.228229 0.932463 -0.280045
vn 0.228229 0.932463 -0.280045
vn 0.228229 0.932462 -0.280045
vn 0.228229 0.932463 -0.280045
vn -0.975213 -0.143017 -0.168836
vn -0.975213 -0.143017 -0.168836
vn -0.975213 -0.143017 -0.168836
vn -0.804304 0.586144 -0.097625
vn -0.804304 0.586144 -0.097625
vn -0.804304 0.586144 -0.097625
vn -0.853186 0.431427 -0.293164
vn -0.853186 0.431427 -0.293164
vn -0.853186 0.431427 -0.293164
vn -0.853186 0.431427 -0.293164
vn -0.859341 0.039971 0.509839
vn -0.859341 0.039971 0.509839
vn -0.859341 0.039971 0.509839
vn -0.859341 0.039971 0.509839
vn -0.979191 0.089177 0.182300
vn -0.979191 0.089177 0.182300
vn -0.979191 0.089177 0.182300
vn -0.979191 0.089177 0.182300
vn -0.297671 -0.917931 -0.262288
vn -0.297671 -0.917931 -0.262288
vn -0.297671 -0.917931 -0.262288
vn -0.691076 0.475481 0.544364
vn -0.691076 0.475481 0.544364
vn -0.691076 0.475481 0.544364
vn -0.691076 0.475481 0.544364
vn 0.977601 0.178135 -0.112086
vn 0.977602 0.178135 -0.112086
vn 0.977602 0.178135 -0.112086
vn 0.944616 -0.328174 -0.001464
vn 0.944616 -0.328174 -0.001464
vn 0.944616 -0.328173 -0.001464
vn 0.904710 -0.419016 -0.076970
vn 0.904710 -0.419016 -0.076970
vn 0.904710 -0.419016 -0.076970
vn 0.904710 -0.419016 -0.076970
vn 0.763820 -0.172533 -0.621941
vn 0.763820 -0.172533 -0.621941
vn 0.763820 -0.172533 -0.621941
vn 0.763820 -0.172533 -0.621941
vn 0.969799 -0.034596 -0.241441
vn 0.969799 -0.034596 -0.241441
vn 0.969799 -0.034596 -0.241441
vn 0.977191 0.148828 -0.151488
vn 0.977191 0.148828 -0.151488
vn 0.977191 0.148828 -0.151488
vn -0.295062 0.915446 0.273672
vn -0.090120 0.995624 0.024740
vn 0.103639 0.973766 -0.202582
vn 0.010833 0.894047 0.447841
vn 0.051333 0.902081 0.428502
vn 0.065893 0.904473 0.421411
vn 0.065893 0.904473 0.421411
vn 0.051333 0.902081 0.428502
vn -0.041873 0.969930 0.239755
vn 0.024693 0.939765 0.340928
vn 0.058121 0.897947 0.436250
vn 0.065893 0.904473 0.421411
vn 0.024693 0.939765 0.340928
vn 0.381154 -0.850877 -0.361565
vn 0.346660 -0.833076 -0.431058
vn 0.346660 -0.833076 -0.431058
vn 0.373647 -0.847363 -0.377311
vn 0.412409 -0.887362 -0.206176
vn 0.381154 -0.850877 -0.361565
vn 0.373647 -0.847363 -0.377311
vn 0.430691 -0.880833 -0.196565
vn 0.430691 -0.880833 -0.196565
vn -0.289822 -0.843774 -0.451717
vn 0.412409 -0.887362 -0.206176
vn -0.289822 -0.843774 -0.451717
vn 0.168507 -0.874122 0.455540
vn 0.412409 -0.887362 -0.206176
vn 0.987746 -0.152784 0.031869
vn 0.987746 -0.152784 0.031869
vn 0.987746 -0.152784 0.031869
vn 0.987746 -0.152784 0.031869
vn -0.622068 -0.748051 0.231192
vn -0.622068 -0.748051 0.231192
vn -0.622068 -0.748051 0.231192
vn -0.679036 0.637211 0.364517
vn -0.777361 0.503189 0.377506
vn -0.682958 0.632629 0.365170
vn 0.975883 -0.200395 -0.086571
vn 0.975883 -0.200395 -0.086571
vn 0.975883 -0.200395 -0.086571
vn 0.975883 -0.200395 -0.086571
vn 0.143099 -0.553419 0.820518
vn 0.143099 -0.553419 0.820518
vn 0.143099 -0.553419 0.820518
vn 0.143099 -0.553419 0.820518
vn -0.752920 0.364699 0.547818
vn -0.752920 0.364699 0.547818
vn -0.752920 0.364699 0.547818
vn -0.752921 0.364700 0.547818
vn -0.142376 0.551083 -0.822214
vn -0.142376 0.551083 -0.822214
vn -0.142376 0.551083 -0.822214
vn -0.142376 0.551083 -0.822214
vn 0.788599 -0.595040 -0.155047
vn 0.788599 -0.595040 -0.155047
vn 0.788599 -0.595040 -0.155047
vn 0.788599 -0.595040 -0.155047
vn 0.545121 0.741643 0.390907
vn 0.545122 0.741643 0.390907
vn 0.545121 0.741643 0.390907
vn 0.545121 0.741643 0.390907
vn -0.073746 -0.474679 0.877064
vn -0.073746 -0.474679 0.877064
vn -0.073746 -0.474679 0.877064
vn -0.073746 -0.474678 0.877064
vn 0.563461 0.554165 0.612710
vn 0.563461 0.554165 0.612710
vn 0.563461 0.554165 0.612710
vn 0.563461 0.554165 0.612710
vn 0.071864 0.537234 -0.840366
vn 0.071864 0.537234 -0.840366
vn 0.071864 0.537234 -0.840366
vn 0.071864 0.537234 -0.840366
vn -0.532852 -0.820699 -0.206207
vn -0.532852 -0.820699 -0.206207
vn -0.532852 -0.820699 -0.206207
vn -0.532852 -0.820699 -0.206207
vn 0.804094 -0.542501 -0.243158
vn 0.804094 -0.542501 -0.243158
vn 0.804094 -0.542501 -0.243158
vn 0.804094 -0.542501 -0.243158
vn 0.604986 0.667455 0.434161
vn 0.604987 0.667455 0.434161
vn 0.606068 0.658378 0.446340
vn 0.606399 0.655303 0.450398
vn -0.006368 0.562565 -0.826728
vn -0.006368 0.562565 -0.826728
vn -0.006368 0.562565 -0.826728
vn -0.006368 0.562565 -0.826728
vn 0.790861 -0.513754 -0.332559
vn 0.786612 -0.521675 -0.330297
vn 0.788289 -0.518569 -0.331190
vn 0.788289 -0.518569 -0.331190
vn 0.786612 -0.521675 -0.330297
vn 0.783243 -0.527835 -0.328513
vn 0.783248 -0.527829 -0.328510
vn 0.788289 -0.518569 -0.331190
vn 0.783248 -0.527829 -0.328510
vn 0.783295 -0.527772 -0.328489
vn 0.606399 0.655303 0.450398
vn 0.606068 0.658378 0.446340
vn 0.609344 0.611417 0.504845
vn 0.609344 0.611417 0.504845
vn -0.792305 0.529980 0.302281
vn -0.790171 0.521125 0.322580
vn -0.793702 0.527723 0.302564
vn 0.783185 -0.528052 -0.328303
vn 0.783243 -0.527835 -0.328513
vn 0.786612 -0.521675 -0.330297
vn -0.793702 0.527723 0.302564
vn -0.793756 0.527829 0.302238
vn -0.791139 0.532012 0.301765
vn -0.792305 0.529980 0.302281
vn -0.792305 0.529980 0.302281
vn -0.791139 0.532012 0.301765
vn -0.776730 0.553342 0.300839
vn -0.778863 0.548490 0.304190
vn -0.776730 0.553342 0.300839
vn -0.791139 0.532012 0.301765
vn 0.783295 -0.527772 -0.328489
vn 0.783248 -0.527829 -0.328510
vn 0.783185 -0.528049 -0.328307
vn -0.790169 0.521127 0.322582
vn -0.776730 0.553342 0.300839
vn -0.778863 0.548490 0.304190
vn -0.405356 -0.724253 0.557803
vn -0.405356 -0.724253 0.557803
vn -0.405356 -0.724253 0.557803
vn -0.405356 -0.724253 0.557803
vn -0.405345 -0.724259 0.557803
vn -0.405345 -0.724259 0.557803
vn -0.405345 -0.724259 0.557803
vn -0.405345 -0.724259 0.557803
vn 0.304645 -0.101048 0.947091
vn 0.304645 -0.101048 0.947091
vn 0.304645 -0.101048 0.947091
vn 0.304645 -0.101048 0.947091
vn -0.264860 -0.763195 -0.589392
vn -0.264860 -0.763195 -0.589392
vn -0.264860 -0.763195 -0.589392
vn -0.264860 -0.763195 -0.589392
vn -0.388535 -0.716489 -0.579382
vn -0.388535 -0.716489 -0.579382
vn -0.388535 -0.716489 -0.579382
vn -0.388535 -0.716489 -0.579382
vn 0.965037 0.258058 0.045941
vn 0.995499 0.086538 0.038646
vn 0.992103 0.118845 0.040101
vn 0.965036 0.258058 0.045941
vn -0.899716 -0.191836 0.392059
vn -0.899716 -0.191836 0.392059
vn -0.914912 -0.026521 0.402781
vn -0.914810 0.012603 0.403688
vn -0.061027 0.027889 0.997746
vn -0.075682 0.174865 0.981679
vn -0.075935 0.177527 0.981182
vn -0.061027 0.027889 0.997746
vn -0.154701 -0.580160 0.799676
vn -0.154701 -0.580160 0.799676
vn -0.154701 -0.580160 0.799676
vn -0.154701 -0.580160 0.799676
vn 0.058412 -0.331820 -0.941533
vn 0.077423 -0.295507 -0.952198
vn 0.074089 -0.301933 -0.950446
vn 0.058412 -0.331820 -0.941533
vn 0.965947 -0.220062 0.136085
vn 0.965947 -0.220062 0.136085
vn 0.984644 -0.126788 0.120008
vn 0.983550 -0.133884 0.121263
vn -0.089430 -0.935074 -0.342984
vn -0.089430 -0.935074 -0.342984
vn -0.089430 -0.935074 -0.342984
vn -0.089430 -0.935074 -0.342984
vn -0.840276 -0.239025 -0.486625
vn -0.840276 -0.239025 -0.486625
vn -0.847267 -0.152487 -0.508809
vn -0.847736 -0.139156 -0.511839
vn 0.962178 -0.244696 0.119737
vn 0.962178 -0.244696 0.119737
vn 0.984315 -0.148510 0.095232
vn 0.981656 -0.162972 0.098954
vn -0.237838 -0.932028 0.273416
vn -0.237838 -0.932028 0.273416
vn -0.237838 -0.932028 0.273416
vn -0.237838 -0.932028 0.273416
vn -0.969861 -0.234439 -0.066397
vn -0.969861 -0.234439 -0.066397
vn -0.992077 -0.102008 -0.073331
vn -0.994646 -0.071377 -0.074734
vn 0.992103 0.118845 0.040101
vn 0.995499 0.086538 0.038646
vn 0.978559 -0.193215 0.071343
vn 0.983429 -0.170077 0.062786
vn -0.914810 0.012603 0.403688
vn -0.914912 -0.026521 0.402781
vn -0.879031 0.315250 0.357662
vn -0.875262 0.337798 0.346133
vn -0.075935 0.177527 0.981182
vn -0.075682 0.174865 0.981679
vn -0.073302 0.352695 0.932863
vn -0.072367 0.354309 0.932324
vn 0.077762 -0.172136 -0.981999
vn 0.077250 -0.167824 -0.982786
vn 0.059546 -0.024136 -0.997934
vn 0.059546 -0.024136 -0.997934
vn 0.992095 0.080860 0.095966
vn 0.989173 0.113679 0.092808
vn 0.955823 0.284344 0.074500
vn 0.955823 0.284344 0.074500
vn -0.847736 -0.139156 -0.511839
vn -0.847267 -0.152487 -0.508809
vn -0.843196 -0.006384 -0.537569
vn -0.843233 -0.006748 -0.537507
vn 0.994260 0.079795 0.071269
vn 0.991099 0.113199 0.070058
vn 0.961233 0.268370 0.063306
vn 0.961233 0.268370 0.063306
vn -0.994646 -0.071377 -0.074734
vn -0.992077 -0.102008 -0.073331
vn -0.982094 0.160227 -0.099087
vn -0.979192 0.174974 -0.102795
vn 0.074089 -0.301933 -0.950446
vn 0.077423 -0.295507 -0.952198
vn 0.077250 -0.167824 -0.982786
vn 0.077762 -0.172136 -0.981999
vn 0.983550 -0.133884 0.121263
vn 0.984644 -0.126788 0.120008
vn 0.989173 0.113679 0.092808
vn 0.992095 0.080860 0.095966
vn 0.981656 -0.162972 0.098954
vn 0.984315 -0.148510 0.095232
vn 0.991099 0.113199 0.070058
vn 0.994260 0.079795 0.071269
vn 0.983429 -0.170077 0.062786
vn 0.978559 -0.193215 0.071343
vn 0.949486 -0.294362 0.108753
vn 0.949486 -0.294362 0.108753
vn -0.875262 0.337798 0.346133
vn -0.879031 0.315250 0.357662
vn -0.855666 0.421574 0.300185
vn -0.855666 0.421574 0.300185
vn -0.072367 0.354309 0.932324
vn -0.073302 0.352695 0.932863
vn -0.052536 0.388130 0.920106
vn -0.052536 0.388130 0.920106
vn -0.843233 -0.006748 -0.537507
vn -0.843196 -0.006384 -0.537569
vn -0.836036 0.050560 -0.546341
vn -0.836036 0.050560 -0.546341
vn -0.979192 0.174974 -0.102795
vn -0.982094 0.160227 -0.099087
vn -0.962544 0.243236 -0.119772
vn -0.962544 0.243236 -0.119772
vn 0.261728 0.965110 0.007876
vn 0.271093 0.962434 0.015150
vn 0.271093 0.962434 0.015150
vn 0.261423 0.965194 0.007640
vn 0.260800 0.965372 0.006375
vn 0.261728 0.965110 0.007876
vn 0.261423 0.965194 0.007640
vn 0.260786 0.965374 0.006565
vn 0.261336 0.965247 -0.000982
vn 0.261336 0.965247 -0.000982
vn 0.260800 0.965372 0.006375
vn 0.260786 0.965374 0.006565
vn 0.996534 0.079750 0.023671
vn 0.996534 0.079750 0.023671
vn 0.996534 0.079750 0.023671
vn 0.996534 0.079750 0.023671
vn 0.421049 0.865226 0.272216
vn 0.421049 0.865226 0.272216
vn 0.421049 0.865226 0.272216
vn 0.421049 0.865226 0.272216
vn 0.995560 0.023111 0.091248
vn 0.995348 -0.000324 0.096347
vn 0.995409 0.002814 0.095668
vn 0.995348 -0.000324 0.096347
vn 0.995164 -0.007633 0.097926
vn 0.995164 -0.007633 0.097926
vn 0.995409 0.002814 0.095668
vn 0.847898 -0.513554 -0.131646
vn 0.840191 -0.521757 -0.147811
vn 0.840199 -0.521749 -0.147795
vn 0.840199 -0.521749 -0.147795
vn 0.840191 -0.521757 -0.147811
vn 0.838990 -0.522987 -0.150265
vn 0.838990 -0.522987 -0.150265
vn 0.511804 0.823590 0.244449
vn 0.511804 0.823590 0.244449
vn 0.511804 0.823590 0.244449
vn 0.511804 0.823590 0.244449
vn 0.996534 0.079750 0.023671
vn 0.996534 0.079750 0.023671
vn 0.996534 0.079750 0.023671
vn 0.996534 0.079750 0.023671
vn 0.424928 0.872725 0.240389
vn 0.424928 0.872725 0.240389
vn 0.424928 0.872725 0.240389
vn 0.424928 0.872725 0.240389
vn 0.996794 -0.008998 -0.079502
vn 0.996794 -0.008998 -0.079502
vn 0.996794 -0.008998 -0.079502
vn 0.996794 -0.008998 -0.079502
vn 0.821924 0.562152 0.091795
vn 0.821924 0.562152 0.091795
vn 0.821924 0.562152 0.091795
vn 0.821924 0.562151 0.091795
vn 0.000000 0.977032 0.213095
vn 0.000000 0.977032 0.213095
vn 0.000000 0.977032 0.213095
vn 0.000000 0.977032 0.213095
vn 0.534338 0.808490 0.246630
vn 0.534338 0.808490 0.246630
vn 0.534338 0.808490 0.246630
vn 0.534338 0.808490 0.246630
vn 0.996534 0.079750 0.023671
vn 0.996534 0.079750 0.023671
vn 0.996534 0.079750 0.023671
vn 0.996534 0.079750 0.023671
vn 0.455641 0.853368 0.253287
vn 0.455641 0.853368 0.253287
vn 0.455641 0.853368 0.253287
vn 0.455641 0.853368 0.253287
vn 0.999964 0.000051 0.008539
vn 0.999964 0.000051 0.008539
vn 0.999964 0.000051 0.008539
vn 0.999964 0.000051 0.008539
vn 0.752494 0.591527 0.289566
vn 0.752494 0.591527 0.289566
vn 0.752494 0.591527 0.289566
vn 0.752494 0.591527 0.289566
vn 0.018806 0.953772 0.299943
vn 0.018806 0.953772 0.299943
vn 0.018806 0.953772 0.299943
vn 0.018806 0.953772 0.299943
vn -0.832846 -0.530626 -0.157494
vn -0.868755 -0.483087 -0.109044
vn -0.854799 -0.502726 -0.128787
vn -0.874263 -0.474857 -0.100877
vn -0.854799 -0.502726 -0.128787
vn -0.868755 -0.483087 -0.109044
vn -0.874263 -0.474857 -0.100877
vn -0.490978 0.835162 0.247883
vn -0.490978 0.835162 0.247883
vn -0.490978 0.835162 0.247883
vn -0.490978 0.835162 0.247883
vn -0.996534 0.079754 0.023672
vn -0.996534 0.079754 0.023672
vn -0.996533 0.079754 0.023672
vn -0.996534 0.079754 0.023672
vn -0.424929 0.872725 0.240389
vn -0.424929 0.872725 0.240389
vn -0.424929 0.872725 0.240389
vn -0.424929 0.872725 0.240389
vn -0.996794 -0.008996 -0.079502
vn -0.996794 -0.008996 -0.079502
vn -0.996794 -0.008996 -0.079502
vn -0.996794 -0.008996 -0.079502
vn -0.821925 0.562151 0.091795
vn -0.821925 0.562151 0.091795
vn -0.821925 0.562151 0.091795
vn -0.821924 0.562151 0.091795
vn -0.490978 0.835161 0.247883
vn -0.490978 0.835161 0.247883
vn -0.490978 0.835161 0.247883
vn -0.490978 0.835161 0.247883
vn -0.996533 0.079754 0.023672
vn -0.996533 0.079754 0.023672
vn -0.996533 0.079754 0.023672
vn -0.996533 0.079754 0.023672
vn -0.455642 0.853367 0.253287
vn -0.455642 0.853367 0.253287
vn -0.455642 0.853367 0.253287
vn -0.455642 0.853367 0.253287
vn -0.999964 0.000052 0.008539
vn -0.999964 0.000052 0.008539
vn -0.999964 0.000052 0.008539
vn -0.999964 0.000052 0.008539
vn -0.822993 0.535248 0.190243
vn -0.822993 0.535248 0.190243
vn -0.822993 0.535248 0.190243
vn -0.822993 0.535248 0.190243
vn 0.000000 0.284540 -0.958664
vn 0.000000 0.284540 -0.958664
vn -0.000000 0.284540 -0.958664
vn -0.000000 0.284540 -0.958664
vn -0.000003 0.284539 -0.958664
vn 0.000000 0.284539 -0.958665
vn -0.000000 0.284540 -0.958664
vn -0.000000 0.284538 -0.958665
vn -0.000000 0.284540 -0.958664
vn -0.000000 0.284540 -0.958664
vn 0.000000 0.284540 -0.958664
vn -0.000000 0.284540 -0.958664
vn -0.000000 0.284540 -0.958664
vn -0.000000 0.284540 -0.958664
vn -0.000000 0.284540 -0.958664
vn -0.000000 0.284540 -0.958664
vn -0.000000 0.284540 -0.958664
vn -0.000000 0.284540 -0.958664
vn -0.000000 0.284540 -0.958664
vn 0.000000 0.284539 -0.958665
vn 0.000000 0.284539 -0.958665
vn 0.000000 0.284539 -0.958665
vn 0.000000 0.284540 -0.958664
vn -0.000000 0.284540 -0.958664
vn 0.000000 0.284540 -0.958664
vn -0.000000 0.284540 -0.958664
vn -0.000000 0.284540 -0.958664
vn -0.000000 0.284540 -0.958664
vn -0.000000 0.284540 -0.958664
vn -0.000000 0.284540 -0.958664
vn -0.000000 0.284540 -0.958664
vn -0.000000 0.284540 -0.958664
vn 0.000000 0.284540 -0.958664
vn -0.000000 0.284540 -0.958664
vn 0.915880 -0.386845 -0.107309
vn 0.915880 -0.386845 -0.107309
vn 0.915880 -0.386845 -0.107309
vn 0.560961 0.793617 0.235573
vn 0.560961 0.793617 0.235573
vn 0.560961 0.793617 0.235573
vn 0.560961 0.793617 0.235573
vn 0.866530 -0.484028 -0.121828
vn 0.866530 -0.484028 -0.121828
vn 0.866530 -0.484028 -0.121828
vn 0.847179 -0.516696 -0.123747
vn 0.847179 -0.516696 -0.123747
vn 0.847179 -0.516696 -0.123747
vn 0.847179 -0.516696 -0.123747
vn -0.490978 0.835161 0.247883
vn -0.490978 0.835161 0.247883
vn -0.490978 0.835161 0.247883
vn -0.864446 -0.496353 -0.079793
vn -0.864446 -0.496353 -0.079793
vn -0.864446 -0.496353 -0.079793
vn -0.872209 -0.466670 -0.146526
vn -0.872209 -0.466670 -0.146526
vn -0.872209 -0.466670 -0.146526
vn -0.872209 -0.466670 -0.146526
vn 0.674126 0.686600 0.272276
vn 0.657874 0.690057 0.301701
vn 0.658609 0.689920 0.300406
vn 0.658609 0.689920 0.300406
vn 0.657874 0.690057 0.301701
vn 0.656676 0.690275 0.303805
vn 0.656676 0.690275 0.303805
vn -0.015655 0.923643 0.382935
vn 0.021350 0.912818 0.407809
vn 0.016707 0.914282 0.404734
vn 0.016707 0.914282 0.404734
vn 0.021350 0.912818 0.407809
vn 0.026240 0.911242 0.411034
vn 0.026240 0.911242 0.411034
vn -0.785637 0.502863 0.360422
vn -0.791935 0.488414 0.366458
vn -0.791935 0.488414 0.366458
vn -0.782980 0.508768 0.357908
vn -0.706980 0.644283 0.291684
vn -0.785637 0.502863 0.360422
vn -0.782980 0.508768 0.357908
vn -0.990940 -0.016893 0.133236
vn -0.990940 -0.016893 0.133236
vn -0.990545 -0.022761 0.135287
vn -0.990646 -0.022270 0.134628
vn -0.990646 -0.022270 0.134628
vn -0.990545 -0.022761 0.135287
vn -0.985205 -0.078305 0.152445
vn -0.987318 -0.041522 0.153228
vn -0.985205 -0.078305 0.152445
vn -0.990545 -0.022761 0.135287
vn -0.397834 0.879534 0.261053
vn -0.426982 0.855622 0.292571
vn -0.427395 0.855262 0.293020
vn -0.435098 0.848431 0.301421
vn -0.427395 0.855262 0.293020
vn -0.426982 0.855622 0.292571
vn -0.435098 0.848431 0.301421
vn -0.996533 0.079754 0.023671
vn -0.996534 0.079754 0.023672
vn -0.996534 0.079754 0.023672
vn -0.996534 0.079754 0.023672
vn -0.996534 0.079754 0.023672
vn -0.996534 0.079754 0.023672
vn -0.996534 0.079754 0.023672
vn -0.182522 -0.006939 0.983177
vn -0.246260 0.076226 0.966201
vn -0.246260 0.076226 0.966202
vn -0.178391 -0.012235 0.983884
vn 0.258630 -0.460745 0.849014
vn 0.258630 -0.460745 0.849014
vn 0.258630 -0.460745 0.849014
vn 0.258630 -0.460745 0.849014
vn -0.431098 -0.277019 0.858729
vn -0.431098 -0.277019 0.858729
vn -0.431098 -0.277019 0.858729
vn -0.431098 -0.277019 0.858729
vn -0.049199 -0.360656 0.931400
vn -0.269676 -0.503626 0.820753
vn -0.265136 -0.500966 0.823855
vn -0.049199 -0.360656 0.931400
vn -0.269676 -0.503626 0.820753
vn -0.341542 -0.543961 0.766456
vn -0.341542 -0.543961 0.766456
vn -0.265136 -0.500966 0.823855
vn 0.117294 -0.124731 0.985233
vn 0.084228 -0.150733 0.984980
vn 0.083560 -0.151254 0.984957
vn 0.117294 -0.124731 0.985233
vn 0.084228 -0.150733 0.984980
vn 0.002300 -0.458975 0.888446
vn 0.001997 -0.463878 0.885897
vn 0.083560 -0.151254 0.984957
vn 0.002300 -0.458975 0.888446
vn -0.012820 -0.517454 0.855615
vn -0.012441 -0.522637 0.852465
vn 0.001997 -0.463878 0.885897
vn -0.012820 -0.517454 0.855615
vn 0.020494 -0.292079 0.956175
vn 0.019687 -0.293380 0.955793
vn -0.012441 -0.522637 0.852465
vn 0.020494 -0.292079 0.956175
vn 0.114328 -0.196484 0.973819
vn 0.114470 -0.196372 0.973825
vn 0.019687 -0.293380 0.955793
vn 0.114328 -0.196484 0.973819
vn 0.142551 -0.044563 0.988784
vn 0.143050 -0.046222 0.988635
vn 0.114470 -0.196372 0.973825
vn 0.142551 -0.044563 0.988784
vn 0.113601 0.049437 0.992296
vn 0.113601 0.049437 0.992296
vn 0.143050 -0.046222 0.988635
vn -0.074593 -0.020363 0.997006
vn -0.182522 -0.006939 0.983177
vn -0.178391 -0.012235 0.983884
vn -0.075181 -0.018391 0.997000
vn -0.209174 0.116323 0.970935
vn -0.074593 -0.020363 0.997006
vn -0.075181 -0.018391 0.997000
vn -0.209938 0.116856 0.970706
vn -0.307395 0.185012 0.933423
vn -0.209174 0.116323 0.970935
vn -0.209938 0.116856 0.970706
vn -0.307395 0.185012 0.933423
vn 0.281700 -0.926727 0.248640
vn 0.281700 -0.926727 0.248640
vn 0.281700 -0.926727 0.248640
vn 0.281700 -0.926727 0.248640
vn -0.761820 -0.613099 0.209139
vn -0.655562 -0.741429 0.143257
vn -0.674984 -0.721431 0.154705
vn -0.761820 -0.613099 0.209139
vn -0.655562 -0.741429 0.143257
vn -0.581062 -0.807548 0.101161
vn -0.581062 -0.807548 0.101161
vn -0.674984 -0.721431 0.154705
vn -0.162499 -0.985974 0.038061
vn -0.245439 -0.969008 -0.027988
vn -0.270923 -0.961369 -0.048681
vn -0.245439 -0.969008 -0.027988
vn -0.287479 -0.955763 -0.062230
vn -0.287479 -0.955763 -0.062230
vn -0.270923 -0.961369 -0.048681
vn 0.605995 -0.783525 0.137326
vn 0.638867 -0.754612 0.149700
vn 0.648046 -0.746036 0.153190
vn 0.605995 -0.783525 0.137326
vn 0.638867 -0.754612 0.149700
vn 0.687025 -0.706899 0.168197
vn 0.687025 -0.706899 0.168197
vn 0.648046 -0.746036 0.153190
vn 0.987226 0.032077 0.156062
vn 0.987226 0.032077 0.156062
vn 0.987226 0.032077 0.156062
vn 0.983122 -0.029878 0.180493
vn 0.976382 -0.137421 0.166715
vn 0.971874 -0.170958 0.161968
vn 0.983123 -0.029878 0.180493
vn 0.976382 -0.137421 0.166715
vn 0.962074 -0.225289 0.153811
vn 0.962074 -0.225289 0.153811
vn 0.971874 -0.170958 0.161968
vn 0.523226 -0.852058 -0.015246
vn 0.525397 -0.850398 0.027946
vn 0.524999 -0.850905 0.018335
vn 0.523226 -0.852058 -0.015246
vn 0.525397 -0.850398 0.027946
vn 0.526476 -0.847703 0.064983
vn 0.526476 -0.847703 0.064983
vn 0.524999 -0.850905 0.018335
vn 0.977310 0.056812 0.204054
vn 0.977310 0.056812 0.204054
vn 0.977310 0.056812 0.204054
vn 0.977310 0.056812 0.204054
vn -0.989903 0.083918 0.114234
vn -0.989903 0.083918 0.114234
vn -0.989903 0.083918 0.114234
vn -0.986724 -0.127214 0.100959
vn -0.986724 -0.127214 0.100959
vn -0.986724 -0.127214 0.100959
vn -0.986724 -0.127214 0.100959
vn -0.668269 -0.706993 0.231468
vn -0.668269 -0.706993 0.231468
vn -0.668269 -0.706993 0.231468
vn -0.668269 -0.706993 0.231468
vn -0.334485 -0.917814 0.213865
vn -0.334485 -0.917814 0.213865
vn -0.334485 -0.917814 0.213865
vn -0.284278 -0.631206 0.721640
vn -0.284278 -0.631206 0.721640
vn -0.284278 -0.631206 0.721640
vn -0.284278 -0.631206 0.721640
vn -0.123157 -0.113424 0.985884
vn -0.123157 -0.113424 0.985884
vn -0.123157 -0.113424 0.985884
vn -0.123157 -0.113424 0.985884
vn -0.307536 -0.339358 0.888964
vn -0.307536 -0.339358 0.888964
vn -0.307536 -0.339358 0.888964
vn -0.307536 -0.339358 0.888964
vn -0.069049 0.898784 0.432920
vn -0.155683 0.608277 0.778307
vn -0.143401 0.542667 0.827616
vn -0.143401 0.542667 0.827616
vn -0.155683 0.608277 0.778307
vn -0.193260 0.163962 0.967351
vn -0.216222 -0.027257 0.975964
vn -0.193260 0.163962 0.967351
vn -0.155683 0.608277 0.778307
vn -0.218687 0.005313 0.975781
vn -0.165557 -0.780839 0.602396
vn -0.182039 -0.497805 0.847969
vn -0.218687 0.005313 0.975781
vn -0.182039 -0.497805 0.847969
vn -0.216222 -0.027257 0.975964
vn -0.218687 0.005313 0.975781
vn -0.104313 -0.994344 0.019982
vn -0.104313 -0.994344 0.019982
vn -0.108568 -0.993763 0.025449
vn -0.021427 -0.999753 -0.005920
vn -0.021427 -0.999753 -0.005920
vn -0.108568 -0.993763 0.025449
vn -0.115705 -0.992680 0.034634
vn -0.103220 -0.994589 0.011804
vn -0.103220 -0.994589 0.011804
vn -0.018868 -0.999822 -0.000099
vn -0.021427 -0.999753 -0.005920
vn -0.021175 -0.999729 0.009682
vn -0.021175 -0.999729 0.009682
vn -0.021175 -0.999729 0.009682
vn -0.021175 -0.999729 0.009682
vn -0.018868 -0.999822 -0.000099
vn -0.021175 -0.999729 0.009682
vn -0.021175 -0.999729 0.009682
vn -0.017401 -0.999848 -0.001176
vn -0.021427 -0.999753 -0.005920
vn -0.018868 -0.999822 -0.000099
vn -0.017401 -0.999848 -0.001176
vn -0.013188 -0.999898 -0.005390
vn -0.021427 -0.999753 -0.005920
vn -0.013188 -0.999898 -0.005390
vn -0.008298 -0.999966 -0.000300
vn -0.007582 -0.999971 0.000149
vn 0.078379 -0.995455 0.054099
vn -0.007582 -0.999971 0.000149
vn -0.008298 -0.999966 -0.000300
vn 0.991978 -0.125472 -0.015403
vn 0.991978 -0.125472 -0.015403
vn 0.991978 -0.125472 -0.015403
vn 0.991978 -0.125472 -0.015403
vn -0.903823 0.105375 0.414729
vn -0.903823 0.105375 0.414729
vn -0.903823 0.105375 0.414729
vn -0.903823 0.105375 0.414729
vn -0.000095 -0.064678 0.997906
vn -0.000095 -0.064678 0.997906
vn -0.000095 -0.064678 0.997906
vn -0.000095 -0.064678 0.997906
vn -0.049309 -0.856693 0.513465
vn -0.049309 -0.856693 0.513465
vn -0.049309 -0.856693 0.513465
vn -0.049309 -0.856692 0.513465
vn 0.000096 0.064678 -0.997906
vn 0.000096 0.064678 -0.997906
vn 0.000096 0.064678 -0.997906
vn 0.000096 0.064678 -0.997906
vn 0.991965 -0.126515 0.000704
vn 0.991964 -0.126515 0.000704
vn 0.991964 -0.126515 0.000704
vn 0.991964 -0.126515 0.000704
vn -0.046143 -0.728345 -0.683655
vn -0.046143 -0.728345 -0.683655
vn -0.046143 -0.728345 -0.683655
vn -0.046143 -0.728345 -0.683655
vn -0.873754 0.157687 -0.460097
vn -0.873754 0.157687 -0.460097
vn -0.873754 0.157687 -0.460097
vn -0.873754 0.157687 -0.460097
vn 0.991914 -0.126652 -0.008101
vn 0.991914 -0.126652 -0.008101
vn 0.991914 -0.126652 -0.008101
vn 0.991914 -0.126652 -0.008101
vn -0.144496 -0.987433 -0.064012
vn -0.144496 -0.987433 -0.064012
vn -0.144496 -0.987433 -0.064012
vn -0.144496 -0.987433 -0.064012
vn -0.989505 0.144200 0.009239
vn -0.989505 0.144200 0.009239
vn -0.989505 0.144200 0.009239
vn -0.989505 0.144200 0.009239
vn 0.531144 0.845504 0.054858
vn 0.520241 0.851512 0.065392
vn 0.515855 0.854821 0.056342
vn 0.520241 0.851512 0.065392
vn 0.515443 0.855058 0.056522
vn 0.515855 0.854821 0.056342
vn 0.515443 0.855058 0.056522
vn 0.515443 0.855196 0.054384
vn 0.515855 0.854821 0.056342
vn 0.531143 0.845504 0.054852
vn 0.515866 0.854933 0.054519
vn 0.521048 0.852210 0.047396
vn 0.521048 0.852210 0.047396
vn 0.515866 0.854933 0.054519
vn 0.515443 0.855196 0.054384
vn 0.515866 0.854933 0.054519
vn 0.515855 0.854821 0.056342
vn 0.515443 0.855196 0.054384
vn -0.665383 0.627426 0.404477
vn -0.665383 0.627426 0.404477
vn -0.665383 0.627426 0.404477
vn 0.198142 -0.373883 0.906064
vn 0.198142 -0.373883 0.906064
vn 0.198142 -0.373883 0.906064
vn 0.198142 -0.373883 0.906064
vn 0.020577 -0.997389 -0.069230
vn 0.020577 -0.997388 -0.069230
vn 0.020577 -0.997389 -0.069230
vn 0.020577 -0.997389 -0.069230
vn -0.198133 0.373885 -0.906065
vn -0.198133 0.373885 -0.906065
vn -0.198133 0.373885 -0.906065
vn -0.198133 0.373885 -0.906065
vn 0.103980 0.762402 0.638695
vn 0.103980 0.762402 0.638695
vn 0.103980 0.762402 0.638695
vn 0.103980 0.762402 0.638695
vn 0.978414 0.020034 -0.205679
vn 0.978414 0.020034 -0.205679
vn 0.978414 0.020034 -0.205679
vn 0.978414 0.020034 -0.205679
vn -0.754496 -0.518628 -0.402196
vn -0.754496 -0.518628 -0.402196
vn -0.754496 -0.518628 -0.402196
vn -0.754496 -0.518628 -0.402196
vn 0.198114 -0.373876 0.906073
vn 0.198114 -0.373876 0.906072
vn 0.198114 -0.373876 0.906072
vn 0.198114 -0.373876 0.906073
vn -0.608074 -0.777830 0.158829
vn -0.608074 -0.777830 0.158829
vn -0.608074 -0.777830 0.158829
vn -0.608074 -0.777830 0.158829
vn -0.198131 0.373883 -0.906066
vn -0.198131 0.373883 -0.906066
vn -0.198131 0.373883 -0.906066
vn -0.198131 0.373883 -0.906066
vn 0.732605 0.542838 0.410630
vn 0.732605 0.542838 0.410630
vn 0.732605 0.542838 0.410630
vn 0.732605 0.542838 0.410630
vn 0.669047 -0.623973 -0.403775
vn 0.669047 -0.623973 -0.403775
vn 0.669047 -0.623973 -0.403775
vn 0.669047 -0.623973 -0.403775
vn 0.004249 -0.232426 0.972605
vn 0.004249 -0.232426 0.972605
vn 0.004249 -0.232426 0.972605
vn 0.004249 -0.232426 0.972605
vn 0.703917 -0.703569 -0.097425
vn 0.703917 -0.703569 -0.097425
vn 0.703917 -0.703569 -0.097425
vn 0.703917 -0.703569 -0.097425
vn -0.114651 0.215196 -0.969817
vn -0.114651 0.215195 -0.969817
vn -0.114651 0.215195 -0.969817
vn -0.114651 0.215195 -0.969818
vn -0.578607 0.384558 0.719256
vn -0.578607 0.384558 0.719256
vn -0.578607 0.384558 0.719256
vn -0.578607 0.384558 0.719256
vn 0.728740 0.678260 0.094348
vn 0.728740 0.678260 0.094348
vn 0.728740 0.678260 0.094348
vn 0.728740 0.678260 0.094348
vn 0.139272 -0.388353 0.910925
vn 0.139272 -0.388353 0.910925
vn 0.139272 -0.388353 0.910925
vn 0.139272 -0.388353 0.910925
vn -0.809160 -0.492434 0.320577
vn -0.809160 -0.492434 0.320577
vn -0.809160 -0.492434 0.320577
vn -0.809160 -0.492434 0.320577
vn -0.144778 0.410165 -0.900447
vn -0.144778 0.410165 -0.900447
vn -0.144778 0.410165 -0.900447
vn -0.144778 0.410165 -0.900447
vn 0.932663 0.249461 0.260593
vn 0.932663 0.249461 0.260593
vn 0.932663 0.249461 0.260593
vn 0.932663 0.249461 0.260593
vn -0.357682 0.833044 0.422021
vn -0.357682 0.833044 0.422021
vn -0.357682 0.833044 0.422021
vn -0.357682 0.833044 0.422021
vn 0.198134 -0.373879 0.906067
vn 0.198134 -0.373879 0.906067
vn 0.198134 -0.373879 0.906067
vn 0.198134 -0.373879 0.906067
vn -0.648421 -0.755746 0.091643
vn -0.648421 -0.755746 0.091643
vn -0.648421 -0.755746 0.091643
vn -0.648421 -0.755746 0.091643
vn -0.147453 0.439305 -0.886154
vn -0.147453 0.439305 -0.886154
vn -0.147453 0.439305 -0.886154
vn -0.147453 0.439305 -0.886154
vn 0.754840 0.521994 0.397164
vn 0.754840 0.521994 0.397164
vn 0.754840 0.521994 0.397164
vn 0.754840 0.521994 0.397164
vn -0.650261 0.630686 0.423551
vn -0.650261 0.630686 0.423551
vn -0.650261 0.630686 0.423551
vn -0.650261 0.630686 0.423551
vn 0.311152 -0.193471 0.930459
vn 0.311152 -0.193471 0.930459
vn 0.311152 -0.193471 0.930459
vn 0.311152 -0.193471 0.930459
vn -0.333992 -0.940223 0.066565
vn -0.333992 -0.940223 0.066565
vn -0.333992 -0.940222 0.066565
vn -0.333992 -0.940223 0.066565
vn -0.308671 0.195029 -0.930960
vn -0.308671 0.195029 -0.930960
vn -0.308671 0.195029 -0.930960
vn -0.308671 0.195029 -0.930960
vn 0.456070 0.815814 0.355594
vn 0.456070 0.815814 0.355594
vn 0.456070 0.815814 0.355594
vn 0.456070 0.815814 0.355594
vn -0.900744 0.265392 0.343843
vn -0.900744 0.265392 0.343843
vn -0.900744 0.265392 0.343843
vn -0.900744 0.265392 0.343843
vn -0.425561 0.889809 -0.164737
vn -0.425561 0.889809 -0.164737
vn -0.425561 0.889809 -0.164737
vn -0.425561 0.889809 -0.164737
vn 0.164562 -0.582222 -0.796202
vn 0.164562 -0.582222 -0.796202
vn 0.164562 -0.582222 -0.796202
vn 0.164562 -0.582222 -0.796202
vn -0.327434 0.714728 0.618022
vn -0.327434 0.714728 0.618022
vn -0.327434 0.714728 0.618022
vn -0.327434 0.714728 0.618022
vn -0.540828 0.736046 0.407114
vn -0.540828 0.736046 0.407114
vn -0.540828 0.736046 0.407114
vn -0.540828 0.736046 0.407114
vn -0.162788 0.648831 0.743316
vn -0.162788 0.648831 0.743316
vn -0.162788 0.648831 0.743316
vn -0.079102 0.386090 0.919063
vn -0.079102 0.386090 0.919063
vn -0.079102 0.386090 0.919063
vn -0.079102 0.386090 0.919063
vn 0.230351 -0.501665 -0.833829
vn 0.230351 -0.501665 -0.833829
vn 0.230351 -0.501665 -0.833829
vn 0.230351 -0.501665 -0.833829
vn 0.330276 -0.540466 -0.773831
vn 0.330276 -0.540466 -0.773831
vn 0.330276 -0.540466 -0.773831
vn -0.365002 -0.726698 0.581965
vn -0.365002 -0.726698 0.581965
vn -0.365002 -0.726698 0.581965
vn -0.365002 -0.726698 0.581965
vn 0.082010 -0.762446 0.641834
vn 0.082010 -0.762446 0.641834
vn 0.082010 -0.762446 0.641834
vn 0.082010 -0.762446 0.641834
vn -0.800373 -0.599204 -0.018911
vn -0.800373 -0.599204 -0.018911
vn -0.800373 -0.599204 -0.018911
vn -0.800373 -0.599204 -0.018911
vn -0.796366 -0.604756 -0.008399
vn -0.796366 -0.604756 -0.008399
vn -0.796366 -0.604756 -0.008399
vn 0.919065 0.324819 -0.223187
vn 0.919065 0.324819 -0.223187
vn 0.919065 0.324819 -0.223187
vn 0.919065 0.324819 -0.223187
vn 0.953046 0.270469 -0.136200
vn 0.953046 0.270469 -0.136200
vn 0.953046 0.270469 -0.136200
vn 0.944761 0.272701 -0.181828
vn 0.944761 0.272701 -0.181828
vn 0.944761 0.272701 -0.181828
vn 0.944761 0.272701 -0.181828
vn -0.046528 -0.923494 -0.380781
vn -0.046528 -0.923494 -0.380781
vn -0.046528 -0.923494 -0.380781
vn -0.015148 0.987254 0.158432
vn -0.015148 0.987254 0.158432
vn -0.015148 0.987254 0.158432
vn -0.015148 0.987254 0.158432
vn 0.423450 0.864717 0.270101
vn 0.423450 0.864717 0.270101
vn 0.423450 0.864717 0.270101
vn 0.423450 0.864717 0.270101
vn -0.992291 0.108758 -0.059421
vn -0.992291 0.108758 -0.059421
vn -0.992291 0.108758 -0.059421
vn -0.992291 0.108758 -0.059421
vn 0.485651 0.445104 -0.752347
vn 0.485651 0.445104 -0.752347
vn 0.485651 0.445104 -0.752347
vn 0.485651 0.445104 -0.752347
vn 0.519211 0.442827 -0.730975
vn 0.519211 0.442827 -0.730975
vn 0.519211 0.442827 -0.730975
vn -0.785016 -0.282848 0.551132
vn -0.785016 -0.282848 0.551132
vn -0.785016 -0.282848 0.551132
vn -0.785016 -0.282848 0.551132
vn -0.633020 -0.357142 0.686830
vn -0.633020 -0.357142 0.686830
vn -0.633020 -0.357142 0.686830
vn -0.633020 -0.357142 0.686830
vn -0.750167 -0.318578 0.579446
vn -0.750167 -0.318578 0.579446
vn -0.750167 -0.318578 0.579446
vn -0.750167 -0.318578 0.579446
vn 0.693824 -0.712141 -0.107069
vn 0.693824 -0.712141 -0.107069
vn 0.693824 -0.712141 -0.107069
vn -0.751079 0.634856 0.181211
vn -0.751079 0.634856 0.181211
vn -0.751079 0.634856 0.181211
vn -0.751079 0.634856 0.181211
vn 0.649247 -0.660303 -0.377462
vn 0.649247 -0.660303 -0.377462
vn 0.649247 -0.660303 -0.377462
vn 0.649247 -0.660303 -0.377462
vn 0.574820 -0.530676 -0.622868
vn 0.574820 -0.530676 -0.622868
vn 0.574820 -0.530676 -0.622868
vn 0.574820 -0.530676 -0.622868
vn 0.671700 -0.672690 -0.310335
vn 0.671700 -0.672690 -0.310335
vn 0.671700 -0.672690 -0.310335
vn 0.671700 -0.672690 -0.310335
vn 0.370963 -0.072087 -0.925846
vn 0.370963 -0.072087 -0.925846
vn 0.370963 -0.072087 -0.925845
vn -0.731891 0.675599 0.088891
vn -0.731891 0.675599 0.088891
vn -0.731891 0.675599 0.088891
vn -0.773675 0.623263 0.113885
vn -0.773675 0.623263 0.113885
vn -0.773675 0.623263 0.113885
vn 0.683145 -0.707842 -0.179645
vn 0.683145 -0.707842 -0.179645
vn 0.683145 -0.707842 -0.179645
vn 0.683145 -0.707842 -0.179645
vn 0.707621 -0.692629 -0.139782
vn 0.707621 -0.692629 -0.139782
vn 0.707621 -0.692629 -0.139782
vn 0.314479 -0.158731 -0.935899
vn 0.314479 -0.158731 -0.935899
vn 0.314479 -0.158731 -0.935899
vn 0.314479 -0.158731 -0.935899
vn -0.913011 -0.400918 -0.075339
vn -0.913011 -0.400918 -0.075339
vn -0.913011 -0.400918 -0.075339
vn -0.913011 -0.400918 -0.075339
vn -0.857137 -0.481615 -0.182656
vn -0.857137 -0.481615 -0.182656
vn -0.857137 -0.481615 -0.182656
vn -0.325440 0.810563 0.486905
vn -0.325440 0.810563 0.486905
vn -0.325440 0.810563 0.486905
vn -0.325440 0.810563 0.486905
vn 0.055450 0.896709 0.439133
vn 0.055450 0.896709 0.439133
vn 0.055450 0.896709 0.439133
vn 0.055450 0.896709 0.439133
vn 0.429987 0.835985 0.340940
vn 0.429987 0.835985 0.340940
vn 0.429987 0.835985 0.340940
vn 0.429987 0.835985 0.340940
vn 0.726830 0.654222 0.209073
vn 0.726830 0.654222 0.209073
vn 0.726830 0.654222 0.209073
vn 0.726830 0.654222 0.209073
vn 0.893498 0.147637 0.424105
vn 0.893498 0.147637 0.424105
vn 0.893498 0.147637 0.424105
vn 0.984927 0.156834 -0.072959
vn 0.984927 0.156834 -0.072959
vn 0.984927 0.156834 -0.072959
vn 0.919705 0.390572 -0.039948
vn 0.919705 0.390572 -0.039948
vn 0.919705 0.390572 -0.039948
vn 0.919705 0.390572 -0.039948
vn 0.964840 0.130242 -0.228302
vn 0.964840 0.130242 -0.228302
vn 0.964840 0.130242 -0.228302
vn 0.979542 0.038654 -0.197494
vn 0.979542 0.038654 -0.197494
vn 0.979542 0.038654 -0.197494
vn 0.991632 0.010384 -0.128680
vn 0.991632 0.010384 -0.128680
vn 0.991632 0.010384 -0.128680
vn 0.902485 -0.346154 -0.256317
vn 0.902485 -0.346154 -0.256317
vn 0.902485 -0.346154 -0.256317
vn 0.902485 -0.346154 -0.256317
vn -0.775992 -0.629812 -0.034246
vn -0.775992 -0.629812 -0.034246
vn -0.775992 -0.629812 -0.034246
vn -0.775992 -0.629812 -0.034246
vn -0.911355 -0.386753 0.140901
vn -0.911355 -0.386753 0.140901
vn -0.911355 -0.386753 0.140901
vn -0.911355 -0.386753 0.140901
vn -0.919505 -0.219854 0.325844
vn -0.919505 -0.219854 0.325844
vn -0.919505 -0.219854 0.325844
vn -0.919505 -0.219854 0.325844
vn -0.874075 0.194919 0.444971
vn -0.874075 0.194919 0.444971
vn -0.874075 0.194919 0.444971
vn -0.874075 0.194919 0.444971
vn -0.618873 0.611548 0.492956
vn -0.618873 0.611548 0.492956
vn -0.618873 0.611548 0.492956
vn -0.618873 0.611548 0.492956
vn -0.179055 0.413504 -0.892723
vn -0.196747 0.376815 -0.905152
vn -0.196569 0.377192 -0.905034
vn -0.198132 0.373884 -0.906066
vn -0.196569 0.377192 -0.905034
vn -0.196747 0.376815 -0.905152
vn -0.198131 0.373884 -0.906065
vn -0.198131 0.373884 -0.906065
vn -0.198131 0.373884 -0.906065
vn -0.196747 0.376815 -0.905152
vn -0.198131 0.373884 -0.906065
vn -0.198131 0.373884 -0.906065
vn -0.198131 0.373882 -0.906067
vn -0.198131 0.373884 -0.906065
vn -0.197001 0.748568 -0.633116
vn -0.197001 0.748568 -0.633116
vn -0.197001 0.748568 -0.633116
vn -0.197001 0.748568 -0.633116
vn 0.061244 0.792300 -0.607051
vn 0.061244 0.792300 -0.607051
vn 0.061244 0.792299 -0.607051
vn 0.061244 0.792300 -0.607051
vn 0.313960 0.592576 -0.741810
vn 0.313960 0.592576 -0.741810
vn 0.313960 0.592576 -0.741810
vn 0.313960 0.592576 -0.741810
vn 0.534186 -0.038093 -0.844508
vn 0.534186 -0.038093 -0.844508
vn 0.534186 -0.038093 -0.844508
vn 0.534186 -0.038093 -0.844508
vn -0.164699 -0.110138 -0.980175
vn -0.164699 -0.110138 -0.980175
vn -0.164699 -0.110138 -0.980175
vn -0.164699 -0.110138 -0.980175
vn -0.147224 -0.830470 -0.537257
vn -0.147224 -0.830470 -0.537257
vn -0.115526 -0.812939 -0.570775
vn -0.148977 -0.830510 -0.536712
vn -0.148977 -0.830510 -0.536712
vn -0.115526 -0.812939 -0.570775
vn -0.248924 -0.820196 -0.515088
vn -0.111481 -0.810884 -0.574490
vn -0.248924 -0.820196 -0.515088
vn -0.115526 -0.812939 -0.570775
vn -0.111481 -0.810884 -0.574490
vn -0.362769 -0.802222 -0.474171
vn -0.427966 -0.816143 -0.388272
vn -0.427966 -0.816143 -0.388272
vn -0.364984 -0.803194 -0.470815
vn -0.361677 -0.801918 -0.475518
vn -0.362769 -0.802222 -0.474171
vn -0.364984 -0.803194 -0.470815
vn -0.361433 -0.802006 -0.475555
vn -0.364984 -0.803194 -0.470815
vn -0.239452 -0.838122 -0.490117
vn -0.361433 -0.802006 -0.475555
vn -0.905487 -0.371504 -0.205130
vn -0.905487 -0.371504 -0.205130
vn -0.905487 -0.371504 -0.205130
vn -0.905487 -0.371504 -0.205130
vn -0.855472 0.451944 -0.252812
vn -0.855472 0.451944 -0.252812
vn -0.855472 0.451944 -0.252812
vn -0.855472 0.451944 -0.252812
vn -0.336783 0.876921 0.342908
vn -0.336783 0.876921 0.342908
vn -0.336783 0.876921 0.342908
vn -0.081633 0.163487 0.983162
vn -0.081633 0.163487 0.983162
vn -0.081633 0.163487 0.983162
vn -0.081633 0.163487 0.983162
vn 0.233165 0.234681 0.943694
vn 0.233165 0.234681 0.943694
vn 0.233165 0.234681 0.943694
vn 0.233165 0.234681 0.943694
vn 0.516802 0.161913 0.840655
vn 0.516802 0.161913 0.840655
vn 0.516802 0.161913 0.840655
vn 0.516802 0.161913 0.840655
vn 0.485380 0.176980 0.856204
vn 0.485380 0.176980 0.856203
vn 0.485380 0.176980 0.856204
vn 0.485380 0.176980 0.856204
vn 0.694904 -0.077982 0.714862
vn 0.694904 -0.077982 0.714862
vn 0.694904 -0.077982 0.714862
vn 0.694904 -0.077982 0.714862
vn 0.729537 -0.281974 0.623110
vn 0.729537 -0.281974 0.623110
vn 0.729538 -0.281974 0.623110
vn 0.729537 -0.281974 0.623110
vn 0.677673 -0.489397 0.548863
vn 0.677673 -0.489397 0.548863
vn 0.677673 -0.489397 0.548863
vn 0.677673 -0.489397 0.548863
vn 0.547199 -0.668690 0.503416
vn 0.547199 -0.668690 0.503416
vn 0.547199 -0.668690 0.503416
vn 0.547199 -0.668690 0.503416
vn -0.276195 -0.690113 0.668925
vn -0.276195 -0.690113 0.668925
vn -0.276195 -0.690113 0.668925
vn -0.276195 -0.690113 0.668925
vn -0.430374 -0.477434 0.766051
vn -0.430374 -0.477434 0.766051
vn -0.430374 -0.477434 0.766051
vn -0.430374 -0.477434 0.766051
vn -0.475514 -0.288792 0.830955
vn -0.475514 -0.288792 0.830955
vn -0.475514 -0.288792 0.830955
vn -0.475514 -0.288792 0.830955
vn -0.441102 -0.126162 0.888545
vn -0.441102 -0.126162 0.888545
vn -0.441102 -0.126162 0.888545
vn -0.441102 -0.126162 0.888545
vn -0.267493 0.062587 0.961525
vn -0.267493 0.062587 0.961525
vn -0.267493 0.062587 0.961525
vn -0.267493 0.062587 0.961525
vn -0.339002 0.841196 0.421268
vn -0.339002 0.841196 0.421268
vn -0.339002 0.841196 0.421268
vn -0.339002 0.841196 0.421268
vn -0.338951 0.841226 0.421249
vn -0.338951 0.841226 0.421249
vn -0.338951 0.841226 0.421249
vn 0.038893 0.926653 0.373902
vn 0.038893 0.926653 0.373902
vn 0.038893 0.926653 0.373902
vn 0.038893 0.926653 0.373902
vn 0.919706 0.390571 -0.039948
vn 0.919706 0.390571 -0.039948
vn 0.919706 0.390571 -0.039948
vn 0.919706 0.390571 -0.039948
vn 0.919707 0.390568 -0.039949
vn 0.919707 0.390569 -0.039949
vn 0.919707 0.390568 -0.039949
vn 0.979406 0.038908 -0.198115
vn 0.979406 0.038908 -0.198115
vn 0.979406 0.038908 -0.198115
vn 0.979406 0.038908 -0.198115
vn 0.979407 0.038909 -0.198113
vn 0.979407 0.038909 -0.198113
vn 0.979407 0.038909 -0.198113
vn 0.665096 -0.627735 -0.404471
vn 0.665096 -0.627735 -0.404471
vn 0.665096 -0.627735 -0.404471
vn 0.665096 -0.627735 -0.404471
vn -0.735850 -0.666140 -0.121580
vn -0.735850 -0.666140 -0.121580
vn -0.735850 -0.666140 -0.121580
vn -0.735850 -0.666140 -0.121580
vn -0.940883 -0.337003 0.034170
vn -0.940883 -0.337003 0.034170
vn -0.940883 -0.337003 0.034170
vn -0.940883 -0.337003 0.034170
vn -0.987216 -0.065960 0.145103
vn -0.987216 -0.065960 0.145103
vn -0.987216 -0.065960 0.145103
vn -0.987216 -0.065960 0.145103
vn -0.979406 -0.038908 0.198114
vn -0.979406 -0.038908 0.198114
vn -0.979406 -0.038908 0.198114
vn -0.979406 -0.038908 0.198114
vn -0.987178 -0.072737 0.142089
vn -0.987178 -0.072737 0.142089
vn -0.987178 -0.072737 0.142089
vn 0.295522 -0.734653 -0.610697
vn 0.295522 -0.734653 -0.610697
vn 0.295522 -0.734653 -0.610697
vn 0.295522 -0.734653 -0.610697
vn -0.791318 -0.554827 -0.256873
vn -0.791318 -0.554827 -0.256873
vn -0.791318 -0.554827 -0.256873
vn -0.791318 -0.554827 -0.256873
vn -0.758818 -0.549877 -0.349043
vn -0.758818 -0.549877 -0.349043
vn -0.758818 -0.549877 -0.349043
vn -0.758818 -0.549877 -0.349043
vn -0.940863 -0.294513 -0.167449
vn -0.928940 -0.298772 -0.218647
vn -0.928940 -0.298772 -0.218646
vn -0.941756 -0.294113 -0.163077
vn -0.960896 -0.276715 -0.010432
vn -0.940863 -0.294513 -0.167449
vn -0.941756 -0.294113 -0.163077
vn -0.960896 -0.276715 -0.010432
vn -0.906061 -0.391300 -0.161054
vn -0.906061 -0.391300 -0.161054
vn -0.906060 -0.391301 -0.161054
vn -0.906060 -0.391301 -0.161054
vn -0.906061 -0.391300 -0.161054
vn -0.906060 -0.391302 -0.161054
vn -0.906060 -0.391302 -0.161054
vn -0.713518 0.699107 0.046272
vn -0.713518 0.699107 0.046272
vn -0.713518 0.699107 0.046272
vn -0.345369 0.865650 0.362451
vn -0.321748 0.871118 0.370987
vn -0.344027 0.865977 0.362944
vn -0.321748 0.871118 0.370987
vn -0.312441 0.873102 0.374263
vn -0.312441 0.873102 0.374263
vn -0.344027 0.865977 0.362944
vn -0.773794 0.596539 0.213034
vn -0.773794 0.596539 0.213034
vn -0.773794 0.596539 0.213034
vn -0.773794 0.596539 0.213034
vn -0.734066 0.642956 0.218528
vn -0.734066 0.642956 0.218528
vn -0.734066 0.642956 0.218528
vn 0.711904 -0.411703 -0.568940
vn 0.711904 -0.411703 -0.568940
vn 0.711904 -0.411703 -0.568940
vn 0.711904 -0.411703 -0.568940
vn 0.830660 -0.261547 -0.491526
vn 0.830660 -0.261547 -0.491526
vn 0.830660 -0.261547 -0.491526
vn 0.830660 -0.261547 -0.491526
vn 0.856024 -0.330521 -0.397465
vn 0.856024 -0.330521 -0.397465
vn 0.856024 -0.330521 -0.397465
vn 0.856024 -0.330521 -0.397465
vn 0.888564 -0.315974 -0.332588
vn 0.888564 -0.315973 -0.332588
vn 0.888564 -0.315974 -0.332588
vn 0.965522 0.172978 -0.194540
vn 0.965522 0.172978 -0.194540
vn 0.965522 0.172978 -0.194540
vn 0.965522 0.172978 -0.194540
vn 0.980450 0.036914 -0.193275
vn 0.980450 0.036914 -0.193275
vn 0.980450 0.036914 -0.193275
vn 0.979344 0.039740 -0.198259
vn 0.979344 0.039740 -0.198259
vn 0.979344 0.039740 -0.198259
vn 0.979344 0.039740 -0.198259
vn 0.919705 0.390573 -0.039949
vn 0.919705 0.390573 -0.039949
vn 0.919705 0.390573 -0.039949
vn 0.919706 0.390570 -0.039947
vn 0.919705 0.390572 -0.039947
vn 0.919705 0.390574 -0.039947
vn 0.919705 0.390574 -0.039947
vn 0.919705 0.390572 -0.039947
vn 0.919704 0.390574 -0.039947
vn 0.919704 0.390574 -0.039947
vn 0.919700 0.390585 -0.039937
vn 0.919700 0.390585 -0.039937
vn 0.919700 0.390585 -0.039937
vn 0.920256 0.389269 -0.039995
vn 0.920256 0.389269 -0.039995
vn 0.920256 0.389269 -0.039995
vn 0.920256 0.389269 -0.039995
vn -0.338951 0.841227 0.421248
vn -0.338951 0.841227 0.421248
vn -0.338951 0.841227 0.421248
vn -0.338949 0.841227 0.421249
vn -0.338949 0.841227 0.421249
vn -0.338949 0.841227 0.421249
vn -0.338949 0.841227 0.421249
vn -0.919587 0.296362 0.257934
vn -0.919587 0.296362 0.257934
vn -0.919587 0.296362 0.257934
vn -0.919587 0.296362 0.257934
vn -0.443075 -0.867224 -0.227174
vn -0.443075 -0.867224 -0.227174
vn -0.443075 -0.867224 -0.227174
vn -0.443075 -0.867224 -0.227174
vn 0.346522 -0.839988 -0.417544
vn 0.346522 -0.839988 -0.417544
vn 0.346522 -0.839988 -0.417544
vn 0.346522 -0.839988 -0.417544
vn 0.890000 -0.318666 -0.326116
vn 0.890000 -0.318666 -0.326116
vn 0.890000 -0.318666 -0.326116
vn 0.890000 -0.318666 -0.326116
vn 0.979406 0.038914 -0.198113
vn 0.979406 0.038914 -0.198113
vn 0.979406 0.038914 -0.198113
vn 0.979406 0.038914 -0.198113
vn 0.919704 0.390574 -0.039950
vn 0.919704 0.390575 -0.039950
vn 0.919704 0.390574 -0.039950
vn 0.919704 0.390574 -0.039950
vn 0.719983 0.682771 0.124293
vn 0.719983 0.682771 0.124293
vn 0.719983 0.682771 0.124293
vn 0.719983 0.682771 0.124293
vn 0.410656 0.871015 0.269621
vn 0.410656 0.871015 0.269621
vn 0.410656 0.871015 0.269621
vn 0.410656 0.871015 0.269621
vn 0.038819 0.926659 0.373894
vn 0.038819 0.926659 0.373894
vn 0.038819 0.926659 0.373894
vn 0.038819 0.926659 0.373894
vn -0.338947 0.841227 0.421250
vn -0.338947 0.841227 0.421250
vn -0.338947 0.841227 0.421250
vn -0.338947 0.841227 0.421250
vn -0.614368 0.673939 0.410315
vn -0.614368 0.673939 0.410315
vn -0.614368 0.673939 0.410315
vn -0.614368 0.673939 0.410315
vn -0.874652 0.206778 0.438436
vn -0.874652 0.206778 0.438436
vn -0.874652 0.206778 0.438436
vn -0.874652 0.206778 0.438436
vn -0.841164 -0.276895 0.464513
vn -0.841164 -0.276895 0.464513
vn -0.841164 -0.276895 0.464513
vn -0.841164 -0.276895 0.464513
vn -0.803503 -0.517762 0.293776
vn -0.803503 -0.517762 0.293776
vn -0.803503 -0.517762 0.293776
vn -0.803503 -0.517762 0.293776
vn -0.768818 -0.639440 0.005975
vn -0.768818 -0.639440 0.005975
vn -0.768818 -0.639440 0.005975
vn -0.768818 -0.639440 0.005975
vn -0.410657 -0.871014 -0.269621
vn -0.410657 -0.871014 -0.269621
vn -0.410657 -0.871014 -0.269621
vn -0.410657 -0.871014 -0.269621
vn -0.039008 -0.926668 -0.373851
vn -0.039008 -0.926668 -0.373851
vn -0.039008 -0.926668 -0.373851
vn -0.039008 -0.926668 -0.373851
vn 0.329544 -0.756467 -0.564941
vn 0.331536 -0.760012 -0.558987
vn 0.331536 -0.760012 -0.558987
vn 0.302749 -0.708010 -0.638017
vn 0.302749 -0.708010 -0.638017
vn 0.029701 -0.170600 -0.984893
vn 0.329544 -0.756467 -0.564941
vn 0.917216 -0.372696 -0.140757
vn 0.917216 -0.372696 -0.140757
vn 0.917216 -0.372696 -0.140757
vn 0.917216 -0.372696 -0.140757
vn 0.917419 0.397167 0.024492
vn 0.917419 0.397167 0.024492
vn 0.917419 0.397167 0.024492
vn 0.917419 0.397167 0.024492
vn 0.564552 0.716461 0.409834
vn 0.564552 0.716461 0.409835
vn 0.564552 0.716461 0.409835
vn 0.564552 0.716461 0.409834
vn 0.410663 0.871008 0.269630
vn 0.410663 0.871008 0.269631
vn 0.410663 0.871008 0.269630
vn 0.410660 0.871014 0.269617
vn 0.410660 0.871014 0.269617
vn 0.410660 0.871014 0.269617
vn 0.410660 0.871014 0.269617
vn 0.038821 0.926659 0.373895
vn 0.038821 0.926659 0.373895
vn 0.038821 0.926658 0.373895
vn 0.342294 -0.834848 -0.431120
vn 0.342294 -0.834847 -0.431120
vn 0.342294 -0.834848 -0.431120
vn 0.342294 -0.834847 -0.431120
vn 0.806638 -0.209194 -0.552787
vn 0.806638 -0.209194 -0.552787
vn 0.806638 -0.209194 -0.552787
vn 0.806638 -0.209194 -0.552787
vn 0.892893 0.135814 -0.429298
vn 0.892893 0.135814 -0.429298
vn 0.892893 0.135814 -0.429298
vn 0.892893 0.135814 -0.429298
vn 0.835295 0.475108 -0.276684
vn 0.835295 0.475108 -0.276684
vn 0.835295 0.475108 -0.276684
vn 0.835295 0.475108 -0.276684
vn 0.344147 0.938658 0.021997
vn 0.344147 0.938658 0.021997
vn 0.344147 0.938658 0.021997
vn 0.344147 0.938658 0.021997
vn -0.014625 0.992348 0.122601
vn -0.014625 0.992348 0.122601
vn -0.014625 0.992348 0.122601
vn -0.014625 0.992348 0.122601
vn -0.527686 -0.799920 0.285788
vn -0.527686 -0.799920 0.285788
vn -0.527686 -0.799920 0.285788
vn -0.527686 -0.799920 0.285788
vn 0.279131 -0.711595 -0.644763
vn 0.279131 -0.711594 -0.644763
vn 0.279131 -0.711594 -0.644763
vn 0.279131 -0.711595 -0.644763
vn 0.359841 0.529621 -0.768125
vn 0.359841 0.529621 -0.768125
vn 0.359841 0.529621 -0.768125
vn 0.359841 0.529621 -0.768125
vn 0.246314 0.695735 -0.674746
vn 0.246314 0.695735 -0.674746
vn 0.246314 0.695735 -0.674746
vn 0.246314 0.695735 -0.674746
vn 0.070441 0.802742 -0.592152
vn 0.070441 0.802742 -0.592152
vn 0.070441 0.802742 -0.592152
vn 0.070441 0.802742 -0.592152
vn -0.140940 0.834365 -0.532890
vn -0.140940 0.834364 -0.532890
vn -0.140940 0.834364 -0.532890
vn -0.140940 0.834364 -0.532890
vn -0.355681 0.785802 -0.505971
vn -0.355681 0.785802 -0.505971
vn -0.355681 0.785802 -0.505971
vn -0.355681 0.785802 -0.505971
vn -0.399436 0.797794 -0.451636
vn -0.399436 0.797794 -0.451636
vn -0.399436 0.797794 -0.451636
vn -0.399436 0.797794 -0.451636
vn -0.769406 0.465515 -0.437390
vn -0.769406 0.465515 -0.437390
vn -0.769406 0.465515 -0.437390
vn -0.769406 0.465515 -0.437390
vn -0.866143 -0.138645 -0.480180
vn -0.866143 -0.138645 -0.480180
vn -0.866143 -0.138645 -0.480180
vn -0.866143 -0.138645 -0.480180
vn -0.774640 -0.191873 -0.602593
vn -0.774640 -0.191873 -0.602593
vn -0.774640 -0.191873 -0.602593
vn -0.774640 -0.191873 -0.602593
vn -0.674209 -0.084667 -0.733672
vn -0.674209 -0.084667 -0.733671
vn -0.674209 -0.084667 -0.733671
vn -0.674209 -0.084667 -0.733672
vn -0.469383 -0.455059 -0.756704
vn -0.469383 -0.455059 -0.756704
vn -0.469383 -0.455059 -0.756704
vn -0.469383 -0.455059 -0.756704
vn -0.176788 -0.508380 -0.842791
vn -0.176788 -0.508380 -0.842791
vn -0.176788 -0.508380 -0.842791
vn -0.176788 -0.508380 -0.842791
vn 0.681382 -0.489649 0.544024
vn 0.681382 -0.489649 0.544024
vn 0.681382 -0.489649 0.544024
vn 0.681382 -0.489649 0.544024
vn 0.733683 -0.280454 0.618914
vn 0.733683 -0.280454 0.618914
vn 0.733683 -0.280454 0.618914
vn 0.733683 -0.280454 0.618914
vn 0.698758 -0.074716 0.711446
vn 0.698758 -0.074716 0.711446
vn 0.698758 -0.074716 0.711446
vn 0.698758 -0.074716 0.711446
vn 0.400937 0.206358 0.892562
vn 0.400937 0.206358 0.892562
vn 0.400937 0.206358 0.892562
vn 0.400937 0.206358 0.892562
vn 0.183393 0.238943 0.953558
vn 0.183393 0.238943 0.953558
vn 0.183393 0.238943 0.953558
vn 0.183393 0.238943 0.953558
vn 0.446687 -0.883141 0.143289
vn 0.446687 -0.883141 0.143289
vn 0.446687 -0.883141 0.143289
vn 0.446687 -0.883141 0.143289
vn 0.610805 -0.596579 -0.520587
vn 0.610805 -0.596579 -0.520587
vn 0.610805 -0.596579 -0.520587
vn 0.610805 -0.596579 -0.520587
vn 0.678231 -0.654330 -0.334447
vn 0.678231 -0.654330 -0.334447
vn 0.678231 -0.654330 -0.334447
vn 0.678231 -0.654330 -0.334447
vn 0.417941 -0.803921 -0.423127
vn 0.417941 -0.803921 -0.423127
vn 0.417941 -0.803921 -0.423127
vn -0.745075 0.661301 0.086863
vn -0.745075 0.661301 0.086863
vn -0.745075 0.661301 0.086863
vn -0.745075 0.661301 0.086863
vn -0.652596 -0.704748 0.278296
vn -0.652596 -0.704748 0.278296
vn -0.652596 -0.704748 0.278296
vn -0.652596 -0.704748 0.278296
vn -0.897245 -0.441309 0.014101
vn -0.897245 -0.441309 0.014101
vn -0.897245 -0.441309 0.014101
vn -0.746478 -0.662471 -0.062478
vn -0.746478 -0.662471 -0.062478
vn -0.746478 -0.662471 -0.062478
vn -0.746478 -0.662471 -0.062478
vn -0.530054 -0.837075 0.135457
vn -0.530054 -0.837075 0.135457
vn -0.530054 -0.837075 0.135457
vn -0.681016 -0.727389 -0.084401
vn -0.681016 -0.727389 -0.084401
vn -0.681016 -0.727388 -0.084401
vn -0.681016 -0.727388 -0.084401
vn -0.718064 -0.684600 -0.125325
vn -0.718064 -0.684600 -0.125325
vn -0.718064 -0.684600 -0.125325
vn -0.883306 -0.430787 0.184914
vn -0.883306 -0.430787 0.184914
vn -0.883306 -0.430787 0.184914
vn -0.883306 -0.430787 0.184914
vn -0.939389 -0.320632 0.121423
vn -0.939389 -0.320632 0.121423
vn -0.939389 -0.320632 0.121423
vn 0.812598 0.547054 -0.201037
vn 0.812598 0.547054 -0.201037
vn 0.812598 0.547054 -0.201037
vn 0.923044 0.229463 -0.308765
vn 0.923044 0.229463 -0.308765
vn 0.923044 0.229463 -0.308765
vn 0.923044 0.229463 -0.308765
vn 0.912358 0.094463 -0.398347
vn 0.912358 0.094463 -0.398347
vn 0.912358 0.094463 -0.398347
vn 0.749117 0.645744 -0.147782
vn 0.749117 0.645744 -0.147782
vn 0.749117 0.645744 -0.147782
vn -0.171692 0.961695 0.213693
vn -0.171692 0.961695 0.213693
vn -0.171692 0.961695 0.213693
vn 0.410657 0.871012 0.269629
vn 0.410657 0.871012 0.269629
vn 0.410657 0.871012 0.269629
vn 0.038817 0.926659 0.373893
vn 0.038817 0.926659 0.373893
vn 0.038817 0.926659 0.373893
vn 0.038817 0.926659 0.373893
vn 0.038817 0.926659 0.373893
vn 0.038817 0.926659 0.373893
vn 0.038834 0.926654 0.373903
vn 0.038834 0.926654 0.373903
vn 0.038817 0.926659 0.373893
vn 0.038815 0.926660 0.373892
vn 0.038817 0.926659 0.373893
vn 0.038820 0.926658 0.373895
vn 0.038815 0.926660 0.373892
vn 0.183397 0.238940 0.953558
vn 0.183397 0.238940 0.953558
vn 0.183397 0.238940 0.953558
vn 0.183397 0.238940 0.953558
vn -0.014623 0.992348 0.122602
vn -0.014623 0.992348 0.122602
vn -0.014623 0.992348 0.122602
vn -0.014623 0.992348 0.122602
vn 0.038818 0.926658 0.373896
vn 0.038818 0.926658 0.373896
vn 0.038818 0.926658 0.373896
vn 0.038818 0.926658 0.373896
vn 0.038820 0.926658 0.373896
vn 0.038820 0.926658 0.373896
vn 0.038820 0.926658 0.373896
vn 0.038820 0.926658 0.373896
vn -0.616043 0.689404 0.381068
vn -0.616043 0.689404 0.381068
vn -0.616043 0.689404 0.381068
vn -0.611738 0.675094 0.412342
vn -0.611738 0.675093 0.412342
vn -0.611738 0.675093 0.412342
vn 0.032641 -0.850885 -0.524337
vn 0.032641 -0.850885 -0.524337
vn 0.032641 -0.850885 -0.524337
vn 0.032641 -0.850885 -0.524337
vn 0.609596 -0.518447 -0.599671
vn 0.609596 -0.518447 -0.599671
vn 0.609596 -0.518447 -0.599671
vn 0.608009 -0.517981 -0.601681
vn 0.608009 -0.517981 -0.601681
vn 0.608009 -0.517981 -0.601681
vn 0.608009 -0.517981 -0.601681
vn -0.165725 -0.840445 -0.515933
vn -0.165725 -0.840445 -0.515934
vn -0.165725 -0.840445 -0.515933
vn -0.165725 -0.840445 -0.515933
vn -0.936426 0.330984 0.116430
vn -0.936426 0.330984 0.116430
vn -0.936426 0.330984 0.116430
vn -0.936426 0.330984 0.116430
vn -0.926836 0.364237 0.091134
vn -0.926836 0.364237 0.091134
vn -0.926836 0.364237 0.091134
vn -0.993617 0.112410 -0.009494
vn -0.993617 0.112410 -0.009494
vn -0.993617 0.112410 -0.009494
vn -0.993617 0.112410 -0.009494
vn -0.982225 0.187217 0.013524
vn -0.982225 0.187217 0.013524
vn -0.982225 0.187217 0.013524
vn 0.410659 0.871013 0.269620
vn 0.410659 0.871013 0.269620
vn 0.410659 0.871014 0.269620
vn 0.410659 0.871014 0.269620
vn 0.410658 0.871014 0.269619
vn 0.410659 0.871014 0.269620
vn 0.410659 0.871014 0.269620
vn 0.410658 0.871014 0.269619
vn -0.900845 -0.375142 -0.218513
vn -0.900845 -0.375142 -0.218513
vn -0.900845 -0.375142 -0.218513
vn -0.993611 -0.031256 -0.108446
vn -0.993611 -0.031256 -0.108446
vn -0.993611 -0.031256 -0.108446
vn -0.993611 -0.031256 -0.108446
vn -0.991533 0.112186 0.065399
vn -0.999458 0.010399 0.031234
vn -0.999175 0.010004 -0.039363
vn -0.999175 0.010004 -0.039363
vn -0.999458 0.010399 0.031234
vn -0.994542 -0.104064 -0.007570
vn -0.998580 -0.046813 -0.025446
vn -0.999175 0.010004 -0.039363
vn -0.998580 -0.046813 -0.025446
vn -0.979866 0.176284 -0.093731
vn 0.719988 0.682764 0.124298
vn 0.719988 0.682764 0.124298
vn 0.719988 0.682764 0.124298
vn 0.719988 0.682764 0.124298
vn 0.772279 0.303733 0.557971
vn 0.772279 0.303733 0.557971
vn 0.772279 0.303733 0.557971
vn 0.772279 0.303733 0.557971
vn 0.432101 -0.224648 0.873397
vn 0.432101 -0.224648 0.873397
vn 0.432101 -0.224648 0.873397
vn 0.432101 -0.224648 0.873397
vn 0.784576 0.586250 0.201871
vn 0.784576 0.586250 0.201871
vn 0.784576 0.586250 0.201871
vn 0.784576 0.586250 0.201871
vn 0.758498 0.482374 0.438173
vn 0.758498 0.482374 0.438173
vn 0.758498 0.482374 0.438173
vn 0.758498 0.482374 0.438173
vn -0.839791 -0.201794 -0.504014
vn -0.839791 -0.201794 -0.504014
vn -0.839791 -0.201794 -0.504014
vn -0.839791 -0.201794 -0.504014
vn 0.714653 0.669976 0.201005
vn 0.714653 0.669976 0.201005
vn 0.714653 0.669976 0.201005
vn 0.714653 0.669976 0.201005
vn -0.807642 -0.436303 -0.396678
vn -0.807642 -0.436303 -0.396678
vn -0.807642 -0.436303 -0.396678
vn -0.807642 -0.436303 -0.396678
vn -0.392689 -0.899180 -0.193058
vn -0.392689 -0.899180 -0.193058
vn -0.392689 -0.899180 -0.193058
vn -0.378460 -0.905729 -0.190847
vn -0.378460 -0.905729 -0.190847
vn -0.378460 -0.905729 -0.190847
vn -0.378460 -0.905729 -0.190847
vn 0.013461 -0.967687 -0.251797
vn 0.013461 -0.967687 -0.251797
vn 0.013461 -0.967687 -0.251797
vn 0.013461 -0.967687 -0.251797
vn 0.338948 -0.841228 -0.421249
vn 0.338948 -0.841228 -0.421249
vn 0.338948 -0.841228 -0.421249
vn 0.338948 -0.841228 -0.421249
vn 0.392967 -0.894558 -0.212941
vn 0.392966 -0.894558 -0.212941
vn 0.392966 -0.894558 -0.212941
vn 0.392966 -0.894558 -0.212941
vn 0.338952 -0.841227 -0.421248
vn 0.338952 -0.841227 -0.421248
vn 0.338952 -0.841227 -0.421248
vn 0.338952 -0.841227 -0.421248
vn 0.358007 -0.792532 0.493685
vn 0.358007 -0.792532 0.493685
vn 0.358007 -0.792532 0.493685
vn 0.358007 -0.792532 0.493685
vn 0.338950 -0.841227 -0.421248
vn 0.338950 -0.841227 -0.421248
vn 0.338950 -0.841227 -0.421248
vn 0.338950 -0.841227 -0.421248
vn 0.338950 -0.841227 -0.421248
vn 0.338950 -0.841227 -0.421248
vn 0.338950 -0.841227 -0.421248
vn -0.038812 -0.926659 -0.373895
vn -0.038812 -0.926659 -0.373895
vn -0.038812 -0.926659 -0.373895
vn -0.038812 -0.926659 -0.373895
vn -0.410659 -0.871013 -0.269621
vn -0.410659 -0.871013 -0.269621
vn -0.410659 -0.871013 -0.269621
vn -0.410659 -0.871013 -0.269621
vn -0.410656 -0.871014 -0.269621
vn -0.410656 -0.871014 -0.269621
vn -0.410656 -0.871014 -0.269621
vn -0.410656 -0.871014 -0.269621
vn -0.076823 -0.809813 0.581637
vn -0.076823 -0.809813 0.581637
vn -0.076823 -0.809813 0.581637
vn -0.076823 -0.809813 0.581637
vn -0.896895 0.318235 0.307092
vn -0.896895 0.318235 0.307092
vn -0.896895 0.318235 0.307092
vn -0.896895 0.318235 0.307092
vn -0.907136 0.280023 0.314153
vn -0.907136 0.280023 0.314153
vn -0.907136 0.280023 0.314153
vn -0.890005 0.318656 0.326113
vn -0.890005 0.318656 0.326113
vn -0.890005 0.318656 0.326113
vn -0.890004 0.318661 0.326112
vn -0.890004 0.318661 0.326112
vn -0.890004 0.318661 0.326112
vn -0.890004 0.318661 0.326112
vn -0.665095 0.627735 0.404471
vn -0.665095 0.627735 0.404471
vn -0.665095 0.627735 0.404471
vn -0.665095 0.627735 0.404471
vn -0.644269 0.643264 0.413676
vn -0.644269 0.643264 0.413676
vn -0.644269 0.643264 0.413676
vn -0.665096 0.627734 0.404471
vn -0.665096 0.627735 0.404471
vn -0.665096 0.627735 0.404471
vn -0.661038 0.629345 0.408599
vn -0.661038 0.629345 0.408599
vn -0.661038 0.629345 0.408599
vn -0.661038 0.629345 0.408599
vn -0.654058 0.633574 0.413270
vn -0.654058 0.633574 0.413270
vn -0.654058 0.633574 0.413270
vn 0.890003 -0.318660 -0.326114
vn 0.890003 -0.318660 -0.326114
vn 0.890003 -0.318660 -0.326114
vn 0.890003 -0.318660 -0.326114
vn 0.008065 0.696331 0.717675
vn 0.008065 0.696331 0.717675
vn 0.008065 0.696331 0.717675
vn 0.008065 0.696331 0.717675
vn 0.292350 -0.909789 -0.294646
vn 0.292349 -0.909789 -0.294646
vn 0.292349 -0.909789 -0.294646
vn 0.292350 -0.909789 -0.294646
vn 0.514823 -0.856641 0.033524
vn 0.514823 -0.856641 0.033524
vn 0.514823 -0.856641 0.033524
vn 0.174208 -0.942177 0.286276
vn 0.174208 -0.942177 0.286277
vn 0.174208 -0.942177 0.286277
vn 0.094208 -0.679579 -0.727528
vn 0.094208 -0.679579 -0.727528
vn 0.094208 -0.679579 -0.727528
vn 0.094208 -0.679579 -0.727528
vn -0.268551 0.936299 -0.226329
vn -0.268551 0.936299 -0.226329
vn -0.268551 0.936299 -0.226329
vn -0.268551 0.936299 -0.226329
vn -0.178761 -0.464884 -0.867138
vn -0.178761 -0.464884 -0.867138
vn -0.178761 -0.464884 -0.867138
vn -0.178761 -0.464884 -0.867138
vn -0.134529 0.233705 -0.962956
vn -0.134529 0.233705 -0.962956
vn -0.134529 0.233705 -0.962956
vn -0.134529 0.233705 -0.962956
vn 0.267840 -0.793734 0.546120
vn 0.267840 -0.793734 0.546120
vn 0.267840 -0.793734 0.546120
vn 0.267840 -0.793734 0.546120
vn 0.422714 -0.885290 0.193843
vn 0.422714 -0.885290 0.193843
vn 0.422714 -0.885290 0.193843
vn 0.422714 -0.885290 0.193843
vn 0.989562 0.078371 -0.120936
vn 0.989562 0.078371 -0.120936
vn 0.989562 0.078371 -0.120936
vn 0.989562 0.078371 -0.120936
vn -0.305217 0.952266 -0.005730
vn -0.305217 0.952266 -0.005730
vn -0.305217 0.952266 -0.005730
vn -0.003610 0.870887 -0.491470
vn -0.003610 0.870887 -0.491470
vn -0.003610 0.870887 -0.491470
vn 0.197710 0.253508 0.946913
vn 0.197710 0.253508 0.946913
vn 0.197710 0.253508 0.946913
vn 0.271423 0.666678 0.694169
vn 0.271423 0.666678 0.694169
vn 0.271423 0.666678 0.694169
vn 0.271423 0.666678 0.694169
vn 0.203295 0.542423 0.815137
vn 0.203295 0.542423 0.815137
vn 0.203295 0.542423 0.815137
vn 0.002281 0.980242 0.197788
vn 0.002281 0.980242 0.197788
vn 0.002281 0.980242 0.197788
vn -0.524448 0.727561 -0.442277
vn -0.524448 0.727561 -0.442277
vn -0.524448 0.727561 -0.442277
vn -0.524448 0.727561 -0.442277
vn 0.294785 0.791584 -0.535253
vn 0.294785 0.791584 -0.535253
vn 0.294785 0.791584 -0.535253
vn 0.294785 0.791584 -0.535253
vn -0.852386 0.150361 -0.500829
vn -0.852386 0.150361 -0.500829
vn -0.852386 0.150361 -0.500829
vn -0.852386 0.150361 -0.500829
vn -0.493676 0.601283 -0.628286
vn -0.493676 0.601283 -0.628286
vn -0.493676 0.601283 -0.628286
vn -0.493676 0.601283 -0.628286
vn 0.383204 -0.543120 -0.747111
vn 0.383204 -0.543120 -0.747111
vn 0.383204 -0.543120 -0.747111
vn 0.383204 -0.543120 -0.747111
vn -0.803199 0.224236 -0.551896
vn -0.803200 0.224236 -0.551896
vn -0.803200 0.224236 -0.551896
vn -0.803200 0.224236 -0.551896
vn -0.452734 0.720458 -0.525331
vn -0.452734 0.720458 -0.525331
vn -0.452734 0.720458 -0.525331
vn -0.452734 0.720458 -0.525331
vn -0.615902 0.758658 0.212373
vn -0.615902 0.758658 0.212373
vn -0.615902 0.758658 0.212373
vn -0.181729 0.938414 -0.293859
vn -0.181729 0.938414 -0.293859
vn -0.181729 0.938414 -0.293859
vn -0.486478 0.853831 0.185235
vn -0.486478 0.853831 0.185235
vn -0.486478 0.853831 0.185235
vn -0.873837 0.235562 -0.425346
vn -0.873837 0.235562 -0.425346
vn -0.873837 0.235562 -0.425346
vn -0.210440 -0.621401 0.754703
vn -0.210440 -0.621401 0.754703
vn -0.210440 -0.621401 0.754703
vn -0.989631 0.124696 0.071284
vn -0.989631 0.124696 0.071284
vn -0.989631 0.124696 0.071284
vn -0.084926 -0.900500 0.426483
vn -0.084926 -0.900500 0.426483
vn -0.084926 -0.900500 0.426483
vn -0.885360 0.324930 0.332502
vn -0.885360 0.324930 0.332502
vn -0.885360 0.324930 0.332502
vn -0.511882 0.748855 0.420942
vn -0.511882 0.748855 0.420942
vn -0.511882 0.748855 0.420942
vn -0.511882 0.748855 0.420942
vn -0.511892 0.748848 0.420944
vn -0.511892 0.748848 0.420944
vn -0.511892 0.748848 0.420944
vn -0.511892 0.748848 0.420944
vn -0.511904 0.748841 0.420943
vn -0.511903 0.748841 0.420942
vn -0.511903 0.748841 0.420942
vn -0.511903 0.748841 0.420943
vn 0.792786 -0.482464 -0.372449
vn 0.792786 -0.482464 -0.372449
vn 0.792786 -0.482464 -0.372449
vn 0.792786 -0.482464 -0.372449
vn 0.792782 -0.482470 -0.372450
vn 0.792782 -0.482470 -0.372450
vn 0.792782 -0.482470 -0.372450
vn 0.792782 -0.482470 -0.372450
vn 0.404461 0.749083 -0.524677
vn 0.404461 0.749083 -0.524677
vn 0.404461 0.749083 -0.524677
vn 0.404461 0.749083 -0.524677
vn 0.649661 -0.210077 -0.730622
vn 0.649661 -0.210077 -0.730622
vn 0.649661 -0.210077 -0.730622
vn 0.458006 -0.784393 0.418279
vn 0.458006 -0.784393 0.418279
vn 0.458006 -0.784393 0.418279
vn 0.458006 -0.784393 0.418279
vn -0.791950 0.552031 0.260917
vn -0.791950 0.552031 0.260917
vn -0.791950 0.552030 0.260917
vn -0.791950 0.552030 0.260917
vn -0.849806 0.495149 0.180713
vn -0.849806 0.495149 0.180713
vn -0.849806 0.495149 0.180713
vn -0.849806 0.495149 0.180713
vn -0.753104 0.653552 0.075526
vn -0.753104 0.653552 0.075526
vn -0.753104 0.653552 0.075526
vn -0.753104 0.653552 0.075526
vn -0.540326 0.822335 0.178364
vn -0.540326 0.822335 0.178364
vn -0.540326 0.822335 0.178364
vn 0.792788 -0.482462 -0.372448
vn 0.792788 -0.482462 -0.372448
vn 0.792788 -0.482462 -0.372448
vn 0.792788 -0.482462 -0.372448
vn -0.511872 0.748861 0.420945
vn -0.511872 0.748861 0.420945
vn -0.511872 0.748861 0.420945
vn -0.511872 0.748861 0.420945
vn 0.505313 -0.703126 -0.500273
vn 0.505313 -0.703126 -0.500273
vn 0.505313 -0.703126 -0.500273
vn 0.505313 -0.703126 -0.500273
vn 0.499325 -0.678367 -0.538974
vn 0.499325 -0.678367 -0.538974
vn 0.499325 -0.678367 -0.538974
vn 0.499325 -0.678367 -0.538974
vn 0.499341 -0.678357 -0.538971
vn 0.499342 -0.678357 -0.538971
vn 0.499341 -0.678357 -0.538971
vn 0.499341 -0.678357 -0.538971
vn 0.813515 -0.298714 -0.498963
vn 0.813515 -0.298714 -0.498963
vn 0.813515 -0.298714 -0.498963
vn 0.835908 0.547183 0.043002
vn 0.835908 0.547183 0.043002
vn 0.835908 0.547183 0.043002
vn 0.835908 0.547183 0.043002
vn 0.835896 0.547233 0.042591
vn 0.835896 0.547233 0.042591
vn 0.835896 0.547233 0.042591
vn 0.835896 0.547233 0.042591
vn 0.835907 0.547184 0.042998
vn 0.835907 0.547184 0.042998
vn 0.835907 0.547184 0.042998
vn 0.835907 0.547184 0.042998
vn -0.921216 0.363501 0.138662
vn -0.921216 0.363501 0.138662
vn -0.921216 0.363501 0.138662
vn -0.921216 0.363501 0.138662
vn -0.910070 -0.414454 -0.000986
vn -0.900207 -0.432849 -0.047639
vn -0.901915 -0.430028 -0.040301
vn -0.899517 -0.433952 -0.050543
vn -0.899512 -0.433963 -0.050552
vn -0.901915 -0.430028 -0.040301
vn -0.900207 -0.432849 -0.047639
vn -0.900207 -0.432849 -0.047639
vn 0.000000 0.000000 0.000000
vn -0.899517 -0.433952 -0.050543
vn -0.534340 -0.820014 -0.205081
vn -0.534340 -0.820014 -0.205081
vn -0.534340 -0.820014 -0.205081
vn -0.534340 -0.820014 -0.205081
vn -0.526175 -0.820480 -0.223501
vn -0.526175 -0.820480 -0.223501
vn -0.526175 -0.820480 -0.223501
vn -0.526175 -0.820480 -0.223501
vn -0.569022 -0.801039 -0.185877
vn -0.569022 -0.801039 -0.185877
vn -0.569022 -0.801039 -0.185877
vn -0.569022 -0.801039 -0.185877
vn 0.514304 0.809546 0.283066
vn 0.514304 0.809546 0.283066
vn 0.514304 0.809546 0.283066
vn 0.514304 0.809546 0.283066
vn 0.595074 0.744060 0.303745
vn 0.595074 0.744060 0.303745
vn 0.595075 0.744060 0.303745
vn 0.595083 0.744054 0.303744
vn 0.595083 0.744054 0.303744
vn 0.595083 0.744054 0.303744
vn 0.421913 0.131044 0.897116
vn 0.421913 0.131044 0.897116
vn 0.421913 0.131044 0.897116
vn 0.421913 0.131044 0.897116
vn 0.278109 0.000497 0.960549
vn 0.278109 0.000497 0.960549
vn 0.278109 0.000497 0.960549
vn 0.278109 0.000497 0.960549
vn -0.070308 0.867346 -0.492715
vn -0.070308 0.867346 -0.492715
vn -0.070308 0.867346 -0.492715
vn -0.070308 0.867346 -0.492715
vn 0.201127 0.381912 0.902048
vn 0.201127 0.381912 0.902048
vn 0.201127 0.381912 0.902049
vn 0.201127 0.381912 0.902049
vn -0.129411 0.546464 -0.827424
vn -0.129411 0.546464 -0.827424
vn -0.129411 0.546464 -0.827424
vn -0.129411 0.546464 -0.827424
vn -0.468142 -0.244399 -0.849183
vn -0.468142 -0.244399 -0.849183
vn -0.468142 -0.244399 -0.849183
vn -0.468142 -0.244399 -0.849183
vn -0.404708 0.104834 -0.908417
vn -0.404708 0.104834 -0.908417
vn -0.404708 0.104834 -0.908417
vn -0.404708 0.104834 -0.908417
vn -0.599077 -0.771596 0.213882
vn -0.599077 -0.771596 0.213882
vn -0.599077 -0.771596 0.213882
vn -0.599077 -0.771596 0.213882
vn -0.566402 -0.775178 0.279801
vn -0.566402 -0.775177 0.279801
vn -0.566402 -0.775178 0.279801
vn -0.566402 -0.775178 0.279801
vn 0.726223 0.375109 0.576102
vn 0.726223 0.375109 0.576102
vn 0.726223 0.375109 0.576102
vn 0.726223 0.375109 0.576102
vn 0.688686 0.644163 0.332814
vn 0.688686 0.644163 0.332814
vn 0.688686 0.644163 0.332814
vn 0.688686 0.644163 0.332814
vn -0.660318 0.637038 0.397697
vn -0.660318 0.637038 0.397697
vn -0.660318 0.637038 0.397697
vn -0.660318 0.637038 0.397697
vn -0.657494 0.635559 0.404681
vn -0.657494 0.635559 0.404681
vn -0.657494 0.635559 0.404681
vn -0.657494 0.635559 0.404681
vn -0.902965 0.288968 0.318042
vn -0.902965 0.288968 0.318042
vn -0.902965 0.288968 0.318042
vn -0.887687 0.334435 0.316487
vn -0.887688 0.334435 0.316487
vn -0.887688 0.334435 0.316487
vn -0.887037 0.316022 0.336594
vn -0.887037 0.316022 0.336594
vn -0.887037 0.316022 0.336594
vn -0.887037 0.316022 0.336594
vn -0.980058 -0.058167 0.190006
vn -0.980058 -0.058167 0.190006
vn -0.980058 -0.058167 0.190006
vn 0.722465 0.679700 0.126696
vn 0.722465 0.679700 0.126696
vn 0.722465 0.679700 0.126696
vn 0.722465 0.679700 0.126696
vn 0.725707 0.676950 0.122837
vn 0.725707 0.676950 0.122837
vn 0.725707 0.676950 0.122837
vn 0.725707 0.676950 0.122837
vn 0.413544 0.870379 0.267249
vn 0.413544 0.870379 0.267249
vn 0.413544 0.870379 0.267249
vn 0.410659 0.871013 0.269620
vn 0.410659 0.871013 0.269620
vn 0.410659 0.871013 0.269620
vn 0.410659 0.871013 0.269620
vn 0.926588 0.151359 -0.344275
vn 0.926588 0.151359 -0.344275
vn 0.926588 0.151359 -0.344275
vn 0.926588 0.151359 -0.344275
vn 0.879012 0.171567 -0.444863
vn 0.879012 0.171567 -0.444863
vn 0.879012 0.171567 -0.444863
vn 0.879012 0.171567 -0.444863
vn 0.962371 0.129889 -0.238684
vn 0.962371 0.129889 -0.238684
vn 0.962371 0.129889 -0.238684
vn 0.962371 0.129889 -0.238684
vn -0.967945 -0.220331 0.120569
vn -0.967945 -0.220331 0.120569
vn -0.967945 -0.220331 0.120569
vn -0.967945 -0.220331 0.120569
vn -0.306222 0.833419 0.460044
vn -0.306222 0.833419 0.460044
vn -0.306222 0.833419 0.460044
vn -0.306222 0.833419 0.460044
vn 0.093773 -0.860562 -0.500640
vn 0.093773 -0.860562 -0.500640
vn 0.093773 -0.860562 -0.500640
vn 0.093773 -0.860562 -0.500640
vn -0.137240 0.831271 0.538659
vn -0.137240 0.831271 0.538659
vn -0.137240 0.831271 0.538659
vn -0.137240 0.831271 0.538659
vn 0.064535 0.960563 0.270470
vn 0.064535 0.960563 0.270470
vn 0.064535 0.960563 0.270470
vn 0.064535 0.960563 0.270470
vn 0.102509 0.870707 0.480999
vn 0.102509 0.870707 0.480999
vn 0.102509 0.870707 0.480999
vn 0.387073 -0.703563 -0.595964
vn 0.387073 -0.703563 -0.595964
vn 0.387073 -0.703563 -0.595964
vn 0.387073 -0.703563 -0.595964
vn 0.186615 -0.820693 -0.540035
vn 0.186615 -0.820693 -0.540035
vn 0.186615 -0.820693 -0.540035
vn 0.186615 -0.820693 -0.540035
vn 0.178142 -0.804070 -0.567219
vn 0.178142 -0.804070 -0.567219
vn 0.178142 -0.804070 -0.567219
vn 0.178142 -0.804070 -0.567219
vn 0.759814 0.376390 -0.530106
vn 0.759814 0.376390 -0.530106
vn 0.759814 0.376390 -0.530106
vn 0.759814 0.376390 -0.530107
vn 0.302778 -0.789731 -0.533527
vn 0.302778 -0.789731 -0.533527
vn 0.302778 -0.789731 -0.533527
vn 0.302778 -0.789731 -0.533527
vn 0.632641 0.668716 -0.390622
vn 0.632641 0.668716 -0.390622
vn 0.632641 0.668716 -0.390622
vn 0.632641 0.668716 -0.390622
vn -0.256998 0.958811 -0.120968
vn -0.256998 0.958811 -0.120968
vn -0.256998 0.958811 -0.120968
vn -0.043176 0.996036 -0.077771
vn -0.043176 0.996036 -0.077771
vn -0.043176 0.996036 -0.077771
vn -0.043176 0.996036 -0.077771
vn 0.542689 0.836496 0.075917
vn 0.542689 0.836496 0.075917
vn 0.542688 0.836496 0.075917
vn 0.542689 0.836496 0.075917
vn 0.909314 -0.369438 -0.191478
vn 0.909314 -0.369438 -0.191478
vn 0.909314 -0.369438 -0.191478
vn 0.180812 -0.778968 -0.600430
vn 0.180812 -0.778968 -0.600430
vn 0.180812 -0.778968 -0.600430
vn 0.180812 -0.778968 -0.600430
vn 0.223385 0.942566 0.248333
vn 0.223385 0.942566 0.248333
vn 0.223385 0.942566 0.248333
vn 0.223385 0.942566 0.248333
vn -0.014832 0.378888 -0.925324
vn -0.014832 0.378888 -0.925324
vn -0.014832 0.378888 -0.925324
vn -0.014832 0.378888 -0.925324
vn 0.219336 0.949753 0.223296
vn 0.219336 0.949753 0.223296
vn 0.219336 0.949753 0.223296
vn 0.219336 0.949753 0.223296
vn 0.632330 -0.542394 -0.553144
vn 0.632330 -0.542394 -0.553144
vn 0.632330 -0.542394 -0.553144
vn 0.659210 0.059480 -0.749602
vn 0.659210 0.059480 -0.749602
vn 0.659210 0.059480 -0.749602
vn 0.466203 -0.336485 0.818188
vn 0.466203 -0.336485 0.818188
vn 0.466203 -0.336485 0.818188
vn 0.338949 -0.841229 -0.421246
vn 0.338948 -0.841228 -0.421246
vn 0.338949 -0.841228 -0.421246
vn -0.402876 -0.757266 -0.514042
vn -0.402876 -0.757266 -0.514042
vn -0.402876 -0.757266 -0.514041
vn -0.023555 -0.984265 0.175121
vn -0.023555 -0.984265 0.175121
vn -0.023555 -0.984265 0.175121
vn -0.023555 -0.984265 0.175121
vn 0.030649 -0.984460 -0.172912
vn 0.030649 -0.984460 -0.172912
vn 0.030649 -0.984460 -0.172912
vn 0.030649 -0.984460 -0.172912
vn 0.990379 -0.122033 -0.065252
vn 0.990379 -0.122033 -0.065252
vn 0.990379 -0.122033 -0.065252
vn -0.475508 -0.869518 0.133529
vn -0.475508 -0.869518 0.133529
vn -0.475508 -0.869518 0.133529
vn -0.475508 -0.869518 0.133529
vn 0.199804 0.959693 0.197657
vn 0.199804 0.959693 0.197657
vn 0.199804 0.959693 0.197657
vn 0.190754 0.978834 0.074136
vn 0.190754 0.978834 0.074136
vn 0.190754 0.978834 0.074136
vn 0.190754 0.978834 0.074136
vn 0.306986 0.872260 -0.380687
vn 0.306986 0.872260 -0.380686
vn 0.306986 0.872260 -0.380687
vn 0.306986 0.872260 -0.380687
vn 0.460669 0.864469 0.201191
vn 0.461317 0.864157 0.201044
vn 0.461317 0.864157 0.201044
vn 0.459589 0.864987 0.201436
vn 0.459589 0.864987 0.201436
vn 0.439715 0.874228 0.205852
vn 0.460669 0.864469 0.201191
vn 0.055626 0.946236 0.318658
vn 0.055626 0.946236 0.318658
vn 0.055626 0.946236 0.318658
vn 0.055626 0.946236 0.318658
vn 0.820453 0.120562 -0.558858
vn 0.820453 0.120562 -0.558858
vn 0.820453 0.120562 -0.558858
vn 0.820453 0.120562 -0.558858
vn -0.969193 -0.219586 0.111562
vn -0.969193 -0.219586 0.111562
vn -0.969193 -0.219586 0.111562
vn -0.975891 -0.180232 0.123101
vn -0.975891 -0.180232 0.123101
vn -0.975891 -0.180232 0.123101
vn -0.968353 -0.217377 0.122638
vn -0.968353 -0.217377 0.122638
vn -0.968353 -0.217377 0.122638
vn -0.960827 -0.256548 0.104858
vn -0.960827 -0.256548 0.104858
vn -0.960827 -0.256548 0.104858
vn -0.954684 -0.280165 0.100432
vn -0.954684 -0.280165 0.100432
vn -0.954684 -0.280165 0.100432
vn -0.220110 -0.045860 -0.974396
vn -0.220110 -0.045860 -0.974396
vn -0.220110 -0.045860 -0.974396
vn -0.220110 -0.045860 -0.974396
vn 0.931112 -0.091963 -0.352948
vn 0.931113 -0.091963 -0.352948
vn 0.931112 -0.091963 -0.352948
vn 0.931113 -0.091963 -0.352948
vn -0.533005 -0.839292 0.107215
vn -0.533005 -0.839292 0.107215
vn -0.533005 -0.839292 0.107215
vn -0.533005 -0.839292 0.107215
vn -0.718062 -0.684604 -0.125319
vn -0.718062 -0.684604 -0.125319
vn -0.718062 -0.684604 -0.125319
vn 0.611760 0.790916 -0.014219
vn 0.611760 0.790916 -0.014219
vn 0.611760 0.790916 -0.014219
vn -0.532189 0.840045 -0.105355
vn -0.532189 0.840045 -0.105355
vn -0.532189 0.840045 -0.105355
vn -0.528139 0.842445 -0.106567
vn -0.528139 0.842445 -0.106567
vn -0.528139 0.842445 -0.106567
vn 0.609508 0.791496 0.045112
vn 0.609508 0.791496 0.045112
vn 0.609508 0.791496 0.045112
vn 0.875632 -0.208909 -0.435461
vn 0.860500 -0.261753 -0.437064
vn 0.873150 -0.218293 -0.435840
vn 0.651715 -0.642621 -0.402872
vn 0.873150 -0.218293 -0.435840
vn 0.860500 -0.261753 -0.437064
vn 0.651715 -0.642621 -0.402872
vn 0.890463 0.128241 -0.436612
vn 0.890463 0.128241 -0.436612
vn 0.890463 0.128241 -0.436612
vn 0.890463 0.128241 -0.436612
vn -0.158396 0.709519 -0.686654
vn -0.158396 0.709519 -0.686654
vn -0.158396 0.709519 -0.686654
vn -0.158396 0.709519 -0.686654
vn -0.092536 0.641637 -0.761406
vn -0.092536 0.641637 -0.761406
vn -0.092536 0.641637 -0.761406
vn -0.654995 0.101593 -0.748773
vn -0.654995 0.101593 -0.748773
vn -0.654995 0.101593 -0.748773
vn -0.654995 0.101593 -0.748773
vn 0.232393 0.949917 0.208930
vn 0.232393 0.949917 0.208930
vn 0.232393 0.949917 0.208930
vn -0.092545 -0.322815 -0.941927
vn -0.092545 -0.322815 -0.941927
vn -0.092545 -0.322815 -0.941927
vn -0.092545 -0.322815 -0.941927
vn 0.038804 0.926658 0.373896
vn 0.038804 0.926658 0.373896
vn 0.038804 0.926658 0.373896
vn 0.038815 0.926657 0.373900
vn 0.038815 0.926657 0.373900
vn 0.038815 0.926657 0.373900
vn -0.913891 0.405953 -0.002239
vn -0.913891 0.405953 -0.002239
vn -0.913891 0.405953 -0.002239
vn -0.810068 -0.230816 -0.538994
vn -0.810068 -0.230816 -0.538994
vn -0.810068 -0.230816 -0.538994
vn -0.774239 0.000086 -0.632893
vn -0.774239 0.000086 -0.632893
vn -0.774239 0.000086 -0.632893
vn -0.774239 0.000086 -0.632893
vn -0.968158 -0.218958 0.121355
vn -0.968158 -0.218958 0.121355
vn -0.968158 -0.218958 0.121355
vn -0.968158 -0.218958 0.121355
vn -0.968156 -0.218967 0.121358
vn -0.968156 -0.218967 0.121358
vn -0.968156 -0.218967 0.121358
vn -0.968156 -0.218967 0.121358
vn -0.093596 -0.971911 -0.215936
vn -0.093596 -0.971911 -0.215936
vn -0.093596 -0.971911 -0.215936
vn 0.427582 0.884247 0.187832
vn 0.427582 0.884247 0.187832
vn 0.703327 0.708578 0.056991
vn 0.709731 0.701043 0.069434
vn 0.697781 -0.626335 -0.347571
vn 0.709731 0.701043 0.069434
vn 0.703327 0.708578 0.056991
vn 0.685597 -0.621955 -0.378322
vn 0.535545 -0.547681 -0.642835
vn 0.685597 -0.621955 -0.378322
vn 0.703327 0.708578 0.056991
vn -0.006378 0.963577 0.267354
vn -0.006378 0.963577 0.267354
vn -0.006378 0.963577 0.267354
vn -0.006378 0.963577 0.267354
vn -0.992491 0.117261 0.034804
vn -0.992491 0.117261 0.034804
vn -0.992491 0.117261 0.034804
vn -0.992491 0.117261 0.034804
vn -0.050761 0.957428 0.284173
vn -0.050761 0.957428 0.284173
vn -0.050761 0.957428 0.284173
vn -0.818978 0.549213 0.166252
vn -0.818978 0.549213 0.166252
vn -0.818978 0.549213 0.166252
vn -0.818978 0.549213 0.166252
vn -0.812937 0.558279 0.165702
vn -0.812937 0.558279 0.165702
vn -0.812937 0.558279 0.165702
vn -0.812937 0.558279 0.165702
vn 0.973407 0.219614 0.065183
vn 0.973407 0.219614 0.065183
vn 0.973407 0.219614 0.065183
vn 0.973407 0.219614 0.065183
vn 0.825612 -0.540915 -0.160548
vn 0.825612 -0.540915 -0.160548
vn 0.825612 -0.540915 -0.160548
vn 0.825612 -0.540915 -0.160548
vn 0.825612 -0.540915 -0.160548
vn 0.825612 -0.540915 -0.160548
vn 0.825612 -0.540915 -0.160548
vn 0.092500 0.888612 -0.449234
vn 0.092500 0.888613 -0.449234
vn 0.092500 0.888612 -0.449234
vn 0.092500 0.888612 -0.449234
vn 0.016296 0.958537 0.284502
vn 0.016296 0.958537 0.284502
vn 0.016296 0.958537 0.284502
vn 0.016296 0.958537 0.284502
vn 0.107897 0.578449 -0.808551
vn 0.107897 0.578449 -0.808551
vn 0.107897 0.578449 -0.808551
vn 0.107897 0.578449 -0.808551
vn -0.333481 -0.138934 -0.932463
vn -0.333481 -0.138934 -0.932463
vn -0.333481 -0.138934 -0.932463
vn -0.333481 -0.138934 -0.932463
vn 0.000000 0.284539 -0.958664
vn 0.000000 0.284539 -0.958664
vn 0.000000 0.284539 -0.958665
vn 0.000000 0.284539 -0.958665
vn 0.456934 0.848970 0.265447
vn 0.456934 0.848970 0.265447
vn 0.456934 0.848970 0.265447
vn 0.456934 0.848970 0.265447
vn 0.525419 -0.453524 -0.719896
vn 0.525419 -0.453524 -0.719896
vn 0.525419 -0.453524 -0.719896
vn 0.525419 -0.453524 -0.719896
vn 0.719408 -0.340085 -0.605636
vn 0.719408 -0.340085 -0.605636
vn 0.719408 -0.340085 -0.605636
vn 0.719408 -0.340085 -0.605636
vn 0.419401 0.780711 -0.463242
vn 0.419401 0.780711 -0.463242
vn 0.419401 0.780711 -0.463242
vn 0.419401 0.780711 -0.463242
vn -0.821230 0.551399 0.146766
vn -0.821230 0.551399 0.146766
vn -0.821230 0.551399 0.146766
vn -0.821230 0.551399 0.146766
vn -0.882416 0.451023 0.133867
vn -0.633801 0.166613 -0.755339
vn -0.828826 0.348043 -0.438079
vn -0.710643 0.266026 -0.651319
vn -0.828826 0.348043 -0.438079
vn -0.688693 0.238164 -0.684822
vn -0.828826 0.348043 -0.438079
vn -0.633801 0.166613 -0.755339
vn -0.688693 0.238164 -0.684822
vn 0.000000 0.378146 -0.925746
vn 0.000594 0.392794 -0.919626
vn -0.003062 0.389880 -0.920861
vn -0.003062 0.389880 -0.920861
vn 0.000594 0.392794 -0.919626
vn -0.012738 0.432327 -0.901627
vn -0.012738 0.432327 -0.901627
vn 0.000594 0.392794 -0.919626
vn 0.001917 0.394725 -0.918797
vn 0.000594 0.392794 -0.919626
vn 0.083092 0.376841 -0.922544
vn 0.001917 0.394725 -0.918797
vn 0.491829 -0.482628 -0.724690
vn 0.491829 -0.482628 -0.724690
vn 0.491829 -0.482628 -0.724690
vn 0.491829 -0.482628 -0.724690
vn 0.000003 0.284539 -0.958664
vn 0.000003 0.284539 -0.958664
vn 0.000003 0.284539 -0.958664
vn 0.000003 0.284539 -0.958664
vn -0.922535 0.369961 0.109807
vn -0.922535 0.369960 0.109807
vn -0.922535 0.369960 0.109807
vn -0.922535 0.369961 0.109807
vn 0.923246 -0.368327 -0.109323
vn 0.923246 -0.368327 -0.109323
vn 0.923246 -0.368327 -0.109323
vn 0.923246 -0.368327 -0.109323
vn 0.247517 0.857416 -0.451191
vn 0.247517 0.857416 -0.451191
vn 0.247517 0.857416 -0.451191
vn 0.247517 0.857416 -0.451191
vn -0.922543 0.369943 0.109802
vn -0.922543 0.369943 0.109802
vn -0.922543 0.369943 0.109802
vn -0.922543 0.369943 0.109802
vn 0.923247 -0.368326 -0.109322
vn 0.923247 -0.368326 -0.109322
vn 0.923247 -0.368326 -0.109322
vn 0.923247 -0.368326 -0.109322
vn -0.378299 0.844343 -0.379440
vn -0.378299 0.844343 -0.379440
vn -0.378299 0.844343 -0.379440
vn -0.378299 0.844343 -0.379440
vn 0.006378 0.963577 0.267354
vn 0.006378 0.963577 0.267354
vn 0.006378 0.963577 0.267354
vn 0.006378 0.963577 0.267355
vn 0.992489 0.117280 0.034810
vn 0.992489 0.117280 0.034810
vn 0.992489 0.117280 0.034810
vn 0.992489 0.117280 0.034810
vn 0.050762 0.957428 0.284173
vn 0.050762 0.957428 0.284173
vn 0.050762 0.957428 0.284173
vn 0.000000 0.966719 0.255841
vn 0.000000 0.966719 0.255841
vn 0.000000 0.966719 0.255841
vn 0.000000 0.966719 0.255841
vn 0.818975 0.549217 0.166253
vn 0.818975 0.549217 0.166253
vn 0.818975 0.549217 0.166253
vn 0.818975 0.549217 0.166253
vn 0.812935 0.558282 0.165703
vn 0.812935 0.558282 0.165703
vn 0.812935 0.558282 0.165703
vn 0.812935 0.558282 0.165703
vn -0.973407 0.219612 0.065182
vn -0.973408 0.219612 0.065182
vn -0.973407 0.219612 0.065182
vn -0.973407 0.219612 0.065182
vn -0.825612 -0.540915 -0.160548
vn -0.825612 -0.540915 -0.160548
vn -0.825612 -0.540915 -0.160548
vn -0.825612 -0.540915 -0.160548
vn -0.825612 -0.540915 -0.160548
vn -0.825612 -0.540915 -0.160548
vn -0.825612 -0.540916 -0.160548
vn -0.092502 0.888613 -0.449234
vn -0.092502 0.888613 -0.449234
vn -0.092502 0.888613 -0.449234
vn -0.092502 0.888613 -0.449234
vn -0.016295 0.958537 0.284502
vn -0.016295 0.958537 0.284502
vn -0.016295 0.958537 0.284502
vn -0.016295 0.958537 0.284502
vn -0.117922 0.603866 -0.788315
vn -0.117922 0.603866 -0.788315
vn -0.117922 0.603866 -0.788315
vn -0.117922 0.603866 -0.788315
vn 0.333484 -0.138934 -0.932462
vn 0.333484 -0.138934 -0.932462
vn 0.333484 -0.138934 -0.932462
vn 0.333484 -0.138934 -0.932462
vn -0.000001 0.284538 -0.958665
vn -0.000001 0.284538 -0.958665
vn -0.000001 0.284538 -0.958665
vn -0.000001 0.284538 -0.958665
vn -0.456930 0.848972 0.265447
vn -0.456930 0.848972 0.265447
vn -0.456930 0.848972 0.265447
vn -0.456930 0.848972 0.265447
vn -0.525406 -0.453519 -0.719909
vn -0.525406 -0.453519 -0.719909
vn -0.525406 -0.453519 -0.719909
vn -0.525406 -0.453519 -0.719909
vn -0.719404 -0.340089 -0.605638
vn -0.719404 -0.340089 -0.605638
vn -0.719404 -0.340089 -0.605638
vn -0.719404 -0.340089 -0.605638
vn -0.419401 0.780712 -0.463241
vn -0.419401 0.780712 -0.463241
vn -0.419401 0.780712 -0.463241
vn -0.419401 0.780712 -0.463241
vn 0.821224 0.551409 0.146764
vn 0.821224 0.551409 0.146764
vn 0.821224 0.551409 0.146764
vn 0.821224 0.551409 0.146764
vn 0.882418 0.451019 0.133867
vn 0.828827 0.348042 -0.438078
vn 0.633796 0.166607 -0.755344
vn 0.710645 0.266027 -0.651316
vn 0.688693 0.238163 -0.684821
vn 0.828827 0.348042 -0.438078
vn 0.633796 0.166607 -0.755344
vn 0.828827 0.348042 -0.438078
vn 0.688693 0.238163 -0.684821
vn -0.445577 -0.469352 -0.762345
vn -0.445577 -0.469352 -0.762345
vn -0.445577 -0.469352 -0.762345
vn -0.445577 -0.469352 -0.762345
vn -0.000005 0.284540 -0.958664
vn -0.000005 0.284540 -0.958664
vn -0.000005 0.284540 -0.958664
vn -0.000005 0.284540 -0.958664
vn 0.922538 0.369956 0.109806
vn 0.922538 0.369956 0.109806
vn 0.922538 0.369956 0.109806
vn 0.922538 0.369956 0.109806
vn -0.923247 -0.368325 -0.109322
vn -0.923247 -0.368325 -0.109322
vn -0.923247 -0.368325 -0.109322
vn -0.923247 -0.368325 -0.109322
vn -0.247506 0.857408 -0.451212
vn -0.247506 0.857408 -0.451212
vn -0.247506 0.857408 -0.451212
vn -0.247506 0.857408 -0.451212
vn 0.922538 0.369955 0.109806
vn 0.922538 0.369955 0.109806
vn 0.922538 0.369955 0.109806
vn 0.922538 0.369955 0.109806
vn -0.923246 -0.368327 -0.109322
vn -0.923246 -0.368327 -0.109322
vn -0.923246 -0.368327 -0.109322
vn -0.923246 -0.368327 -0.109322
vn 0.374185 0.869940 -0.321233
vn 0.374185 0.869940 -0.321233
vn 0.374185 0.869940 -0.321233
vn 0.374185 0.869940 -0.321233
vn 0.836870 -0.533659 -0.121893
vn 0.865997 -0.483951 -0.125860
vn 0.865997 -0.483951 -0.125860
vn 0.865203 -0.485396 -0.125753
vn 0.865203 -0.485396 -0.125753
vn 0.223657 -0.974005 -0.035930
vn 0.836870 -0.533659 -0.121893
vn -0.865996 -0.483953 -0.125861
vn -0.865996 -0.483953 -0.125861
vn -0.836868 -0.533660 -0.121893
vn -0.865202 -0.485398 -0.125753
vn -0.836868 -0.533660 -0.121893
vn -0.223667 -0.974003 -0.035932
vn -0.865202 -0.485398 -0.125753
vn 0.000000 -1.000000 0.000000
vn 0.000000 -1.000000 0.000000
vn 0.000000 -1.000000 0.000000
vn 0.000000 -1.000000 0.000000
vn -0.005233 -0.999986 0.000981
vn -0.005233 -0.999986 0.000981
vn -0.005233 -0.999986 0.000981
vn -0.005233 -0.999986 0.000981
vn 0.043472 -0.957935 -0.283673
vn 0.043472 -0.957935 -0.283674
vn 0.043472 -0.957935 -0.283673
vn 0.043472 -0.957935 -0.283674
vn 0.005232 -0.999986 0.000981
vn 0.005232 -0.999986 0.000981
vn 0.005232 -0.999986 0.000981
vn 0.005232 -0.999986 0.000981
vn -0.027492 -0.983608 -0.178212
vn -0.027492 -0.983608 -0.178212
vn -0.027492 -0.983608 -0.178212
vn -0.027492 -0.983608 -0.178212
vn 0.000000 0.958665 0.284538
vn 0.000000 0.958665 0.284538
vn 0.000000 0.958665 0.284538
vn 0.000000 0.958665 0.284538
vn 0.000000 -0.786836 -0.617162
vn 0.000000 -0.786836 -0.617162
vn 0.000000 -0.786836 -0.617162
vn 0.000000 -0.786836 -0.617162
vn 1.000000 0.000000 0.000000
vn 1.000000 0.000000 0.000000
vn 1.000000 0.000000 0.000000
vn 1.000000 0.000000 0.000000
vn 0.000000 0.467292 -0.884103
vn 0.000000 0.467292 -0.884103
vn 0.000000 0.467292 -0.884103
vn 0.000000 0.467292 -0.884103
vn -1.000000 0.000000 0.000000
vn -1.000000 0.000000 0.000000
vn -1.000000 0.000000 0.000000
vn -1.000000 0.000000 0.000000
vn 0.000000 -0.977351 -0.211627
vn 0.000000 -0.977351 -0.211627
vn 0.000000 -0.977351 -0.211627
vn 0.000000 -0.977351 -0.211627
vn 0.000003 -0.462343 -0.886701
vn 0.000003 -0.462343 -0.886701
vn 0.000003 -0.462343 -0.886701
vn 0.000003 -0.462343 -0.886701
vn 0.000000 0.958664 0.284540
vn 0.000000 0.958664 0.284540
vn 0.000000 0.958664 0.284540
vn 0.000000 0.958664 0.284540
vn -0.842740 0.521273 0.134403
vn -0.842740 0.521273 0.134403
vn -0.842740 0.521273 0.134403
vn -0.842740 0.521273 0.134403
vn 0.842742 0.521269 0.134402
vn 0.842742 0.521269 0.134402
vn 0.842742 0.521269 0.134402
vn 0.842742 0.521269 0.134402
vn 0.000000 0.973203 -0.229948
vn 0.000000 0.973203 -0.229948
vn 0.000000 0.973203 -0.229948
vn 0.000000 0.973203 -0.229948
vn -0.979311 0.193998 0.057580
vn -0.979311 0.193998 0.057580
vn -0.979311 0.193998 0.057580
vn -0.979311 0.193998 0.057580
vn 0.979310 0.194002 0.057581
vn 0.979310 0.194002 0.057581
vn 0.979310 0.194002 0.057581
vn 0.979310 0.194002 0.057581
vn 0.000000 0.284542 -0.958664
vn 0.000000 0.284542 -0.958664
vn 0.000000 0.284542 -0.958664
vn 0.000000 0.284542 -0.958664
vn -0.759416 0.623713 0.185123
vn -0.759416 0.623713 0.185123
vn -0.759416 0.623713 0.185123
vn -0.759416 0.623713 0.185123
vn 0.759417 0.623711 0.185123
vn 0.759417 0.623711 0.185123
vn 0.759417 0.623711 0.185123
vn 0.759417 0.623711 0.185123
vn 0.000002 -0.608790 -0.793332
vn 0.000002 -0.608790 -0.793332
vn 0.000002 -0.608790 -0.793332
vn 0.000002 -0.608790 -0.793332
vn -0.864952 0.453042 -0.215895
vn -0.864952 0.453042 -0.215895
vn -0.864952 0.453042 -0.215895
vn -0.864952 0.453042 -0.215895
vn 0.864954 0.453039 -0.215895
vn 0.864954 0.453039 -0.215895
vn 0.864954 0.453039 -0.215895
vn 0.864954 0.453039 -0.215895
vn -0.856153 0.512385 -0.066815
vn -0.856153 0.512385 -0.066815
vn -0.856153 0.512385 -0.066815
vn -0.856153 0.512385 -0.066815
vn 0.856155 0.512382 -0.066812
vn 0.856154 0.512382 -0.066812
vn 0.856155 0.512382 -0.066812
vn 0.856154 0.512382 -0.066812
vn -0.732703 0.676578 -0.073408
vn -0.732703 0.676578 -0.073408
vn -0.732703 0.676578 -0.073408
vn -0.732703 0.676578 -0.073408
vn 0.000000 0.999635 -0.027010
vn 0.000000 0.999635 -0.027010
vn 0.000000 0.999635 -0.027010
vn 0.000000 0.999635 -0.027010
vn 0.732704 0.676577 -0.073407
vn 0.732704 0.676577 -0.073407
vn 0.732703 0.676577 -0.073407
vn 0.732703 0.676578 -0.073407
vn 0.000000 -0.284540 0.958664
vn 0.000000 -0.284540 0.958664
vn 0.000000 -0.284540 0.958664
vn 0.000000 -0.284540 0.958664
vn -0.785610 -0.604708 -0.130938
vn -0.785610 -0.604708 -0.130938
vn -0.785610 -0.604708 -0.130938
vn -0.785610 -0.604708 -0.130938
vn 0.785612 -0.604705 -0.130937
vn 0.785613 -0.604705 -0.130937
vn 0.785612 -0.604705 -0.130937
vn 0.785613 -0.604705 -0.130937
vn -0.619003 -0.249794 -0.744606
vn -0.619003 -0.249794 -0.744606
vn -0.619003 -0.249794 -0.744606
vn -0.619003 -0.249794 -0.744606
vn 0.000003 0.284538 -0.958665
vn 0.000003 0.284538 -0.958665
vn 0.000003 0.284538 -0.958665
vn 0.000003 0.284538 -0.958665
vn 0.619004 -0.249793 -0.744606
vn 0.619004 -0.249793 -0.744606
vn 0.619004 -0.249793 -0.744606
vn 0.619004 -0.249793 -0.744606
vn -0.991123 0.127456 0.037830
vn -0.991123 0.127456 0.037830
vn -0.991123 0.127456 0.037830
vn -0.991123 0.127456 0.037830
vn -0.975713 0.171964 -0.135692
vn -0.975713 0.171964 -0.135692
vn -0.975713 0.171964 -0.135692
vn -0.975713 0.171964 -0.135692
vn 0.000000 0.284538 -0.958665
vn 0.000000 0.284538 -0.958665
vn 0.000000 0.284538 -0.958665
vn 0.000000 0.284538 -0.958665
vn 0.975714 0.171959 -0.135690
vn 0.975714 0.171959 -0.135690
vn 0.975714 0.171959 -0.135690
vn 0.975714 0.171959 -0.135690
vn 0.991123 0.127451 0.037829
vn 0.991123 0.127451 0.037829
vn 0.991123 0.127451 0.037829
vn 0.991123 0.127451 0.037829
vn -0.935433 0.328536 -0.130498
vn -0.935433 0.328536 -0.130498
vn -0.935433 0.328536 -0.130498
vn 0.000002 0.297578 -0.954697
vn 0.000002 0.297578 -0.954697
vn 0.000002 0.297578 -0.954697
vn 0.000002 0.297578 -0.954698
vn 0.935441 0.328512 -0.130501
vn 0.935441 0.328512 -0.130501
vn 0.935441 0.328512 -0.130501
vn -0.132919 -0.512532 0.848318
vn -0.132919 -0.512532 0.848318
vn -0.132919 -0.512532 0.848318
vn -0.132919 -0.512532 0.848318
vn 0.298316 0.753119 0.586361
vn 0.298317 0.753119 0.586361
vn 0.298317 0.753119 0.586361
vn 0.298316 0.753119 0.586361
vn 0.195985 0.426933 -0.882790
vn 0.195985 0.426933 -0.882790
vn 0.195985 0.426933 -0.882790
vn 0.195985 0.426933 -0.882790
vn -0.297329 -0.949953 0.095842
vn -0.297329 -0.949953 0.095842
vn -0.297329 -0.949953 0.095842
vn -0.297329 -0.949953 0.095842
vn -0.921557 0.387915 0.015962
vn -0.921557 0.387915 0.015962
vn -0.921557 0.387915 0.015962
vn -0.921557 0.387915 0.015962
vn -0.080903 -0.292537 0.952826
vn -0.080903 -0.292537 0.952826
vn -0.080903 -0.292537 0.952826
vn -0.080903 -0.292537 0.952826
vn 0.840148 0.254088 0.479157
vn 0.840148 0.254088 0.479157
vn 0.840148 0.254088 0.479157
vn 0.840148 0.254088 0.479157
vn 0.080902 0.292526 -0.952829
vn 0.080902 0.292526 -0.952829
vn 0.080902 0.292526 -0.952829
vn 0.080902 0.292526 -0.952829
vn -0.891010 -0.437915 0.119716
vn -0.891010 -0.437915 0.119716
vn -0.891010 -0.437915 0.119716
vn -0.891010 -0.437915 0.119716
vn -0.388815 0.889485 0.240082
vn -0.388815 0.889485 0.240082
vn -0.388815 0.889485 0.240082
vn -0.388815 0.889485 0.240082
vn -0.669540 -0.692225 -0.269334
vn -0.669540 -0.692225 -0.269334
vn -0.669540 -0.692225 -0.269334
vn -0.669540 -0.692225 -0.269334
vn 0.903313 -0.262079 -0.339617
vn 0.903313 -0.262079 -0.339617
vn 0.903313 -0.262079 -0.339617
vn 0.903313 -0.262079 -0.339617
vn -0.080897 -0.292542 0.952825
vn -0.080897 -0.292542 0.952825
vn -0.080897 -0.292542 0.952825
vn -0.080897 -0.292542 0.952825
vn 0.865481 -0.418930 0.274665
vn 0.865481 -0.418930 0.274665
vn 0.865480 -0.418930 0.274665
vn 0.865480 -0.418930 0.274665
vn 0.080899 0.292530 -0.952828
vn 0.080899 0.292530 -0.952828
vn 0.080899 0.292530 -0.952828
vn 0.080899 0.292530 -0.952828
vn -0.916318 0.235079 0.324188
vn -0.916319 0.235079 0.324189
vn -0.916319 0.235079 0.324188
vn -0.916319 0.235079 0.324189
vn 0.350007 0.886741 0.301971
vn 0.350007 0.886741 0.301971
vn 0.350007 0.886741 0.301971
vn 0.350007 0.886741 0.301971
vn -0.905266 -0.378473 -0.193005
vn -0.905266 -0.378473 -0.193005
vn -0.905266 -0.378473 -0.193005
vn -0.905266 -0.378473 -0.193005
vn -0.289397 -0.252921 0.923190
vn -0.289397 -0.252921 0.923190
vn -0.289397 -0.252921 0.923190
vn -0.289397 -0.252921 0.923190
vn 0.907288 -0.116427 0.404070
vn 0.907288 -0.116427 0.404070
vn 0.907288 -0.116427 0.404070
vn 0.907288 -0.116427 0.404070
vn 0.287144 0.254899 -0.923350
vn 0.287144 0.254899 -0.923350
vn 0.287144 0.254899 -0.923350
vn 0.287144 0.254899 -0.923350
vn -0.999640 -0.006191 0.026091
vn -0.999640 -0.006191 0.026091
vn -0.999640 -0.006191 0.026091
vn -0.999640 -0.006191 0.026091
vn 0.071382 -0.964431 -0.254514
vn 0.071382 -0.964431 -0.254514
vn 0.071382 -0.964431 -0.254514
vn 0.071382 -0.964431 -0.254514
vn 0.284713 0.440408 -0.851458
vn 0.284712 0.440408 -0.851458
vn 0.284713 0.440408 -0.851458
vn 0.284712 0.440408 -0.851458
vn -0.935984 0.329056 -0.125122
vn -0.935984 0.329056 -0.125122
vn -0.935984 0.329056 -0.125122
vn -0.935984 0.329056 -0.125122
vn 0.055571 -0.304178 -0.950993
vn 0.055571 -0.304177 -0.950993
vn 0.055571 -0.304178 -0.950993
vn 0.055571 -0.304178 -0.950993
vn 0.927386 0.007189 -0.374037
vn 0.927386 0.007189 -0.374037
vn 0.927386 0.007189 -0.374037
vn 0.927386 0.007189 -0.374037
vn -0.932355 0.333673 -0.139198
vn -0.932355 0.333673 -0.139198
vn -0.932355 0.333674 -0.139198
vn -0.932355 0.333674 -0.139198
vn -0.932355 0.333674 -0.139198
vn -0.932355 0.333674 -0.139198
vn -0.932355 0.333674 -0.139198
vn -0.932355 0.333674 -0.139198
vn -0.932355 0.333673 -0.139198
vn -0.195690 -0.842814 -0.501369
vn -0.195690 -0.842814 -0.501369
vn -0.195690 -0.842814 -0.501369
vn -0.195690 -0.842814 -0.501369
vn 0.925719 -0.325429 0.192720
vn 0.934323 -0.314875 0.167015
vn 0.934113 -0.315148 0.167674
vn -0.062131 -0.991755 -0.112081
vn -0.042046 -0.996232 -0.075850
vn -0.034785 -0.997423 -0.062752
vn -0.062130 -0.991755 -0.112081
vn -0.181931 0.896905 0.403067
vn -0.181931 0.896905 0.403067
vn -0.181931 0.896905 0.403067
vn -0.181931 0.896905 0.403067
vn -0.932355 0.333674 -0.139198
vn -0.932355 0.333674 -0.139198
vn -0.928360 0.339028 -0.152337
vn -0.928147 0.339306 -0.153021
vn 0.938423 -0.309367 0.153800
vn 0.938423 -0.309367 0.153800
vn 0.938423 -0.309367 0.153800
vn 0.938423 -0.309367 0.153799
vn 0.938423 -0.309367 0.153799
vn 0.938423 -0.309367 0.153800
vn 0.938423 -0.309367 0.153799
vn 0.938423 -0.309367 0.153800
vn 0.938423 -0.309367 0.153800
vn 0.000002 -1.000000 -0.000000
vn 0.000002 -1.000000 -0.000000
vn 0.000003 -1.000000 0.000000
vn 0.000003 -1.000000 0.000000
vn -0.181931 0.896905 0.403067
vn -0.181931 0.896905 0.403067
vn -0.166700 0.778212 0.605472
vn -0.172119 0.817446 0.549689
vn 0.934113 -0.315148 0.167674
vn 0.934323 -0.314875 0.167015
vn 0.938423 -0.309367 0.153799
vn 0.938423 -0.309367 0.153799
vn -0.034785 -0.997423 -0.062752
vn -0.042046 -0.996232 -0.075850
vn 0.000002 -1.000000 -0.000000
vn 0.000002 -1.000000 -0.000000
vn -0.928147 0.339306 -0.153021
vn -0.928360 0.339028 -0.152337
vn -0.919083 0.350298 -0.180495
vn -0.172119 0.817446 0.549689
vn -0.166700 0.778212 0.605472
vn -0.159216 0.726657 0.668296
vn -0.159216 0.726657 0.668296
vn -0.580981 -0.091287 0.808781
vn -0.580981 -0.091287 0.808781
vn -0.580981 -0.091287 0.808782
vn -0.580981 -0.091287 0.808781
vn -0.531306 0.811814 0.242222
vn -0.531306 0.811814 0.242222
vn -0.531306 0.811814 0.242222
vn -0.531306 0.811814 0.242222
vn -0.149537 0.867272 -0.474845
vn -0.149537 0.867272 -0.474845
vn -0.149537 0.867272 -0.474845
vn -0.149537 0.867272 -0.474845
vn -0.284715 -0.750209 0.596761
vn -0.284715 -0.750209 0.596761
vn -0.284715 -0.750209 0.596761
vn -0.284715 -0.750209 0.596761
vn -0.791848 -0.392557 -0.467841
vn -0.791848 -0.392557 -0.467841
vn -0.791848 -0.392557 -0.467841
vn -0.791848 -0.392557 -0.467841
vn -0.807424 -0.425748 -0.408418
vn -0.807424 -0.425748 -0.408418
vn -0.807424 -0.425748 -0.408418
vn -0.807424 -0.425748 -0.408418
vn 0.284750 0.440410 -0.851444
vn 0.284750 0.440410 -0.851444
vn 0.284750 0.440410 -0.851444
vn 0.284750 0.440410 -0.851444
vn 0.838735 0.544203 0.019143
vn 0.838735 0.544203 0.019143
vn 0.838735 0.544203 0.019143
vn 0.838735 0.544203 0.019143
vn 0.776914 0.333207 0.534209
vn 0.774749 0.272835 0.570373
vn 0.787358 0.311216 0.532177
vn 0.787358 0.311216 0.532177
vn 0.774749 0.272835 0.570373
vn 0.796422 0.142510 0.587709
vn 0.774749 0.272835 0.570373
vn 0.797887 0.159569 0.581304
vn 0.796422 0.142510 0.587709
vn 0.593587 -0.182897 0.783711
vn 0.593587 -0.182897 0.783711
vn 0.593587 -0.182897 0.783711
vn 0.593587 -0.182897 0.783711
vn -0.764427 -0.109143 -0.635405
vn -0.764427 -0.109143 -0.635405
vn -0.764427 -0.109143 -0.635405
vn -0.764427 -0.109143 -0.635405
vn -0.531306 0.811814 0.242222
vn -0.531306 0.811814 0.242222
vn -0.525947 0.706729 0.473195
vn -0.529002 0.725998 0.439413
vn -0.791848 -0.392557 -0.467841
vn -0.791848 -0.392557 -0.467841
vn -0.783183 -0.304589 -0.542079
vn -0.770373 -0.340459 -0.539086
vn 0.797886 0.383434 0.465141
vn 0.797886 0.383434 0.465141
vn 0.797886 0.383434 0.465141
vn 0.797886 0.383434 0.465141
vn 0.776914 0.333207 0.534209
vn 0.787358 0.311216 0.532177
vn 0.797886 0.383434 0.465141
vn 0.797886 0.383434 0.465141
vn -0.529002 0.725998 0.439413
vn -0.525947 0.706729 0.473195
vn -0.521609 0.684035 0.509921
vn -0.521609 0.684035 0.509921
vn -0.770373 -0.340459 -0.539086
vn -0.783183 -0.304589 -0.542079
vn -0.773170 -0.254629 -0.580838
vn -0.773170 -0.254629 -0.580838
vn -0.783183 -0.304589 -0.542079
vn -0.790760 -0.151393 -0.593109
vn -0.790760 -0.151393 -0.593109
vn 0.000004 -0.912477 -0.409127
vn 0.000004 -0.912477 -0.409127
vn 0.000006 -0.912476 -0.409130
vn 0.000006 -0.912476 -0.409130
vn 0.000006 -0.912476 -0.409130
vn 0.000006 -0.912476 -0.409130
vn 0.085969 -0.831927 -0.548186
vn 0.087593 -0.830107 -0.550681
vn 0.182482 -0.809228 -0.558436
vn 0.087593 -0.830107 -0.550681
vn 0.085969 -0.831927 -0.548186
vn 0.177231 -0.770701 -0.612054
vn 0.182482 -0.809228 -0.558436
vn 0.177231 -0.770701 -0.612054
vn 0.192739 -0.896383 -0.399185
vn 0.192739 -0.896383 -0.399185
vn 0.192739 -0.896383 -0.399185
vn 0.192739 -0.896383 -0.399185
vn 0.196109 -0.894121 -0.402602
vn 0.193982 -0.894451 -0.402901
vn 0.651388 -0.746912 -0.133479
vn 0.407728 -0.792603 -0.453363
vn 0.196109 -0.894121 -0.402602
vn 0.407728 -0.792603 -0.453363
vn 0.193982 -0.894451 -0.402901
vn 0.196109 -0.894121 -0.402602
vn -0.934119 0.045531 0.354047
vn -0.931890 0.043954 0.360068
vn -0.861102 0.003030 0.508423
vn -0.861102 0.003030 0.508423
vn -0.726489 -0.681198 -0.090462
vn -0.753930 -0.656276 -0.029841
vn -0.729539 -0.679199 -0.080389
vn -0.753189 -0.657781 0.005527
vn -0.729539 -0.679199 -0.080389
vn -0.753930 -0.656276 -0.029841
vn -0.771291 -0.634884 -0.045075
vn -0.771291 -0.634884 -0.045075
vn -0.753930 -0.656276 -0.029841
vn -0.814423 -0.358761 -0.456076
vn 0.882813 0.009040 -0.469638
vn 0.882813 0.009040 -0.469638
vn 0.942981 -0.024823 -0.331919
vn 0.944982 -0.026207 -0.326070
vn 0.776473 0.629982 0.014560
vn 0.747730 0.659765 0.074905
vn 0.753578 0.654438 0.061892
vn 0.776442 0.630022 0.014478
vn 0.776473 0.629982 0.014560
vn 0.776442 0.630022 0.014478
vn 0.792160 0.607451 0.059046
vn 0.615133 -0.467293 0.635019
vn 0.615133 -0.467293 0.635019
vn 0.615133 -0.467293 0.635019
vn 0.615133 -0.467293 0.635019
vn -0.215466 -0.865693 -0.451829
vn -0.215467 -0.865693 -0.451829
vn -0.183503 -0.870378 -0.456912
vn -0.165711 -0.872573 -0.459518
vn 0.000318 0.284499 -0.958676
vn 0.000318 0.284499 -0.958676
vn 0.000318 0.284499 -0.958676
vn 0.000318 0.284499 -0.958676
vn 0.000427 0.284995 -0.958529
vn 0.000427 0.284995 -0.958529
vn 0.000427 0.284995 -0.958529
vn 0.000427 0.284995 -0.958529
vn -0.708606 0.676438 0.200773
vn -0.708606 0.676438 0.200773
vn -0.700289 0.656653 0.280002
vn -0.696854 0.649816 0.303537
vn -0.121196 0.341340 0.932094
vn -0.121196 0.341340 0.932094
vn -0.121196 0.341340 0.932094
vn -0.121196 0.341340 0.932094
vn 0.645883 -0.197443 0.737463
vn 0.645883 -0.197443 0.737463
vn 0.645883 -0.197443 0.737463
vn 0.645883 -0.197443 0.737463
vn -0.999396 0.028281 0.020195
vn -0.999396 0.028281 0.020195
vn -0.999396 0.028281 0.020195
vn -0.999396 0.028281 0.020195
vn 0.000000 -0.628204 -0.778048
vn 0.000000 -0.628204 -0.778048
vn 0.000000 -0.628204 -0.778048
vn 0.000000 -0.628204 -0.778048
vn 0.864653 0.142944 -0.481603
vn 0.864654 0.142944 -0.481603
vn 0.864654 0.142944 -0.481603
vn 0.864653 0.142944 -0.481603
vn 0.566026 0.738267 -0.366846
vn 0.566026 0.738267 -0.366846
vn 0.566026 0.738267 -0.366846
vn 0.566026 0.738267 -0.366846
vn -0.690691 0.722057 -0.039745
vn -0.690691 0.722057 -0.039745
vn -0.690691 0.722057 -0.039745
vn -0.690691 0.722057 -0.039745
vn -0.588940 -0.781551 0.205738
vn -0.588940 -0.781551 0.205738
vn -0.588940 -0.781551 0.205738
vn -0.588940 -0.781551 0.205738
vn -0.417626 -0.598812 -0.683383
vn -0.417626 -0.598812 -0.683383
vn -0.417626 -0.598812 -0.683383
vn -0.998741 0.025924 0.042935
vn -0.998235 0.025164 0.053797
vn -0.999584 0.028675 0.003242
vn -0.999584 0.028675 0.003242
vn -0.678870 -0.708073 -0.194339
vn -0.678846 -0.708124 -0.194237
vn -0.681528 -0.702197 -0.206008
vn -0.681528 -0.702197 -0.206008
vn 0.999006 0.006711 -0.044078
vn 0.999438 0.005457 -0.033073
vn 0.999974 0.000872 0.007135
vn 0.999974 0.000872 0.007135
vn 0.695643 0.693218 0.188495
vn 0.695667 0.693160 0.188619
vn 0.698019 0.687267 0.201079
vn 0.698019 0.687267 0.201079
vn -0.004248 -0.957133 -0.289617
vn -0.002932 -0.957510 -0.288386
vn 0.006399 -0.960084 -0.279639
vn 0.006399 -0.960084 -0.279639
vn -0.696854 0.649816 0.303537
vn -0.700289 0.656653 0.280002
vn -0.638213 0.629591 0.443057
vn -0.630739 0.629383 0.453923
vn -0.986463 0.047951 0.156816
vn -0.984615 0.051832 0.166874
vn -0.998235 0.025164 0.053797
vn -0.998741 0.025924 0.042935
vn -0.696031 -0.702348 -0.149157
vn -0.699635 -0.700089 -0.142780
vn -0.678846 -0.708124 -0.194237
vn -0.678870 -0.708073 -0.194339
vn 0.988386 -0.023342 -0.150163
vn 0.989649 -0.019159 -0.142226
vn 0.999438 0.005457 -0.033073
vn 0.999006 0.006711 -0.044078
vn 0.716859 0.684005 0.135097
vn 0.713224 0.686500 0.141521
vn 0.695667 0.693160 0.188619
vn 0.695643 0.693218 0.188495
vn -0.069634 -0.925417 -0.372498
vn -0.084295 -0.916378 -0.391338
vn -0.002932 -0.957510 -0.288386
vn -0.004248 -0.957133 -0.289617
vn -0.630739 0.629383 0.453923
vn -0.638213 0.629591 0.443057
vn -0.561233 0.625063 0.542507
vn -0.565667 0.625146 0.537785
vn -0.931890 0.043954 0.360068
vn -0.934119 0.045531 0.354047
vn -0.984615 0.051832 0.166874
vn -0.986463 0.047951 0.156816
vn -0.726489 -0.681198 -0.090462
vn -0.729539 -0.679199 -0.080389
vn -0.699635 -0.700089 -0.142780
vn -0.696031 -0.702348 -0.149157
vn 0.944982 -0.026207 -0.326070
vn 0.942981 -0.024823 -0.331919
vn 0.989649 -0.019159 -0.142226
vn 0.988386 -0.023342 -0.150163
vn 0.753578 0.654438 0.061892
vn 0.747730 0.659765 0.074905
vn 0.713224 0.686500 0.141521
vn 0.716859 0.684005 0.135097
vn -0.165711 -0.872573 -0.459518
vn -0.183503 -0.870378 -0.456912
vn -0.084295 -0.916378 -0.391338
vn -0.069634 -0.925417 -0.372498
vn -0.565667 0.625146 0.537785
vn -0.561233 0.625063 0.542507
vn -0.478289 0.619165 0.622796
vn -0.478290 0.619165 0.622796
vn 0.000010 0.284540 -0.958664
vn 0.000010 0.284540 -0.958664
vn 0.000010 0.284540 -0.958664
vn 0.000010 0.284540 -0.958664
vn -0.000004 -0.284540 0.958664
vn -0.000004 -0.284540 0.958664
vn -0.000004 -0.284540 0.958664
vn -0.000004 -0.284540 0.958664
vn -0.000000 0.284543 -0.958663
vn -0.000000 0.284543 -0.958663
vn -0.000000 0.284543 -0.958663
vn -0.000000 0.284543 -0.958663
vn -0.000001 -0.284544 0.958663
vn -0.000001 -0.284544 0.958663
vn -0.000001 -0.284544 0.958663
vn -0.000001 -0.284544 0.958663
vn -1.000000 0.000000 0.000000
vn -1.000000 0.000000 0.000000
vn -1.000000 0.000000 0.000000
vn -1.000000 0.000000 0.000000
vn 0.397635 0.879617 0.261076
vn 0.397635 0.879617 0.261076
vn 0.397635 0.879617 0.261076
vn 0.397635 0.879617 0.261076
vn 0.998602 -0.050682 -0.015042
vn 0.998602 -0.050682 -0.015042
vn 0.998602 -0.050682 -0.015042
vn 0.998602 -0.050682 -0.015042
vn 0.853018 0.500309 0.148496
vn 0.853018 0.500309 0.148496
vn 0.853018 0.500309 0.148496
vn 0.853018 0.500309 0.148496
vn 0.676393 -0.706095 -0.209576
vn 0.676393 -0.706095 -0.209576
vn 0.676393 -0.706095 -0.209576
vn 0.676393 -0.706095 -0.209576
vn -0.855418 -0.496528 -0.147374
vn -0.855419 -0.496528 -0.147374
vn -0.855418 -0.496528 -0.147374
vn -0.855419 -0.496528 -0.147374
vn 0.944686 -0.031729 0.326438
vn 0.944686 -0.031729 0.326438
vn 0.944686 -0.031729 0.326438
vn 0.944686 -0.031729 0.326438
vn 0.863937 -0.264490 -0.428553
vn 0.863937 -0.264490 -0.428553
vn 0.863937 -0.264490 -0.428553
vn 0.863937 -0.264490 -0.428553
vn -0.944256 -0.327340 0.035051
vn -0.944256 -0.327340 0.035051
vn -0.944256 -0.327340 0.035051
vn -0.944256 -0.327340 0.035051
vn -0.842479 0.151449 0.517004
vn -0.842479 0.151449 0.517004
vn -0.842479 0.151449 0.517004
vn -0.842479 0.151449 0.517004
vn -0.252787 -0.609630 0.751299
vn -0.252787 -0.609630 0.751299
vn -0.252787 -0.609630 0.751299
vn -0.252787 -0.609630 0.751299
vn 0.081875 -0.993741 -0.075993
vn 0.081875 -0.993741 -0.075993
vn 0.081875 -0.993741 -0.075993
vn 0.081875 -0.993741 -0.075993
vn 0.252783 0.609632 -0.751298
vn 0.252784 0.609632 -0.751298
vn 0.252784 0.609632 -0.751298
vn 0.252783 0.609632 -0.751298
vn 0.252789 0.609632 -0.751297
vn 0.252789 0.609632 -0.751297
vn 0.252789 0.609632 -0.751297
vn 0.252789 0.609632 -0.751297
vn 0.422726 0.448062 0.787746
vn 0.422726 0.448062 0.787746
vn 0.422726 0.448062 0.787746
vn 0.422727 0.448062 0.787746
vn -0.252787 -0.609634 0.751296
vn -0.252787 -0.609634 0.751296
vn -0.252787 -0.609634 0.751296
vn -0.252787 -0.609634 0.751296
vn -0.933697 -0.049813 -0.354583
vn -0.933697 -0.049813 -0.354583
vn -0.933697 -0.049813 -0.354583
vn -0.933697 -0.049813 -0.354583
vn -0.835830 0.528721 0.147791
vn -0.835830 0.528721 0.147791
vn -0.835830 0.528721 0.147791
vn -0.835830 0.528721 0.147791
vn 0.487326 0.590595 0.643204
vn 0.487326 0.590595 0.643204
vn 0.487326 0.590595 0.643204
vn 0.487326 0.590595 0.643204
vn 0.842172 -0.520902 -0.139313
vn 0.842172 -0.520902 -0.139313
vn 0.842172 -0.520902 -0.139313
vn 0.842172 -0.520902 -0.139313
vn 0.950188 -0.010105 0.311512
vn 0.950188 -0.010105 0.311512
vn 0.950188 -0.010105 0.311512
vn 0.950188 -0.010105 0.311512
vn 0.253582 -0.791120 -0.556620
vn 0.253582 -0.791119 -0.556620
vn 0.253582 -0.791120 -0.556620
vn 0.253582 -0.791119 -0.556620
vn -0.645035 0.290514 -0.706775
vn -0.645035 0.290514 -0.706775
vn -0.645035 0.290514 -0.706775
vn -0.645035 0.290514 -0.706775
vn -0.519473 0.793105 -0.318013
vn -0.519473 0.793105 -0.318013
vn -0.519473 0.793105 -0.318013
vn -0.519473 0.793105 -0.318013
vn 0.536218 0.728503 0.426327
vn 0.536218 0.728503 0.426327
vn 0.536218 0.728503 0.426327
vn 0.536218 0.728503 0.426327
vn 0.625728 -0.753542 0.201592
vn 0.625728 -0.753542 0.201592
vn 0.625728 -0.753542 0.201592
vn 0.625728 -0.753542 0.201592
vn 0.959112 0.003475 0.283005
vn 0.959112 0.003475 0.283005
vn 0.959112 0.003475 0.283005
vn 0.959112 0.003475 0.283005
vn 0.355158 -0.254621 -0.899461
vn 0.355158 -0.254621 -0.899461
vn 0.355158 -0.254621 -0.899461
vn 0.355158 -0.254621 -0.899461
vn -0.019133 -0.976861 -0.213019
vn -0.019133 -0.976861 -0.213019
vn -0.019133 -0.976861 -0.213019
vn -0.019133 -0.976861 -0.213019
vn -0.028013 0.720790 0.692587
vn -0.028013 0.720790 0.692587
vn -0.028013 0.720790 0.692587
vn -0.028013 0.720790 0.692587
vn 0.853451 -0.089376 0.513453
vn 0.853451 -0.089376 0.513453
vn 0.853451 -0.089376 0.513453
vn 0.853451 -0.089376 0.513453
vn 0.084019 0.198806 -0.976431
vn 0.084019 0.198806 -0.976431
vn 0.084019 0.198806 -0.976431
vn 0.084019 0.198806 -0.976431
vn -0.084022 -0.198880 0.976416
vn -0.084022 -0.198880 0.976416
vn -0.084022 -0.198880 0.976416
vn -0.084022 -0.198880 0.976416
vn 0.065158 0.912651 -0.403512
vn 0.065158 0.912651 -0.403512
vn 0.065158 0.912651 -0.403512
vn 0.065158 0.912651 -0.403512
vn -0.021302 -0.981975 -0.187807
vn -0.021302 -0.981975 -0.187807
vn -0.021302 -0.981975 -0.187807
vn -0.021302 -0.981975 -0.187807
vn 0.909262 0.097219 -0.404711
vn 0.909262 0.097219 -0.404711
vn 0.909262 0.097219 -0.404711
vn 0.909262 0.097219 -0.404711
vn 0.019693 0.955114 0.295584
vn 0.019153 0.968228 0.249335
vn 0.019288 0.965261 0.260575
vn 0.019693 0.955114 0.295584
vn -0.019950 -0.956587 -0.290765
vn -0.019950 -0.956587 -0.290765
vn -0.019593 -0.965364 -0.260170
vn -0.019467 -0.968122 -0.249724
vn 0.996434 -0.034317 0.077085
vn 0.996434 -0.034317 0.077085
vn 0.996365 -0.034664 0.077821
vn 0.996399 -0.034492 0.077456
vn 0.085608 -0.975288 -0.203679
vn 0.085608 -0.975288 -0.203679
vn 0.085608 -0.975288 -0.203679
vn 0.085608 -0.975288 -0.203679
vn -0.116369 0.719454 0.684722
vn -0.116369 0.719454 0.684722
vn -0.116369 0.719454 0.684722
vn -0.116369 0.719454 0.684722
vn -0.927727 -0.116125 0.354735
vn -0.927727 -0.116125 0.354735
vn -0.927727 -0.116125 0.354735
vn -0.927727 -0.116125 0.354735
vn 0.084021 0.198826 -0.976427
vn 0.084021 0.198826 -0.976427
vn 0.084021 0.198826 -0.976427
vn 0.084021 0.198826 -0.976427
vn -0.084019 -0.198828 0.976426
vn -0.084019 -0.198828 0.976426
vn -0.084019 -0.198828 0.976426
vn -0.084019 -0.198828 0.976426
vn -0.019987 0.911371 -0.411100
vn -0.019987 0.911371 -0.411100
vn -0.019987 0.911371 -0.411100
vn -0.019987 0.911371 -0.411100
vn 0.083440 -0.980399 -0.178481
vn 0.083440 -0.980399 -0.178481
vn 0.083440 -0.980399 -0.178481
vn 0.083440 -0.980399 -0.178481
vn -0.825885 0.071170 -0.559329
vn -0.825885 0.071170 -0.559329
vn -0.825885 0.071170 -0.559329
vn -0.825885 0.071170 -0.559329
vn -0.083915 0.948987 0.303945
vn -0.083915 0.948987 0.303945
vn -0.083529 0.967018 0.240621
vn -0.083617 0.964347 0.251084
vn 0.084202 -0.951138 -0.297063
vn 0.083923 -0.964422 -0.250692
vn 0.083840 -0.966925 -0.240889
vn 0.084202 -0.951138 -0.297063
vn -0.992335 -0.060505 -0.107752
vn -0.992617 -0.062268 -0.104087
vn -0.992789 -0.063398 -0.101735
vn -0.992335 -0.060505 -0.107752
vn 0.019288 0.965261 0.260575
vn 0.019153 0.968228 0.249335
vn 0.018550 0.979406 0.201049
vn 0.018550 0.979406 0.201049
vn -0.019467 -0.968122 -0.249724
vn -0.019593 -0.965364 -0.260170
vn -0.018856 -0.979395 -0.201074
vn -0.018856 -0.979395 -0.201074
vn 0.996399 -0.034492 0.077456
vn 0.996365 -0.034664 0.077821
vn 0.996291 -0.035030 0.078595
vn 0.996291 -0.035030 0.078595
vn -0.083617 0.964347 0.251084
vn -0.083529 0.967018 0.240621
vn -0.082996 0.977879 0.192002
vn -0.082996 0.977879 0.192002
vn 0.083840 -0.966925 -0.240889
vn 0.083923 -0.964422 -0.250692
vn 0.083301 -0.977859 -0.191969
vn 0.083301 -0.977859 -0.191969
vn -0.992789 -0.063398 -0.101735
vn -0.992617 -0.062268 -0.104087
vn -0.993004 -0.064876 -0.098658
vn -0.993004 -0.064876 -0.098658
vn 0.000000 0.284535 -0.958666
vn 0.000000 0.284535 -0.958666
vn 0.000000 0.284535 -0.958666
vn 0.000000 0.284535 -0.958666
vn 0.000010 0.958664 0.284541
vn 0.000010 0.958664 0.284541
vn 0.000010 0.958664 0.284541
vn 0.000010 0.958664 0.284541
vn 0.000000 0.284540 -0.958664
vn 0.000000 0.284540 -0.958664
vn 0.000000 0.284540 -0.958664
vn 0.000000 0.284540 -0.958664
vn 0.000000 0.284540 -0.958664
vn 0.000000 0.284540 -0.958664
vn 0.000000 0.284540 -0.958664
vn 0.000000 0.284540 -0.958664
vn 1.000000 0.000000 0.000000
vn 1.000000 0.000000 0.000000
vn 1.000000 0.000000 0.000000
vn 1.000000 0.000000 0.000000
vn -0.860438 0.488493 0.144989
vn -0.860438 0.488493 0.144989
vn -0.860438 0.488493 0.144989
vn -0.860438 0.488493 0.144989
vn 0.000000 -0.958664 -0.284539
vn 0.000000 -0.958664 -0.284539
vn 0.000000 -0.958664 -0.284539
vn 0.000000 -0.958664 -0.284539
vn -0.832142 -0.531639 -0.157795
vn -0.832142 -0.531639 -0.157795
vn -0.832142 -0.531639 -0.157795
vn -0.832142 -0.531639 -0.157795
vn 1.000000 0.000000 0.000000
vn 1.000000 0.000000 0.000000
vn 1.000000 0.000000 0.000000
vn 1.000000 0.000000 0.000000
vn -1.000000 0.000001 0.000000
vn -1.000000 0.000001 0.000000
vn -1.000000 0.000001 0.000000
vn -1.000000 0.000001 0.000000
vn 1.000000 0.000000 0.000000
vn 1.000000 0.000000 0.000000
vn 1.000000 0.000000 0.000000
vn 1.000000 0.000000 0.000000
vn -0.981379 -0.172844 -0.083791
vn -0.981379 -0.172844 -0.083791
vn -0.981379 -0.172844 -0.083791
vn -0.981379 -0.172844 -0.083791
vn 0.858668 0.117729 0.498828
vn 0.858668 0.117729 0.498828
vn 0.858668 0.117729 0.498828
vn 0.858668 0.117729 0.498828
vn -0.053979 -0.127692 0.990344
vn -0.053979 -0.127692 0.990344
vn -0.053979 -0.127692 0.990344
vn -0.053979 -0.127692 0.990344
vn 0.060989 -0.867636 0.493445
vn 0.060989 -0.867636 0.493445
vn 0.060989 -0.867636 0.493445
vn 0.060989 -0.867636 0.493445
vn 0.053990 0.127694 -0.990343
vn 0.053990 0.127694 -0.990343
vn 0.053990 0.127694 -0.990343
vn 0.053990 0.127694 -0.990343
vn -0.982236 -0.174872 -0.068058
vn -0.982236 -0.174872 -0.068058
vn -0.982236 -0.174872 -0.068058
vn -0.982236 -0.174872 -0.068058
vn 0.125323 -0.714276 -0.688552
vn 0.125323 -0.714276 -0.688552
vn 0.125323 -0.714276 -0.688552
vn 0.125323 -0.714277 -0.688552
vn 0.904894 0.228256 -0.359259
vn 0.904894 0.228256 -0.359259
vn 0.904894 0.228256 -0.359259
vn 0.904894 0.228256 -0.359259
vn -0.981709 -0.174553 -0.076022
vn -0.981709 -0.174553 -0.076022
vn -0.981709 -0.174553 -0.076022
vn -0.981709 -0.174553 -0.076022
vn 0.199972 -0.973080 -0.114568
vn 0.199972 -0.973080 -0.114568
vn 0.199972 -0.973080 -0.114568
vn 0.199972 -0.973080 -0.114568
vn 0.978313 0.191855 0.078068
vn 0.978313 0.191855 0.078068
vn 0.978313 0.191855 0.078068
vn 0.978313 0.191855 0.078068
vn -0.577387 0.813168 0.073366
vn -0.566885 0.821139 0.066131
vn -0.562661 0.823320 0.074545
vn -0.566885 0.821139 0.066131
vn -0.562243 0.823614 0.074443
vn -0.562661 0.823320 0.074545
vn -0.562661 0.823320 0.074545
vn -0.562243 0.823614 0.074443
vn -0.562758 0.823084 0.076391
vn -0.577391 0.813164 0.073370
vn -0.562758 0.823084 0.076391
vn -0.567815 0.818909 0.083513
vn -0.567815 0.818909 0.083513
vn -0.562758 0.823084 0.076391
vn -0.562357 0.823338 0.076607
vn -0.562243 0.823614 0.074443
vn -0.562357 0.823338 0.076607
vn -0.562758 0.823084 0.076391
vn 0.973184 -0.198593 0.116077
vn 0.973184 -0.198593 0.116077
vn 0.973184 -0.198593 0.116077
vn 0.973184 -0.198593 0.116077
vn -0.921995 0.008233 0.387114
vn -0.921995 0.008233 0.387114
vn -0.921995 0.008233 0.387114
vn -0.921995 0.008233 0.387114
vn -0.185302 -0.341594 0.921399
vn -0.185302 -0.341594 0.921399
vn -0.185302 -0.341594 0.921399
vn -0.185302 -0.341594 0.921399
vn -0.230939 -0.968596 0.092139
vn -0.230939 -0.968596 0.092139
vn -0.230939 -0.968596 0.092139
vn -0.230939 -0.968596 0.092139
vn 0.185316 0.341590 -0.921398
vn 0.185316 0.341590 -0.921398
vn 0.185316 0.341590 -0.921398
vn 0.185316 0.341590 -0.921398
vn 0.971078 -0.202472 0.126540
vn 0.971078 -0.202472 0.126540
vn 0.971078 -0.202472 0.126540
vn 0.971078 -0.202472 0.126540
vn -0.056787 -0.642607 -0.764089
vn -0.056787 -0.642607 -0.764089
vn -0.056787 -0.642607 -0.764089
vn -0.056787 -0.642607 -0.764089
vn -0.714666 0.369998 -0.593594
vn -0.714666 0.369998 -0.593594
vn -0.714666 0.369998 -0.593594
vn -0.714666 0.369998 -0.593594
vn 0.972082 -0.201049 0.120977
vn 0.972082 -0.201049 0.120977
vn 0.972082 -0.201049 0.120977
vn 0.972082 -0.201049 0.120977
vn -0.164249 -0.913681 -0.371765
vn -0.164249 -0.913681 -0.371765
vn -0.164249 -0.913681 -0.371765
vn -0.164249 -0.913681 -0.371765
vn -0.968855 0.220233 -0.113215
vn -0.968855 0.220233 -0.113215
vn -0.968855 0.220233 -0.113215
vn -0.968855 0.220233 -0.113215
vn 0.650021 0.723398 0.232738
vn 0.650021 0.723398 0.232738
vn 0.531317 0.756905 0.380521
vn 0.529563 0.757168 0.382438
vn 0.529563 0.757168 0.382438
vn 0.531317 0.756905 0.380521
vn 0.528766 0.752646 0.392340
vn 0.527775 0.754297 0.390499
vn 0.528766 0.752646 0.392340
vn 0.591436 0.615885 0.520470
vn 0.591436 0.615885 0.520470
vn 0.527775 0.754297 0.390499
vn -0.962381 -0.213064 -0.168603
vn -0.962381 -0.213064 -0.168603
vn -0.962381 -0.213064 -0.168603
vn -0.962381 -0.213064 -0.168603
vn 0.843765 0.067594 0.532439
vn 0.843765 0.067594 0.532439
vn 0.843765 0.067594 0.532439
vn 0.843765 0.067594 0.532439
vn -0.076846 -0.355451 0.931531
vn -0.076846 -0.355451 0.931531
vn -0.076846 -0.355451 0.931531
vn -0.076846 -0.355451 0.931531
vn 0.115792 -0.960634 0.252537
vn 0.115792 -0.960634 0.252537
vn 0.115792 -0.960634 0.252537
vn 0.115792 -0.960634 0.252537
vn 0.076847 0.355450 -0.931531
vn 0.076847 0.355450 -0.931531
vn 0.076847 0.355450 -0.931531
vn 0.076847 0.355450 -0.931531
vn -0.963611 -0.218801 -0.153557
vn -0.963611 -0.218801 -0.153557
vn -0.963611 -0.218801 -0.153557
vn -0.963611 -0.218801 -0.153557
vn 0.198408 -0.486272 -0.850984
vn 0.198408 -0.486272 -0.850984
vn 0.198408 -0.486272 -0.850984
vn 0.198408 -0.486272 -0.850984
vn 0.882091 0.372042 -0.288964
vn 0.882091 0.372042 -0.288964
vn 0.882091 0.372042 -0.288964
vn 0.882091 0.372042 -0.288964
vn -0.962790 -0.216332 -0.161973
vn -0.962790 -0.216332 -0.161973
vn -0.962790 -0.216332 -0.161973
vn -0.962790 -0.216332 -0.161973
vn 0.276142 -0.905333 -0.322673
vn 0.276142 -0.905333 -0.322673
vn 0.276142 -0.905333 -0.322673
vn 0.276142 -0.905333 -0.322673
vn 0.958040 0.232439 0.167726
vn 0.958040 0.232439 0.167726
vn 0.958040 0.232439 0.167726
vn 0.958040 0.232439 0.167726
vn -0.638926 0.734807 0.227669
vn -0.629195 0.744368 0.223676
vn -0.625039 0.745371 0.231838
vn -0.629195 0.744368 0.223676
vn -0.624645 0.745702 0.231834
vn -0.625039 0.745371 0.231838
vn -0.625039 0.745371 0.231838
vn -0.624645 0.745702 0.231834
vn -0.625176 0.744724 0.233541
vn -0.638929 0.734800 0.227681
vn -0.625176 0.744724 0.233541
vn -0.629847 0.738484 0.240694
vn -0.629847 0.738484 0.240694
vn -0.625176 0.744724 0.233541
vn -0.624816 0.744936 0.233828
vn -0.624645 0.745702 0.231834
vn -0.624816 0.744936 0.233828
vn -0.625176 0.744724 0.233541
vn -0.549669 0.464218 0.694525
vn -0.549669 0.464218 0.694525
vn -0.549669 0.464218 0.694525
vn -0.549669 0.464218 0.694525
vn -0.505044 0.673523 -0.539720
vn -0.505044 0.673523 -0.539720
vn -0.505044 0.673523 -0.539720
vn -0.505044 0.673523 -0.539720
vn -0.692704 0.714672 0.096980
vn -0.692704 0.714672 0.096980
vn -0.692704 0.714672 0.096980
vn -0.692704 0.714672 0.096980
vn 0.720377 0.679054 0.141215
vn 0.720377 0.679054 0.141215
vn 0.720378 0.679054 0.141215
vn 0.720377 0.679054 0.141215
vn 0.656646 0.563949 0.500777
vn 0.656646 0.563949 0.500777
vn 0.656646 0.563949 0.500777
vn 0.656646 0.563949 0.500777
vn -0.035071 -0.167684 0.985217
vn -0.035071 -0.167684 0.985217
vn -0.035071 -0.167684 0.985217
vn -0.035071 -0.167684 0.985217
vn -0.713332 -0.688498 -0.130876
vn -0.713332 -0.688498 -0.130876
vn -0.713332 -0.688498 -0.130876
vn -0.713332 -0.688498 -0.130876
vn -0.712527 -0.687064 -0.142299
vn -0.712527 -0.687063 -0.142299
vn -0.712527 -0.687064 -0.142299
vn -0.712527 -0.687064 -0.142299
vn -0.712522 -0.684628 -0.153610
vn -0.712522 -0.684629 -0.153610
vn -0.712522 -0.684629 -0.153610
vn -0.712522 -0.684629 -0.153610
vn 0.035078 0.167691 -0.985215
vn 0.035078 0.167691 -0.985215
vn 0.035078 0.167691 -0.985215
vn 0.035078 0.167691 -0.985215
vn 0.682721 0.689856 -0.240812
vn 0.682721 0.689856 -0.240812
vn 0.682721 0.689856 -0.240812
vn 0.682721 0.689856 -0.240812
vn 0.387267 -0.908463 -0.157223
vn 0.370091 -0.917819 -0.143674
vn 0.375604 -0.914626 -0.149599
vn 0.375604 -0.914626 -0.149599
vn 0.370091 -0.917819 -0.143674
vn 0.369611 -0.918067 -0.143324
vn 0.369611 -0.918067 -0.143324
vn 0.370091 -0.917819 -0.143674
vn 0.369584 -0.918146 -0.142885
vn 0.386132 -0.913889 -0.125336
vn 0.375075 -0.917051 -0.135411
vn 0.370036 -0.918033 -0.142440
vn 0.375075 -0.917051 -0.135411
vn 0.369584 -0.918146 -0.142885
vn 0.370036 -0.918033 -0.142440
vn 0.370091 -0.917819 -0.143674
vn 0.370036 -0.918033 -0.142440
vn 0.369584 -0.918146 -0.142885
vn -0.050570 -0.991590 -0.119131
vn -0.050570 -0.991590 -0.119131
vn -0.050570 -0.991590 -0.119131
vn -0.050570 -0.991590 -0.119131
vn 0.111882 0.837381 0.535047
vn 0.111882 0.837381 0.535047
vn 0.111882 0.837381 0.535047
vn 0.111882 0.837381 0.535047
vn -0.124443 0.124617 -0.984370
vn -0.124443 0.124617 -0.984370
vn -0.124443 0.124617 -0.984370
vn -0.124443 0.124617 -0.984370
vn 0.124442 -0.124651 0.984366
vn 0.124442 -0.124651 0.984366
vn 0.124442 -0.124651 0.984366
vn 0.124442 -0.124651 0.984366
vn 0.000943 0.940572 -0.339592
vn 0.000943 0.940573 -0.339592
vn 0.000943 0.940572 -0.339592
vn 0.000943 0.940573 -0.339592
vn -0.050571 -0.991585 -0.119167
vn -0.050571 -0.991585 -0.119167
vn -0.050571 -0.991585 -0.119167
vn -0.050571 -0.991585 -0.119167
vn 0.064005 0.991024 0.117368
vn 0.064005 0.991024 0.117368
vn 0.064005 0.991024 0.117368
vn 0.064005 0.991024 0.117368
vn -0.050570 -0.991589 -0.119135
vn -0.050570 -0.991589 -0.119135
vn -0.050570 -0.991589 -0.119135
vn -0.050570 -0.991589 -0.119135
vn -0.077427 -0.990275 -0.115590
vn -0.077427 -0.990275 -0.115590
vn -0.077427 -0.990275 -0.115590
vn -0.077427 -0.990275 -0.115590
vn 0.111883 0.837363 0.535074
vn 0.111883 0.837363 0.535074
vn 0.111883 0.837363 0.535074
vn 0.111883 0.837364 0.535074
vn -0.124443 0.124623 -0.984369
vn -0.124443 0.124623 -0.984370
vn -0.124443 0.124623 -0.984369
vn -0.124443 0.124623 -0.984369
vn 0.124435 -0.124608 0.984372
vn 0.124435 -0.124608 0.984372
vn 0.124435 -0.124608 0.984372
vn 0.124435 -0.124608 0.984372
vn 0.000943 0.940572 -0.339593
vn 0.000943 0.940572 -0.339593
vn 0.000943 0.940572 -0.339593
vn 0.000943 0.940572 -0.339593
vn -0.077429 -0.990277 -0.115570
vn -0.077429 -0.990277 -0.115570
vn -0.077429 -0.990277 -0.115570
vn -0.077429 -0.990277 -0.115570
vn 0.064005 0.991024 0.117368
vn 0.064005 0.991024 0.117368
vn 0.064005 0.991024 0.117368
vn 0.064005 0.991024 0.117368
vn -0.077428 -0.990277 -0.115574
vn -0.077428 -0.990277 -0.115574
vn -0.077428 -0.990277 -0.115574
vn -0.077428 -0.990277 -0.115574
vn 0.026915 -0.141800 0.989529
vn 0.026915 -0.141800 0.989529
vn 0.026915 -0.141800 0.989529
vn 0.026915 -0.141800 0.989529
vn -0.574524 0.809554 -0.120599
vn -0.574524 0.809554 -0.120599
vn -0.574524 0.809554 -0.120599
vn -0.574524 0.809554 -0.120599
vn -0.166877 0.191687 -0.967165
vn -0.166877 0.191687 -0.967165
vn -0.166877 0.191687 -0.967165
vn -0.166877 0.191687 -0.967165
vn 0.541443 -0.796015 -0.270554
vn 0.541443 -0.796015 -0.270554
vn 0.541443 -0.796015 -0.270554
vn 0.541443 -0.796015 -0.270554
vn 0.124749 -0.176062 0.976442
vn 0.124749 -0.176062 0.976443
vn 0.124749 -0.176062 0.976442
vn 0.124749 -0.176062 0.976443
vn -0.681990 0.703918 0.198465
vn -0.681990 0.703918 0.198465
vn -0.643971 0.724506 0.245747
vn -0.647275 0.722887 0.241804
vn -0.643971 0.724506 0.245747
vn -0.531794 0.764275 0.364799
vn -0.647275 0.722887 0.241804
vn 0.787576 0.474245 0.393465
vn 0.787576 0.474245 0.393465
vn 0.787576 0.474245 0.393465
vn 0.787576 0.474245 0.393465
vn -0.830218 -0.550217 -0.089440
vn -0.830218 -0.550217 -0.089440
vn -0.830218 -0.550217 -0.089440
vn -0.830218 -0.550217 -0.089440
vn 0.640306 0.767947 0.016272
vn 0.768219 0.630605 0.110348
vn 0.746765 0.658549 0.093035
vn 0.808978 0.569485 0.145746
vn 0.746765 0.658549 0.093035
vn 0.768219 0.630605 0.110348
vn 0.808978 0.569485 0.145746
vn -0.632998 -0.773945 -0.017953
vn -0.744479 -0.661243 -0.092245
vn -0.770983 -0.626919 -0.112059
vn -0.770983 -0.626919 -0.112059
vn -0.744479 -0.661243 -0.092245
vn -0.811167 -0.566697 -0.144436
vn -0.811167 -0.566697 -0.144436
vn -0.628233 -0.764164 -0.146211
vn -0.628233 -0.764164 -0.146211
vn -0.628233 -0.764164 -0.146211
vn -0.628233 -0.764164 -0.146211
vn -0.017955 0.125118 -0.991979
vn -0.017955 0.125118 -0.991979
vn -0.017955 0.125118 -0.991979
vn -0.017955 0.125118 -0.991979
vn 0.590409 0.762997 -0.263160
vn 0.590409 0.762997 -0.263160
vn 0.590409 0.762997 -0.263160
vn 0.590409 0.762997 -0.263160
vn 0.710604 -0.681205 -0.176071
vn 0.620673 -0.736124 -0.269976
vn 0.615006 -0.738894 -0.275324
vn 0.581650 -0.753822 -0.305674
vn 0.615006 -0.738894 -0.275324
vn 0.620673 -0.736124 -0.269976
vn 0.581650 -0.753822 -0.305674
vn 0.708172 -0.670253 -0.221932
vn 0.708172 -0.670253 -0.221932
vn 0.708172 -0.670253 -0.221932
vn 0.708172 -0.670253 -0.221932
vn -0.622370 0.571655 0.534664
vn -0.622370 0.571655 0.534664
vn -0.622370 0.571655 0.534664
vn -0.622370 0.571655 0.534664
vn -0.482628 -0.829607 -0.280753
vn -0.482628 -0.829607 -0.280753
vn -0.482628 -0.829607 -0.280753
vn -0.482628 -0.829607 -0.280753
vn -0.170402 -0.671531 0.721116
vn -0.170402 -0.671531 0.721116
vn -0.170402 -0.671531 0.721116
vn -0.170402 -0.671531 0.721116
vn -0.170429 -0.671486 0.721152
vn -0.170429 -0.671486 0.721152
vn -0.170429 -0.671486 0.721152
vn -0.170429 -0.671486 0.721152
vn -0.597142 -0.703749 -0.384914
vn -0.597142 -0.703749 -0.384914
vn -0.597142 -0.703749 -0.384914
vn -0.597142 -0.703749 -0.384914
vn 0.540575 -0.811398 0.222288
vn 0.540575 -0.811398 0.222288
vn 0.540570 -0.811407 0.222268
vn 0.540570 -0.811407 0.222267
vn 0.540570 -0.811407 0.222267
vn 0.540570 -0.811407 0.222268
vn 0.569371 -0.767883 -0.293551
vn 0.566463 -0.759330 -0.320214
vn 0.566463 -0.759330 -0.320214
vn 0.569371 -0.767883 -0.293551
vn 0.513721 -0.642985 -0.568032
vn 0.513722 -0.642985 -0.568032
vn 0.513721 -0.642985 -0.568032
vn 0.513707 -0.643001 -0.568027
vn 0.513707 -0.643001 -0.568027
vn 0.513722 -0.642985 -0.568032
vn -0.558700 0.381444 0.736447
vn -0.558700 0.381444 0.736447
vn -0.558700 0.381444 0.736447
vn -0.558700 0.381444 0.736447
vn -0.520929 0.703119 -0.484001
vn -0.520929 0.703119 -0.484001
vn -0.520929 0.703119 -0.484001
vn -0.520929 0.703119 -0.484001
vn -0.712512 0.672656 0.199650
vn -0.712512 0.672656 0.199650
vn -0.712512 0.672656 0.199650
vn -0.712512 0.672656 0.199650
vn 0.658950 0.536673 0.527035
vn 0.658950 0.536673 0.527035
vn 0.658950 0.536673 0.527035
vn 0.658950 0.536673 0.527035
vn 0.000008 -0.284533 0.958666
vn 0.000008 -0.284533 0.958666
vn 0.000008 -0.284533 0.958666
vn 0.000008 -0.284533 0.958666
vn -0.694018 -0.693168 -0.194568
vn -0.694018 -0.693168 -0.194568
vn -0.694018 -0.693168 -0.194568
vn -0.694018 -0.693168 -0.194568
vn -0.693598 -0.690585 -0.204972
vn -0.693598 -0.690585 -0.204972
vn -0.693598 -0.690585 -0.204972
vn -0.693598 -0.690585 -0.204972
vn -0.694003 -0.686474 -0.217058
vn -0.694003 -0.686474 -0.217058
vn -0.694003 -0.686474 -0.217058
vn -0.694003 -0.686474 -0.217058
vn 0.000000 0.284540 -0.958664
vn 0.000000 0.284540 -0.958664
vn 0.000000 0.284540 -0.958664
vn 0.000000 0.284540 -0.958664
vn 0.642363 0.737516 -0.208424
vn 0.642363 0.737516 -0.208424
vn 0.642363 0.737516 -0.208424
vn 0.642363 0.737516 -0.208424
vn 0.701670 0.683050 0.202735
vn 0.701670 0.683050 0.202735
vn 0.701670 0.683050 0.202735
vn 0.701670 0.683050 0.202735
vn 0.411568 -0.869497 -0.273105
vn 0.395086 -0.880520 -0.261902
vn 0.400693 -0.876510 -0.266787
vn 0.400693 -0.876510 -0.266787
vn 0.395086 -0.880520 -0.261902
vn 0.394626 -0.880812 -0.261611
vn 0.395086 -0.880520 -0.261902
vn 0.395072 -0.880844 -0.260831
vn 0.394626 -0.880812 -0.261611
vn 0.411564 -0.878442 -0.242808
vn 0.399828 -0.880617 -0.254267
vn 0.395072 -0.880844 -0.260831
vn 0.399828 -0.880617 -0.254267
vn 0.394623 -0.880908 -0.261292
vn 0.395072 -0.880844 -0.260831
vn 0.395072 -0.880844 -0.260831
vn 0.394623 -0.880908 -0.261292
vn 0.394626 -0.880812 -0.261611
vn 0.010222 0.198734 -0.980000
vn 0.010222 0.198734 -0.980000
vn 0.010222 0.198734 -0.980000
vn 0.010222 0.198734 -0.980000
vn -0.999728 0.003753 -0.023019
vn -0.999728 0.003753 -0.023019
vn -0.999728 0.003753 -0.023019
vn 0.999728 -0.003750 0.023016
vn 0.999728 -0.003750 0.023016
vn 0.999728 -0.003750 0.023016
vn 0.004686 0.935993 -0.351988
vn 0.004686 0.935993 -0.351988
vn 0.004686 0.935993 -0.351988
vn 0.004686 0.935993 -0.351988
vn 0.009403 0.507978 -0.861319
vn 0.009403 0.507978 -0.861318
vn 0.009403 0.507978 -0.861319
vn 0.009403 0.507978 -0.861319
vn 0.999893 -0.004569 0.013907
vn 0.999893 -0.004569 0.013907
vn 0.999893 -0.004569 0.013907
vn 0.999830 0.001781 0.018336
vn 0.999830 0.001781 0.018336
vn 0.999830 0.001781 0.018336
vn -0.999830 -0.001781 -0.018336
vn -0.999830 -0.001781 -0.018336
vn -0.999830 -0.001781 -0.018336
vn -0.999893 0.004569 -0.013907
vn -0.999893 0.004569 -0.013907
vn -0.999893 0.004569 -0.013907
vn -0.999944 0.004578 -0.009527
vn -0.999944 0.004578 -0.009527
vn -0.999944 0.004578 -0.009527
vn 0.999944 -0.004578 0.009518
vn 0.999944 -0.004578 0.009518
vn 0.999944 -0.004578 0.009518
vn -0.000888 0.980050 0.198749
vn -0.000888 0.980050 0.198749
vn -0.000888 0.980050 0.198749
vn -0.000888 0.980050 0.198749
vn -0.016501 0.377257 -0.925962
vn -0.016501 0.377257 -0.925961
vn -0.016501 0.377257 -0.925961
vn -0.016501 0.377257 -0.925961
vn -0.991193 -0.123847 -0.046886
vn -0.991193 -0.123847 -0.046886
vn -0.991193 -0.123847 -0.046886
vn 0.991195 0.123829 0.046898
vn 0.991195 0.123829 0.046898
vn 0.991195 0.123829 0.046898
vn -0.120930 0.977453 -0.173092
vn -0.120930 0.977453 -0.173092
vn -0.120930 0.977453 -0.173092
vn -0.120930 0.977453 -0.173092
vn -0.058813 0.656139 -0.752345
vn -0.058813 0.656139 -0.752345
vn -0.058813 0.656139 -0.752345
vn -0.058813 0.656139 -0.752345
vn 0.991466 0.124769 0.037783
vn 0.991466 0.124769 0.037783
vn 0.991466 0.124769 0.037783
vn 0.990552 0.130122 0.043307
vn 0.990552 0.130122 0.043307
vn 0.990552 0.130122 0.043307
vn -0.990552 -0.130117 -0.043309
vn -0.990552 -0.130117 -0.043309
vn -0.990552 -0.130117 -0.043309
vn -0.991466 -0.124767 -0.037789
vn -0.991466 -0.124767 -0.037789
vn -0.991466 -0.124767 -0.037789
vn -0.991518 -0.125583 -0.033476
vn -0.991518 -0.125583 -0.033476
vn -0.991518 -0.125583 -0.033476
vn 0.991518 0.125581 0.033485
vn 0.991518 0.125581 0.033485
vn 0.991518 0.125581 0.033485
vn -0.132368 0.917117 0.375999
vn -0.132368 0.917117 0.375999
vn -0.132368 0.917117 0.375999
vn -0.132368 0.917117 0.375999
vn 0.010271 0.198752 -0.979996
vn 0.010271 0.198752 -0.979996
vn 0.010271 0.198752 -0.979996
vn 0.010271 0.198752 -0.979996
vn -0.999728 0.003755 -0.023020
vn -0.999728 0.003755 -0.023020
vn -0.999728 0.003755 -0.023020
vn 0.999728 -0.003769 0.023033
vn 0.999728 -0.003769 0.023033
vn 0.999728 -0.003769 0.023033
vn 0.004666 0.935990 -0.351995
vn 0.004666 0.935990 -0.351995
vn 0.004666 0.935990 -0.351995
vn 0.004666 0.935990 -0.351995
vn 0.009324 0.507979 -0.861319
vn 0.009324 0.507979 -0.861319
vn 0.009324 0.507979 -0.861319
vn 0.009324 0.507979 -0.861319
vn 0.999893 -0.004571 0.013906
vn 0.999893 -0.004571 0.013906
vn 0.999893 -0.004571 0.013906
vn 0.999830 0.001782 0.018336
vn 0.999830 0.001782 0.018336
vn 0.999830 0.001782 0.018336
vn -0.999830 -0.001781 -0.018336
vn -0.999830 -0.001781 -0.018336
vn -0.999830 -0.001781 -0.018336
vn -0.999893 0.004571 -0.013906
vn -0.999893 0.004571 -0.013906
vn -0.999893 0.004571 -0.013906
vn -0.999944 0.004580 -0.009527
vn -0.999944 0.004580 -0.009527
vn -0.999944 0.004580 -0.009527
vn 0.999944 -0.004580 0.009526
vn 0.999944 -0.004580 0.009526
vn 0.999944 -0.004580 0.009526
vn -0.000887 0.980050 0.198751
vn -0.000887 0.980050 0.198751
vn -0.000887 0.980050 0.198751
vn -0.000887 0.980050 0.198751
vn 0.010260 0.198753 -0.979996
vn 0.010260 0.198753 -0.979996
vn 0.010260 0.198753 -0.979996
vn 0.010260 0.198753 -0.979996
vn -0.999728 0.003754 -0.023017
vn -0.999728 0.003754 -0.023017
vn -0.999728 0.003754 -0.023017
vn 0.999728 -0.003754 0.023018
vn 0.999728 -0.003754 0.023018
vn 0.999728 -0.003754 0.023018
vn 0.004671 0.935991 -0.351994
vn 0.004671 0.935991 -0.351994
vn 0.004671 0.935991 -0.351994
vn 0.004671 0.935991 -0.351994
vn 0.009315 0.507979 -0.861319
vn 0.009315 0.507979 -0.861319
vn 0.009315 0.507979 -0.861319
vn 0.009315 0.507979 -0.861319
vn 0.999893 -0.004569 0.013907
vn 0.999893 -0.004569 0.013907
vn 0.999893 -0.004569 0.013907
vn 0.999830 0.001780 0.018335
vn 0.999830 0.001780 0.018335
vn 0.999830 0.001780 0.018335
vn -0.999830 -0.001780 -0.018335
vn -0.999830 -0.001780 -0.018335
vn -0.999830 -0.001780 -0.018335
vn -0.999893 0.004569 -0.013907
vn -0.999893 0.004569 -0.013907
vn -0.999893 0.004569 -0.013907
vn -0.999944 0.004578 -0.009518
vn -0.999944 0.004578 -0.009518
vn -0.999944 0.004578 -0.009518
vn 0.999944 -0.004578 0.009518
vn 0.999944 -0.004578 0.009518
vn 0.999944 -0.004578 0.009518
vn -0.000887 0.980049 0.198755
vn -0.000887 0.980049 0.198755
vn -0.000887 0.980049 0.198755
vn -0.000887 0.980049 0.198755
vn 0.038013 0.195320 -0.980003
vn 0.038013 0.195320 -0.980003
vn 0.038013 0.195320 -0.980003
vn 0.038013 0.195320 -0.980003
vn -0.989303 0.144047 -0.023030
vn -0.989303 0.144047 -0.023030
vn -0.989303 0.144047 -0.023030
vn 0.989303 -0.144047 0.023023
vn 0.989303 -0.144047 0.023023
vn 0.989303 -0.144047 0.023023
vn 0.135994 0.926069 -0.351998
vn 0.135994 0.926069 -0.351998
vn 0.135994 0.926069 -0.351998
vn 0.135994 0.926069 -0.351998
vn 0.080584 0.501640 -0.861315
vn 0.080584 0.501640 -0.861315
vn 0.080584 0.501640 -0.861315
vn 0.080584 0.501640 -0.861315
vn 0.989354 -0.144864 0.013907
vn 0.989354 -0.144864 0.013907
vn 0.989354 -0.144864 0.013907
vn 0.990183 -0.138573 0.018332
vn 0.990183 -0.138573 0.018332
vn 0.990183 -0.138573 0.018332
vn -0.990183 0.138570 -0.018336
vn -0.990183 0.138570 -0.018336
vn -0.990183 0.138570 -0.018336
vn -0.989354 0.144866 -0.013907
vn -0.989354 0.144866 -0.013907
vn -0.989354 0.144866 -0.013907
vn -0.989403 0.144882 -0.009527
vn -0.989403 0.144882 -0.009527
vn -0.989403 0.144882 -0.009527
vn 0.989403 -0.144881 0.009527
vn 0.989403 -0.144881 0.009527
vn 0.989403 -0.144881 0.009527
vn 0.136665 0.970476 0.198743
vn 0.136665 0.970476 0.198743
vn 0.136665 0.970476 0.198743
vn 0.136665 0.970476 0.198743
vn 0.010258 0.198740 -0.979999
vn 0.010258 0.198740 -0.979999
vn 0.010258 0.198740 -0.979999
vn 0.010258 0.198740 -0.979999
vn -0.999728 0.003755 -0.023020
vn -0.999728 0.003755 -0.023020
vn -0.999728 0.003755 -0.023020
vn 0.999728 -0.003754 0.023021
vn 0.999728 -0.003754 0.023021
vn 0.999728 -0.003754 0.023021
vn 0.004662 0.935990 -0.351995
vn 0.004662 0.935990 -0.351995
vn 0.004662 0.935990 -0.351995
vn 0.004662 0.935990 -0.351995
vn 0.009348 0.507984 -0.861316
vn 0.009348 0.507984 -0.861316
vn 0.009348 0.507984 -0.861316
vn 0.009348 0.507984 -0.861316
vn 0.999893 -0.004569 0.013907
vn 0.999893 -0.004569 0.013907
vn 0.999893 -0.004569 0.013907
vn 0.999830 0.001781 0.018336
vn 0.999830 0.001781 0.018336
vn 0.999830 0.001781 0.018336
vn -0.999830 -0.001781 -0.018336
vn -0.999830 -0.001781 -0.018336
vn -0.999830 -0.001781 -0.018336
vn -0.999893 0.004569 -0.013907
vn -0.999893 0.004569 -0.013907
vn -0.999893 0.004569 -0.013907
vn -0.999944 0.004578 -0.009515
vn -0.999944 0.004578 -0.009515
vn -0.999944 0.004578 -0.009515
vn 0.999944 -0.004578 0.009518
vn 0.999944 -0.004578 0.009518
vn 0.999944 -0.004578 0.009518
vn -0.000894 0.980052 0.198738
vn -0.000894 0.980052 0.198738
vn -0.000894 0.980052 0.198738
vn -0.000894 0.980052 0.198738
vn -0.012105 0.198628 -0.980000
vn -0.012105 0.198628 -0.980000
vn -0.012105 0.198628 -0.980000
vn -0.012105 0.198628 -0.980000
vn -0.993858 -0.108240 -0.023030
vn -0.993858 -0.108240 -0.023030
vn -0.993858 -0.108240 -0.023030
vn 0.993857 0.108253 0.023018
vn 0.993857 0.108253 0.023018
vn 0.993857 0.108253 0.023018
vn -0.100188 0.930627 -0.351988
vn -0.100188 0.930627 -0.351988
vn -0.100188 0.930627 -0.351988
vn -0.100188 0.930627 -0.351988
vn -0.047562 0.505834 -0.861318
vn -0.047562 0.505835 -0.861318
vn -0.047562 0.505835 -0.861318
vn -0.047562 0.505835 -0.861318
vn 0.994112 0.107461 0.013908
vn 0.994112 0.107461 0.013908
vn 0.994112 0.107461 0.013908
vn 0.993339 0.113763 0.018335
vn 0.993339 0.113763 0.018335
vn 0.993339 0.113763 0.018335
vn -0.993338 -0.113767 -0.018333
vn -0.993338 -0.113767 -0.018333
vn -0.993338 -0.113767 -0.018333
vn -0.994112 -0.107462 -0.013903
vn -0.994112 -0.107462 -0.013903
vn -0.994112 -0.107462 -0.013903
vn -0.994164 -0.107459 -0.009527
vn -0.994164 -0.107459 -0.009527
vn -0.994164 -0.107459 -0.009527
vn 0.994164 0.107458 0.009527
vn 0.994164 0.107458 0.009527
vn 0.994164 0.107458 0.009527
vn -0.110664 0.973783 0.198749
vn -0.110664 0.973782 0.198749
vn -0.110664 0.973783 0.198749
vn -0.110664 0.973782 0.198749
vn 0.078001 0.183082 -0.979999
vn 0.078001 0.183082 -0.979998
vn 0.078001 0.183082 -0.979999
vn 0.078001 0.183082 -0.979998
vn -0.937406 0.347477 -0.023033
vn -0.937406 0.347477 -0.023033
vn -0.937406 0.347477 -0.023033
vn 0.937404 -0.347481 0.023027
vn 0.937404 -0.347481 0.023027
vn 0.937404 -0.347481 0.023027
vn 0.326389 0.877251 -0.351995
vn 0.326389 0.877251 -0.351995
vn 0.326389 0.877251 -0.351995
vn 0.326389 0.877251 -0.351995
vn 0.306059 0.425304 -0.851730
vn 0.306059 0.425304 -0.851730
vn 0.306059 0.425304 -0.851730
vn 0.306059 0.425304 -0.851730
vn 0.728057 -0.678217 -0.099774
vn 0.728057 -0.678217 -0.099774
vn 0.728057 -0.678217 -0.099774
vn 0.939410 -0.342306 0.018332
vn 0.939410 -0.342306 0.018332
vn 0.939410 -0.342306 0.018332
vn -0.939411 0.342301 -0.018336
vn -0.939412 0.342301 -0.018336
vn -0.939411 0.342301 -0.018336
vn -0.937285 0.348287 -0.013906
vn -0.937285 0.348287 -0.013906
vn -0.937285 0.348287 -0.013906
vn -0.937285 0.348287 -0.013906
vn -0.735461 0.677282 0.019639
vn -0.735461 0.677282 0.019639
vn -0.735461 0.677282 0.019639
vn -0.735461 0.677282 0.019639
vn 0.937330 -0.348313 0.009528
vn 0.937330 -0.348313 0.009528
vn 0.937330 -0.348313 0.009528
vn 0.741154 0.641244 0.198738
vn 0.741154 0.641244 0.198738
vn 0.741154 0.641244 0.198738
vn 0.741154 0.641244 0.198738
vn 0.183527 0.473765 -0.861316
vn 0.183527 0.473765 -0.861316
vn 0.183527 0.473765 -0.861316
vn 0.183527 0.473765 -0.861316
vn 0.937285 -0.348285 0.013907
vn 0.937285 -0.348285 0.013907
vn 0.937285 -0.348285 0.013907
vn 0.937285 -0.348285 0.013907
vn -0.709427 0.696621 0.106922
vn -0.709427 0.696621 0.106922
vn -0.709427 0.696621 0.106922
vn -0.937331 0.348311 -0.009527
vn -0.937331 0.348311 -0.009527
vn -0.937331 0.348311 -0.009527
vn 0.752673 -0.658291 -0.011664
vn 0.752673 -0.658291 -0.011664
vn 0.752673 -0.658291 -0.011664
vn 0.752673 -0.658291 -0.011664
vn -0.094860 -0.129709 0.987004
vn -0.094860 -0.129709 0.987004
vn -0.094860 -0.129709 0.987004
vn -0.094860 -0.129709 0.987004
vn -0.072672 -0.168532 0.983014
vn -0.072672 -0.168532 0.983014
vn -0.072672 -0.168532 0.983014
vn -0.072672 -0.168532 0.983014
s off
f 1/1/1 10/2/2 11/3/3 3/4/4
f 3/4/5 11/3/6 60/5/7 57/6/8
f 6/7/9 79/8/10 78/9/11 2/10/12
f 7/11/13 6/7/14 2/10/15 4/12/16
f 15/13/17 81/14/18 82/15/19 16/16/20
f 17/17/21 15/13/22 16/16/23 18/18/24
f 19/19/25 67/20/26 68/21/27 20/22/28
f 13/23/29 19/19/30 20/22/31 14/24/32
f 5/25/33 71/26/34 74/27/35 14/28/36
f 10/2/37 80/29/38 81/14/39 15/13/40
f 11/3/41 10/2/42 15/13/43 17/17/44
f 6/7/45 7/11/46 18/18/47 16/16/48
f 7/11/49 59/30/50 62/31/51 18/18/52
f 12/32/53 66/33/54 67/34/55 19/35/56
f 9/36/57 12/32/58 19/35/59 13/37/60
f 8/38/61 5/25/62 14/28/63 20/39/64
f 21/40/65 22/41/66 24/42/67 23/43/68
f 23/43/69 24/42/70 63/44/71 69/45/72
f 25/46/73 26/47/74 28/48/75 27/49/76
f 27/49/77 28/48/78 64/50/79 70/51/80
f 21/40/81 23/43/82 12/32/83 9/36/84
f 23/43/85 69/45/86 66/33/87 12/32/88
f 25/46/89 2/10/90 78/9/91 76/52/92
f 22/41/93 1/1/94 3/4/95 24/42/96
f 27/49/97 4/12/98 2/10/99 25/46/100
f 24/42/101 3/4/102 57/6/103 63/44/104
f 27/49/105 70/51/106 58/53/107 4/12/108
f 8/38/109 65/54/110 64/50/111 28/48/112
f 5/25/113 8/38/114 28/48/115 26/47/116
f 30/55/117 31/56/118 45/57/119 44/58/120
f 36/59/121 35/60/122 47/61/123 48/62/124
f 35/60/125 33/63/126 46/64/127 47/61/128
f 38/65/129 32/66/130 51/67/131 54/68/132
f 43/69/133 46/64/134 33/63/135 29/70/136
f 54/71/137 53/72/138 37/73/139 38/74/140
f 48/62/141 45/57/142 31/56/143 36/59/144
f 53/75/145 52/76/146 34/77/147 37/78/148
f 55/79/149 49/80/150 39/81/151 40/82/152
f 56/83/153 50/84/154 41/85/155 42/86/156
f 52/76/157 55/79/158 40/82/159 34/77/160
f 49/80/161 43/69/162 29/70/163 39/81/164
f 44/58/165 56/83/166 42/86/167 30/55/168
f 50/84/169 51/67/170 32/66/171 41/85/172
f 44/58/173 45/57/174 59/30/175 58/53/176
f 48/62/177 47/61/178 61/87/179 62/31/180
f 47/61/181 46/64/182 60/5/183 61/87/184
f 54/68/185 51/67/186 65/54/187 68/88/188
f 57/6/189 60/5/190 46/64/191 43/69/192
f 68/21/193 67/20/194 53/72/195 54/71/196
f 62/31/197 59/30/198 45/57/199 48/62/200
f 67/34/201 66/33/202 52/76/203 53/75/204
f 69/45/205 63/44/206 49/80/207 55/79/208
f 70/51/209 64/50/210 50/84/211 56/83/212
f 66/33/213 69/45/214 55/79/215 52/76/216
f 63/44/217 57/6/218 43/69/219 49/80/220
f 58/53/221 70/51/222 56/83/223 44/58/224
f 64/50/225 65/54/226 51/67/227 50/84/228
f 58/53/229 59/30/230 7/11/231 4/12/232
f 62/31/233 61/87/234 17/17/235 18/18/236
f 61/87/237 60/5/238 11/3/239 17/17/240
f 68/88/241 65/54/242 8/38/243 20/39/244
f 77/89/245 80/29/246 10/2/247 1/1/248
f 74/90/249 73/91/250 13/23/251 14/24/252
f 73/92/253 72/93/254 9/36/255 13/37/256
f 82/15/257 79/8/258 6/7/259 16/16/260
f 75/94/261 83/95/262 22/41/263 21/40/264
f 76/52/265 84/96/266 26/47/267 25/46/268
f 72/93/269 75/94/270 21/40/271 9/36/272
f 83/95/273 77/89/274 1/1/275 22/41/276
f 84/96/277 71/26/278 5/25/279 26/47/280
f 85/97/281 86/98/282 80/29/283 77/89/284
f 90/99/285 89/100/286 73/91/287 74/90/288
f 89/101/289 93/102/290 72/93/291 73/92/292
f 92/103/293 88/104/294 79/8/295 82/15/296
f 96/105/297 95/106/298 83/95/299 75/94/300
f 98/107/301 97/108/302 84/96/303 76/52/304
f 93/102/305 96/105/306 75/94/307 72/93/308
f 95/106/309 85/97/310 77/89/311 83/95/312
f 97/108/313 94/109/314 71/26/315 84/96/316
f 78/9/317 79/8/318 88/104/319 87/110/320
f 82/15/321 81/14/322 91/111/323 92/103/324
f 74/27/325 71/26/326 94/109/327 90/112/328
f 81/14/329 80/29/330 86/98/331 91/111/332
f 76/52/333 78/9/334 87/110/335 98/107/336
f 86/98/337 85/97/338 95/106/339 91/111/340
f 91/111/341 95/106/342 96/105/343 93/102/344
f 93/102/345 89/100/346 91/111/347
f 91/111/348 89/100/349 92/103/350
f 92/103/351 89/100/352 90/112/353 98/107/354
f 87/110/355 88/104/356 92/103/357 98/107/358
f 97/108/359 98/107/360 90/112/361 94/109/362
f 33/113/363 35/114/364 29/115/365
f 39/116/366 29/115/367 35/114/368 40/117/369
f 34/118/370 40/117/371 35/114/372 37/119/373
f 37/119/374 35/114/375 36/120/376 38/121/377
f 31/122/378 30/123/379 42/124/380 41/125/381
f 31/122/382 41/125/383 36/120/384
f 38/121/385 36/120/386 41/125/387 32/126/388
f 99/127/389 110/128/390 158/129/391 155/130/392
f 101/131/393 109/132/394 146/133/395 141/134/396
f 105/135/397 130/136/398 128/137/399 102/138/400
f 106/139/401 144/140/402 142/141/403 100/142/404
f 111/143/405 165/144/406 166/145/407 112/146/408
f 113/147/409 147/148/410 148/149/411 114/150/412
f 115/151/413 135/152/414 136/153/415 116/154/416
f 117/155/417 149/156/418 150/157/419 118/158/420
f 107/159/421 164/160/422 165/161/423 111/162/424
f 108/163/425 145/164/426 147/165/427 113/166/428
f 103/167/429 143/168/430 148/169/431 112/170/432
f 104/171/433 129/172/434 134/173/435 114/174/436
f 109/132/437 132/175/438 135/152/439 115/151/440
f 110/128/441 146/133/442 149/156/443 117/155/444
f 105/135/445 144/140/446 150/157/447 116/154/448
f 106/139/449 157/176/450 160/177/451 118/158/452
f 119/178/453 120/179/454 161/180/455 167/181/456
f 120/179/457 119/178/458 151/182/459 152/183/460
f 123/184/461 124/185/462 162/186/463 168/187/464
f 124/185/465 123/184/466 153/188/467 154/189/468
f 119/178/469 167/181/470 164/160/471 107/159/472
f 121/190/473 151/182/474 145/164/475 108/163/476
f 120/179/477 99/127/478 155/130/479 161/180/480
f 122/191/481 137/192/482 127/193/483 101/131/484
f 125/194/485 102/138/486 128/137/487 140/195/488
f 122/191/489 101/131/490 141/134/491 152/183/492
f 123/184/493 100/142/494 142/141/495 153/188/496
f 103/167/497 163/196/498 162/186/499 124/185/500
f 104/171/501 143/168/502 154/189/503 126/197/504
f 127/193/505 132/175/506 109/132/507 101/131/508
f 134/198/509 133/199/510 113/147/511 114/150/512
f 133/200/513 131/201/514 108/163/515 113/166/516
f 136/153/517 130/136/518 105/135/519 116/154/520
f 138/202/521 137/192/522 122/191/523 121/190/524
f 140/195/525 139/203/526 126/197/527 125/194/528
f 131/201/529 138/202/530 121/190/531 108/163/532
f 139/203/533 129/172/534 104/171/535 126/197/536
f 141/134/537 146/133/538 110/128/539 99/127/540
f 142/141/541 144/140/542 105/135/543 102/138/544
f 148/149/545 147/148/546 111/143/547 112/146/548
f 150/157/549 149/156/550 115/151/551 116/154/552
f 147/165/553 145/164/554 107/159/555 111/162/556
f 148/169/557 143/168/558 104/171/559 114/174/560
f 149/156/561 146/133/562 109/132/563 115/151/564
f 150/157/565 144/140/566 106/139/567 118/158/568
f 152/183/569 151/182/570 121/190/571 122/191/572
f 154/189/573 153/188/574 125/194/575 126/197/576
f 145/164/577 151/182/578 119/178/579 107/159/580
f 152/183/581 141/134/582 99/127/583 120/179/584
f 153/188/585 142/141/586 102/138/587 125/194/588
f 154/189/589 143/168/590 103/167/591 124/185/592
f 156/204/593 157/176/594 106/139/595 100/142/596
f 160/177/597 159/205/598 117/155/599 118/158/600
f 166/206/601 163/196/602 103/167/603 112/170/604
f 159/205/605 158/129/606 110/128/607 117/155/608
f 168/187/609 156/204/610 100/142/611 123/184/612
f 171/207/613 172/208/614 157/176/615 156/204/616
f 176/209/617 175/210/618 159/205/619 160/177/620
f 174/211/621 178/212/622 163/196/623 166/206/624
f 175/210/625 170/213/626 158/129/627 159/205/628
f 182/214/629 171/207/630 156/204/631 168/187/632
f 155/130/633 158/129/634 170/213/635 169/215/636
f 166/145/637 165/144/638 173/216/639 174/217/640
f 165/161/641 164/160/642 177/218/643 173/219/644
f 160/177/645 157/176/646 172/208/647 176/209/648
f 167/181/649 161/180/650 179/220/651 180/221/652
f 168/187/653 162/186/654 181/222/655 182/214/656
f 164/160/657 167/181/658 180/221/659 177/218/660
f 161/180/661 155/130/662 169/215/663 179/220/664
f 162/186/665 163/196/666 178/212/667 181/222/668
f 179/220/669 169/215/670 170/213/671 175/210/672
f 179/220/673 175/210/674 180/221/675
f 177/218/676 180/221/677 175/210/678 173/219/679
f 173/219/680 175/210/681 176/209/682 174/217/683
f 172/208/684 171/207/685 182/214/686 176/209/687
f 174/217/688 176/209/689 182/214/690 178/212/691
f 182/214/692 181/222/693 178/212/694
f 140/223/695 128/224/696 130/225/697 136/226/698
f 135/227/699 132/228/700 127/229/701 137/230/702
f 134/231/703 129/232/704 139/233/705 140/223/706
f 140/223/707 136/226/708 134/231/709
f 134/231/710 136/226/711 135/227/712 133/234/713
f 133/234/714 135/227/715 137/230/716 138/235/717
f 138/235/718 131/236/719 133/234/720
f 183/237/721 184/238/722 186/239/723 185/240/724
f 185/240/725 186/239/726 188/241/727 187/242/728
f 184/238/729 190/243/730 188/241/731 186/239/732
f 187/242/733 188/241/734 196/244/735 195/245/736
f 188/241/737 190/243/738 198/246/739 196/244/740
f 189/247/741 190/243/742 184/238/743 183/237/744
f 187/242/745 189/247/746 183/237/747 185/240/748
f 191/248/749 192/249/750 198/246/751 197/250/752
f 193/251/753 191/248/754 197/250/755 195/245/756
f 195/245/757 196/244/758 194/252/759 193/251/760
f 196/244/761 198/246/762 192/249/763 194/252/764
f 197/250/765 198/246/766 190/243/767 189/247/768
f 195/245/769 197/250/770 189/247/771 187/242/772
f 191/248/773 193/251/774 194/252/775 192/249/776
f 219/253/777 220/254/778 221/255/779 222/256/780
f 201/257/781 202/258/782 212/259/783 211/260/784
f 205/261/785 206/262/786 210/263/787 209/264/788
f 200/265/789 214/266/790 212/259/791 202/258/792
f 205/261/793 209/264/794 207/267/795 203/268/796
f 207/267/797 208/269/798 204/270/799 203/268/800
f 209/264/801 210/263/802 216/271/803 215/272/804
f 208/269/805 210/263/806 206/262/807 204/270/808
f 207/267/809 209/264/810 215/272/811 217/273/812
f 211/260/813 212/259/814 218/274/815 217/273/816
f 212/259/817 214/266/818 216/271/819 218/274/820
f 213/275/821 214/266/822 200/265/823 199/276/824
f 211/260/825 213/275/826 199/276/827 201/257/828
f 215/272/829 216/271/830 214/266/831 213/275/832
f 217/273/833 215/272/834 213/275/835 211/260/836
f 217/273/837 218/274/838 208/269/839 207/267/840
f 218/274/841 216/271/842 210/263/843 208/269/844
f 199/276/845 200/265/846 220/254/847 219/253/848
f 200/265/849 202/258/850 221/255/851 220/254/852
f 202/258/853 201/257/854 222/256/855 221/255/856
f 201/257/857 199/276/858 219/253/859 222/256/860
f 223/277/861 224/278/862 226/279/863 225/280/864
f 225/280/865 226/279/866 236/281/867 235/282/868
f 229/283/869 230/284/870 234/285/871 233/286/872
f 224/278/873 238/287/874 236/281/875 226/279/876
f 229/283/877 233/286/878 231/288/879 227/289/880
f 231/288/881 232/290/882 228/291/883 227/289/884
f 233/286/885 234/285/886 238/287/887 237/292/888
f 232/290/889 234/285/890 230/284/891 228/291/892
f 231/288/893 233/286/894 237/292/895 235/282/896
f 235/282/897 236/281/898 232/290/899 231/288/900
f 236/281/901 238/287/902 234/285/903 232/290/904
f 237/292/905 238/287/906 224/278/907 223/277/908
f 235/282/909 237/292/910 223/277/911 225/280/912
f 241/293/913 242/294/914 246/295/915 245/296/916
f 241/293/917 245/296/918 243/297/919 239/298/920
f 243/297/921 244/299/922 240/300/923 239/298/924
f 245/296/925 246/295/926 248/301/927 247/302/928
f 244/299/929 246/295/930 242/294/931 240/300/932
f 243/297/933 245/296/934 247/302/935 249/303/936
f 249/303/937 250/304/938 244/299/939 243/297/940
f 250/304/941 248/301/942 246/295/943 244/299/944
f 247/302/945 248/301/946 250/304/947 249/303/948
f 253/305/949 257/306/950 258/307/951 254/308/952
f 253/305/953 251/309/954 255/310/955 257/306/956
f 256/311/957 255/310/958 251/309/959 252/312/960
f 258/307/961 257/306/962 259/313/963 260/314/964
f 258/307/965 256/311/966 252/312/967 254/308/968
f 257/306/969 255/310/970 261/315/971 259/313/972
f 262/316/973 261/315/974 255/310/975 256/311/976
f 260/314/977 262/316/978 256/311/979 258/307/980
f 260/314/981 259/313/982 261/315/983 262/316/984
f 263/317/985 265/318/986 266/319/987 264/320/988
f 265/318/989 267/321/990 268/322/991 266/319/992
f 264/320/993 266/319/994 268/322/995 270/323/996
f 268/322/997 267/321/998 273/324/999 274/325/1000
f 270/323/1001 268/322/1002 274/325/1003 272/326/1004
f 270/323/1005 269/327/1006 263/317/1007 264/320/1008
f 269/327/1009 267/321/1010 265/318/1011 263/317/1012
f 272/326/1013 271/328/1014 269/327/1015 270/323/1016
f 271/328/1017 273/324/1018 267/321/1019 269/327/1020
f 272/326/1021 274/325/1022 273/324/1023 271/328/1024
f 279/329/1025 275/330/1026 278/331/1027 280/332/1028
f 281/333/1029 291/334/1030 292/335/1031 282/336/1032
f 276/337/1033 281/333/1034 282/336/1035 277/338/1036
f 281/333/1037 276/337/1038 283/339/1039 284/340/1040
f 285/341/1041 283/339/1042 276/337/1043 277/338/1044
f 286/342/1045 285/341/1046 277/338/1047 282/336/1048
f 287/343/1049 298/344/1050 295/345/1051 280/332/1052
f 288/346/1053 287/343/1054 280/332/1055 278/331/1056
f 275/330/1057 289/347/1058 288/346/1059 278/331/1060
f 290/348/1061 289/347/1062 275/330/1063 279/329/1064
f 279/329/1065 297/349/1066 296/350/1067 290/348/1068
f 292/335/1069 291/334/1070 297/349/1071 295/345/1072
f 292/335/1073 293/351/1074 286/342/1075 282/336/1076
f 294/352/1077 291/334/1078 281/333/1079 284/340/1080
f 295/345/1081 298/344/1082 293/351/1083 292/335/1084
f 296/350/1085 297/349/1086 291/334/1087 294/352/1088
f 295/345/1089 297/349/1090 279/329/1091 280/332/1092
f 285/341/1093 286/342/1094 283/339/1095
f 283/339/1096 286/342/1097 284/340/1098
f 284/340/1099 286/342/1100 293/351/1101 294/352/1102
f 294/352/1103 293/351/1104 298/344/1105 296/350/1106
f 298/344/1107 287/343/1108 296/350/1109
f 288/346/1110 289/347/1111 287/343/1112
f 287/343/1113 289/347/1114 290/348/1115 296/350/1116
f 299/353/1117 303/354/1118 304/355/1119 300/356/1120
f 301/357/1121 300/356/1122 304/355/1123 305/358/1124
f 302/359/1125 299/353/1126 300/356/1127 301/357/1128
f 306/360/1129 303/354/1130 299/353/1131 302/359/1132
f 301/357/1133 308/361/1134 309/362/1135 302/359/1136
f 302/359/1137 309/362/1138 310/363/1139 306/360/1140
f 304/355/1141 303/354/1142 305/358/1143
f 303/354/1144 306/360/1145 305/358/1146
f 307/364/1147 308/361/1148 301/357/1149 305/358/1150
f 310/363/1151 307/364/1152 305/358/1153 306/360/1154
f 307/364/1155 310/363/1156 309/362/1157 308/361/1158
f 311/365/1159 313/366/1160 314/367/1161 312/368/1162
f 313/366/1163 323/369/1164 324/370/1165 314/367/1166
f 317/371/1167 321/372/1168 322/373/1169 318/374/1170
f 312/368/1171 314/367/1172 324/370/1173 326/375/1174
f 317/371/1175 315/376/1176 319/377/1177 321/372/1178
f 320/378/1179 319/377/1180 315/376/1181 316/379/1182
f 322/373/1183 321/372/1184 325/380/1185 326/375/1186
f 322/373/1187 320/378/1188 316/379/1189 318/374/1190
f 321/372/1191 319/377/1192 323/369/1193 325/380/1194
f 324/370/1195 323/369/1196 319/377/1197 320/378/1198
f 326/375/1199 324/370/1200 320/378/1201 322/373/1202
f 326/375/1203 325/380/1204 311/365/1205 312/368/1206
f 325/380/1207 323/369/1208 313/366/1209 311/365/1210
f 327/381/1211 329/382/1212 330/383/1213 328/384/1214
f 329/382/1215 339/385/1216 340/386/1217 330/383/1218
f 333/387/1219 337/388/1220 338/389/1221 334/390/1222
f 328/384/1223 330/383/1224 340/386/1225 342/391/1226
f 333/387/1227 331/392/1228 335/393/1229 337/388/1230
f 336/394/1231 335/393/1232 331/392/1233 332/395/1234
f 338/389/1235 337/388/1236 341/396/1237 342/391/1238
f 338/389/1239 336/394/1240 332/395/1241 334/390/1242
f 337/388/1243 335/393/1244 339/385/1245 341/396/1246
f 340/386/1247 339/385/1248 335/393/1249 336/394/1250
f 342/391/1251 340/386/1252 336/394/1253 338/389/1254
f 342/391/1255 341/396/1256 327/381/1257 328/384/1258
f 341/396/1259 339/385/1260 329/382/1261 327/381/1262
f 347/397/1263 350/398/1264 357/399/1265 358/400/1266
f 343/401/1267 355/402/1268 356/403/1269 345/404/1270
f 343/401/1271 347/397/1272 358/400/1273 355/402/1274
f 344/405/1275 348/406/1276 349/407/1277 346/408/1278
f 345/404/1279 350/398/1280 347/397/1281 343/401/1282
f 351/409/1283 344/405/1284 346/408/1285 352/410/1286
f 354/411/1287 353/412/1288 349/407/1289 348/406/1290
f 351/409/1291 354/411/1292 348/406/1293 344/405/1294
f 355/402/1295 373/413/1296 376/414/1297 356/403/1298
f 358/400/1299 357/399/1300 374/415/1301 377/416/1302
f 355/402/1303 358/400/1304 377/416/1305 373/413/1306
f 361/417/1307 366/418/1308 357/399/1309 350/398/1310
f 359/419/1311 345/404/1312 356/403/1313 365/420/1314
f 359/419/1315 365/420/1316 366/418/1317 361/417/1318
f 360/421/1319 346/408/1320 349/407/1321 362/422/1322
f 345/404/1323 359/419/1324 361/417/1325 350/398/1326
f 363/423/1327 352/410/1328 346/408/1329 360/421/1330
f 364/424/1331 362/422/1332 349/407/1333 353/412/1334
f 363/423/1335 360/421/1336 362/422/1337 364/424/1338
f 365/420/1339 356/403/1340 376/414/1341 378/425/1342
f 366/418/1343 375/426/1344 374/415/1345 357/399/1346
f 365/420/1347 378/425/1348 375/426/1349 366/418/1350
f 368/427/1351 367/428/1352 351/409/1353 352/410/1354
f 370/429/1355 369/430/1356 353/412/1357 354/411/1358
f 367/428/1359 370/429/1360 354/411/1361 351/409/1362
f 371/431/1363 368/427/1364 352/410/1365 363/423/1366
f 369/430/1367 372/432/1368 364/424/1369 353/412/1370
f 372/432/1371 371/431/1372 363/423/1373 364/424/1374
f 376/414/1375 373/413/1376 367/428/1377 368/427/1378
f 377/416/1379 374/415/1380 369/430/1381 370/429/1382
f 373/413/1383 377/416/1384 370/429/1385 367/428/1386
f 378/425/1387 376/414/1388 368/427/1389 371/431/1390
f 374/415/1391 375/426/1392 372/432/1393 369/430/1394
f 375/426/1395 378/425/1396 371/431/1397 372/432/1398
f 379/433/1399 385/434/1400 386/435/1401 381/436/1402
f 380/437/1403 393/438/1404 394/439/1405 382/440/1406
f 381/436/1407 391/441/1408 392/442/1409 379/433/1410
f 384/443/1411 383/444/1412 380/437/1413 382/440/1414
f 386/435/1415 385/434/1416 383/444/1417 384/443/1418
f 387/445/1419 381/436/1420 386/435/1421 390/446/1422
f 388/447/1423 382/440/1424 394/439/1425 395/448/1426
f 381/436/1427 387/445/1428 396/449/1429 391/441/1430
f 384/443/1431 382/440/1432 388/447/1433 389/450/1434
f 386/435/1435 384/443/1436 389/450/1437 390/446/1438
f 379/433/1439 392/442/1440 417/451/1441 415/452/1442
f 387/445/1443 399/453/1444 402/454/1445 396/449/1446
f 398/455/1447 397/456/1448 405/457/1449 403/458/1450
f 401/459/1451 398/455/1452 403/458/1453 404/460/1454
f 402/454/1455 399/453/1456 408/461/1457 410/462/1458
f 400/463/1459 399/453/1460 387/445/1461 390/446/1462
f 397/456/1463 406/464/1464 405/457/1465
f 401/459/1466 404/460/1467 407/465/1468
f 395/448/1469 394/439/1470 391/466/1471 396/467/1472
f 392/468/1473 391/466/1474 394/439/1475 393/438/1476
f 403/458/1477 405/457/1478 389/450/1479 388/447/1480
f 404/460/1481 403/458/1482 388/447/1483 395/448/1484
f 389/450/1485 405/457/1486 390/446/1487
f 406/464/1488 400/463/1489 390/446/1490 405/457/1491
f 406/464/1492 411/469/1493 409/470/1494 400/463/1495
f 395/448/1496 396/467/1497 404/460/1498
f 396/467/1499 402/471/1500 407/465/1501 404/460/1502
f 409/470/1503 408/461/1504 399/453/1505 400/463/1506
f 410/472/1507 412/473/1508 407/465/1509 402/471/1510
f 407/474/1511 412/475/1512 411/469/1513 406/464/1514
f 401/459/1515 407/474/1516 406/464/1517 398/455/1518
f 398/455/1519 406/464/1520 397/456/1521
f 409/470/1522 411/469/1523 412/475/1524 408/461/1525
f 410/462/1526 408/461/1527 412/475/1528
f 414/476/1529 413/477/1530 383/444/1531 385/434/1532
f 415/452/1533 414/476/1534 385/434/1535 379/433/1536
f 416/478/1537 418/479/1538 393/438/1539 380/437/1540
f 413/477/1541 416/478/1542 380/437/1543 383/444/1544
f 418/479/1545 417/480/1546 392/468/1547 393/438/1548
f 414/476/1549 415/481/1550 416/478/1551 413/477/1552
f 416/478/1553 415/481/1554 417/482/1555 418/479/1556
f 424/483/1557 426/484/1558 433/485/1559 434/486/1560
f 419/487/1561 431/488/1562 432/489/1563 421/490/1564
f 419/487/1565 424/483/1566 439/491/1567 442/492/1568
f 420/493/1569 423/494/1570 425/495/1571 422/496/1572
f 432/489/1573 433/485/1574 426/484/1575 421/490/1576
f 421/490/1577 426/484/1578 424/483/1579 419/487/1580
f 427/497/1581 420/493/1582 422/496/1583 428/498/1584
f 422/496/1585 425/495/1586 429/499/1587 428/498/1588
f 430/500/1589 429/499/1590 425/495/1591 423/494/1592
f 431/488/1593 435/501/1594 436/502/1595 432/489/1596
f 428/498/1597 429/499/1598 437/503/1599 436/502/1600
f 434/486/1601 433/485/1602 437/503/1603 438/504/1604
f 428/498/1605 436/502/1606 435/501/1607 427/497/1608
f 436/502/1609 437/503/1610 433/485/1611 432/489/1612
f 438/504/1613 437/503/1614 429/499/1615 430/500/1616
f 438/504/1617 447/505/1618 440/506/1619 434/486/1620
f 440/506/1621 439/491/1622 424/483/1623 434/486/1624
f 442/492/1625 441/507/1626 431/488/1627 419/487/1628
f 444/508/1629 443/509/1630 423/494/1631 420/493/1632
f 443/509/1633 445/510/1634 430/500/1635 423/494/1636
f 446/511/1637 444/508/1638 420/493/1639 427/497/1640
f 438/504/1641 430/500/1642 445/510/1643 447/505/1644
f 446/511/1645 427/497/1646 435/501/1647 448/512/1648
f 441/507/1649 448/512/1650 435/501/1651 431/488/1652
f 442/492/1653 439/491/1654 440/506/1655 441/507/1656
f 441/507/1657 440/506/1658 447/505/1659 448/512/1660
f 448/512/1661 447/505/1662 445/510/1663 446/511/1664
f 445/510/1665 443/509/1666 444/508/1667 446/511/1668
f 449/513/1669 469/514/1670 470/515/1671 450/516/1672
f 450/516/1673 470/515/1674 471/517/1675 453/518/1676
f 453/518/1677 471/517/1678 507/519/1679 497/520/1680
f 455/521/1681 468/522/1682 469/514/1683 449/513/1684
f 460/523/1685 502/524/1686 500/525/1687 456/526/1688
f 461/527/1689 460/523/1690 456/526/1691 452/528/1692
f 462/529/1693 461/527/1694 452/528/1695 451/530/1696
f 463/531/1697 462/529/1698 451/530/1699 454/532/1700
f 474/533/1701 473/534/1702 475/535/1703 476/536/1704
f 477/537/1705 474/533/1706 476/536/1707 478/538/1708
f 479/539/1709 511/540/1710 512/541/1711 480/542/1712
f 481/543/1713 479/539/1714 480/542/1715 482/544/1716
f 483/545/1717 481/543/1718 482/544/1719 484/546/1720
f 485/547/1721 483/545/1722 484/546/1723 486/548/1724
f 487/549/1725 515/550/1726 516/551/1727 488/552/1728
f 473/534/1729 487/549/1730 488/552/1731 475/535/1732
f 466/553/1733 465/554/1734 473/555/1735 474/556/1736
f 457/557/1737 458/558/1738 476/559/1739 475/560/1740
f 467/561/1741 466/553/1742 474/556/1743 477/562/1744
f 458/558/1745 459/563/1746 478/564/1747 476/559/1748
f 459/563/1749 501/565/1750 510/566/1751 478/564/1752
f 468/522/1753 506/567/1754 511/540/1755 479/539/1756
f 469/514/1757 468/522/1758 479/539/1759 481/543/1760
f 460/523/1761 461/527/1762 482/544/1763 480/542/1764
f 470/515/1765 469/514/1766 481/543/1767 483/545/1768
f 461/527/1769 462/529/1770 484/546/1771 482/544/1772
f 471/517/1773 470/515/1774 483/545/1775 485/547/1776
f 462/529/1777 463/531/1778 486/548/1779 484/546/1780
f 463/531/1781 503/568/1782 514/569/1783 486/548/1784
f 472/570/1785 508/571/1786 515/572/1787 487/573/1788
f 465/554/1789 472/570/1790 487/573/1791 473/555/1792
f 464/574/1793 457/557/1794 475/560/1795 488/575/1796
f 489/576/1797 490/577/1798 465/554/1799 466/553/1800
f 492/578/1801 489/576/1802 466/553/1803 467/561/1804
f 490/577/1805 491/579/1806 472/570/1807 465/554/1808
f 472/570/1809 491/579/1810 517/580/1811 508/571/1812
f 494/581/1813 493/582/1814 458/558/1815 457/557/1816
f 493/582/1817 496/583/1818 459/563/1819 458/558/1820
f 495/584/1821 494/581/1822 457/557/1823 464/574/1824
f 519/585/1825 495/584/1826 464/574/1827 504/586/1828
f 489/576/1829 449/513/1830 450/516/1831 490/577/1832
f 494/581/1833 451/530/1834 452/528/1835 493/582/1836
f 490/577/1837 450/516/1838 453/518/1839 491/579/1840
f 495/584/1841 454/532/1842 451/530/1843 494/581/1844
f 491/579/1845 453/518/1846 497/520/1847 517/580/1848
f 495/584/1849 519/585/1850 498/587/1851 454/532/1852
f 492/578/1853 518/588/1854 499/589/1855 455/521/1856
f 496/583/1857 456/526/1858 500/525/1859 520/590/1860
f 492/578/1861 455/521/1862 449/513/1863 489/576/1864
f 493/582/1865 452/528/1866 456/526/1867 496/583/1868
f 499/589/1869 506/567/1870 468/522/1871 455/521/1872
f 498/587/1873 503/568/1874 463/531/1875 454/532/1876
f 510/591/1877 509/592/1878 477/537/1879 478/538/1880
f 514/569/1881 513/593/1882 485/547/1883 486/548/1884
f 509/594/1885 505/595/1886 467/561/1887 477/562/1888
f 512/541/1889 502/524/1890 460/523/1891 480/542/1892
f 513/593/1893 507/519/1894 471/517/1895 485/547/1896
f 516/596/1897 504/586/1898 464/574/1899 488/575/1900
f 518/588/1901 492/578/1902 467/561/1903 505/595/1904
f 459/563/1905 496/583/1906 520/590/1907 501/565/1908
f 506/597/1909 499/598/1910 518/599/1911 511/600/1912
f 511/600/1913 518/599/1914 505/601/1915
f 505/601/1916 509/602/1917 511/600/1918
f 512/603/1919 511/600/1920 509/602/1921 510/604/1922
f 520/605/1923 500/606/1924 502/607/1925 512/603/1926
f 512/603/1927 510/604/1928 520/605/1929
f 520/605/1930 510/604/1931 501/608/1932
f 517/609/1933 497/610/1934 507/611/1935 513/612/1936
f 517/609/1937 513/612/1938 508/613/1939
f 508/613/1940 513/612/1941 515/614/1942
f 515/614/1943 513/612/1944 514/615/1945 516/616/1946
f 503/617/1947 498/618/1948 519/619/1949 514/615/1950
f 514/615/1951 519/619/1952 516/616/1953
f 516/616/1954 519/619/1955 504/620/1956
f 522/621/1957 521/622/1958 540/623/1959 539/624/1960
f 524/625/1961 533/626/1962 534/627/1963 523/628/1964
f 526/629/1965 525/630/1966 535/631/1967 536/632/1968
f 527/633/1969 526/629/1970 536/632/1971 532/634/1972
f 538/635/1973 527/633/1974 532/634/1975 537/636/1976
f 528/637/1977 527/633/1978 538/635/1979 539/638/1980
f 530/639/1981 529/640/1982 540/623/1983 541/641/1984
f 533/626/1985 524/625/1986 530/639/1987 541/641/1988
f 533/626/1989 541/641/1990 542/642/1991 531/643/1992
f 532/644/1993 531/643/1994 542/642/1995 537/645/1996
f 534/627/1997 535/646/1998 525/647/1999 523/628/2000
f 539/624/2001 540/623/2002 529/640/2003 528/648/2004
f 538/635/2005 537/636/2006 522/649/2007
f 539/638/2008 538/635/2009 522/649/2010
f 541/641/2011 540/623/2012 521/622/2013
f 542/642/2014 541/641/2015 521/622/2016
f 537/645/2017 542/642/2018 521/622/2019 522/621/2020
f 531/643/2021 532/644/2022 536/650/2023 533/626/2024
f 536/650/2025 535/646/2026 534/627/2027 533/626/2028
f 523/628/2029 525/647/2030 526/651/2031 524/625/2032
f 524/625/2033 526/651/2034 527/652/2035 530/639/2036
f 527/652/2037 528/648/2038 529/640/2039 530/639/2040
f 545/653/2041 546/654/2042 544/655/2043 543/656/2044
f 547/657/2045 551/658/2046 561/661/2047
f 561/661/2048 551/658/2049 565/660/2050
f 551/658/2051 555/659/2052 565/660/2053
f 548/662/2054 547/657/2055 561/661/2056 562/663/2057
f 543/656/2058 544/655/2059 563/664/2060 562/663/2061
f 550/665/2062 549/666/2063 563/664/2064 564/667/2065
f 554/668/2066 553/669/2067 546/654/2068 545/653/2069
f 554/668/2070 559/670/2071 558/671/2072
f 553/669/2073 560/672/2074 546/654/2075
f 566/673/2076 564/667/2077 560/672/2078
f 560/672/2079 564/667/2080 546/654/2081
f 558/671/2082 557/674/2083 553/669/2084 554/668/2085
f 557/674/2086 560/672/2087 553/669/2088
f 560/672/2089 557/674/2090 558/671/2091 559/670/2092
f 559/670/2093 565/660/2094 566/673/2095 560/672/2096
f 555/659/2097 551/658/2098 552/675/2099 556/676/2100
f 550/665/2101 552/675/2102 551/658/2103 547/657/2104
f 548/662/2105 549/666/2106 550/665/2107 547/657/2108
f 554/668/2109 545/653/2110 559/670/2111
f 565/660/2112 559/670/2113 561/661/2114
f 561/661/2115 559/670/2116 545/653/2117
f 562/663/2118 561/661/2119 545/653/2120 543/656/2121
f 562/663/2122 563/664/2123 549/666/2124 548/662/2125
f 564/667/2126 563/664/2127 544/655/2128 546/654/2129
f 550/665/2130 564/667/2131 552/675/2132
f 566/673/2133 556/676/2134 564/667/2135
f 564/667/2136 556/676/2137 552/675/2138
f 566/673/2139 565/660/2140 555/659/2141 556/676/2142
f 570/677/2143 567/678/2144 568/679/2145 569/680/2146
f 567/678/2147 581/681/2148 587/682/2149
f 567/678/2150 587/682/2151 584/683/2152 568/679/2153
f 580/684/2154 579/685/2155 586/686/2156 574/687/2157
f 586/686/2158 588/688/2159 574/687/2160
f 570/677/2161 569/680/2162 582/689/2163 588/688/2164
f 567/678/2165 570/677/2166 586/686/2167 581/681/2168
f 571/690/2169 568/679/2170 584/683/2171 585/691/2172
f 572/692/2173 583/693/2174 582/689/2175 569/680/2176
f 571/690/2177 585/691/2178 583/693/2179 572/692/2180
f 575/694/2181 573/695/2182 574/687/2183 576/696/2184
f 580/684/2185 574/687/2186 573/695/2187 578/697/2188
f 578/697/2189 577/698/2190 579/685/2191 580/684/2192
f 581/681/2193 577/698/2194 578/697/2195 573/695/2196
f 587/682/2197 581/681/2198 573/695/2199
f 584/683/2200 587/682/2201 573/695/2202
f 588/688/2203 586/686/2204 570/677/2205
f 588/688/2206 582/689/2207 574/687/2208
f 581/681/2209 586/686/2210 579/685/2211 577/698/2212
f 585/691/2213 584/683/2214 573/695/2215 575/694/2216
f 582/689/2217 583/693/2218 576/696/2219 574/687/2220
f 583/693/2221 585/691/2222 575/694/2223 576/696/2224
f 572/692/2225 569/680/2226 568/679/2227 571/690/2228
f 597/699/2229 598/700/2230 593/701/2231 591/702/2232
f 600/703/2233 589/704/2234 594/705/2235 599/706/2236
f 600/703/2237 597/699/2238 591/702/2239 589/704/2240
f 589/704/2241 591/702/2242 593/701/2243 594/705/2244
f 590/707/2245 592/708/2246 601/709/2247 602/710/2248
f 593/701/2249 598/700/2250 612/711/2251 610/712/2252
f 594/705/2253 593/701/2254 610/712/2255 611/713/2256
f 599/706/2257 594/705/2258 611/713/2259 609/714/2260
f 595/715/2261 603/716/2262 601/709/2263 592/708/2264
f 596/717/2265 595/715/2266 592/708/2267 590/707/2268
f 604/718/2269 596/717/2270 590/707/2271 602/710/2272
f 609/714/2273 612/711/2274 598/700/2275 599/706/2276
f 598/700/2277 597/699/2278 600/703/2279 599/706/2280
f 605/719/2281 607/720/2282 603/716/2283 595/715/2284
f 606/721/2285 605/719/2286 595/715/2287 596/717/2288
f 608/722/2289 606/721/2290 596/717/2291 604/718/2292
f 603/716/2293 607/720/2294 608/722/2295 604/718/2296
f 602/710/2297 601/709/2298 603/716/2299 604/718/2300
f 610/712/2301 612/711/2302 607/720/2303 605/719/2304
f 611/713/2305 610/712/2306 605/719/2307 606/721/2308
f 609/714/2309 611/713/2310 606/721/2311 608/722/2312
f 612/711/2313 609/714/2314 608/722/2315 607/720/2316
f 622/723/2317 615/724/2318 617/725/2319 621/726/2320
f 623/727/2321 624/728/2322 618/729/2323 613/730/2324
f 623/727/2325 613/730/2326 615/724/2327 622/723/2328
f 613/730/2329 618/729/2330 617/725/2331 615/724/2332
f 614/731/2333 625/732/2334 626/733/2335 616/734/2336
f 617/725/2337 619/735/2338 627/736/2339 621/726/2340
f 618/729/2341 620/737/2342 619/735/2343 617/725/2344
f 624/728/2345 628/738/2346 620/737/2347 618/729/2348
f 619/735/2349 616/734/2350 626/733/2351 627/736/2352
f 620/737/2353 614/731/2354 616/734/2355 619/735/2356
f 628/738/2357 625/732/2358 614/731/2359 620/737/2360
f 623/727/2361 622/723/2362 621/726/2363 624/728/2364
f 624/728/2365 621/726/2366 627/736/2367 628/738/2368
f 627/736/2369 626/733/2370 625/732/2371 628/738/2372
f 629/739/2373 649/740/2374 650/741/2375 630/742/2376
f 630/742/2377 650/741/2378 651/743/2379 633/744/2380
f 633/744/2381 651/743/2382 687/745/2383 677/746/2384
f 635/747/2385 648/748/2386 649/740/2387 629/739/2388
f 640/749/2389 682/750/2390 680/751/2391 636/752/2392
f 641/753/2393 640/749/2394 636/752/2395 632/754/2396
f 642/755/2397 641/753/2398 632/754/2399 631/756/2400
f 643/757/2401 642/755/2402 631/756/2403 634/758/2404
f 654/759/2405 653/760/2406 655/761/2407 656/762/2408
f 657/763/2409 654/759/2410 656/762/2411 658/764/2412
f 659/765/2413 691/766/2414 692/767/2415 660/768/2416
f 661/769/2417 659/765/2418 660/768/2419 662/770/2420
f 663/771/2421 661/769/2422 662/770/2423 664/772/2424
f 665/773/2425 663/771/2426 664/772/2427 666/774/2428
f 667/775/2429 695/776/2430 696/777/2431 668/778/2432
f 653/760/2433 667/775/2434 668/778/2435 655/761/2436
f 646/779/2437 645/780/2438 653/781/2439 654/782/2440
f 637/783/2441 638/784/2442 656/785/2443 655/786/2444
f 647/787/2445 646/779/2446 654/782/2447 657/788/2448
f 638/784/2449 639/789/2450 658/790/2451 656/785/2452
f 639/789/2453 681/791/2454 690/792/2455 658/790/2456
f 648/748/2457 686/793/2458 691/766/2459 659/765/2460
f 649/740/2461 648/748/2462 659/765/2463 661/769/2464
f 640/749/2465 641/753/2466 662/770/2467 660/768/2468
f 650/741/2469 649/740/2470 661/769/2471 663/771/2472
f 641/753/2473 642/755/2474 664/772/2475 662/770/2476
f 651/743/2477 650/741/2478 663/771/2479 665/773/2480
f 642/755/2481 643/757/2482 666/774/2483 664/772/2484
f 643/757/2485 683/794/2486 694/795/2487 666/774/2488
f 652/796/2489 688/797/2490 695/798/2491 667/799/2492
f 645/780/2493 652/796/2494 667/799/2495 653/781/2496
f 644/800/2497 637/783/2498 655/786/2499 668/801/2500
f 669/802/2501 670/803/2502 645/780/2503 646/779/2504
f 672/804/2505 669/802/2506 646/779/2507 647/787/2508
f 670/803/2509 671/805/2510 652/796/2511 645/780/2512
f 652/796/2513 671/805/2514 697/806/2515 688/797/2516
f 674/807/2517 673/808/2518 638/784/2519 637/783/2520
f 673/808/2521 676/809/2522 639/789/2523 638/784/2524
f 675/810/2525 674/807/2526 637/783/2527 644/800/2528
f 699/811/2529 675/810/2530 644/800/2531 684/812/2532
f 669/802/2533 629/739/2534 630/742/2535 670/803/2536
f 674/807/2537 631/756/2538 632/754/2539 673/808/2540
f 670/803/2541 630/742/2542 633/744/2543 671/805/2544
f 675/810/2545 634/758/2546 631/756/2547 674/807/2548
f 671/805/2549 633/744/2550 677/746/2551 697/806/2552
f 675/810/2553 699/811/2554 678/813/2555 634/758/2556
f 672/804/2557 698/814/2558 679/815/2559 635/747/2560
f 676/809/2561 636/752/2562 680/751/2563 700/816/2564
f 672/804/2565 635/747/2566 629/739/2567 669/802/2568
f 673/808/2569 632/754/2570 636/752/2571 676/809/2572
f 679/815/2573 686/793/2574 648/748/2575 635/747/2576
f 678/813/2577 683/794/2578 643/757/2579 634/758/2580
f 690/817/2581 689/818/2582 657/763/2583 658/764/2584
f 694/795/2585 693/819/2586 665/773/2587 666/774/2588
f 689/820/2589 685/821/2590 647/787/2591 657/788/2592
f 692/767/2593 682/750/2594 640/749/2595 660/768/2596
f 693/819/2597 687/745/2598 651/743/2599 665/773/2600
f 696/822/2601 684/812/2602 644/800/2603 668/801/2604
f 698/814/2605 672/804/2606 647/787/2607 685/821/2608
f 639/789/2609 676/809/2610 700/816/2611 681/791/2612
f 686/823/2613 679/824/2614 698/825/2615 691/826/2616
f 691/826/2617 698/825/2618 685/827/2619
f 685/827/2620 689/828/2621 691/826/2622
f 692/829/2623 691/826/2624 689/828/2625 690/830/2626
f 700/831/2627 680/832/2628 682/833/2629 692/829/2630
f 692/829/2631 690/830/2632 700/831/2633
f 700/831/2634 690/830/2635 681/834/2636
f 697/835/2637 677/836/2638 687/837/2639 693/838/2640
f 697/835/2641 693/838/2642 688/839/2643
f 688/839/2644 693/838/2645 695/840/2646
f 695/840/2647 693/838/2648 694/841/2649 696/842/2650
f 683/843/2651 678/844/2652 699/845/2653 694/841/2654
f 694/841/2655 699/845/2656 696/842/2657
f 696/842/2658 699/845/2659 684/846/2660
f 701/847/2661 721/848/2662 722/849/2663 702/850/2664
f 702/850/2665 722/849/2666 723/851/2667 705/852/2668
f 705/852/2669 723/851/2670 767/853/2671 757/854/2672
f 707/855/2673 720/856/2674 721/848/2675 701/847/2676
f 712/857/2677 793/858/2678 792/859/2679 708/860/2680
f 713/861/2681 712/857/2682 708/860/2683 704/862/2684
f 714/863/2685 713/861/2686 704/862/2687 703/864/2688
f 715/865/2689 714/863/2690 703/864/2691 706/866/2692
f 726/867/2693 725/868/2694 727/869/2695 728/870/2696
f 729/871/2697 726/867/2698 728/870/2699 730/872/2700
f 731/873/2701 795/874/2702 796/875/2703 732/876/2704
f 733/877/2705 731/873/2706 732/876/2707 734/878/2708
f 735/879/2709 733/877/2710 734/878/2711 736/880/2712
f 737/881/2713 735/879/2714 736/880/2715 738/882/2716
f 739/883/2717 775/884/2718 776/885/2719 740/886/2720
f 725/868/2721 739/883/2722 740/886/2723 727/869/2724
f 718/887/2725 717/888/2726 725/889/2727 726/890/2728
f 709/891/2729 710/892/2730 728/893/2731 727/894/2732
f 719/895/2733 718/887/2734 726/890/2735 729/896/2736
f 710/892/2737 711/897/2738 730/898/2739 728/893/2740
f 711/897/2741 785/899/2742 788/900/2743 730/898/2744
f 720/856/2745 794/901/2746 795/874/2747 731/873/2748
f 721/848/2749 720/856/2750 731/873/2751 733/877/2752
f 712/857/2753 713/861/2754 734/878/2755 732/876/2756
f 722/849/2757 721/848/2758 733/877/2759 735/879/2760
f 713/861/2761 714/863/2762 736/880/2763 734/878/2764
f 723/851/2765 722/849/2766 735/879/2767 737/881/2768
f 714/863/2769 715/865/2770 738/882/2771 736/880/2772
f 715/865/2773 763/902/2774 774/903/2775 738/882/2776
f 724/904/2777 768/905/2778 775/906/2779 739/907/2780
f 717/888/2781 724/904/2782 739/907/2783 725/889/2784
f 716/908/2785 709/891/2786 727/894/2787 740/909/2788
f 741/910/2789 742/911/2790 744/912/2791 743/913/2792
f 742/911/2793 741/910/2794 747/914/2795 748/915/2796
f 743/913/2797 744/912/2798 746/916/2799 745/917/2800
f 745/917/2801 746/916/2802 777/918/2803 778/919/2804
f 749/920/2805 750/921/2806 752/922/2807 751/923/2808
f 750/921/2809 749/920/2810 755/924/2811 756/925/2812
f 751/923/2813 752/922/2814 754/926/2815 753/927/2816
f 753/927/2817 754/926/2818 781/928/2819 782/929/2820
f 741/910/2821 743/913/2822 717/888/2823 718/887/2824
f 743/913/2825 745/917/2826 724/904/2827 717/888/2828
f 745/917/2829 778/919/2830 768/905/2831 724/904/2832
f 747/914/2833 741/910/2834 718/887/2835 719/895/2836
f 742/911/2837 701/847/2838 702/850/2839 744/912/2840
f 751/923/2841 703/864/2842 704/862/2843 749/920/2844
f 744/912/2845 702/850/2846 705/852/2847 746/916/2848
f 753/927/2849 706/866/2850 703/864/2851 751/923/2852
f 746/916/2853 705/852/2854 757/854/2855 777/918/2856
f 753/927/2857 782/929/2858 758/930/2859 706/866/2860
f 748/915/2861 797/931/2862 791/932/2863 707/855/2864
f 755/924/2865 708/860/2866 792/859/2867 790/933/2868
f 748/915/2869 707/855/2870 701/847/2871 742/911/2872
f 749/920/2873 704/862/2874 708/860/2875 755/924/2876
f 710/892/2877 709/891/2878 752/922/2879 750/921/2880
f 711/897/2881 710/892/2882 750/921/2883 756/925/2884
f 716/908/2885 764/934/2886 781/928/2887 754/926/2888
f 709/891/2889 716/908/2890 754/926/2891 752/922/2892
f 759/935/2893 766/936/2894 802/937/2895 799/938/2896
f 758/930/2897 763/902/2898 715/865/2899 706/866/2900
f 770/939/2901 769/940/2902 809/941/2903 810/942/2904
f 774/903/2905 773/943/2906 737/881/2907 738/882/2908
f 769/944/2909 765/945/2910 808/946/2911 809/947/2912
f 772/948/2913 762/949/2914 801/950/2915 804/951/2916
f 773/943/2917 767/853/2918 723/851/2919 737/881/2920
f 776/952/2921 764/934/2922 716/908/2923 740/909/2924
f 780/953/2925 779/954/2926 805/955/2927 811/956/2928
f 784/957/2929 783/958/2930 806/959/2931 812/960/2932
f 765/945/2933 780/953/2934 811/956/2935 808/946/2936
f 783/958/2937 761/961/2938 807/962/2939 806/959/2940
f 792/859/2941 793/858/2942 801/950/2943 800/963/2944
f 796/875/2945 795/874/2946 803/964/2947 804/951/2948
f 788/900/2949 785/899/2950 807/962/2951 810/965/2952
f 795/874/2953 794/901/2954 802/937/2955 803/964/2956
f 791/932/2957 797/931/2958 805/955/2959 799/938/2960
f 790/933/2961 792/859/2962 800/963/2963 812/960/2964
f 791/932/2965 794/901/2966 720/856/2967 707/855/2968
f 788/966/2969 787/967/2970 729/871/2971 730/872/2972
f 787/968/2973 786/969/2974 719/895/2975 729/896/2976
f 796/875/2977 793/858/2978 712/857/2979 732/876/2980
f 789/970/2981 797/931/2982 748/915/2983 747/914/2984
f 790/933/2985 798/971/2986 756/925/2987 755/924/2988
f 786/969/2989 789/970/2990 747/914/2991 719/895/2992
f 798/971/2993 785/899/2994 711/897/2995 756/925/2996
f 799/938/2997 802/937/2998 794/901/2999 791/932/3000
f 810/942/3001 809/941/3002 787/967/3003 788/966/3004
f 809/947/3005 808/946/3006 786/969/3007 787/968/3008
f 804/951/3009 801/950/3010 793/858/3011 796/875/3012
f 811/956/3013 805/955/3014 797/931/3015 789/970/3016
f 812/960/3017 806/959/3018 798/971/3019 790/933/3020
f 808/946/3021 811/956/3022 789/970/3023 786/969/3024
f 806/959/3025 807/962/3026 785/899/3027 798/971/3028
f 800/963/3029 801/950/3030 762/949/3031 760/972/3032
f 804/951/3033 803/964/3034 771/973/3035 772/948/3036
f 810/965/3037 807/962/3038 761/961/3039 770/974/3040
f 803/964/3041 802/937/3042 766/936/3043 771/973/3044
f 799/938/3045 805/955/3046 779/954/3047 759/935/3048
f 812/960/3049 800/963/3050 760/972/3051 784/957/3052
f 757/854/3053 767/853/3054 777/918/3055
f 767/853/3056 773/943/3057 777/918/3058
f 777/918/3059 773/943/3060 778/919/3061
f 778/919/3062 773/943/3063 768/905/3064
f 768/905/3065 773/943/3066 775/906/3067
f 773/943/3068 774/903/3069 775/906/3070
f 775/906/3071 774/903/3072 776/885/3073
f 758/930/3074 782/929/3075 763/902/3076
f 763/902/3077 782/929/3078 774/903/3079
f 774/903/3080 782/929/3081 776/885/3082
f 782/929/3083 781/928/3084 776/885/3085
f 781/928/3086 764/934/3087 776/885/3088
f 759/935/3089 779/954/3090 766/936/3091
f 779/954/3092 780/953/3093 766/936/3094
f 780/953/3095 765/945/3096 766/936/3097
f 766/936/3098 765/945/3099 771/973/3100
f 765/945/3101 769/940/3102 771/973/3103
f 771/973/3104 769/940/3105 772/948/3106
f 769/940/3107 770/974/3108 772/948/3109
f 760/972/3110 762/949/3111 784/957/3112
f 784/957/3113 762/949/3114 783/958/3115
f 783/958/3116 762/949/3117 761/961/3118
f 761/961/3119 762/949/3120 770/974/3121
f 770/974/3122 762/949/3123 772/948/3124
f 813/975/3125 817/976/3126 818/977/3127 814/978/3128
f 815/979/3129 814/978/3130 818/977/3131 819/980/3132
f 816/981/3133 813/975/3134 814/978/3135 815/979/3136
f 820/982/3137 817/976/3138 813/975/3139 816/981/3140
f 823/983/3141 821/984/3142 826/985/3143 828/986/3144
f 821/984/3145 822/987/3146 827/988/3147 826/985/3148
f 822/987/3149 824/989/3150 825/990/3151 827/988/3152
f 828/986/3153 826/985/3154 815/979/3155 819/980/3156
f 826/985/3157 827/988/3158 816/981/3159 815/979/3160
f 827/988/3161 825/990/3162 820/982/3163 816/981/3164
f 820/982/3165 825/990/3166 828/986/3167 819/980/3168
f 823/983/3169 828/986/3170 825/990/3171 824/989/3172
f 821/984/3173 823/983/3174 824/989/3175 822/987/3176
f 832/991/3177 829/992/3178 830/993/3179 831/994/3180
f 836/995/3181 833/996/3182 834/997/3183 835/998/3184
f 835/998/3185 834/997/3186 837/999/3187 838/1000/3188
f 838/1000/3189 837/999/3190 839/1001/3191
f 842/1002/3192 843/1003/3193 846/1004/3194 847/1005/3195
f 845/1006/3196 844/1007/3197 833/1008/3198 836/1009/3199
f 847/1010/3200 846/1011/3201 844/1012/3202 845/1013/3203
f 854/1014/3204 848/1015/3205 849/1016/3206
f 850/1017/3207 851/1018/3208 870/1019/3209 867/1020/3210
f 852/1021/3211 855/1022/3212 866/1023/3213 869/1024/3214
f 852/1021/3215 869/1024/3216 868/1025/3217 940/1026/3218
f 852/1027/3219 854/1028/3220 849/1029/3221 855/1030/3222
f 857/1031/3223 858/1032/3224 853/1033/3225 856/1034/3226
f 853/1035/3227 858/1036/3228 859/1037/3229
f 860/1038/3230 859/1037/3231 858/1036/3232
f 862/1039/3233 857/1040/3234 856/1041/3235 861/1042/3236
f 865/1043/3237 863/1044/3238 864/1045/3239
f 865/1043/3240 864/1045/3241 871/1046/3242 867/1020/3243
f 867/1020/3244 870/1019/3245 865/1043/3246
f 869/1024/3247 866/1023/3248 853/1035/3249 859/1037/3250
f 860/1038/3251 868/1025/3252 869/1024/3253 859/1037/3254
f 862/1039/3255 861/1042/3256 864/1045/3257 863/1044/3258
f 856/1041/3259 871/1046/3260 864/1045/3261 861/1042/3262
f 867/1020/3263 871/1046/3264 853/1035/3265 866/1023/3266
f 856/1041/3267 853/1035/3268 871/1046/3269
f 872/1047/3270 873/1048/3271 983/1049/3272 984/1050/3273
f 873/1051/3274 874/1052/3275 982/1053/3276 983/1054/3277
f 874/1055/3278 875/1056/3279 981/1057/3280 982/1058/3281
f 875/1059/3282 876/1060/3283 980/1061/3284 981/1062/3285
f 1037/1063/3286 980/1064/3287 1043/1065/3288
f 980/1064/3289 876/1066/3290 1043/1065/3291
f 1043/1065/3292 876/1066/3293 877/1067/3294 1036/1068/3295
f 1036/1069/3296 877/1070/3297 1042/1071/3298
f 877/1070/3299 878/1072/3300 1042/1071/3301
f 878/1072/3302 979/1073/3303 1035/1074/3304
f 878/1075/3305 879/1076/3306 977/1077/3307 979/1078/3308
f 881/1079/3309 882/1080/3310 988/1081/3311 989/1082/3312
f 882/1083/3313 883/1084/3314 987/1085/3315 988/1086/3316
f 883/1087/3317 884/1088/3318 986/1089/3319 987/1090/3320
f 884/1091/3321 885/1092/3322 985/1093/3323 986/1094/3324
f 885/1095/3325 872/1096/3326 984/1097/3327 985/1098/3328
f 936/1099/3329 937/1100/3330 938/1101/3331 939/1102/3332
f 936/1099/3333 939/1102/3334 932/1103/3335 933/1104/3336
f 936/1099/3337 933/1104/3338 934/1105/3339 935/1106/3340
f 888/1107/3341 889/1108/3342 898/1109/3343 897/1110/3344
f 890/1111/3345 891/1112/3346 900/1113/3347 899/1114/3348
f 892/1115/3349 893/1116/3350 902/1117/3351 901/1118/3352
f 894/1119/3353 895/1120/3354 904/1121/3355 903/1122/3356
f 895/1120/3357 1050/1123/3358 1051/1124/3359 904/1121/3360
f 1078/1125/3361 1092/1126/3362 897/1110/3363 1013/1127/3364
f 897/1110/3365 898/1109/3366 1013/1127/3367
f 899/1114/3368 900/1113/3369 1011/1128/3370 1012/1129/3371
f 901/1118/3372 902/1117/3373 1015/1130/3374 1010/1131/3375
f 1075/1132/3376 1150/1133/3377 1148/1134/3378 903/1122/3379
f 903/1122/3380 904/1121/3381 1073/1135/3382 1075/1132/3383
f 1073/1135/3384 904/1121/3385 1051/1124/3386 1074/1136/3387
f 873/1137/3388 872/1138/3389 905/1139/3390 906/1140/3391
f 874/1141/3392 873/1142/3393 906/1143/3394 907/1144/3395
f 875/1145/3396 874/1141/3397 907/1144/3398 908/1146/3399
f 876/1147/3400 875/1145/3401 908/1146/3402 909/1148/3403
f 877/1149/3404 876/1150/3405 909/1151/3406 910/1152/3407
f 878/1153/3408 877/1149/3409 910/1152/3410 911/1154/3411
f 879/1155/3412 878/1153/3413 911/1154/3414 912/1156/3415
f 880/1157/3416 879/1155/3417 912/1156/3418 913/1158/3419
f 882/1159/3420 881/1160/3421 914/1161/3422 915/1162/3423
f 883/1163/3424 882/1159/3425 915/1162/3426 916/1164/3427
f 884/1165/3428 883/1163/3429 916/1164/3430 917/1166/3431
f 885/1167/3432 884/1165/3433 917/1166/3434 918/1168/3435
f 872/1138/3436 885/1167/3437 918/1168/3438 905/1139/3439
f 920/1169/3440 906/1170/3441 905/1171/3442 1117/1172/3443
f 1117/1172/3444 919/1173/3445 920/1169/3446
f 907/1174/3447 906/1170/3448 920/1169/3449 921/1175/3450
f 1137/1176/3451 910/1177/3452 909/1178/3453 1138/1179/3454
f 909/1178/3455 1136/1180/3456 1138/1179/3457
f 922/1181/3458 911/1182/3459 910/1177/3460 1139/1183/3461
f 910/1177/3462 1137/1176/3463 1139/1183/3464
f 913/1184/3465 912/1185/3466 923/1186/3467 924/1187/3468
f 915/1188/3469 914/1189/3470 927/1190/3471 928/1191/3472
f 916/1192/3473 915/1188/3474 928/1191/3475 929/1193/3476
f 1116/1194/3477 917/1195/3478 916/1192/3479 1119/1196/3480
f 929/1193/3481 930/1197/3482 1115/1198/3483 1119/1196/3484
f 929/1193/3485 1119/1196/3486 916/1192/3487
f 1059/1199/3488 1053/1200/3489 932/1201/3490 1052/1202/3491
f 1094/1203/3492 1079/1204/3493 1091/1205/3494
f 933/1206/3495 1091/1205/3496 1079/1204/3497 934/1207/3498
f 1092/1126/3499 1078/1125/3500 1081/1208/3501 1094/1203/3502
f 1094/1203/3503 1081/1208/3504 1079/1204/3505
f 1079/1204/3506 1081/1208/3507 1082/1209/3508 1083/1210/3509
f 1152/1211/3510 936/1212/3511 850/1017/3512 1158/1213/3513
f 1014/1214/3514 1167/1215/3515 1157/1216/3516 1015/1130/3517
f 1157/1216/3518 1010/1131/3519 1015/1130/3520
f 850/1017/3521 1010/1131/3522 1158/1213/3523
f 1158/1213/3524 1010/1131/3525 1157/1216/3526
f 939/1217/3527 1150/1133/3528 1075/1132/3529
f 939/1217/3530 1075/1132/3531 1073/1135/3532
f 968/1218/3533 941/1219/3534 940/1220/3535 1170/1221/3536
f 940/1222/3537 967/1223/3538 968/1218/3539
f 1034/1224/3540 941/1219/3541 968/1218/3542 1040/1225/3543
f 969/1226/3544 1033/1227/3545 968/1218/3546
f 968/1218/3547 1033/1227/3548 1039/1228/3549 1040/1225/3550
f 970/1229/3551 1089/1230/3552 1044/1231/3553
f 1089/1230/3554 1093/1232/3555 1044/1231/3556
f 1044/1231/3557 1093/1232/3558 942/1233/3559 1038/1234/3560
f 1044/1231/3561 1045/1235/3562 970/1229/3563
f 1033/1227/3564 969/1226/3565 970/1229/3566 1045/1235/3567
f 1046/1236/3568 1056/1237/3569 945/1238/3570
f 1047/1239/3571 946/1240/3572 945/1238/3573 1056/1237/3574
f 972/1241/3575 948/1242/3576 947/1243/3577
f 1072/1244/3578 971/1245/3579 972/1241/3580 947/1243/3581
f 952/1246/3582 951/1247/3583 974/1248/3584 975/1249/3585
f 953/1250/3586 952/1246/3587 975/1249/3588 976/1251/3589
f 978/1252/3590 953/1250/3591 976/1251/3592 966/1253/3593
f 979/1254/3594 977/1255/3595 940/1256/3596 941/1257/3597
f 1034/1258/3598 1035/1259/3599 979/1260/3600 941/1261/3601
f 980/1262/3602 1037/1263/3603 1038/1264/3604 942/1265/3605
f 981/1266/3606 980/1267/3607 942/1268/3608 943/1269/3609
f 982/1270/3610 981/1271/3611 943/1272/3612 944/1273/3613
f 983/1274/3614 982/1275/3615 944/1276/3616 945/1277/3617
f 984/1278/3618 983/1279/3619 945/1280/3620 946/1281/3621
f 985/1282/3622 984/1283/3623 946/1284/3624 947/1285/3625
f 986/1286/3626 985/1287/3627 947/1288/3628 948/1289/3629
f 987/1290/3630 986/1291/3631 948/1292/3632 949/1293/3633
f 988/1294/3634 987/1295/3635 949/1296/3636 950/1297/3637
f 989/1298/3638 988/1299/3639 950/1300/3640 951/1301/3641
f 990/1302/3642 989/1303/3643 951/1304/3644 952/1305/3645
f 991/1306/3646 990/1307/3647 952/1308/3648 953/1309/3649
f 849/1310/3650 991/1311/3651 953/1312/3652 978/1313/3653
f 1159/1314/3654 955/1315/3655 891/1316/3656 890/1317/3657
f 958/1318/3658 957/1319/3659 889/1320/3660 888/1321/3661
f 961/1322/3662 1049/1323/3663 1050/1324/3664 895/1325/3665
f 962/1326/3666 961/1322/3667 895/1325/3668 894/1327/3669
f 954/1328/3670 965/1329/3671 893/1330/3672 892/1331/3673
f 995/1332/3674 993/1333/3675 955/1334/3676 956/1335/3677
f 996/1336/3678 995/1337/3679 956/1338/3680 957/1339/3681
f 997/1340/3682 996/1341/3683 957/1342/3684 958/1343/3685
f 999/1344/3686 1061/1345/3687 1062/1346/3688 960/1347/3689
f 1002/1348/3690 1000/1349/3691 1001/1350/3692 1003/1351/3693
f 1006/1352/3694 1004/1353/3695 1005/1354/3696 1007/1355/3697
f 1008/1356/3698 1006/1357/3699 1007/1358/3700 1009/1359/3701
f 992/1360/3702 1008/1361/3703 1009/1362/3704 994/1363/3705
f 968/1218/3706 967/1223/3707 993/1364/3708 995/1365/3709
f 969/1226/3710 968/1218/3711 995/1365/3712 996/1366/3713
f 970/1229/3714 969/1226/3715 996/1366/3716 997/1367/3717
f 1048/1368/3718 1049/1369/3719 961/1370/3720 1001/1371/3721
f 972/1241/3722 971/1245/3723 1000/1372/3724 1002/1373/3725
f 961/1370/3726 962/1374/3727 1003/1375/3728 1001/1371/3729
f 975/1249/3730 974/1248/3731 1004/1376/3732 1006/1377/3733
f 963/1378/3734 964/1379/3735 1007/1380/3736 1005/1381/3737
f 976/1251/3738 975/1249/3739 1006/1377/3740 1008/1382/3741
f 964/1379/3742 965/1383/3743 1009/1384/3744 1007/1380/3745
f 966/1253/3746 976/1251/3747 1008/1382/3748 992/1385/3749
f 965/1383/3750 954/1386/3751 994/1387/3752 1009/1384/3753
f 977/1388/3754 854/1389/3755 852/1390/3756 940/1391/3757
f 977/1392/3758 879/1393/3759 880/1394/3760 854/1395/3761
f 880/1396/3762 848/1015/3763 854/1014/3764
f 936/1212/3765 935/1397/3766 851/1018/3767 850/1017/3768
f 965/1329/3769 964/1398/3770 893/1330/3771
f 893/1330/3772 964/1398/3773 1017/1399/3774 1016/1400/3775
f 964/1398/3776 963/1401/3777 1018/1402/3778 1017/1399/3779
f 963/1401/3780 1019/1403/3781 1018/1402/3782
f 1020/1404/3783 1019/1405/3784 963/1378/3785 1005/1381/3786
f 1004/1406/3787 1021/1407/3788 1020/1408/3789 1005/1409/3790
f 974/1248/3791 1021/1410/3792 1004/1376/3793
f 951/1247/3794 950/1411/3795 1022/1412/3796 1064/1413/3797
f 1021/1410/3798 974/1248/3799 951/1247/3800 1064/1413/3801
f 1022/1412/3802 950/1411/3803 949/1414/3804 1027/1415/3805
f 949/1414/3806 973/1416/3807 1027/1415/3808
f 938/1417/3809 1028/1418/3810 1151/1419/3811
f 1149/1420/3812 1151/1419/3813 1028/1418/3814 1023/1421/3815
f 1024/1422/3816 1028/1418/3817 938/1417/3818
f 1025/1423/3819 1029/1424/3820 937/1425/3821
f 937/1425/3822 1029/1424/3823 938/1417/3824
f 1024/1422/3825 938/1417/3826 1029/1424/3827
f 902/1117/3828 1026/1426/3829 1014/1214/3830 1015/1130/3831
f 893/1116/3832 1016/1427/3833 1026/1426/3834 902/1117/3835
f 960/1428/3836 1062/1429/3837 1055/1430/3838 887/1431/3839
f 1032/1432/3840 1054/1433/3841 1055/1434/3842
f 1051/1124/3843 1050/1123/3844 886/1435/3845 896/1436/3846
f 1051/1124/3847 896/1436/3848 1076/1437/3849 1074/1136/3850
f 887/1438/3851 1055/1434/3852 1054/1433/3853 999/1439/3854
f 1046/1236/3855 945/1238/3856 944/1440/3857 998/1441/3858
f 1046/1236/3859 998/1441/3860 1063/1442/3861
f 1065/1443/3862 1063/1442/3863 998/1441/3864 1061/1444/3865
f 1062/1445/3866 1061/1446/3867 998/1447/3868 959/1448/3869
f 1055/1430/3870 1062/1429/3871 959/1449/3872 1032/1450/3873
f 1066/1451/3874 1065/1443/3875 1061/1444/3876 999/1439/3877
f 1067/1452/3878 886/1453/3879 1050/1324/3880 1068/1454/3881
f 1050/1324/3882 1049/1323/3883 1068/1454/3884
f 1069/1455/3885 1068/1456/3886 1049/1369/3887 1048/1368/3888
f 1001/1457/3889 1000/1458/3890 1070/1459/3891 1069/1460/3892
f 1048/1461/3893 1001/1457/3894 1069/1460/3895
f 971/1245/3896 1071/1462/3897 1070/1463/3898 1000/1372/3899
f 1072/1244/3900 1071/1462/3901 971/1245/3902
f 1072/1244/3903 947/1243/3904 1057/1464/3905
f 1057/1464/3906 947/1243/3907 1047/1239/3908
f 946/1240/3909 1047/1239/3910 947/1243/3911
f 1031/1465/3912 1171/1466/3913 1060/1467/3914
f 1060/1467/3915 1171/1466/3916 933/1206/3917 932/1201/3918
f 1054/1433/3919 1032/1432/3920 1031/1465/3921 1077/1468/3922
f 1053/1200/3923 1060/1467/3924 932/1201/3925
f 1060/1467/3926 1077/1468/3927 1031/1465/3928
f 1073/1135/3929 1058/1469/3930 939/1217/3931
f 939/1217/3932 1058/1469/3933 1052/1202/3934 932/1201/3935
f 1054/1433/3936 1077/1468/3937 1066/1451/3938 999/1439/3939
f 1012/1129/3940 1011/1128/3941 1080/1470/3942 1161/1471/3943
f 1124/1472/3944 851/1018/3945 935/1397/3946
f 1080/1470/3947 1124/1472/3948 935/1397/3949 1086/1473/3950
f 934/1207/3951 1084/1474/3952 1085/1475/3953 935/1397/3954
f 1086/1473/3955 935/1397/3956 1085/1475/3957
f 944/1440/3958 943/1476/3959 1090/1477/3960 998/1441/3961
f 1079/1204/3962 1084/1474/3963 934/1207/3964
f 1161/1471/3965 1080/1470/3966 1087/1478/3967 1160/1479/3968
f 1160/1479/3969 1087/1478/3970 1088/1480/3971
f 1013/1127/3972 1160/1479/3973 1088/1480/3974 1078/1125/3975
f 942/1233/3976 1093/1232/3977 1090/1477/3978 943/1476/3979
f 1098/1481/3980 1095/1482/3981 1096/1483/3982 1097/1484/3983
f 1100/1485/3984 1099/1486/3985 1095/1487/3986 1098/1488/3987
f 1102/1489/3988 1101/1490/3989 1097/1491/3990 1096/1492/3991
f 1105/1493/3992 1106/1494/3993 1099/1486/3994 1100/1485/3995
f 1107/1495/3996 1108/1496/3997 1104/1497/3998 1103/1498/3999
f 1090/1477/4000 1093/1232/4001 1106/1494/4002 1105/1493/4003
f 1094/1203/4004 1091/1205/4005 1108/1496/4006 1107/1495/4007
f 881/1499/4008 989/1500/4009 1166/1501/4010
f 989/1500/4011 990/1502/4012 1165/1503/4013 1166/1501/4014
f 1109/1504/4015 1165/1503/4016 990/1505/4017 991/1506/4018
f 880/1507/4019 1164/1508/4020 1112/1509/4021 848/1510/4022
f 1109/1504/4023 991/1511/4024 849/1512/4025 848/1510/4026
f 1109/1504/4027 848/1510/4028 1112/1509/4029
f 1163/1513/4030 1164/1514/4031 880/1157/4032 913/1158/4033
f 913/1184/4034 924/1187/4035 1163/1515/4036
f 1162/1516/4037 1163/1515/4038 924/1187/4039 925/1517/4040
f 1110/1518/4041 1162/1516/4042 925/1517/4043 926/1519/4044
f 927/1190/4045 914/1189/4046 1111/1520/4047 1168/1521/4048
f 927/1190/4049 1168/1521/4050 1110/1522/4051 926/1523/4052
f 881/1160/4053 1166/1524/4054 1111/1525/4055 914/1161/4056
f 917/1195/4057 1116/1194/4058 1118/1526/4059 1114/1527/4060
f 918/1528/4061 917/1195/4062 1114/1527/4063
f 1113/1529/4064 1120/1530/4065 931/1531/4066
f 930/1197/4067 931/1531/4068 1120/1530/4069 1115/1198/4070
f 1117/1172/4071 1113/1529/4072 931/1531/4073 919/1173/4074
f 1114/1527/4075 1123/1532/4076 918/1528/4077
f 1117/1172/4078 905/1171/4079 1121/1533/4080
f 1122/1534/4081 1121/1533/4082 905/1171/4083 918/1528/4084
f 1123/1532/4085 1122/1534/4086 918/1528/4087
f 912/1185/4088 911/1182/4089 922/1181/4090 923/1186/4091
f 1039/1228/4092 1033/1227/4093 1088/1480/4094 1087/1478/4095
f 1044/1231/4096 1038/1234/4097 1083/1210/4098 1082/1209/4099
f 1078/1125/4100 1088/1480/4101 1081/1208/4102
f 1033/1227/4103 1045/1235/4104 1088/1480/4105
f 1088/1480/4106 1045/1235/4107 1081/1208/4108
f 1045/1235/4109 1044/1231/4110 1082/1209/4111 1081/1208/4112
f 1086/1473/4113 1085/1475/4114 1042/1535/4115 1041/1536/4116
f 1036/1537/4117 1042/1535/4118 1085/1475/4119 1084/1474/4120
f 1043/1538/4121 1036/1537/4122 1084/1474/4123 1079/1204/4124
f 1043/1538/4125 1079/1204/4126 1083/1210/4127 1037/1539/4128
f 1037/1539/4129 1083/1210/4130 1038/1234/4131
f 1035/1074/4132 1041/1540/4133 1042/1071/4134 878/1072/4135
f 1086/1473/4136 1041/1536/4137 1080/1470/4138
f 1041/1536/4139 1035/1541/4140 1080/1470/4141
f 1039/1228/4142 1087/1478/4143 1040/1225/4144
f 1040/1225/4145 1087/1478/4146 1080/1470/4147 1034/1224/4148
f 1080/1470/4149 1035/1541/4150 1034/1224/4151
f 1103/1498/4152 1104/1497/4153 1101/1542/4154 1102/1543/4155
f 1057/1464/4156 1047/1239/4157 1052/1202/4158 1058/1469/4159
f 1047/1239/4160 1056/1237/4161 1059/1199/4162 1052/1202/4163
f 1056/1237/4164 1046/1236/4165 1053/1200/4166 1059/1199/4167
f 1016/1427/4168 1017/1544/4169 1014/1214/4170 1026/1426/4171
f 1022/1412/4172 1027/1415/4173 1028/1418/4174 1024/1422/4175
f 1017/1544/4176 1018/1545/4177 1030/1546/4178 1014/1214/4179
f 1018/1545/4180 1019/1405/4181 1025/1423/4182 1030/1546/4183
f 1022/1412/4184 1024/1422/4185 1064/1413/4186
f 1025/1423/4187 1019/1405/4188 1029/1424/4189
f 1029/1424/4190 1019/1405/4191 1020/1404/4192 1021/1410/4193
f 1021/1410/4194 1064/1413/4195 1029/1424/4196
f 1064/1413/4197 1024/1422/4198 1029/1424/4199
f 1053/1200/4200 1046/1236/4201 1063/1442/4202 1060/1467/4203
f 1060/1467/4204 1063/1442/4205 1077/1468/4206
f 1077/1468/4207 1063/1442/4208 1066/1451/4209
f 1063/1442/4210 1065/1443/4211 1066/1451/4212
f 1071/1462/4213 1072/1244/4214 1073/1135/4215 1074/1136/4216
f 1071/1462/4217 1074/1136/4218 1076/1437/4219 1070/1463/4220
f 1070/1463/4221 1076/1437/4222 1069/1455/4223
f 1069/1455/4224 1076/1437/4225 1068/1456/4226
f 1068/1456/4227 1076/1437/4228 1067/1547/4229
f 1089/1230/4230 970/1229/4231 1092/1126/4232
f 897/1110/4233 1092/1126/4234 970/1229/4235 958/1548/4236
f 997/1367/4237 958/1548/4238 970/1229/4239
f 958/1548/4240 888/1107/4241 897/1110/4242
f 1090/1477/4243 1105/1493/4244 1108/1496/4245 1091/1205/4246
f 1108/1496/4247 1105/1493/4248 1100/1485/4249 1104/1497/4250
f 1101/1542/4251 1104/1497/4252 1100/1485/4253 1098/1488/4254
f 1098/1488/4255 1097/1549/4256 1101/1542/4257
f 1093/1232/4258 1089/1230/4259 1092/1126/4260 1094/1203/4261
f 1106/1494/4262 1093/1232/4263 1094/1203/4264 1107/1495/4265
f 1099/1486/4266 1106/1494/4267 1107/1495/4268 1103/1498/4269
f 1095/1487/4270 1099/1486/4271 1103/1498/4272 1096/1550/4273
f 1103/1498/4274 1102/1543/4275 1096/1550/4276
f 1010/1131/4277 850/1017/4278 978/1252/4279 966/1253/4280
f 892/1115/4281 901/1118/4282 1010/1131/4283 954/1386/4284
f 954/1386/4285 1010/1131/4286 966/1253/4287 992/1385/4288
f 992/1385/4289 994/1387/4290 954/1386/4291
f 1080/1470/4292 1011/1128/4293 851/1018/4294 1124/1472/4295
f 866/1023/4296 855/1022/4297 867/1020/4298
f 978/1252/4299 850/1017/4300 867/1020/4301 855/1022/4302
f 855/1022/4303 849/1551/4304 978/1252/4305
f 967/1223/4306 1169/1552/4307 851/1018/4308 1011/1128/4309
f 993/1364/4310 967/1223/4311 1011/1128/4312 955/1553/4313
f 1011/1128/4314 900/1113/4315 891/1112/4316 955/1553/4317
f 865/1043/4318 870/1019/4319 868/1025/4320 860/1038/4321
f 863/1044/4322 865/1043/4323 860/1038/4324 858/1036/4325
f 863/1044/4326 858/1036/4327 862/1039/4328
f 858/1036/4329 857/1040/4330 862/1039/4331
f 1114/1554/4332 1118/1555/4333 1126/1556/4334 1125/1557/4335
f 1118/1558/4336 1116/1559/4337 1127/1560/4338 1126/1561/4339
f 1119/1562/4340 1115/1563/4341 1128/1564/4342 1129/1565/4343
f 1116/1566/4344 1119/1567/4345 1129/1568/4346 1127/1569/4347
f 1115/1570/4348 1120/1571/4349 1130/1572/4350 1128/1573/4351
f 1120/1574/4352 1113/1575/4353 1131/1576/4354 1130/1577/4355
f 1113/1578/4356 1117/1579/4357 1132/1580/4358 1131/1581/4359
f 1117/1582/4360 1121/1583/4361 1133/1584/4362 1132/1585/4363
f 1121/1586/4364 1122/1587/4365 1134/1588/4366 1133/1589/4367
f 1122/1590/4368 1123/1591/4369 1135/1592/4370 1134/1593/4371
f 1123/1594/4372 1114/1595/4373 1125/1596/4374 1135/1597/4375
f 1133/1598/4376 1134/1599/4377 1135/1600/4378 1125/1601/4379
f 1131/1602/4380 1132/1603/4381 1133/1598/4382 1125/1601/4383
f 1125/1601/4384 1126/1604/4385 1131/1602/4386
f 1126/1604/4387 1127/1605/4388 1131/1602/4389
f 1130/1606/4390 1131/1602/4391 1127/1605/4392 1128/1607/4393
f 1127/1605/4394 1129/1608/4395 1128/1607/4396
f 908/1609/4397 1142/1610/4398 1136/1180/4399 909/1178/4400
f 907/1174/4401 921/1175/4402 1141/1611/4403 1140/1612/4404
f 1138/1613/4405 1136/1614/4406 1143/1615/4407 1144/1616/4408
f 1137/1617/4409 1138/1613/4410 1144/1616/4411 1145/1618/4412
f 1139/1619/4413 1137/1617/4414 1145/1618/4415 1146/1620/4416
f 1136/1614/4417 1142/1621/4418 1147/1622/4419 1143/1615/4420
f 1149/1420/4421 1148/1134/4422 1150/1133/4423 1151/1419/4424
f 1151/1419/4425 1150/1133/4426 939/1217/4427 938/1417/4428
f 841/1623/4429 840/1624/4430 1148/1134/4431 1149/1420/4432
f 843/1003/4433 842/1002/4434 949/1414/4435 948/1242/4436
f 973/1416/4437 949/1414/4438 1149/1420/4439 1023/1421/4440
f 894/1119/4441 903/1122/4442 1148/1134/4443 962/1374/4444
f 972/1241/4445 962/1374/4446 1148/1134/4447 948/1242/4448
f 1003/1375/4449 962/1374/4450 972/1241/4451 1002/1373/4452
f 840/1624/4453 837/999/4454 846/1004/4455 843/1003/4456
f 837/999/4457 834/997/4458 833/996/4459 844/1625/4460
f 837/999/4461 844/1625/4462 846/1004/4463
f 841/1623/4464 1149/1420/4465 949/1414/4466 842/1002/4467
f 836/995/4468 835/998/4469 838/1000/4470 845/1626/4471
f 845/1626/4472 838/1000/4473 839/1001/4474 847/1005/4475
f 839/1001/4476 837/999/4477 840/1624/4478 841/1623/4479
f 847/1005/4480 839/1001/4481 841/1623/4482 842/1002/4483
f 1014/1214/4484 1030/1546/4485 1154/1627/4486 1167/1215/4487
f 937/1425/4488 1153/1628/4489 1155/1629/4490
f 937/1425/4491 936/1212/4492 1152/1211/4493 1153/1628/4494
f 1025/1423/4495 937/1425/4496 1155/1629/4497 1156/1630/4498
f 1025/1423/4499 1156/1630/4500 1154/1627/4501 1030/1546/4502
f 956/1631/4503 955/1315/4504 1159/1314/4505
f 1013/1127/4506 898/1109/4507 889/1108/4508 957/1632/4509
f 956/1633/4510 1159/1634/4511 1012/1129/4512 1161/1471/4513
f 1013/1127/4514 957/1632/4515 956/1633/4516 1160/1479/4517
f 956/1633/4518 1161/1471/4519 1160/1479/4520
f 899/1114/4521 1012/1129/4522 1159/1634/4523 890/1111/4524
f 933/1206/4525 1171/1466/4526 1091/1205/4527
f 998/1635/4528 1090/1636/4529 1091/1637/4530 1171/1638/4531
f 998/1635/4532 1171/1638/4533 1031/1639/4534 959/1640/4535
f 1032/1641/4536 959/1640/4537 1031/1639/4538
f 1148/1134/4539 840/1624/4540 843/1003/4541 948/1242/4542
f 1028/1418/4543 1027/1415/4544 973/1416/4545 1023/1421/4546
f 887/1642/4547 999/1643/4548 960/1644/4549
f 886/1645/4550 1067/1646/4551 1076/1647/4552 896/1648/4553
f 1142/1610/4554 908/1609/4555 907/1174/4556 1140/1612/4557
f 1162/1649/4558 1110/1650/4559 1153/1651/4560 1152/1652/4561
f 1152/1652/4562 1158/1653/4563 1163/1654/4564 1162/1649/4565
f 1158/1653/4566 1157/1655/4567 1109/1656/4568 1112/1657/4569
f 1165/1658/4570 1109/1656/4571 1157/1655/4572 1167/1659/4573
f 1166/1660/4574 1165/1658/4575 1167/1659/4576 1154/1661/4577
f 1168/1662/4578 1111/1663/4579 1156/1664/4580 1155/1665/4581
f 1166/1660/4582 1154/1661/4583 1111/1663/4584
f 1154/1661/4585 1156/1664/4586 1111/1663/4587
f 1168/1662/4588 1155/1665/4589 1153/1651/4590 1110/1650/4591
f 1164/1666/4592 1163/1654/4593 1158/1653/4594 1112/1657/4595
f 1057/1464/4596 1058/1469/4597 1073/1135/4598 1072/1244/4599
f 870/1019/4600 851/1018/4601 940/1026/4602 868/1025/4603
f 1173/1667/4604 1172/1668/4605 1174/1669/4606 1175/1670/4607
f 1175/1670/4608 1174/1669/4609 1176/1671/4610 1177/1672/4611
f 1177/1672/4612 1176/1671/4613 1172/1668/4614 1173/1667/4615
f 1178/1673/4616 1173/1667/4617 1180/1674/4618
f 1179/1675/4619 1178/1673/4620 1180/1674/4621 1175/1670/4622
f 1179/1675/4623 1175/1670/4624 1177/1672/4625
f 1178/1673/4626 1179/1675/4627 1177/1672/4628 1173/1667/4629
f 1175/1670/4630 1180/1674/4631 1173/1667/4632
f 1184/1676/4633 1185/1677/4634 1183/1678/4635 1181/1679/4636
f 1202/1680/4637 1203/1681/4638 1196/1682/4639 1194/1683/4640
f 1202/1680/4641 1194/1683/4642 1201/1686/4643
f 1201/1686/4644 1194/1683/4645 1188/1685/4646
f 1194/1683/4647 1186/1684/4648 1188/1685/4649
f 1186/1684/4650 1187/1687/4651 1188/1685/4652
f 1188/1685/4653 1187/1687/4654 1200/1688/4655 1201/1686/4656
f 1186/1684/4657 1194/1683/4658 1195/1689/4659 1182/1690/4660
f 1189/1691/4661 1192/1692/4662 1184/1676/4663
f 1192/1692/4664 1193/1693/4665 1184/1676/4666
f 1190/1694/4667 1189/1691/4668 1184/1676/4669 1181/1679/4670
f 1181/1679/4671 1183/1678/4672 1191/1695/4673 1190/1694/4674
f 1193/1693/4675 1192/1692/4676 1198/1696/4677 1197/1697/4678
f 1196/1682/4679 1203/1681/4680 1204/1698/4681 1199/1699/4682
f 1194/1683/4683 1196/1682/4684 1199/1699/4685 1195/1689/4686
f 1190/1694/4687 1191/1695/4688 1198/1696/4689 1192/1692/4690
f 1189/1691/4691 1190/1694/4692 1192/1692/4693
f 1182/1690/4694 1187/1687/4695 1186/1684/4696
f 1198/1700/4697 1191/1701/4698 1183/1702/4699 1197/1703/4700
f 1183/1702/4701 1185/1704/4702 1197/1703/4703
f 1197/1703/4704 1185/1704/4705 1200/1705/4706 1204/1706/4707
f 1187/1707/4708 1182/1708/4709 1195/1709/4710 1199/1710/4711
f 1203/1681/4712 1202/1680/4713 1193/1693/4714
f 1201/1686/4715 1200/1688/4716 1185/1677/4717 1184/1676/4718
f 1202/1680/4719 1201/1686/4720 1184/1676/4721 1193/1693/4722
f 1204/1698/4723 1203/1681/4724 1193/1693/4725 1197/1697/4726
f 1204/1706/4727 1200/1705/4728 1187/1707/4729 1199/1710/4730
f 1205/1711/4731 1206/1712/4732 1208/1713/4733 1207/1714/4734
f 1207/1714/4735 1208/1713/4736 1210/1715/4737 1209/1716/4738
f 1209/1716/4739 1210/1715/4740 1212/1717/4741 1211/1718/4742
f 1211/1718/4743 1212/1717/4744 1206/1719/4745 1205/1720/4746
f 1211/1721/4747 1205/1711/4748 1207/1714/4749 1209/1722/4750
f 1216/1723/4751 1213/1724/4752 1214/1725/4753 1215/1726/4754
f 1217/1727/4755 1219/1728/4756 1220/1729/4757 1218/1730/4758
f 1221/1731/4759 1217/1727/4760 1218/1730/4761 1222/1732/4762
f 1224/1733/4763 1223/1734/4764 1220/1729/4765 1219/1728/4766
f 1221/1731/4767 1224/1733/4768 1219/1728/4769 1217/1727/4770
f 1225/1735/4771 1218/1730/4772 1220/1729/4773 1226/1736/4774
f 1227/1737/4775 1222/1732/4776 1218/1730/4777 1225/1735/4778
f 1228/1738/4779 1226/1736/4780 1220/1729/4781 1223/1734/4782
f 1227/1737/4783 1225/1735/4784 1226/1736/4785 1228/1738/4786
f 1246/1739/4787 1251/1740/4788 1247/1741/4789 1233/1742/4790
f 1224/1733/4791 1230/1743/4792 1223/1734/4793
f 1244/1744/4794 1223/1734/4795 1230/1743/4796 1243/1745/4797
f 1229/1746/4798 1230/1743/4799 1224/1733/4800 1221/1731/4801
f 1244/1744/4802 1245/1747/4803 1232/1748/4804 1228/1738/4805
f 1244/1744/4806 1228/1738/4807 1223/1734/4808
f 1232/1748/4809 1231/1749/4810 1227/1737/4811 1228/1738/4812
f 1235/1750/4813 1249/1751/4814 1243/1745/4815 1230/1743/4816
f 1245/1747/4817 1250/1752/4818 1232/1748/4819
f 1246/1739/4820 1233/1742/4821 1232/1748/4822 1250/1752/4823
f 1233/1742/4824 1234/1753/4825 1231/1749/4826 1232/1748/4827
f 1236/1754/4828 1235/1750/4829 1230/1743/4830 1229/1746/4831
f 1237/1755/4832 1241/1756/4833 1236/1754/4834 1229/1746/4835
f 1221/1731/4836 1222/1732/4837 1229/1746/4838
f 1229/1746/4839 1222/1732/4840 1238/1757/4841 1237/1755/4842
f 1231/1749/4843 1239/1758/4844 1238/1757/4845 1227/1737/4846
f 1238/1757/4847 1222/1732/4848 1227/1737/4849
f 1234/1753/4850 1240/1759/4851 1239/1758/4852 1231/1749/4853
f 1242/1760/4854 1240/1759/4855 1234/1753/4856 1248/1761/4857
f 1247/1741/4858 1248/1761/4859 1234/1753/4860 1233/1742/4861
f 1236/1754/4862 1241/1756/4863 1249/1751/4864 1235/1750/4865
f 1241/1756/4866 1237/1755/4867 1243/1745/4868 1249/1751/4869
f 1237/1755/4870 1238/1757/4871 1244/1744/4872 1243/1745/4873
f 1238/1757/4874 1239/1758/4875 1245/1747/4876 1244/1744/4877
f 1239/1758/4878 1240/1759/4879 1250/1752/4880 1245/1747/4881
f 1240/1759/4882 1242/1760/4883 1250/1752/4884
f 1246/1739/4885 1250/1752/4886 1242/1760/4887 1251/1740/4888
f 1247/1741/4889 1251/1740/4890 1242/1760/4891 1248/1761/4892
f 1252/1762/4893 1253/1763/4894 1255/1764/4895 1254/1765/4896
f 1254/1765/4897 1255/1764/4898 1260/1766/4899 1261/1767/4900
f 1256/1768/4901 1262/1769/4902 1260/1770/4903 1255/1771/4904
f 1257/1772/4905 1256/1768/4906 1255/1771/4907 1253/1773/4908
f 1258/1774/4909 1257/1775/4910 1253/1763/4911 1252/1762/4912
f 1259/1776/4913 1258/1774/4914 1252/1762/4915 1254/1765/4916
f 1268/1777/4917 1265/1778/4918 1270/1779/4919
f 1267/1780/4920 1270/1779/4921 1265/1778/4922 1263/1781/4923
f 1267/1780/4924 1269/1782/4925 1270/1779/4926
f 1261/1767/4927 1263/1781/4928 1259/1776/4929 1254/1765/4930
f 1263/1781/4931 1261/1767/4932 1266/1783/4933 1267/1780/4934
f 1263/1781/4935 1265/1778/4936 1264/1784/4937 1262/1785/4938
f 1263/1781/4939 1262/1785/4940 1256/1786/4941 1259/1776/4942
f 1256/1786/4943 1257/1775/4944 1258/1774/4945 1259/1776/4946
f 1271/1787/4947 1260/1770/4948 1262/1769/4949 1272/1788/4950
f 1272/1788/4951 1262/1769/4952 1264/1789/4953 1274/1790/4954
f 1274/1790/4955 1264/1789/4956 1275/1791/4957
f 1273/1792/4958 1275/1791/4959 1264/1789/4960
f 1260/1766/4961 1271/1793/4962 1266/1783/4963 1261/1767/4964
f 1267/1780/4965 1266/1783/4966 1271/1793/4967 1272/1794/4968
f 1269/1782/4969 1267/1780/4970 1272/1794/4971 1274/1795/4972
f 1268/1777/4973 1270/1779/4974 1275/1796/4975 1273/1797/4976
f 1270/1779/4977 1269/1782/4978 1274/1795/4979 1275/1796/4980
f 1268/1777/4981 1273/1797/4982 1264/1784/4983 1265/1778/4984
f 1279/1798/4985 1284/1799/4986 1291/1800/4987
f 1291/1800/4988 1284/1799/4989 1285/1801/4990 1293/1802/4991
f 1291/1800/4992 1293/1802/4993 1278/1803/4994 1280/1804/4995
f 1280/1804/4996 1278/1803/4997 1361/1805/4998
f 1276/1806/4999 1280/1807/5000 1361/1808/5001 1398/1809/5002
f 1282/1810/5003 1283/1811/5004 1279/1812/5005 1281/1813/5006
f 1279/1798/5007 1283/1814/5008 1284/1799/5009
f 1285/1801/5010 1284/1799/5011 1283/1814/5012
f 1286/1815/5013 1282/1816/5014 1281/1817/5015
f 1290/1818/5016 1287/1819/5017 1288/1820/5018 1289/1821/5019
f 1288/1820/5020 1295/1822/5021 1289/1821/5022
f 1289/1821/5023 1295/1822/5024 1292/1823/5025 1290/1818/5026
f 1292/1823/5027 1294/1824/5028 1290/1818/5029
f 1286/1815/5030 1281/1817/5031 1295/1822/5032 1288/1820/5033
f 1288/1820/5034 1287/1819/5035 1286/1815/5036
f 1292/1823/5037 1295/1822/5038 1279/1798/5039 1291/1800/5040
f 1281/1817/5041 1279/1798/5042 1295/1822/5043
f 1296/1825/5044 1297/1826/5045 1404/1827/5046 1405/1828/5047
f 1297/1829/5048 1298/1830/5049 1403/1831/5050 1404/1832/5051
f 1298/1833/5052 1299/1834/5053 1402/1835/5054 1403/1836/5055
f 1299/1837/5056 1300/1838/5057 1401/1839/5058 1402/1840/5059
f 1458/1841/5060 1401/1842/5061 1464/1843/5062
f 1401/1842/5063 1300/1844/5064 1464/1843/5065
f 1464/1843/5066 1300/1844/5067 1301/1845/5068 1457/1846/5069
f 1457/1847/5070 1301/1848/5071 1463/1849/5072
f 1301/1848/5073 1302/1850/5074 1463/1849/5075
f 1302/1850/5076 1400/1851/5077 1456/1852/5078
f 1302/1853/5079 1303/1854/5080 1398/1855/5081 1400/1856/5082
f 1305/1857/5083 1306/1858/5084 1409/1859/5085 1410/1860/5086
f 1306/1861/5087 1307/1862/5088 1408/1863/5089 1409/1864/5090
f 1307/1865/5091 1308/1866/5092 1407/1867/5093 1408/1868/5094
f 1308/1869/5095 1309/1870/5096 1406/1871/5097 1407/1872/5098
f 1309/1873/5099 1296/1874/5100 1405/1875/5101 1406/1876/5102
f 1358/1877/5103 1359/1878/5104 1357/1879/5105
f 1356/1880/5106 1357/1879/5107 1359/1878/5108 1355/1881/5109
f 1354/1882/5110 1355/1881/5111 1359/1878/5112 1360/1883/5113
f 1360/1883/5114 1353/1884/5115 1354/1882/5116
f 1310/1885/5117 1311/1886/5118 1319/1887/5119 1318/1888/5120
f 1312/1889/5121 1313/1890/5122 1321/1891/5123 1320/1892/5124
f 1314/1893/5125 1315/1894/5126 1323/1895/5127 1322/1896/5128
f 1316/1897/5129 1317/1898/5130 1325/1899/5131 1324/1900/5132
f 1320/1892/5133 1321/1891/5134 1432/1901/5135 1433/1902/5136
f 1322/1896/5137 1323/1895/5138 1430/1903/5139 1431/1904/5140
f 1324/1900/5141 1325/1899/5142 1437/1905/5143 1429/1906/5144
f 1297/1907/5145 1296/1908/5146 1326/1909/5147 1327/1910/5148
f 1298/1911/5149 1297/1912/5150 1327/1913/5151 1328/1914/5152
f 1299/1915/5153 1298/1911/5154 1328/1914/5155 1329/1916/5156
f 1300/1917/5157 1299/1915/5158 1329/1916/5159 1330/1918/5160
f 1301/1919/5161 1300/1920/5162 1330/1921/5163 1331/1922/5164
f 1302/1923/5165 1301/1919/5166 1331/1922/5167 1332/1924/5168
f 1303/1925/5169 1302/1923/5170 1332/1924/5171 1333/1926/5172
f 1304/1927/5173 1303/1925/5174 1333/1926/5175 1334/1928/5176
f 1306/1929/5177 1305/1930/5178 1335/1931/5179 1336/1932/5180
f 1307/1933/5181 1306/1929/5182 1336/1932/5183 1337/1934/5184
f 1308/1935/5185 1307/1933/5186 1337/1934/5187 1338/1936/5188
f 1309/1937/5189 1308/1935/5190 1338/1936/5191 1339/1938/5192
f 1296/1908/5193 1309/1937/5194 1339/1938/5195 1326/1909/5196
f 1341/1939/5197 1327/1940/5198 1326/1941/5199 1527/1942/5200
f 1527/1942/5201 1340/1943/5202 1341/1939/5203
f 1328/1944/5204 1327/1940/5205 1341/1939/5206 1342/1945/5207
f 1546/1946/5208 1331/1947/5209 1330/1948/5210 1547/1949/5211
f 1330/1948/5212 1545/1950/5213 1547/1949/5214
f 1343/1951/5215 1332/1952/5216 1331/1947/5217 1548/1953/5218
f 1331/1947/5219 1546/1946/5220 1548/1953/5221
f 1334/1954/5222 1333/1955/5223 1344/1956/5224 1345/1957/5225
f 1336/1958/5226 1335/1959/5227 1348/1960/5228 1349/1961/5229
f 1337/1962/5230 1336/1958/5231 1349/1961/5232 1350/1963/5233
f 1526/1964/5234 1338/1965/5235 1337/1962/5236 1529/1966/5237
f 1350/1963/5238 1351/1967/5239 1525/1968/5240 1529/1966/5241
f 1350/1963/5242 1529/1966/5243 1337/1962/5244
f 1474/1969/5245 1472/1970/5246 1353/1971/5247 1471/1972/5248
f 1434/1973/5249 1453/1974/5250 1393/1975/5251
f 1453/1974/5252 1472/1970/5253 1477/1976/5254 1393/1975/5255
f 1485/1977/5256 1495/1978/5257 1503/1979/5258 1502/1980/5259
f 1354/1981/5260 1495/1978/5261 1485/1977/5262 1355/1982/5263
f 1499/1983/5264 1433/1902/5265 1432/1901/5266 1494/1984/5267
f 1499/1983/5268 1494/1984/5269 1487/1985/5270 1502/1980/5271
f 1502/1980/5272 1487/1985/5273 1485/1977/5274
f 1485/1977/5275 1487/1985/5276 1488/1986/5277 1489/1987/5278
f 1555/1988/5279 1357/1989/5280 1277/1990/5281 1564/1991/5282
f 1429/1906/5283 1437/1905/5284 1554/1992/5285 1561/1993/5286
f 1564/1991/5287 1277/1990/5288 1563/1994/5289
f 1277/1990/5290 1429/1906/5291 1563/1994/5292
f 1563/1994/5293 1429/1906/5294 1561/1993/5295 1562/1995/5296
f 1360/1996/5297 1552/1997/5298 1482/1998/5299
f 1482/1998/5300 1552/1997/5301 1435/1999/5302
f 1361/2000/5303 1278/2001/5304 1362/2002/5305
f 1389/2003/5306 1362/2002/5307 1278/2001/5308 1388/2004/5309
f 1455/2005/5310 1362/2002/5311 1389/2003/5312 1461/2006/5313
f 1390/2007/5314 1454/2008/5315 1389/2003/5316
f 1389/2003/5317 1454/2008/5318 1460/2009/5319 1461/2006/5320
f 1391/2010/5321 1496/2011/5322 1465/2012/5323
f 1496/2011/5324 1501/2013/5325 1465/2012/5326
f 1465/2012/5327 1501/2013/5328 1363/2014/5329 1459/2015/5330
f 1465/2012/5331 1466/2016/5332 1391/2010/5333
f 1454/2008/5334 1390/2007/5335 1391/2010/5336 1466/2016/5337
f 1468/2017/5338 1367/2018/5339 1366/2019/5340 1473/2020/5341
f 1422/2021/5342 1369/2022/5343 1368/2023/5344 1481/2024/5345
f 1478/2025/5346 1421/2026/5347 1422/2021/5348 1481/2024/5349
f 1478/2025/5350 1481/2024/5351 1368/2023/5352
f 1373/2027/5353 1372/2028/5354 1395/2029/5355 1396/2030/5356
f 1374/2031/5357 1373/2027/5358 1396/2030/5359 1397/2032/5360
f 1399/2033/5361 1374/2031/5362 1397/2032/5363 1387/2034/5364
f 1400/2035/5365 1398/2036/5366 1361/2037/5367 1362/2038/5368
f 1455/2039/5369 1456/2040/5370 1400/2041/5371 1362/2042/5372
f 1401/2043/5373 1458/2044/5374 1459/2045/5375 1363/2046/5376
f 1402/2047/5377 1401/2048/5378 1363/2049/5379 1364/2050/5380
f 1403/2051/5381 1402/2052/5382 1364/2053/5383 1365/2054/5384
f 1404/2055/5385 1403/2056/5386 1365/2057/5387 1366/2058/5388
f 1405/2059/5389 1404/2060/5390 1366/2061/5391 1367/2062/5392
f 1406/2063/5393 1405/2064/5394 1367/2065/5395 1368/2066/5396
f 1407/2067/5397 1406/2068/5398 1368/2069/5399 1369/2070/5400
f 1408/2071/5401 1407/2072/5402 1369/2073/5403 1370/2074/5404
f 1409/2075/5405 1408/2076/5406 1370/2077/5407 1371/2078/5408
f 1410/2079/5409 1409/2080/5410 1371/2081/5411 1372/2082/5412
f 1411/2083/5413 1410/2084/5414 1372/2085/5415 1373/2086/5416
f 1412/2087/5417 1411/2088/5418 1373/2089/5419 1374/2090/5420
f 1276/2091/5421 1412/2092/5422 1374/2093/5423 1399/2094/5424
f 1565/2095/5425 1376/2096/5426 1315/2097/5427 1314/2098/5428
f 1379/2099/5429 1378/2100/5430 1313/2101/5431 1312/2102/5432
f 1375/2103/5433 1386/2104/5434 1317/2105/5435 1316/2106/5436
f 1416/2107/5437 1414/2108/5438 1376/2109/5439 1377/2110/5440
f 1417/2111/5441 1416/2112/5442 1377/2113/5443 1378/2114/5444
f 1418/2115/5445 1417/2116/5446 1378/2117/5447 1379/2118/5448
f 1381/2119/5449 1420/2120/5450 1419/2121/5451 1380/2122/5452
f 1422/2123/5453 1421/2124/5454 1382/2125/5455 1383/2126/5456
f 1425/2127/5457 1423/2128/5458 1424/2129/5459 1426/2130/5460
f 1427/2131/5461 1425/2132/5462 1426/2133/5463 1428/2134/5464
f 1413/2135/5465 1427/2136/5466 1428/2137/5467 1415/2138/5468
f 1389/2003/5469 1388/2004/5470 1414/2139/5471 1416/2140/5472
f 1390/2007/5473 1389/2003/5474 1416/2140/5475 1417/2141/5476
f 1391/2010/5477 1390/2007/5478 1417/2141/5479 1418/2142/5480
f 1419/2143/5481 1392/2144/5482 1590/2145/5483 1591/2146/5484
f 1396/2030/5485 1395/2029/5486 1423/2147/5487 1425/2148/5488
f 1384/2149/5489 1385/2150/5490 1426/2151/5491 1424/2152/5492
f 1397/2032/5493 1396/2030/5494 1425/2148/5495 1427/2153/5496
f 1385/2150/5497 1386/2154/5498 1428/2155/5499 1426/2151/5500
f 1387/2034/5501 1397/2032/5502 1427/2153/5503 1413/2156/5504
f 1386/2154/5505 1375/2157/5506 1415/2158/5507 1428/2155/5508
f 1276/2159/5509 1398/2160/5510 1303/2161/5511 1304/2162/5512
f 1386/2104/5513 1385/2163/5514 1317/2105/5515
f 1317/2105/5516 1385/2163/5517 1439/2164/5518 1438/2165/5519
f 1385/2163/5520 1384/2166/5521 1440/2167/5522 1439/2164/5523
f 1384/2166/5524 1441/2168/5525 1440/2167/5526
f 1442/2169/5527 1441/2170/5528 1384/2149/5529 1424/2152/5530
f 1423/2171/5531 1443/2172/5532 1442/2173/5533 1424/2174/5534
f 1395/2029/5535 1443/2175/5536 1423/2147/5537
f 1372/2028/5538 1371/2176/5539 1444/2177/5540 1476/2178/5541
f 1443/2175/5542 1395/2029/5543 1372/2028/5544 1476/2178/5545
f 1444/2177/5546 1371/2176/5547 1370/2179/5548 1449/2180/5549
f 1370/2179/5550 1394/2181/5551 1449/2180/5552
f 1359/2182/5553 1450/2183/5554 1553/2184/5555
f 1553/2184/5556 1450/2183/5557 1445/2185/5558
f 1446/2186/5559 1450/2183/5560 1359/2182/5561
f 1447/2187/5562 1451/2188/5563 1358/2189/5564
f 1358/2189/5565 1451/2188/5566 1359/2182/5567
f 1446/2186/5568 1359/2182/5569 1451/2188/5570
f 1325/1899/5571 1448/2190/5572 1436/2191/5573 1437/1905/5574
f 1317/1898/5575 1438/2192/5576 1448/2190/5577 1325/1899/5578
f 1310/2193/5579 1381/2194/5580 1380/2195/5581 1311/2196/5582
f 1319/1887/5583 1434/1973/5584 1393/1975/5585 1318/1888/5586
f 1365/2197/5587 1392/2144/5588 1467/2198/5589 1366/2019/5590
f 1366/2019/5591 1467/2198/5592 1473/2020/5593
f 1467/2198/5594 1392/2144/5595 1475/2199/5596
f 1382/2200/5597 1421/2201/5598 1469/2202/5599
f 1470/2203/5600 1382/2200/5601 1469/2202/5602
f 1478/2025/5603 1480/2204/5604 1469/2205/5605 1421/2026/5606
f 1479/2206/5607 1478/2025/5608 1368/2023/5609
f 1479/2206/5610 1368/2023/5611 1468/2017/5612
f 1367/2018/5613 1468/2017/5614 1368/2023/5615
f 1453/1974/5616 1354/1981/5617 1353/1971/5618 1472/1970/5619
f 1354/1981/5620 1453/1974/5621 1452/2207/5622 1498/2208/5623
f 1354/1981/5624 1498/2208/5625 1503/1979/5626 1495/1978/5627
f 1360/1996/5628 1482/1998/5629 1484/2209/5630 1471/1972/5631
f 1360/1996/5632 1471/1972/5633 1353/1971/5634
f 1357/1989/5635 1356/2210/5636 1277/1990/5637
f 1277/1990/5638 1356/2210/5639 1486/2211/5640 1292/1823/5641
f 1566/2212/5642 1431/1904/5643 1430/1903/5644 1278/2213/5645
f 1566/2212/5646 1278/2213/5647 1486/2211/5648
f 1486/2211/5649 1278/2213/5650 1292/1823/5651
f 1292/1823/5652 1278/2213/5653 1294/1824/5654
f 1278/2213/5655 1293/1802/5656 1294/1824/5657
f 1491/2214/5658 1486/2211/5659 1356/2210/5660
f 1355/1982/5661 1490/2215/5662 1491/2214/5663 1356/2210/5664
f 1365/2197/5665 1364/2216/5666 1500/2217/5667 1392/2144/5668
f 1500/2217/5669 1497/2218/5670 1392/2144/5671
f 1497/2218/5672 1589/2219/5673 1590/2145/5674 1392/2144/5675
f 1485/1977/5676 1490/2215/5677 1355/1982/5678
f 1566/2212/5679 1486/2211/5680 1492/2220/5681 1493/2221/5682
f 1566/2212/5683 1493/2221/5684 1494/1984/5685 1432/1901/5686
f 1507/2222/5687 1504/2223/5688 1505/2224/5689 1506/2225/5690
f 1509/2226/5691 1508/2227/5692 1504/2228/5693 1507/2229/5694
f 1511/2230/5695 1510/2231/5696 1506/2232/5697 1505/2233/5698
f 1514/2234/5699 1515/2235/5700 1508/2227/5701 1509/2226/5702
f 1516/2236/5703 1517/2237/5704 1513/2238/5705 1512/2239/5706
f 1501/2013/5707 1515/2235/5708 1514/2234/5709 1500/2217/5710
f 1363/2014/5711 1501/2013/5712 1500/2217/5713 1364/2216/5714
f 1502/1980/5715 1503/1979/5716 1517/2237/5717 1516/2236/5718
f 1305/2240/5719 1410/2241/5720 1582/2242/5721
f 1410/2241/5722 1411/2243/5723 1581/2244/5724 1582/2242/5725
f 1518/2245/5726 1581/2246/5727 1411/2247/5728 1412/2248/5729
f 1304/2249/5730 1571/2250/5731 1522/2251/5732 1276/2252/5733
f 1412/2253/5734 1276/2252/5735 1518/2254/5736
f 1521/2255/5737 1518/2254/5738 1276/2252/5739 1522/2251/5740
f 1569/2256/5741 1571/2257/5742 1304/1927/5743 1334/1928/5744
f 1334/1954/5745 1345/1957/5746 1569/2258/5747
f 1568/2259/5748 1569/2258/5749 1345/1957/5750 1346/2260/5751
f 1519/2261/5752 1568/2259/5753 1346/2260/5754 1347/2262/5755
f 1348/1960/5756 1335/1959/5757 1520/2263/5758 1584/2264/5759
f 1348/1960/5760 1584/2264/5761 1519/2265/5762 1347/2266/5763
f 1305/1930/5764 1582/2267/5765 1520/2268/5766 1335/1931/5767
f 1338/1965/5768 1526/1964/5769 1528/2269/5770 1524/2270/5771
f 1339/2271/5772 1338/1965/5773 1524/2270/5774
f 1523/2272/5775 1530/2273/5776 1352/2274/5777
f 1351/1967/5778 1352/2274/5779 1530/2273/5780 1525/1968/5781
f 1527/1942/5782 1523/2272/5783 1352/2274/5784 1340/1943/5785
f 1524/2270/5786 1533/2275/5787 1339/2271/5788
f 1527/1942/5789 1326/1941/5790 1531/2276/5791
f 1532/2277/5792 1531/2276/5793 1326/1941/5794 1339/2271/5795
f 1533/2275/5796 1532/2277/5797 1339/2271/5798
f 1333/1955/5799 1332/1952/5800 1343/1951/5801 1344/1956/5802
f 1460/2009/5803 1454/2008/5804 1494/1984/5805 1493/2221/5806
f 1465/2012/5807 1459/2015/5808 1489/1987/5809 1488/1986/5810
f 1454/2008/5811 1466/2016/5812 1494/1984/5813
f 1494/1984/5814 1466/2016/5815 1487/1985/5816
f 1466/2016/5817 1465/2012/5818 1488/1986/5819 1487/1985/5820
f 1491/2214/5821 1463/2278/5822 1462/2279/5823 1486/2211/5824
f 1457/2280/5825 1463/2278/5826 1491/2214/5827 1490/2215/5828
f 1464/2281/5829 1457/2280/5830 1490/2215/5831 1485/1977/5832
f 1464/2281/5833 1485/1977/5834 1489/1987/5835 1458/2282/5836
f 1458/2282/5837 1489/1987/5838 1459/2015/5839
f 1456/1852/5840 1462/2283/5841 1463/1849/5842 1302/1850/5843
f 1462/2279/5844 1456/2284/5845 1486/2211/5846
f 1460/2009/5847 1493/2221/5848 1461/2006/5849
f 1461/2006/5850 1493/2221/5851 1492/2220/5852 1455/2005/5853
f 1492/2220/5854 1486/2211/5855 1455/2005/5856
f 1486/2211/5857 1456/2284/5858 1455/2005/5859
f 1512/2239/5860 1513/2238/5861 1510/2285/5862 1511/2286/5863
f 1478/2025/5864 1479/2206/5865 1484/2209/5866 1482/1998/5867
f 1468/2017/5868 1473/2020/5869 1474/1969/5870 1471/1972/5871
f 1473/2020/5872 1467/2198/5873 1472/1970/5874 1474/1969/5875
f 1438/2192/5876 1439/2287/5877 1436/2191/5878 1448/2190/5879
f 1444/2177/5880 1449/2180/5881 1450/2183/5882 1446/2186/5883
f 1439/2287/5884 1440/2288/5885 1447/2187/5886 1436/2191/5887
f 1440/2288/5888 1441/2170/5889 1447/2187/5890
f 1444/2177/5891 1446/2186/5892 1476/2178/5893
f 1447/2187/5894 1441/2170/5895 1451/2188/5896
f 1451/2188/5897 1441/2170/5898 1442/2169/5899 1443/2175/5900
f 1443/2175/5901 1476/2178/5902 1451/2188/5903
f 1476/2178/5904 1446/2186/5905 1451/2188/5906
f 1472/1970/5907 1467/2198/5908 1475/2199/5909
f 1472/1970/5910 1475/2199/5911 1477/1976/5912
f 1478/2025/5913 1482/1998/5914 1480/2204/5915
f 1480/2204/5916 1482/1998/5917 1483/2289/5918 1469/2205/5919
f 1470/2290/5920 1469/2205/5921 1483/2289/5922
f 1433/1902/5923 1499/1983/5924 1496/2011/5925 1391/2010/5926
f 1433/1902/5927 1391/2010/5928 1418/2142/5929 1379/2291/5930
f 1312/1889/5931 1320/1892/5932 1433/1902/5933 1379/2291/5934
f 1500/2217/5935 1514/2234/5936 1517/2237/5937 1503/1979/5938
f 1517/2237/5939 1514/2234/5940 1509/2226/5941 1513/2238/5942
f 1510/2285/5943 1513/2238/5944 1509/2226/5945 1507/2229/5946
f 1507/2229/5947 1506/2292/5948 1510/2285/5949
f 1500/2217/5950 1503/1979/5951 1498/2208/5952 1497/2218/5953
f 1501/2013/5954 1496/2011/5955 1499/1983/5956 1502/1980/5957
f 1515/2235/5958 1501/2013/5959 1502/1980/5960 1516/2236/5961
f 1508/2227/5962 1515/2235/5963 1516/2236/5964 1512/2239/5965
f 1504/2228/5966 1508/2227/5967 1512/2239/5968 1505/2293/5969
f 1512/2239/5970 1511/2286/5971 1505/2293/5972
f 1429/1906/5973 1277/1990/5974 1399/2033/5975 1387/2034/5976
f 1316/1897/5977 1324/1900/5978 1429/1906/5979 1375/2157/5980
f 1375/2157/5981 1429/1906/5982 1387/2034/5983 1413/2156/5984
f 1413/2156/5985 1415/2158/5986 1375/2157/5987
f 1291/1800/5988 1280/1804/5989 1292/1823/5990
f 1399/2033/5991 1277/1990/5992 1292/1823/5993 1280/1804/5994
f 1280/1804/5995 1276/2294/5996 1399/2033/5997
f 1388/2004/5998 1278/2295/5999 1430/1903/6000
f 1414/2139/6001 1388/2004/6002 1430/1903/6003 1376/2296/6004
f 1430/1903/6005 1323/1895/6006 1315/1894/6007 1376/2296/6008
f 1290/1818/6009 1294/1824/6010 1293/1802/6011 1285/1801/6012
f 1287/1819/6013 1290/1818/6014 1285/1801/6015 1283/1814/6016
f 1287/1819/6017 1283/1814/6018 1286/1815/6019
f 1283/1814/6020 1282/1816/6021 1286/1815/6022
f 1524/2297/6023 1528/2298/6024 1535/2299/6025 1534/2300/6026
f 1528/2301/6027 1526/2302/6028 1536/2303/6029 1535/2304/6030
f 1529/2305/6031 1525/2306/6032 1537/2307/6033 1538/2308/6034
f 1526/2309/6035 1529/2310/6036 1538/2311/6037 1536/2312/6038
f 1525/2313/6039 1530/2314/6040 1539/2315/6041 1537/2316/6042
f 1530/2317/6043 1523/2318/6044 1540/2319/6045 1539/2320/6046
f 1523/2321/6047 1527/2322/6048 1541/2323/6049 1540/2324/6050
f 1527/2325/6051 1531/2326/6052 1542/2327/6053 1541/2328/6054
f 1531/2329/6055 1532/2330/6056 1543/2331/6057 1542/2332/6058
f 1532/2333/6059 1533/2334/6060 1544/2335/6061 1543/2336/6062
f 1533/2337/6063 1524/2338/6064 1534/2339/6065 1544/2340/6066
f 1542/2341/6067 1543/2342/6068 1544/2343/6069 1534/2344/6070
f 1540/2345/6071 1541/2346/6072 1542/2341/6073 1534/2344/6074
f 1534/2344/6075 1535/2347/6076 1540/2345/6077
f 1535/2347/6078 1536/2348/6079 1540/2345/6080
f 1539/2349/6081 1540/2345/6082 1536/2348/6083 1537/2350/6084
f 1536/2348/6085 1538/2351/6086 1537/2350/6087
f 1329/2352/6088 1551/2353/6089 1545/1950/6090 1330/1948/6091
f 1328/1944/6092 1342/1945/6093 1550/2354/6094 1549/2355/6095
f 1553/2184/6096 1552/1997/6097 1360/1996/6098 1359/2182/6099
f 1394/2181/6100 1370/2179/6101 1553/2184/6102 1445/2185/6103
f 1435/1999/6104 1552/1997/6105 1369/2022/6106 1422/2021/6107
f 1435/1999/6108 1422/2021/6109 1383/2356/6110
f 1583/2357/6111 1554/1992/6112 1437/1905/6113 1436/2191/6114
f 1436/2191/6115 1447/2187/6116 1559/2358/6117 1583/2357/6118
f 1556/2359/6119 1560/2360/6120 1557/2361/6121 1358/2189/6122
f 1358/2189/6123 1357/1989/6124 1555/1988/6125 1556/2359/6126
f 1560/2360/6127 1556/2359/6128 1557/2361/6129
f 1447/2187/6130 1358/2189/6131 1558/2362/6132 1559/2358/6133
f 1358/2189/6134 1557/2361/6135 1558/2362/6136
f 1377/2363/6137 1376/2096/6138 1565/2095/6139
f 1432/1901/6140 1321/1891/6141 1313/1890/6142 1378/2364/6143
f 1377/2365/6144 1565/2366/6145 1431/1904/6146 1566/2212/6147
f 1432/1901/6148 1378/2364/6149 1377/2365/6150
f 1377/2365/6151 1566/2212/6152 1432/1901/6153
f 1322/1896/6154 1431/1904/6155 1565/2366/6156 1314/1893/6157
f 1518/2367/6158 1521/2368/6159 1575/2369/6160
f 1584/2370/6161 1520/2268/6162 1585/2371/6163
f 1519/2372/6164 1584/2370/6165 1585/2371/6166
f 1575/2369/6167 1577/2373/6168 1518/2367/6169
f 1581/2374/6170 1518/2367/6171 1577/2373/6172 1579/2375/6173
f 1570/2376/6174 1567/2377/6175 1555/1988/6176 1564/1991/6177
f 1564/1991/6178 1563/1994/6179 1572/2378/6180 1570/2376/6181
f 1573/2379/6182 1572/2378/6183 1563/1994/6184
f 1574/2380/6185 1573/2379/6186 1563/1994/6187 1562/1995/6188
f 1576/2381/6189 1574/2380/6190 1562/1995/6191 1561/1993/6192
f 1561/1993/6193 1554/1992/6194 1578/2382/6195 1576/2381/6196
f 1580/2383/6197 1578/2382/6198 1554/1992/6199 1583/2357/6200
f 1557/2361/6201 1556/2359/6202 1586/2384/6203 1558/2362/6204
f 1587/2385/6205 1586/2384/6206 1556/2359/6207
f 1567/2377/6208 1587/2385/6209 1556/2359/6210 1555/1988/6211
f 1522/2386/6212 1571/2387/6213 1521/2388/6214
f 1519/2389/6215 1585/2390/6216 1568/2391/6217
f 1577/2392/6218 1575/2393/6219 1521/2388/6220 1579/2394/6221
f 1579/2394/6222 1521/2388/6223 1571/2387/6224 1569/2395/6225
f 1579/2394/6226 1569/2395/6227 1568/2391/6228 1585/2390/6229
f 1579/2394/6230 1585/2390/6231 1581/2396/6232
f 1582/2397/6233 1581/2396/6234 1585/2390/6235 1520/2398/6236
f 1573/2379/6237 1574/2380/6238 1572/2378/6239
f 1587/2385/6240 1567/2377/6241 1586/2384/6242
f 1576/2381/6243 1578/2382/6244 1574/2380/6245
f 1558/2362/6246 1586/2384/6247 1567/2377/6248 1559/2358/6249
f 1583/2357/6250 1559/2358/6251 1567/2377/6252 1580/2383/6253
f 1578/2382/6254 1580/2383/6255 1567/2377/6256 1574/2380/6257
f 1574/2380/6258 1567/2377/6259 1570/2376/6260 1572/2378/6261
f 1450/2183/6262 1449/2180/6263 1394/2181/6264 1445/2185/6265
f 1383/2356/6266 1382/2399/6267 1435/1999/6268
f 1310/2400/6269 1318/2401/6270 1393/2402/6271 1381/2403/6272
f 1381/2404/6273 1393/2405/6274 1420/2406/6275
f 1551/2353/6276 1329/2352/6277 1328/1944/6278 1549/2355/6279
f 1369/2022/6280 1552/1997/6281 1553/2184/6282 1370/2179/6283
f 1470/2407/6284 1483/2408/6285 1588/2409/6286 1382/2410/6287
f 1588/2409/6288 1483/2408/6289 1482/2411/6290
f 1435/2412/6291 1588/2409/6292 1482/2411/6293
f 1382/2410/6294 1588/2409/6295 1435/2412/6296
f 1380/2413/6297 1419/2414/6298 1591/2415/6299
f 1497/2218/6300 1498/2208/6301 1589/2219/6302
f 1319/2416/6303 1311/2417/6304 1434/2418/6305
f 1434/2418/6306 1311/2417/6307 1380/2419/6308 1453/2420/6309
f 1453/2420/6310 1380/2419/6311 1591/2421/6312
f 1452/2207/6313 1453/1974/6314 1591/2146/6315 1590/2145/6316
f 1590/2145/6317 1589/2219/6318 1452/2207/6319
f 1589/2219/6320 1498/2208/6321 1452/2207/6322
f 1392/2144/6323 1420/2406/6324 1475/2199/6325
f 1477/1976/6326 1475/2199/6327 1420/2406/6328 1393/1975/6329
f 1420/2422/6330 1392/2144/6331 1419/2143/6332
f 1484/2209/6333 1479/2206/6334 1468/2017/6335 1471/1972/6336
f 1595/2423/6337 1592/2424/6338 1593/2425/6339 1594/2426/6340
f 1596/2427/6341 1597/2428/6342 1599/2429/6343 1598/2430/6344
f 1598/2430/6345 1599/2429/6346 1601/2431/6347 1600/2432/6348
f 1600/2432/6349 1601/2431/6350 1603/2433/6351 1602/2434/6352
f 1602/2434/6353 1603/2433/6354 1597/2435/6355 1596/2436/6356
f 1602/2437/6357 1596/2427/6358 1598/2430/6359 1600/2438/6360
f 1607/2439/6361 1606/2440/6362 1605/2441/6363 1604/2442/6364
f 1608/2443/6365 1610/2444/6366 1611/2445/6367 1609/2446/6368
f 1610/2444/6369 1612/2447/6370 1613/2448/6371 1611/2445/6372
f 1612/2447/6373 1614/2449/6374 1615/2450/6375 1613/2448/6376
f 1614/2449/6377 1608/2451/6378 1609/2452/6379 1615/2450/6380
f 1614/2453/6381 1612/2454/6382 1610/2444/6383 1608/2443/6384
f 1616/2455/6385 1617/2456/6386 1619/2457/6387 1618/2458/6388
f 1618/2458/6389 1619/2457/6390 1621/2459/6391 1620/2460/6392
f 1620/2460/6393 1621/2459/6394 1623/2461/6395 1622/2462/6396
f 1622/2462/6397 1623/2461/6398 1617/2463/6399 1616/2464/6400
f 1622/2465/6401 1616/2455/6402 1618/2458/6403 1620/2466/6404
f 1624/2467/6405 1625/2468/6406 1627/2469/6407 1626/2470/6408
f 1626/2470/6409 1627/2469/6410 1629/2471/6411 1628/2472/6412
f 1628/2472/6413 1629/2471/6414 1631/2473/6415 1630/2474/6416
f 1630/2474/6417 1631/2473/6418 1625/2475/6419 1624/2476/6420
f 1630/2477/6421 1624/2467/6422 1626/2470/6423 1628/2478/6424
f 1632/2479/6425 1633/2480/6426 1635/2481/6427 1634/2482/6428
f 1634/2482/6429 1635/2481/6430 1637/2483/6431 1636/2484/6432
f 1636/2484/6433 1637/2483/6434 1639/2485/6435 1638/2486/6436
f 1638/2486/6437 1639/2485/6438 1633/2487/6439 1632/2488/6440
f 1638/2489/6441 1632/2479/6442 1634/2482/6443 1636/2490/6444
f 1643/2491/6445 1640/2492/6446 1641/2493/6447 1642/2494/6448
f 1642/2494/6449 1641/2493/6450 1644/2495/6451 1645/2496/6452
f 1645/2496/6453 1644/2495/6454 1646/2497/6455
f 1646/2497/6456 1644/2495/6457 1965/2498/6458 1966/2499/6459
f 1649/2500/6460 1650/2501/6461 1967/2502/6462 1968/2503/6463
f 1652/2504/6464 1651/2505/6465 1640/2506/6466 1643/2507/6467
f 1654/2508/6468 1653/2509/6469 1651/2510/6470 1652/2511/6471
f 1662/2512/6472 1655/2513/6473 1656/2514/6474
f 1658/2515/6475 1674/2516/6476 1675/2517/6477 1657/2518/6478
f 1744/2519/6479 1658/2515/6480 1657/2518/6481 1745/2520/6482
f 1660/2521/6483 1663/2522/6484 1661/2523/6485 1667/2524/6486
f 1660/2521/6487 1667/2524/6488 1668/2525/6489 1676/2526/6490
f 1676/2526/6491 2001/2527/6492 1660/2521/6493
f 1660/2528/6494 1662/2529/6495 1656/2530/6496 1663/2531/6497
f 1665/2532/6498 1666/2533/6499 1661/2534/6500 1664/2535/6501
f 1661/2523/6502 1666/2536/6503 1667/2524/6504
f 1668/2525/6505 1667/2524/6506 1666/2536/6507
f 1670/2537/6508 1665/2538/6509 1664/2539/6510 1669/2540/6511
f 1674/2516/6512 1671/2541/6513 1672/2542/6514 1673/2543/6515
f 1672/2542/6516 1677/2544/6517 1673/2543/6518
f 1673/2543/6519 1677/2544/6520 1675/2517/6521 1674/2516/6522
f 1670/2537/6523 1669/2540/6524 1672/2542/6525 1671/2541/6526
f 1664/2539/6527 1677/2544/6528 1672/2542/6529 1669/2540/6530
f 1664/2539/6531 1661/2523/6532 1677/2544/6533
f 1678/2545/6534 1679/2546/6535 1794/2547/6536 1795/2548/6537
f 1679/2549/6538 1680/2550/6539 1793/2551/6540 1794/2552/6541
f 1680/2553/6542 1681/2554/6543 1792/2555/6544 1793/2556/6545
f 1681/2557/6546 1682/2558/6547 1791/2559/6548 1792/2560/6549
f 1863/2561/6550 1791/2562/6551 1868/2563/6552
f 1791/2562/6553 1682/2564/6554 1868/2563/6555
f 1868/2563/6556 1682/2564/6557 1683/2565/6558 1862/2566/6559
f 1862/2567/6560 1683/2568/6561 1867/2569/6562
f 1683/2568/6563 1684/2570/6564 1867/2569/6565
f 1684/2570/6566 1790/2571/6567 1861/2572/6568
f 1684/2573/6569 1685/2574/6570 1788/2575/6571 1790/2576/6572
f 1687/2577/6573 1688/2578/6574 1799/2579/6575 1800/2580/6576
f 1688/2581/6577 1689/2582/6578 1798/2583/6579 1799/2584/6580
f 1689/2585/6581 1690/2586/6582 1797/2587/6583 1798/2588/6584
f 1690/2589/6585 1691/2590/6586 1796/2591/6587 1797/2592/6588
f 1691/2593/6589 1678/2594/6590 1795/2595/6591 1796/2596/6592
f 1746/2597/6593 1747/2598/6594 1745/2599/6595
f 1744/2600/6596 1745/2599/6597 1747/2598/6598 1743/2601/6599
f 1742/2602/6600 1743/2601/6601 1747/2598/6602 1748/2603/6603
f 1748/2603/6604 1741/2604/6605 1742/2602/6606
f 1855/2605/6607 1852/2606/6608 1693/2607/6609 1703/2608/6610
f 1693/2607/6611 1694/2609/6612 1704/2610/6613 1703/2608/6614
f 1695/2611/6615 1696/2612/6616 1706/2613/6617 1705/2614/6618
f 1697/2615/6619 1698/2616/6620 1708/2617/6621 1707/2618/6622
f 1699/2619/6623 1700/2620/6624 1710/2621/6625 1709/2622/6626
f 1701/2623/6627 1702/2624/6628 1713/2625/6629 1712/2626/6630
f 1702/2624/6631 1874/2627/6632 1875/2628/6633 1713/2625/6634
f 1857/2629/6635 1829/2630/6636 1858/2631/6637 1703/2608/6638
f 1703/2608/6639 1704/2610/6640 1854/2632/6641 1857/2629/6642
f 1705/2614/6643 1706/2613/6644 1827/2633/6645 1828/2634/6646
f 1707/2618/6647 1708/2617/6648 1825/2635/6649 1826/2636/6650
f 1709/2622/6651 1710/2621/6652 1833/2637/6653 1824/2638/6654
f 1830/2639/6655 1712/2626/6656 1713/2625/6657 1889/2640/6658
f 1889/2640/6659 1713/2625/6660 1875/2628/6661 1890/2641/6662
f 1679/2642/6663 1678/2643/6664 1714/2644/6665 1715/2645/6666
f 1680/2646/6667 1679/2642/6668 1715/2645/6669 1716/2647/6670
f 1681/2648/6671 1680/2646/6672 1716/2647/6673 1717/2649/6674
f 1682/2650/6675 1681/2648/6676 1717/2649/6677 1718/2651/6678
f 1683/2652/6679 1682/2650/6680 1718/2651/6681 1719/2653/6682
f 1684/2654/6683 1683/2652/6684 1719/2653/6685 1720/2655/6686
f 1685/2656/6687 1684/2654/6688 1720/2655/6689 1721/2657/6690
f 1686/2658/6691 1685/2656/6692 1721/2657/6693 1722/2659/6694
f 1688/2660/6695 1687/2661/6696 1723/2662/6697 1724/2663/6698
f 1689/2664/6699 1688/2660/6700 1724/2663/6701 1725/2665/6702
f 1690/2666/6703 1689/2664/6704 1725/2665/6705 1726/2667/6706
f 1691/2668/6707 1690/2666/6708 1726/2667/6709 1727/2669/6710
f 1678/2643/6711 1691/2668/6712 1727/2669/6713 1714/2644/6714
f 1729/2670/6715 1715/2671/6716 1714/2672/6717 1929/2673/6718
f 1929/2673/6719 1728/2674/6720 1729/2670/6721
f 1716/2675/6722 1715/2671/6723 1729/2670/6724 1730/2676/6725
f 1948/2677/6726 1719/2678/6727 1718/2679/6728 1949/2680/6729
f 1718/2679/6730 1947/2681/6731 1949/2680/6732
f 1731/2682/6733 1720/2683/6734 1719/2678/6735 1950/2684/6736
f 1719/2678/6737 1948/2677/6738 1950/2684/6739
f 1722/2685/6740 1721/2686/6741 1732/2687/6742 1733/2688/6743
f 1724/2689/6744 1723/2690/6745 1736/2691/6746 1737/2692/6747
f 1725/2693/6748 1724/2689/6749 1737/2692/6750 1738/2694/6751
f 1928/2695/6752 1726/2696/6753 1725/2693/6754 1931/2697/6755
f 1738/2694/6756 1739/2698/6757 1927/2699/6758 1931/2697/6759
f 1738/2694/6760 1931/2697/6761 1725/2693/6762
f 1880/2700/6763 1877/2701/6764 1741/2702/6765 1876/2703/6766
f 1905/2704/6767 1892/2705/6768 1902/2706/6769
f 1742/2707/6770 1902/2706/6771 1892/2705/6772 1743/2708/6773
f 1828/2634/6774 1827/2633/6775 1894/2709/6776 1905/2704/6777
f 1892/2705/6778 1905/2704/6779 1894/2709/6780 1895/2710/6781
f 1975/2711/6782 1745/2520/6783 1657/2518/6784 1974/2712/6785
f 1824/2638/6786 1833/2637/6787 1969/2713/6788
f 1657/2518/6789 1824/2638/6790 1974/2712/6791
f 1974/2712/6792 1824/2638/6793 1969/2713/6794
f 1748/2714/6795 1963/2715/6796 1889/2640/6797
f 1889/2640/6798 1963/2715/6799 1830/2639/6800
f 1778/2716/6801 1750/2717/6802 1749/2718/6803 1998/2719/6804
f 1999/2720/6805 1777/2721/6806 1778/2716/6807
f 1860/2722/6808 1750/2717/6809 1778/2716/6810 1865/2723/6811
f 1779/2724/6812 1859/2725/6813 1778/2716/6814
f 1778/2716/6815 1859/2725/6816 1865/2723/6817
f 1780/2726/6818 1904/2727/6819 1869/2728/6820
f 1869/2728/6821 1904/2727/6822 1751/2729/6823 1864/2730/6824
f 1859/2725/6825 1779/2724/6826 1780/2726/6827 1869/2728/6828
f 1870/2731/6829 1879/2732/6830 1754/2733/6831
f 1871/2734/6832 1755/2735/6833 1754/2733/6834 1879/2732/6835
f 1784/2736/6836 1757/2737/6837 1756/2738/6838 1888/2739/6839
f 1888/2739/6840 1783/2740/6841 1784/2736/6842
f 1761/2741/6843 1760/2742/6844 1785/2743/6845 1786/2744/6846
f 1762/2745/6847 1761/2741/6848 1786/2744/6849 1787/2746/6850
f 1789/2747/6851 1762/2745/6852 1787/2746/6853 1776/2748/6854
f 1790/2749/6855 1788/2750/6856 1749/2751/6857 1750/2752/6858
f 1860/2753/6859 1861/2754/6860 1790/2755/6861 1750/2756/6862
f 1791/2757/6863 1863/2758/6864 1864/2759/6865 1751/2760/6866
f 1792/2761/6867 1791/2762/6868 1751/2763/6869 1752/2764/6870
f 1793/2765/6871 1792/2766/6872 1752/2767/6873 1753/2768/6874
f 1794/2769/6875 1793/2770/6876 1753/2771/6877 1754/2772/6878
f 1795/2773/6879 1794/2774/6880 1754/2775/6881 1755/2776/6882
f 1796/2777/6883 1795/2778/6884 1755/2779/6885 1756/2780/6886
f 1797/2781/6887 1796/2782/6888 1756/2783/6889 1757/2784/6890
f 1798/2785/6891 1797/2786/6892 1757/2787/6893 1758/2788/6894
f 1799/2789/6895 1798/2790/6896 1758/2791/6897 1759/2792/6898
f 1800/2793/6899 1799/2794/6900 1759/2795/6901 1760/2796/6902
f 1801/2797/6903 1800/2798/6904 1760/2799/6905 1761/2800/6906
f 1802/2801/6907 1801/2802/6908 1761/2803/6909 1762/2804/6910
f 1656/2805/6911 1802/2806/6912 1762/2807/6913 1789/2808/6914
f 1976/2809/6915 1764/2810/6916 1698/2811/6917 1697/2812/6918
f 1767/2813/6919 1766/2814/6920 1696/2815/6921 1695/2816/6922
f 1694/2817/6923 1693/2818/6924 1853/2819/6925
f 1853/2819/6926 1693/2818/6927 1856/2820/6928
f 1829/2821/6929 1856/2820/6930 1810/2822/6931
f 1810/2822/6932 1856/2820/6933 1693/2818/6934 1768/2823/6935
f 1693/2818/6936 1852/2824/6937 1769/2825/6938 1768/2823/6939
f 1770/2826/6940 1873/2827/6941 1874/2828/6942 1702/2829/6943
f 1771/2830/6944 1770/2826/6945 1702/2829/6946 1701/2831/6947
f 1763/2832/6948 1775/2833/6949 1700/2834/6950 1699/2835/6951
f 1806/2836/6952 1804/2837/6953 1764/2838/6954 1765/2839/6955
f 1807/2840/6956 1806/2841/6957 1765/2842/6958 1766/2843/6959
f 1808/2844/6960 1807/2845/6961 1766/2846/6962 1767/2847/6963
f 1768/2848/6964 1811/2849/6965 1809/2850/6966 1810/2851/6967
f 1815/2852/6968 1813/2853/6969 1814/2854/6970 1816/2855/6971
f 1820/2856/6972 1818/2857/6973 1819/2858/6974 1821/2859/6975
f 1822/2860/6976 1820/2861/6977 1821/2862/6978 1823/2863/6979
f 1803/2864/6980 1822/2865/6981 1823/2866/6982 1805/2867/6983
f 1778/2716/6984 1777/2721/6985 1804/2868/6986 1806/2869/6987
f 1779/2724/6988 1778/2716/6989 1806/2869/6990 1807/2870/6991
f 1780/2726/6992 1779/2724/6993 1807/2870/6994 1808/2871/6995
f 1811/2872/6996 1782/2873/6997 1781/2874/6998 1809/2875/6999
f 1872/2876/7000 1873/2877/7001 1770/2878/7002 1814/2879/7003
f 1784/2736/7004 1783/2740/7005 1813/2880/7006 1815/2881/7007
f 1770/2878/7008 1771/2882/7009 1816/2883/7010 1814/2879/7011
f 1786/2744/7012 1785/2743/7013 1818/2884/7014 1820/2885/7015
f 1773/2886/7016 1774/2887/7017 1821/2888/7018 1819/2889/7019
f 1787/2746/7020 1786/2744/7021 1820/2885/7022 1822/2890/7023
f 1774/2887/7024 1775/2891/7025 1823/2892/7026 1821/2888/7027
f 1776/2748/7028 1787/2746/7029 1822/2890/7030 1803/2893/7031
f 1775/2891/7032 1763/2894/7033 1805/2895/7034 1823/2892/7035
f 1788/2896/7036 1662/2897/7037 2000/2898/7038 1749/2899/7039
f 1788/2900/7040 1685/2901/7041 1686/2902/7042 1662/2903/7043
f 1686/2904/7044 1655/2513/7045 1662/2512/7046
f 1775/2833/7047 1774/2905/7048 1700/2834/7049
f 1700/2834/7050 1774/2905/7051 1835/2906/7052 1834/2907/7053
f 1774/2905/7054 1773/2908/7055 1836/2909/7056 1835/2906/7057
f 1837/2910/7058 1836/2911/7059 1773/2886/7060 1819/2889/7061
f 1818/2912/7062 1838/2913/7063 1837/2914/7064 1819/2915/7065
f 1785/2743/7066 1839/2916/7067 1838/2917/7068 1818/2884/7069
f 1760/2742/7070 1759/2918/7071 1840/2919/7072 1839/2916/7073
f 1839/2916/7074 1785/2743/7075 1760/2742/7076
f 1840/2919/7077 1759/2918/7078 1758/2920/7079 1847/2921/7080
f 1758/2920/7081 1817/2922/7082 1847/2921/7083
f 1841/2923/7084 1848/2924/7085 1847/2921/7086 1817/2922/7087
f 1842/2925/7088 1817/2926/7089 1772/2927/7090
f 1849/2928/7091 1842/2929/7092 1772/2930/7093 1882/2931/7094
f 1843/2932/7095 1883/2933/7096 1831/2934/7097
f 1850/2935/7098 1848/2924/7099 1841/2923/7100 1843/2932/7101
f 1747/2936/7102 1850/2935/7103 1964/2937/7104
f 1964/2937/7105 1850/2935/7106 1843/2932/7107
f 1844/2938/7108 1850/2935/7109 1747/2936/7110
f 1845/2939/7111 1851/2940/7112 1746/2941/7113
f 1746/2941/7114 1851/2940/7115 1747/2936/7116
f 1844/2938/7117 1747/2936/7118 1851/2940/7119
f 1710/2621/7120 1846/2942/7121 1832/2943/7122 1833/2637/7123
f 1700/2620/7124 1834/2944/7125 1846/2942/7126 1710/2621/7127
f 1870/2731/7128 1754/2733/7129 1753/2945/7130 1782/2873/7131
f 1881/2946/7132 1870/2731/7133 1782/2873/7134
f 1812/2947/7135 1881/2946/7136 1782/2873/7137 1811/2872/7138
f 1769/2948/7139 1812/2949/7140 1811/2950/7141 1768/2951/7142
f 1692/2952/7143 1769/2825/7144 1852/2824/7145
f 1855/2605/7146 1692/2953/7147 1852/2606/7148
f 1711/2954/7149 1831/2934/7150 1883/2933/7151
f 1814/2955/7152 1813/2956/7153 1885/2957/7154 1884/2958/7155
f 1872/2959/7156 1814/2955/7157 1884/2958/7158
f 1783/2740/7159 1886/2960/7160 1885/2961/7161 1813/2880/7162
f 1888/2739/7163 1887/2962/7164 1886/2960/7165 1783/2740/7166
f 1871/2734/7167 1888/2739/7168 1756/2738/7169
f 1755/2735/7170 1871/2734/7171 1756/2738/7172
f 1741/2702/7173 1877/2701/7174 1742/2707/7175
f 1902/2706/7176 1742/2707/7177 1878/2963/7178 1858/2631/7179
f 1703/2608/7180 1858/2631/7181 1878/2963/7182 1855/2605/7183
f 1891/2964/7184 1878/2963/7185 1742/2707/7186 1877/2701/7187
f 1858/2631/7188 1829/2630/7189 1902/2706/7190
f 1748/2714/7191 1889/2640/7192 1876/2703/7193 1741/2702/7194
f 1826/2636/7195 1825/2635/7196 1893/2965/7197 1978/2966/7198
f 1658/2515/7199 1744/2519/7200 1893/2965/7201 1825/2635/7202
f 1897/2967/7203 1893/2965/7204 1744/2519/7205
f 1743/2708/7206 1896/2968/7207 1897/2967/7208 1744/2519/7209
f 1753/2945/7210 1752/2969/7211 1903/2970/7212 1782/2873/7213
f 1903/2970/7214 1901/2971/7215 1782/2873/7216
f 1901/2971/7217 1781/2874/7218 1782/2873/7219
f 1892/2705/7220 1896/2968/7221 1743/2708/7222
f 1978/2966/7223 1893/2965/7224 1898/2972/7225 1899/2973/7226
f 1977/2974/7227 1978/2966/7228 1899/2973/7229 1900/2975/7230
f 1827/2633/7231 1977/2974/7232 1900/2975/7233 1894/2709/7234
f 1904/2727/7235 1903/2970/7236 1752/2969/7237 1751/2729/7238
f 1909/2976/7239 1906/2977/7240 1907/2978/7241 1908/2979/7242
f 1911/2980/7243 1910/2981/7244 1906/2982/7245 1909/2983/7246
f 1913/2984/7247 1912/2985/7248 1908/2986/7249 1907/2987/7250
f 1916/2988/7251 1917/2989/7252 1910/2981/7253 1911/2980/7254
f 1918/2990/7255 1919/2991/7256 1915/2992/7257 1914/2993/7258
f 1903/2970/7259 1904/2727/7260 1917/2989/7261 1916/2988/7262
f 1905/2704/7263 1902/2706/7264 1919/2991/7265 1918/2990/7266
f 1687/2994/7267 1800/2995/7268 1991/2996/7269
f 1800/2995/7270 1801/2997/7271 1990/2998/7272 1991/2996/7273
f 1920/2999/7274 1990/3000/7275 1801/3001/7276 1802/3002/7277
f 1686/3003/7278 1982/3004/7279 1924/3005/7280 1655/3006/7281
f 1920/3007/7282 1802/3008/7283 1656/3009/7284 1655/3006/7285
f 1923/3010/7286 1920/3007/7287 1655/3006/7288 1924/3005/7289
f 1981/3011/7290 1982/3012/7291 1686/2658/7292 1722/2659/7293
f 1722/2685/7294 1733/2688/7295 1981/3013/7296
f 1980/3014/7297 1981/3013/7298 1733/2688/7299 1734/3015/7300
f 1921/3016/7301 1980/3014/7302 1734/3015/7303 1735/3017/7304
f 1736/2691/7305 1723/2690/7306 1922/3018/7307 1993/3019/7308
f 1736/2691/7309 1993/3019/7310 1921/3020/7311 1735/3021/7312
f 1687/2661/7313 1991/3022/7314 1922/3023/7315 1723/2662/7316
f 1726/2696/7317 1928/2695/7318 1930/3024/7319 1926/3025/7320
f 1727/3026/7321 1726/2696/7322 1926/3025/7323
f 1925/3027/7324 1932/3028/7325 1740/3029/7326
f 1739/2698/7327 1740/3029/7328 1932/3028/7329 1927/2699/7330
f 1929/2673/7331 1925/3027/7332 1740/3029/7333 1728/2674/7334
f 1926/3025/7335 1935/3030/7336 1727/3026/7337
f 1929/2673/7338 1714/2672/7339 1933/3031/7340
f 1934/3032/7341 1933/3031/7342 1714/2672/7343 1727/3026/7344
f 1935/3030/7345 1934/3032/7346 1727/3026/7347
f 1721/2686/7348 1720/2683/7349 1731/2682/7350 1732/2687/7351
f 1869/2728/7352 1864/2730/7353 1895/2710/7354 1894/2709/7355
f 1859/2725/7356 1869/2728/7357 1900/2975/7358
f 1900/2975/7359 1869/2728/7360 1894/2709/7361
f 1897/2967/7362 1867/3033/7363 1866/3034/7364 1893/2965/7365
f 1862/3035/7366 1867/3033/7367 1897/2967/7368 1896/2968/7369
f 1868/3036/7370 1862/3035/7371 1896/2968/7372 1892/2705/7373
f 1868/3036/7374 1892/2705/7375 1895/2710/7376 1863/3037/7377
f 1863/3037/7378 1895/2710/7379 1864/2730/7380
f 1861/2572/7381 1866/3038/7382 1867/2569/7383 1684/2570/7384
f 1866/3034/7385 1861/3039/7386 1893/2965/7387
f 1899/2973/7388 1865/2723/7389 1859/2725/7390 1900/2975/7391
f 1865/2723/7392 1899/2973/7393 1898/2972/7394 1860/2722/7395
f 1898/2972/7396 1893/2965/7397 1860/2722/7398
f 1893/2965/7399 1861/3039/7400 1860/2722/7401
f 1914/2993/7402 1915/2992/7403 1912/3040/7404 1913/3041/7405
f 1889/2640/7406 1888/2739/7407 1871/2734/7408 1876/2703/7409
f 1871/2734/7410 1879/2732/7411 1880/2700/7412 1876/2703/7413
f 1879/2732/7414 1870/2731/7415 1877/2701/7416 1880/2700/7417
f 1834/2944/7418 1835/3042/7419 1832/2943/7420 1846/2942/7421
f 1840/2919/7422 1847/2921/7423 1850/2935/7424 1844/2938/7425
f 1882/3043/7426 1711/2954/7427 1883/2933/7428 1849/3044/7429
f 1841/2923/7430 1842/3045/7431 1843/2932/7432
f 1843/2932/7433 1842/3045/7434 1883/2933/7435
f 1842/3045/7436 1849/3044/7437 1883/2933/7438
f 1835/3042/7439 1836/2911/7440 1845/2939/7441 1832/2943/7442
f 1840/2919/7443 1844/2938/7444 1839/2916/7445
f 1845/2939/7446 1836/2911/7447 1851/2940/7448
f 1851/2940/7449 1836/2911/7450 1837/2910/7451 1838/2917/7452
f 1838/2917/7453 1839/2916/7454 1851/2940/7455
f 1839/2916/7456 1844/2938/7457 1851/2940/7458
f 1891/2964/7459 1877/2701/7460 1870/2731/7461 1881/2946/7462
f 1888/2739/7463 1889/2640/7464 1887/2962/7465
f 1887/2962/7466 1889/2640/7467 1890/2641/7468 1886/2960/7469
f 1780/2726/7470 1828/2634/7471 1905/2704/7472 1904/2727/7473
f 1828/2634/7474 1780/2726/7475 1808/2871/7476 1767/3046/7477
f 1695/2611/7478 1705/2614/7479 1828/2634/7480 1767/3046/7481
f 1902/2706/7482 1829/2630/7483 1781/2874/7484 1901/2971/7485
f 1854/2632/7486 1704/2610/7487 1694/2609/7488 1853/3047/7489
f 1809/2875/7490 1781/2874/7491 1829/2630/7492 1810/3048/7493
f 1856/3049/7494 1829/2630/7495 1857/2629/7496
f 1853/3047/7497 1856/3049/7498 1857/2629/7499 1854/2632/7500
f 1903/2970/7501 1916/2988/7502 1919/2991/7503 1902/2706/7504
f 1919/2991/7505 1916/2988/7506 1911/2980/7507 1915/2992/7508
f 1912/3040/7509 1915/2992/7510 1911/2980/7511 1909/2983/7512
f 1909/2983/7513 1908/3050/7514 1912/3040/7515
f 1903/2970/7516 1902/2706/7517 1901/2971/7518
f 1917/2989/7519 1904/2727/7520 1905/2704/7521 1918/2990/7522
f 1910/2981/7523 1917/2989/7524 1918/2990/7525 1914/2993/7526
f 1906/2982/7527 1910/2981/7528 1914/2993/7529 1907/3051/7530
f 1914/2993/7531 1913/3041/7532 1907/3051/7533
f 1824/2638/7534 1657/2518/7535 1789/2747/7536 1776/2748/7537
f 1699/2619/7538 1709/2622/7539 1824/2638/7540 1763/2894/7541
f 1763/2894/7542 1824/2638/7543 1776/2748/7544 1803/2893/7545
f 1803/2893/7546 1805/2895/7547 1763/2894/7548
f 1661/2523/7549 1663/2522/7550 1675/2517/7551 1677/2544/7552
f 1789/2747/7553 1657/2518/7554 1675/2517/7555 1663/2522/7556
f 1663/2522/7557 1656/3052/7558 1789/2747/7559
f 1777/2721/7560 1997/3053/7561 1658/2515/7562 1825/2635/7563
f 1804/2868/7564 1777/2721/7565 1825/2635/7566 1764/3054/7567
f 1825/2635/7568 1708/2617/7569 1698/2616/7570 1764/3054/7571
f 1674/2516/7572 1658/2515/7573 1659/3055/7574 1676/2526/7575
f 1674/2516/7576 1676/2526/7577 1668/2525/7578
f 1671/2541/7579 1674/2516/7580 1668/2525/7581 1666/2536/7582
f 1671/2541/7583 1666/2536/7584 1670/2537/7585
f 1666/2536/7586 1665/2538/7587 1670/2537/7588
f 1926/3056/7589 1930/3057/7590 1937/3058/7591 1936/3059/7592
f 1930/3060/7593 1928/3061/7594 1938/3062/7595 1937/3063/7596
f 1931/3064/7597 1927/3065/7598 1939/3066/7599 1940/3067/7600
f 1928/3068/7601 1931/3069/7602 1940/3070/7603 1938/3071/7604
f 1927/3072/7605 1932/3073/7606 1941/3074/7607 1939/3075/7608
f 1932/3076/7609 1925/3077/7610 1942/3078/7611 1941/3079/7612
f 1925/3080/7613 1929/3081/7614 1943/3082/7615 1942/3083/7616
f 1929/3084/7617 1933/3085/7618 1944/3086/7619 1943/3087/7620
f 1933/3088/7621 1934/3089/7622 1945/3090/7623 1944/3091/7624
f 1934/3092/7625 1935/3093/7626 1946/3094/7627 1945/3095/7628
f 1935/3096/7629 1926/3097/7630 1936/3098/7631 1946/3099/7632
f 1944/3100/7633 1945/3101/7634 1946/3102/7635 1936/3103/7636
f 1942/3104/7637 1943/3105/7638 1944/3100/7639 1936/3103/7640
f 1936/3103/7641 1937/3106/7642 1942/3104/7643
f 1937/3106/7644 1938/3107/7645 1942/3104/7646
f 1941/3108/7647 1942/3104/7648 1938/3107/7649 1939/3109/7650
f 1938/3107/7651 1940/3110/7652 1939/3109/7653
f 1717/3111/7654 1951/3112/7655 1954/3113/7656 1953/3114/7657
f 1717/3111/7658 1953/3114/7659 1947/2681/7660 1718/2679/7661
f 1717/3111/7662 1716/2675/7663 1951/3112/7664
f 1716/2675/7665 1730/2676/7666 1952/3115/7667 1951/3112/7668
f 1949/3116/7669 1947/3117/7670 1955/3118/7671 1956/3119/7672
f 1948/3120/7673 1949/3116/7674 1956/3119/7675 1957/3121/7676
f 1950/3122/7677 1948/3120/7678 1957/3121/7679 1958/3123/7680
f 1947/3117/7681 1953/3124/7682 1959/3125/7683 1955/3118/7684
f 1953/3124/7685 1954/3126/7686 1960/3127/7687 1959/3125/7688
f 1954/3126/7689 1951/3128/7690 1961/3129/7691 1960/3127/7692
f 1961/3129/7693 1951/3128/7694 1952/3130/7695 1962/3131/7696
f 1964/2937/7697 1963/2715/7698 1748/2714/7699 1747/2936/7700
f 1648/3132/7701 1647/3133/7702 1963/2715/7703 1964/2937/7704
f 1650/2501/7705 1649/2500/7706 1758/2920/7707 1757/2737/7708
f 1817/2922/7709 1758/2920/7710 1964/2937/7711 1843/2932/7712
f 1831/2934/7713 1711/2954/7714 1882/3043/7715 1772/3134/7716
f 1843/2932/7717 1831/2934/7718 1772/3134/7719 1817/2922/7720
f 1830/2639/7721 1963/2715/7722 1757/2737/7723 1784/2736/7724
f 1701/2623/7725 1712/2626/7726 1830/2639/7727 1771/2882/7728
f 1830/2639/7729 1784/2736/7730 1771/2882/7731
f 1816/2883/7732 1771/2882/7733 1784/2736/7734 1815/2881/7735
f 1647/3133/7736 1965/2498/7737 1967/2502/7738 1650/2501/7739
f 1644/2495/7740 1641/2493/7741 1640/2492/7742 1651/3135/7743
f 1644/2495/7744 1651/3135/7745 1653/3136/7746
f 1648/3132/7747 1964/2937/7748 1758/2920/7749 1649/2500/7750
f 1966/2499/7751 1968/2503/7752 1654/3137/7753 1646/2497/7754
f 1643/2491/7755 1642/2494/7756 1645/2496/7757 1652/3138/7758
f 1652/3138/7759 1645/2496/7760 1646/2497/7761 1654/3137/7762
f 1966/2499/7763 1965/2498/7764 1647/3133/7765 1648/3132/7766
f 1968/2503/7767 1967/2502/7768 1653/3136/7769 1654/3137/7770
f 1967/2502/7771 1965/2498/7772 1644/2495/7773 1653/3136/7774
f 1968/2503/7775 1966/2499/7776 1648/3132/7777 1649/2500/7778
f 1992/3139/7779 1969/2713/7780 1833/2637/7781 1832/2943/7782
f 1832/2943/7783 1845/2939/7784 1973/3140/7785 1992/3139/7786
f 1746/2941/7787 1745/2520/7788 1975/2711/7789 1970/3141/7790
f 1970/3141/7791 1971/3142/7792 1746/2941/7793
f 1845/2939/7794 1746/2941/7795 1972/3143/7796 1973/3140/7797
f 1746/2941/7798 1971/3142/7799 1972/3143/7800
f 1765/3144/7801 1764/2810/7802 1976/2809/7803
f 1827/2633/7804 1706/2613/7805 1696/2612/7806 1766/3145/7807
f 1765/3146/7808 1976/3147/7809 1826/2636/7810 1978/2966/7811
f 1827/2633/7812 1766/3145/7813 1765/3146/7814 1977/2974/7815
f 1765/3146/7816 1978/2966/7817 1977/2974/7818
f 1707/2618/7819 1826/2636/7820 1976/3147/7821 1697/2615/7822
f 1920/3148/7823 1923/3149/7824 1985/3150/7825
f 1993/3151/7826 1922/3023/7827 1994/3152/7828
f 1921/3153/7829 1993/3151/7830 1994/3152/7831
f 1985/3150/7832 1987/3154/7833 1920/3148/7834
f 1990/3155/7835 1920/3148/7836 1987/3154/7837 1988/3156/7838
f 1975/2711/7839 1974/2712/7840 1983/3157/7841 1979/3158/7842
f 1984/3159/7843 1983/3157/7844 1974/2712/7845
f 1986/3160/7846 1984/3159/7847 1974/2712/7848 1969/2713/7849
f 1989/3161/7850 1986/3160/7851 1969/2713/7852 1992/3139/7853
f 1971/3142/7854 1970/3141/7855 1995/3162/7856 1972/3143/7857
f 1996/3163/7858 1995/3162/7859 1970/3141/7860
f 1979/3158/7861 1996/3163/7862 1970/3141/7863 1975/2711/7864
f 1924/3164/7865 1982/3165/7866 1923/3166/7867
f 1921/3167/7868 1994/3168/7869 1980/3169/7870
f 1987/3170/7871 1985/3171/7872 1923/3166/7873 1988/3172/7874
f 1988/3172/7875 1923/3166/7876 1982/3165/7877 1981/3173/7878
f 1988/3172/7879 1981/3173/7880 1980/3169/7881 1994/3168/7882
f 1988/3172/7883 1994/3168/7884 1990/3174/7885
f 1991/3175/7886 1990/3174/7887 1994/3168/7888 1922/3176/7889
f 1984/3159/7890 1986/3160/7891 1983/3157/7892
f 1996/3163/7893 1979/3158/7894 1995/3162/7895
f 1972/3143/7896 1995/3162/7897 1979/3158/7898 1973/3140/7899
f 1992/3139/7900 1973/3140/7901 1979/3158/7902 1989/3161/7903
f 1986/3160/7904 1989/3161/7905 1979/3158/7906
f 1986/3160/7907 1979/3158/7908 1983/3157/7909
f 1878/2963/7910 1692/2953/7911 1855/2605/7912
f 1692/2953/7913 1878/2963/7914 1769/2825/7915
f 1769/2825/7916 1878/2963/7917 1891/2964/7918 1881/2946/7919
f 1812/2949/7920 1769/2825/7921 1881/2946/7922
f 1890/2641/7923 1875/2628/7924 1874/2828/7925 1873/2877/7926
f 1886/2960/7927 1890/2641/7928 1873/2877/7929 1872/2959/7930
f 1872/2959/7931 1884/2958/7932 1886/2960/7933
f 1884/2958/7934 1885/2961/7935 1886/2960/7936
f 1963/2715/7937 1647/3133/7938 1650/2501/7939 1757/2737/7940
f 1848/2924/7941 1850/2935/7942 1847/2921/7943
f 1842/2925/7944 1841/3177/7945 1817/2926/7946
f 2005/3178/7947 2004/3179/7948 2003/3180/7949 2002/3181/7950
f 2006/3182/7951 2008/3183/7952 2009/3184/7953 2007/3185/7954
f 2008/3183/7955 2010/3186/7956 2011/3187/7957 2009/3184/7958
f 2010/3186/7959 2012/3188/7960 2013/3189/7961 2011/3187/7962
f 2012/3188/7963 2006/3190/7964 2007/3191/7965 2013/3189/7966
f 2012/3192/7967 2010/3193/7968 2008/3183/7969 2006/3182/7970
f 2014/3194/7971 2016/3195/7972 2017/3196/7973 2015/3197/7974
f 2016/3195/7975 2018/3198/7976 2019/3199/7977 2017/3196/7978
f 2018/3198/7979 2020/3200/7980 2021/3201/7981 2019/3199/7982
f 2020/3200/7983 2014/3202/7984 2015/3203/7985 2021/3201/7986
f 2020/3204/7987 2018/3205/7988 2016/3195/7989 2014/3194/7990
f 2023/3206/7991 2022/3207/7992 2026/3208/7993 2027/3209/7994
f 2025/3210/7995 2024/3211/7996 2022/3207/7997 2023/3206/7998
f 2023/3206/7999 2027/3209/8000 2025/3210/8001
f 2025/3210/8002 2027/3209/8003 2033/3212/8004 2037/3213/8005
f 2025/3210/8006 2037/3213/8007 2029/3214/8008
f 2027/3209/8009 2026/3208/8010 2030/3215/8011 2028/3216/8012
f 2032/3217/8013 2030/3215/8014 2026/3208/8015
f 2028/3216/8016 2033/3212/8017 2027/3209/8018
f 2026/3208/8019 2022/3207/8020 2024/3211/8021 2032/3217/8022
f 2032/3217/8023 2024/3211/8024 2036/3218/8025
f 2031/3219/8026 2036/3218/8027 2024/3211/8028
f 2029/3214/8029 2037/3213/8030 2035/3220/8031
f 2034/3221/8032 2036/3218/8033 2031/3219/8034
f 2032/3217/8035 2036/3218/8036 2037/3213/8037 2033/3212/8038
f 2030/3215/8039 2032/3217/8040 2033/3212/8041 2028/3216/8042
f 2036/3218/8043 2034/3221/8044 2035/3220/8045 2037/3213/8046
f 2029/3214/8047 2035/3220/8048 2034/3221/8049 2031/3219/8050
f 2031/3219/8051 2024/3211/8052 2025/3210/8053 2029/3214/8054
f 2047/3222/8055 2054/3223/8056 2055/3224/8057 2046/3225/8058
f 2048/3226/8059 2049/3227/8060 2056/3228/8061 2057/3229/8062
f 2048/3226/8063 2057/3229/8064 2054/3223/8065 2047/3222/8066
f 2038/3230/8067 2045/3231/8068 2044/3232/8069 2040/3233/8070
f 2039/3234/8071 2064/3235/8072 2068/3236/8073 2041/3237/8074
f 2042/3238/8075 2041/3237/8076 2068/3236/8077 2069/3239/8078
f 2043/3240/8079 2039/3234/8080 2041/3237/8081 2042/3238/8082
f 2053/3241/8083 2050/3242/8084 2058/3243/8085 2061/3244/8086
f 2044/3232/8087 2042/3238/8088 2069/3239/8089 2062/3245/8090
f 2045/3231/8091 2043/3240/8092 2042/3238/8093 2044/3232/8094
f 2049/3227/8095 2053/3241/8096 2061/3244/8097 2056/3228/8098
f 2055/3224/8099 2054/3223/8100 2066/3246/8101 2062/3245/8102
f 2057/3229/8103 2056/3228/8104 2067/3247/8105 2063/3248/8106
f 2054/3223/8107 2057/3229/8108 2063/3248/8109 2066/3246/8110
f 2059/3249/8111 2058/3243/8112 2050/3242/8113 2051/3250/8114
f 2060/3251/8115 2059/3249/8116 2051/3250/8117 2052/3252/8118
f 2061/3244/8119 2058/3243/8120 2064/3235/8121 2065/3253/8122
f 2055/3224/8123 2060/3251/8124 2052/3252/8125 2046/3225/8126
f 2056/3228/8127 2061/3244/8128 2065/3253/8129 2067/3247/8130
f 2068/3236/8131 2064/3235/8132 2058/3243/8133 2059/3249/8134
f 2069/3239/8135 2068/3236/8136 2059/3249/8137 2060/3251/8138
f 2062/3245/8139 2069/3239/8140 2060/3251/8141 2055/3224/8142
f 2062/3245/8143 2066/3246/8144 2040/3233/8145 2044/3232/8146
f 2063/3248/8147 2067/3247/8148 2045/3231/8149 2038/3230/8150
f 2066/3246/8151 2063/3248/8152 2038/3230/8153 2040/3233/8154
f 2065/3253/8155 2064/3235/8156 2039/3234/8157 2043/3240/8158
f 2067/3247/8159 2065/3253/8160 2043/3240/8161 2045/3231/8162
f 2052/3252/8163 2051/3250/8164 2050/3242/8165 2053/3241/8166
f 2046/3225/8167 2052/3252/8168 2053/3241/8169 2049/3227/8170
f 2048/3226/8171 2047/3222/8172 2046/3225/8173 2049/3227/8174
f 2086/3254/8175 2133/3255/8176 2110/3256/8177 2085/3257/8178
f 2132/3258/8179 2133/3259/8180 2086/3260/8181 2087/3261/8182
f 2132/3262/8183 2087/3263/8184 2134/3264/8185
f 2087/3263/8186 2088/3265/8187 2119/3266/8188 2134/3264/8189
f 2078/3267/8190 2070/3268/8191 2112/3269/8192
f 2112/3269/8193 2070/3268/8194 2079/3270/8195 2113/3271/8196
f 2080/3272/8197 2079/3273/8198 2070/3274/8199 2071/3275/8200
f 2081/3276/8201 2080/3277/8202 2071/3278/8203 2072/3279/8204
f 2082/3280/8205 2081/3281/8206 2072/3282/8207 2073/3283/8208
f 2083/3284/8209 2082/3285/8210 2073/3286/8211 2074/3287/8212
f 2084/3288/8213 2083/3284/8214 2074/3287/8215 2075/3289/8216
f 2084/3290/8217 2075/3291/8218 2094/3292/8219 2106/3293/8220
f 2085/3294/8221 2076/3295/8222 2079/3273/8223 2080/3272/8224
f 2086/3296/8225 2085/3297/8226 2080/3277/8227 2081/3276/8228
f 2087/3298/8229 2086/3299/8230 2081/3281/8231 2082/3280/8232
f 2088/3300/8233 2087/3301/8234 2082/3285/8235 2083/3284/8236
f 2077/3302/8237 2088/3300/8238 2083/3284/8239 2084/3303/8240
f 2077/3304/8241 2084/3290/8242 2106/3293/8243 2099/3305/8244
f 2101/3306/8245 2089/3307/8246 2118/3308/8247
f 2116/3309/8248 2118/3308/8249 2089/3307/8250 2100/3310/8251
f 2102/3311/8252 2090/3312/8253 2089/3313/8254 2101/3314/8255
f 2103/3315/8256 2091/3316/8257 2090/3317/8258 2102/3318/8259
f 2104/3319/8260 2092/3320/8261 2091/3321/8262 2103/3322/8263
f 2105/3323/8264 2093/3324/8265 2092/3325/8266 2104/3326/8267
f 2106/3327/8268 2094/3328/8269 2093/3324/8270 2105/3323/8271
f 2095/3329/8272 2102/3311/8273 2101/3314/8274 2107/3330/8275
f 2096/3331/8276 2103/3315/8277 2102/3318/8278 2095/3332/8279
f 2097/3333/8280 2104/3319/8281 2103/3322/8282 2096/3334/8283
f 2098/3335/8284 2105/3323/8285 2104/3326/8286 2097/3336/8287
f 2099/3337/8288 2106/3338/8289 2105/3323/8290 2098/3335/8291
f 2071/3339/8292 2070/3340/8293 2078/3341/8294 2117/3342/8295
f 2089/3343/8296 2090/3344/8297 2100/3345/8298
f 2111/3346/8299 2117/3342/8300 2078/3341/8301
f 2071/3339/8302 2117/3342/8303 2072/3347/8304
f 2073/3348/8305 2072/3347/8306 2117/3342/8307 2100/3345/8308
f 2073/3348/8309 2100/3345/8310 2090/3344/8311 2091/3349/8312
f 2091/3349/8313 2092/3350/8314 2073/3348/8315
f 2092/3350/8316 2093/3351/8317 2073/3348/8318
f 2073/3348/8319 2093/3351/8320 2094/3352/8321 2074/3353/8322
f 2094/3352/8323 2075/3354/8324 2074/3353/8325
f 2109/3355/8326 2108/3356/8327 2076/3357/8328
f 2110/3358/8329 2109/3359/8330 2076/3360/8331 2085/3361/8332
f 2112/3269/8333 2111/3362/8334 2078/3267/8335
f 2108/3363/8336 2113/3271/8337 2079/3270/8338 2076/3364/8339
f 2107/3365/8340 2115/3366/8341 2095/3367/8342
f 2117/3368/8343 2116/3309/8344 2100/3310/8345
f 2118/3308/8346 2114/3369/8347 2107/3370/8348 2101/3306/8349
f 2119/3266/8350 2088/3265/8351 2126/3371/8352
f 2126/3371/8353 2088/3265/8354 2077/3372/8355 2120/3373/8356
f 2120/3374/8357 2077/3375/8358 2127/3376/8359
f 2127/3376/8360 2077/3375/8361 2099/3377/8362 2121/3378/8363
f 2128/3379/8364 2121/3380/8365 2099/3381/8366 2098/3382/8367
f 2122/3383/8368 2128/3379/8369 2098/3382/8370
f 2122/3383/8371 2098/3382/8372 2097/3384/8373 2129/3385/8374
f 2129/3385/8375 2097/3384/8376 2130/3386/8377
f 2123/3387/8378 2130/3386/8379 2097/3384/8380
f 2124/3388/8381 2131/3389/8382 2096/3390/8383
f 2097/3391/8384 2096/3390/8385 2131/3389/8386 2123/3392/8387
f 2125/3393/8388 2124/3394/8389 2115/3395/8390
f 2115/3395/8391 2124/3394/8392 2096/3396/8393 2095/3397/8394
f 2119/3398/8395 2126/3399/8396 2136/3400/8397 2135/3401/8398
f 2126/3402/8399 2120/3403/8400 2137/3404/8401 2136/3405/8402
f 2120/3406/8403 2127/3407/8404 2138/3408/8405 2137/3409/8406
f 2127/3410/8407 2121/3411/8408 2139/3412/8409 2138/3413/8410
f 2121/3414/8411 2128/3415/8412 2140/3416/8413 2139/3417/8414
f 2128/3418/8415 2122/3419/8416 2141/3420/8417 2140/3421/8418
f 2122/3422/8419 2129/3423/8420 2142/3424/8421 2141/3425/8422
f 2129/3426/8423 2130/3427/8424 2143/3428/8425 2142/3429/8426
f 2130/3430/8427 2123/3431/8428 2144/3432/8429 2143/3433/8430
f 2123/3434/8431 2131/3435/8432 2145/3436/8433 2144/3437/8434
f 2131/3438/8435 2124/3439/8436 2146/3440/8437 2145/3441/8438
f 2124/3442/8439 2125/3443/8440 2147/3444/8441 2146/3445/8442
f 2134/3446/8443 2119/3447/8444 2135/3448/8445 2148/3449/8446
f 2132/3450/8447 2134/3451/8448 2148/3452/8449 2149/3453/8450
f 2133/3454/8451 2132/3455/8452 2149/3456/8453 2150/3457/8454
f 2110/3458/8455 2133/3459/8456 2150/3460/8457 2151/3461/8458
f 2135/3462/8459 2136/3463/8460 2153/3464/8461 2152/3465/8462
f 2136/3463/8463 2137/3466/8464 2154/3467/8465 2153/3464/8466
f 2137/3466/8467 2138/3468/8468 2154/3467/8469
f 2138/3468/8470 2139/3469/8471 2155/3470/8472 2154/3467/8473
f 2139/3469/8474 2140/3471/8475 2156/3472/8476 2155/3470/8477
f 2140/3471/8478 2141/3473/8479 2157/3474/8480 2156/3472/8481
f 2141/3473/8482 2142/3475/8483 2157/3474/8484
f 2142/3475/8485 2143/3476/8486 2158/3477/8487 2157/3474/8488
f 2143/3476/8489 2144/3478/8490 2159/3479/8491 2158/3477/8492
f 2144/3478/8493 2145/3480/8494 2160/3481/8495 2159/3479/8496
f 2145/3480/8497 2146/3482/8498 2161/3483/8499 2160/3481/8500
f 2146/3482/8501 2147/3484/8502 2162/3485/8503 2161/3483/8504
f 2148/3486/8505 2135/3462/8506 2152/3465/8507
f 2149/3487/8508 2148/3486/8509 2152/3465/8510 2163/3488/8511
f 2150/3489/8512 2149/3487/8513 2163/3488/8514 2164/3490/8515
f 2151/3491/8516 2150/3489/8517 2164/3490/8518
f 2153/3464/8519 2154/3467/8520 2155/3470/8521 2156/3472/8522
f 2152/3465/8523 2153/3464/8524 2156/3472/8525 2157/3474/8526
f 2161/3483/8527 2162/3485/8528 2151/3491/8529 2164/3490/8530
f 2164/3490/8531 2163/3488/8532 2161/3483/8533
f 2161/3483/8534 2163/3488/8535 2160/3481/8536
f 2159/3479/8537 2160/3481/8538 2163/3488/8539 2152/3465/8540
f 2157/3474/8541 2158/3477/8542 2152/3465/8543
f 2158/3477/8544 2159/3479/8545 2152/3465/8546
f 2147/3492/8547 2125/3493/8548 2115/3494/8549 2162/3495/8550
f 2162/3495/8551 2115/3494/8552 2107/3496/8553 2114/3497/8554
f 2114/3497/8555 2118/3498/8556 2162/3495/8557
f 2116/3499/8558 2117/3500/8559 2111/3501/8560 2112/3502/8561
f 2118/3498/8562 2116/3499/8563 2112/3502/8564 2113/3503/8565
f 2162/3495/8566 2118/3498/8567 2113/3503/8568 2108/3504/8569
f 2162/3495/8570 2108/3504/8571 2109/3505/8572 2151/3506/8573
f 2110/3507/8574 2151/3506/8575 2109/3505/8576
f 2174/3508/8577 2167/3509/8578 2171/3510/8579 2173/3511/8580
f 2175/3512/8581 2176/3513/8582 2172/3514/8583 2165/3515/8584
f 2175/3512/8585 2165/3515/8586 2167/3509/8587 2174/3508/8588
f 2165/3515/8589 2172/3514/8590 2171/3510/8591 2167/3509/8592
f 2166/3516/8593 2177/3517/8594 2178/3518/8595 2168/3519/8596
f 2169/3520/8597 2168/3519/8598 2178/3518/8599 2179/3521/8600
f 2170/3522/8601 2166/3516/8602 2168/3519/8603 2169/3520/8604
f 2180/3523/8605 2177/3517/8606 2166/3516/8607 2170/3522/8608
f 2173/3511/8609 2171/3510/8610 2169/3520/8611 2179/3521/8612
f 2172/3514/8613 2170/3522/8614 2169/3520/8615 2171/3510/8616
f 2176/3513/8617 2180/3523/8618 2170/3522/8619 2172/3514/8620
f 2178/3518/8621 2177/3517/8622 2179/3521/8623
f 2177/3517/8624 2180/3523/8625 2179/3521/8626
f 2180/3523/8627 2176/3513/8628 2179/3521/8629
f 2174/3508/8630 2173/3511/8631 2175/3512/8632
f 2175/3512/8633 2173/3511/8634 2176/3513/8635
f 2173/3511/8636 2179/3521/8637 2176/3513/8638
f 2182/3524/8639 2183/3525/8640 2181/3526/8641
f 2184/3527/8642 2185/3528/8643 2187/3529/8644 2186/3530/8645
f 2186/3530/8646 2187/3529/8647 2189/3531/8648 2188/3532/8649
f 2188/3532/8650 2189/3531/8651 2191/3533/8652 2190/3534/8653
f 2190/3534/8654 2191/3533/8655 2185/3535/8656 2184/3536/8657
f 2190/3537/8658 2184/3527/8659 2186/3530/8660 2188/3538/8661
f 2195/3539/8662 2192/3540/8663 2193/3541/8664 2194/3542/8665
f 2196/3543/8666 2197/3544/8667 2199/3545/8668 2198/3546/8669
f 2198/3546/8670 2199/3545/8671 2201/3547/8672 2200/3548/8673
f 2200/3548/8674 2201/3547/8675 2203/3549/8676 2202/3550/8677
f 2202/3550/8678 2203/3549/8679 2197/3551/8680 2196/3552/8681
f 2202/3553/8682 2196/3543/8683 2198/3546/8684 2200/3554/8685
f 2204/3555/8686 2205/3556/8687 2207/3557/8688 2206/3558/8689
f 2206/3558/8690 2207/3557/8691 2209/3559/8692 2208/3560/8693
f 2208/3560/8694 2209/3559/8695 2211/3561/8696 2210/3562/8697
f 2210/3562/8698 2211/3561/8699 2205/3563/8700 2204/3564/8701
f 2210/3565/8702 2204/3555/8703 2206/3558/8704 2208/3566/8705
f 2212/3567/8706 2214/3568/8707 2215/3569/8708 2213/3570/8709
f 2214/3568/8710 2216/3571/8711 2217/3572/8712 2215/3569/8713
f 2216/3571/8714 2218/3573/8715 2219/3574/8716 2217/3572/8717
f 2218/3573/8718 2212/3575/8719 2213/3576/8720 2219/3574/8721
f 2218/3577/8722 2216/3578/8723 2214/3568/8724 2212/3567/8725
f 2220/3579/8726 2222/3580/8727 2223/3581/8728 2221/3582/8729
f 2222/3580/8730 2224/3583/8731 2225/3584/8732 2223/3581/8733
f 2224/3583/8734 2226/3585/8735 2227/3586/8736 2225/3584/8737
f 2226/3585/8738 2220/3587/8739 2221/3588/8740 2227/3586/8741
f 2226/3589/8742 2224/3590/8743 2222/3580/8744 2220/3579/8745
f 2228/3591/8746 2230/3592/8747 2231/3593/8748 2229/3594/8749
f 2230/3592/8750 2232/3595/8751 2233/3596/8752 2231/3593/8753
f 2232/3595/8754 2234/3597/8755 2235/3598/8756 2233/3596/8757
f 2234/3597/8758 2228/3599/8759 2229/3600/8760 2235/3598/8761
f 2234/3601/8762 2232/3602/8763 2230/3592/8764 2228/3591/8765
f 2242/3603/8766 2239/3604/8767 2240/3605/8768 2241/3606/8769
f 2241/3607/8770 2240/3608/8771 2243/3609/8772 2244/3610/8773
f 2236/3611/8774 2237/3612/8775 2245/3613/8776 2246/3614/8777
f 2249/3615/8778 2236/3616/8779 2246/3617/8780 2247/3618/8781
f 2242/3619/8782 2248/3620/8783 2239/3621/8784
f 2239/3621/8785 2248/3620/8786 2249/3622/8787 2247/3623/8788
f 2249/3622/8789 2244/3624/8790 2243/3625/8791 2238/3626/8792
f 2250/3627/8793 2238/3626/8794 2243/3625/8795
f 2237/3612/8796 2236/3611/8797 2249/3622/8798 2238/3626/8799
f 2245/3613/8800 2237/3612/8801 2238/3626/8802 2250/3627/8803
f 2244/3624/8804 2249/3622/8805 2248/3620/8806 2242/3603/8807
f 2242/3603/8808 2241/3607/8809 2244/3624/8810
f 2243/3628/8811 2240/3629/8812 2239/3630/8813 2247/3631/8814
f 2245/3613/8815 2250/3627/8816 2246/3614/8817
f 2246/3632/8818 2250/3633/8819 2243/3628/8820 2247/3631/8821
f 2251/3634/8822 2252/3635/8823 2253/3636/8824
f 2254/3637/8825 2255/3638/8826 2256/3639/8827 2257/3640/8828
f 2261/3641/8829 2260/3642/8830 2259/3643/8831 2258/3644/8832
f 2265/3645/8833 2262/3646/8834 2263/3647/8835 2264/3648/8836
f 2264/3648/8837 2263/3647/8838 2266/3649/8839 2267/3650/8840
f 2267/3650/8841 2266/3649/8842 2268/3651/8843
f 2271/3652/8844 2272/3653/8845 2275/3654/8846 2276/3655/8847
f 2274/3656/8848 2273/3657/8849 2262/3658/8850 2265/3659/8851
f 2276/3660/8852 2275/3661/8853 2273/3662/8854 2274/3663/8855
f 2283/3664/8856 2277/3665/8857 2278/3666/8858
f 2279/3667/8859 2280/3668/8860 2290/3669/8861 2292/3670/8862
f 2281/3671/8863 2284/3672/8864 2291/3673/8865 2294/3674/8866
f 2281/3675/8867 2283/3676/8868 2278/3677/8869 2284/3678/8870
f 2286/3679/8871 2287/3680/8872 2282/3681/8873 2285/3682/8874
f 2288/3683/8875 2286/3684/8876 2285/3685/8877
f 2290/3669/8878 2289/3686/8879 2295/3687/8880
f 2290/3669/8881 2295/3687/8882 2292/3670/8883
f 2287/3688/8884 2294/3674/8885 2291/3673/8886 2282/3689/8887
f 2293/3690/8888 2294/3674/8889 2287/3688/8890
f 2285/3685/8891 2295/3687/8892 2289/3686/8893 2288/3683/8894
f 2292/3670/8895 2295/3687/8896 2282/3689/8897 2291/3673/8898
f 2285/3685/8899 2282/3689/8900 2295/3687/8901
f 2296/3691/8902 2297/3692/8903 2403/3693/8904 2405/3694/8905
f 2297/3695/8906 2298/3696/8907 2401/3697/8908 2403/3698/8909
f 2298/3699/8910 2299/3700/8911 2399/3701/8912 2401/3702/8913
f 2299/3703/8914 2300/3704/8915 2397/3705/8916 2399/3706/8917
f 2463/3707/8918 2397/3708/8919 2471/3709/8920
f 2397/3708/8921 2300/3710/8922 2471/3709/8923
f 2471/3709/8924 2300/3710/8925 2301/3711/8926 2470/3712/8927
f 2470/3712/8928 2301/3713/8929 2469/3714/8930
f 2301/3713/8931 2302/3715/8932 2469/3714/8933
f 2302/3715/8934 2396/3716/8935 2462/3717/8936
f 2302/3718/8937 2303/3719/8938 2395/3720/8939 2396/3721/8940
f 2305/3722/8941 2306/3723/8942 2413/3724/8943 2415/3725/8944
f 2306/3726/8945 2307/3727/8946 2411/3728/8947 2413/3729/8948
f 2307/3730/8949 2308/3731/8950 2409/3732/8951 2411/3733/8952
f 2308/3734/8953 2309/3735/8954 2407/3736/8955 2409/3737/8956
f 2309/3738/8957 2296/3739/8958 2405/3740/8959 2407/3741/8960
f 2359/3742/8961 2360/3743/8962 2358/3744/8963
f 2357/3745/8964 2358/3744/8965 2360/3743/8966 2356/3746/8967
f 2355/3747/8968 2356/3746/8969 2360/3743/8970 2361/3748/8971
f 2361/3748/8972 2354/3749/8973 2355/3747/8974
f 2457/3750/8975 2453/3751/8976 2310/3752/8977 2319/3753/8978
f 2310/3752/8979 2311/3754/8980 2320/3755/8981 2319/3753/8982
f 2312/3756/8983 2313/3757/8984 2322/3758/8985 2321/3759/8986
f 2314/3760/8987 2315/3761/8988 2324/3762/8989 2323/3763/8990
f 2316/3764/8991 2317/3765/8992 2326/3766/8993 2325/3767/8994
f 2457/3750/8995 2319/3753/8996 2355/3768/8997 2478/3769/8998
f 2478/3769/8999 2355/3768/9000 2488/3770/9001
f 2477/3771/9002 2488/3770/9003 2355/3768/9004 2354/3772/9005
f 2319/3753/9006 2320/3755/9007 2456/3773/9008 2459/3774/9009
f 2355/3768/9010 2319/3753/9011 2459/3774/9012 2503/3775/9013
f 2459/3774/9014 2440/3776/9015 2503/3775/9016
f 2321/3759/9017 2322/3758/9018 2438/3777/9019 2439/3778/9020
f 2323/3763/9021 2324/3762/9022 2436/3779/9023 2437/3780/9024
f 2325/3767/9025 2326/3766/9026 2435/3781/9027
f 2297/3782/9028 2296/3783/9029 2327/3784/9030 2328/3785/9031
f 2298/3786/9032 2297/3782/9033 2328/3785/9034 2329/3787/9035
f 2299/3788/9036 2298/3786/9037 2329/3787/9038 2330/3789/9039
f 2300/3790/9040 2299/3788/9041 2330/3789/9042 2331/3791/9043
f 2301/3792/9044 2300/3790/9045 2331/3791/9046 2332/3793/9047
f 2302/3794/9048 2301/3792/9049 2332/3793/9050 2333/3795/9051
f 2303/3796/9052 2302/3794/9053 2333/3795/9054 2334/3797/9055
f 2304/3798/9056 2303/3796/9057 2334/3797/9058 2335/3799/9059
f 2306/3800/9060 2305/3801/9061 2336/3802/9062 2337/3803/9063
f 2307/3804/9064 2306/3800/9065 2337/3803/9066 2338/3805/9067
f 2308/3806/9068 2307/3804/9069 2338/3805/9070 2339/3807/9071
f 2309/3808/9072 2308/3806/9073 2339/3807/9074 2340/3809/9075
f 2296/3783/9076 2309/3808/9077 2340/3809/9078 2327/3784/9079
f 2342/3810/9080 2328/3811/9081 2327/3812/9082 2531/3813/9083
f 2531/3813/9084 2341/3814/9085 2342/3810/9086
f 2329/3815/9087 2328/3811/9088 2342/3810/9089 2343/3816/9090
f 2551/3817/9091 2332/3818/9092 2331/3819/9093 2552/3820/9094
f 2331/3819/9095 2550/3821/9096 2552/3820/9097
f 2344/3822/9098 2333/3823/9099 2332/3818/9100 2553/3824/9101
f 2332/3818/9102 2551/3817/9103 2553/3824/9104
f 2335/3825/9105 2334/3826/9106 2345/3827/9107 2346/3828/9108
f 2337/3829/9109 2336/3830/9110 2349/3831/9111 2350/3832/9112
f 2338/3833/9113 2337/3829/9114 2350/3832/9115 2351/3834/9116
f 2530/3835/9117 2339/3836/9118 2338/3833/9119 2533/3837/9120
f 2351/3834/9121 2352/3838/9122 2529/3839/9123 2533/3837/9124
f 2351/3834/9125 2533/3837/9126 2338/3833/9127
f 2480/3840/9128 2477/3771/9129 2354/3772/9130 2476/3841/9131
f 2489/3842/9132 2500/3843/9133 2508/3844/9134 2507/3845/9135
f 2355/3768/9136 2500/3843/9137 2489/3842/9138 2356/3846/9139
f 2504/3847/9140 2439/3778/9141 2438/3777/9142 2499/3848/9143
f 2507/3845/9144 2504/3847/9145 2499/3848/9146 2491/3849/9147
f 2507/3845/9148 2491/3849/9149 2489/3842/9150
f 2489/3842/9151 2491/3849/9152 2492/3850/9153 2493/3851/9154
f 2563/3852/9155 2358/3853/9156 2279/3667/9157
f 2326/3766/9158 2590/3854/9159 2435/3781/9160
f 2590/3854/9161 2562/3855/9162 2567/3856/9163 2435/3781/9164
f 2563/3852/9165 2279/3667/9166 2567/3856/9167 2570/3857/9168
f 2279/3667/9169 2435/3781/9170 2567/3856/9171
f 2361/3858/9172 2560/3859/9173 2587/3860/9174 2588/3861/9175
f 2586/3862/9176 2587/3860/9177 2560/3859/9178 2558/3863/9179
f 2388/3864/9180 2364/3865/9181 2363/3866/9182 2582/3867/9183
f 2582/3868/9184 2387/3869/9185 2388/3864/9186
f 2461/3870/9187 2364/3865/9188 2388/3864/9189 2467/3871/9190
f 2389/3872/9191 2460/3873/9192 2388/3864/9193
f 2388/3864/9194 2460/3873/9195 2466/3874/9196 2467/3871/9197
f 2390/3875/9198 2501/3876/9199 2472/3877/9200
f 2501/3876/9201 2506/3878/9202 2472/3877/9203
f 2472/3877/9204 2506/3878/9205 2365/3879/9206 2465/3880/9207
f 2472/3877/9208 2473/3881/9209 2390/3875/9210
f 2460/3873/9211 2389/3872/9212 2390/3875/9213 2473/3881/9214
f 2474/3882/9215 2479/3883/9216 2368/3884/9217
f 2475/3885/9218 2369/3886/9219 2368/3884/9220 2479/3883/9221
f 2584/3887/9222 2585/3888/9223 2371/3889/9224 2370/3890/9225
f 2375/3891/9226 2374/3892/9227 2593/3893/9228 2594/3894/9229
f 2362/3895/9230 2376/3896/9231 2394/3897/9232 2386/3898/9233
f 2396/3899/9234 2395/3900/9235 2363/3901/9236 2364/3902/9237
f 2461/3903/9238 2462/3904/9239 2396/3905/9240 2364/3906/9241
f 2397/3907/9242 2463/3908/9243 2464/3909/9244 2398/3910/9245
f 2399/3911/9246 2397/3912/9247 2398/3913/9248 2400/3914/9249
f 2401/3915/9250 2399/3916/9251 2400/3917/9252 2402/3918/9253
f 2403/3919/9254 2401/3920/9255 2402/3921/9256 2404/3922/9257
f 2405/3923/9258 2403/3924/9259 2404/3925/9260 2406/3926/9261
f 2407/3927/9262 2405/3928/9263 2406/3929/9264 2408/3930/9265
f 2409/3931/9266 2407/3932/9267 2408/3933/9268 2410/3934/9269
f 2411/3935/9270 2409/3936/9271 2410/3937/9272 2412/3938/9273
f 2413/3939/9274 2411/3940/9275 2412/3941/9276 2414/3942/9277
f 2415/3943/9278 2413/3944/9279 2414/3945/9280 2416/3946/9281
f 2417/3947/9282 2415/3948/9283 2416/3949/9284 2418/3950/9285
f 2419/3951/9286 2417/3952/9287 2418/3953/9288 2420/3954/9289
f 2362/3955/9290 2278/3956/9291 2419/3957/9292 2420/3958/9293
f 2420/3959/9294 2376/3896/9295 2362/3895/9296
f 2568/3960/9297 2377/3961/9298 2315/3962/9299 2314/3963/9300
f 2380/3964/9301 2379/3965/9302 2313/3966/9303 2312/3967/9304
f 2428/3968/9305 2440/3969/9306 2458/3970/9307 2454/3971/9308
f 2311/3972/9309 2310/3973/9310 2455/3974/9311
f 2458/3970/9312 2455/3974/9313 2310/3973/9314 2454/3971/9315
f 2453/3975/9316 2454/3971/9317 2310/3973/9318
f 2423/3976/9319 2385/3977/9320 2317/3978/9321 2316/3979/9322
f 2424/3980/9323 2422/3981/9324 2377/3982/9325 2378/3983/9326
f 2425/3984/9327 2424/3985/9328 2378/3986/9329 2379/3987/9330
f 2426/3988/9331 2425/3989/9332 2379/3990/9333 2380/3991/9334
f 2381/3992/9335 2429/3993/9336 2427/3994/9337 2428/3995/9338
f 2430/3996/9339 2482/3997/9340 2483/3998/9341 2382/3999/9342
f 2433/4000/9343 2432/4001/9344 2383/4002/9345 2384/4003/9346
f 2421/4004/9347 2434/4005/9348 2385/4006/9349 2423/4007/9350
f 2464/4008/9351 2465/3880/9352 2365/3879/9353 2398/4009/9354
f 2365/3879/9355 2366/4010/9356 2400/4011/9357 2398/4009/9358
f 2366/4010/9359 2367/4012/9360 2402/4013/9361 2400/4011/9362
f 2367/4012/9363 2368/3884/9364 2404/4014/9365 2402/4013/9366
f 2368/3884/9367 2369/3886/9368 2406/4015/9369 2404/4014/9370
f 2369/3886/9371 2370/3890/9372 2408/4016/9373 2406/4015/9374
f 2370/3890/9375 2371/3889/9376 2410/4017/9377 2408/4016/9378
f 2371/3889/9379 2372/4018/9380 2412/4019/9381 2410/4017/9382
f 2372/4018/9383 2373/4020/9384 2414/4021/9385 2412/4019/9386
f 2373/4020/9387 2374/3892/9388 2416/4022/9389 2414/4021/9390
f 2374/3892/9391 2375/3891/9392 2418/4023/9393 2416/4022/9394
f 2375/3891/9395 2376/3896/9396 2420/3959/9397 2418/4023/9398
f 2388/3864/9399 2387/3869/9400 2422/4024/9401 2424/4025/9402
f 2389/3872/9403 2388/3864/9404 2424/4025/9405 2425/4026/9406
f 2390/3875/9407 2389/3872/9408 2425/4026/9409 2426/4027/9410
f 2429/4028/9411 2392/4029/9412 2391/4030/9413 2427/4031/9414
f 2393/4032/9415 2481/4033/9416 2482/4034/9417 2430/4035/9418
f 2386/3898/9419 2394/3897/9420 2434/4036/9421 2421/4037/9422
f 2395/4038/9423 2283/4039/9424 2281/4040/9425 2363/4041/9426
f 2395/4042/9427 2303/4043/9428 2304/4044/9429 2283/4045/9430
f 2304/4046/9431 2277/3665/9432 2283/3664/9433
f 2358/3853/9434 2357/4047/9435 2280/3668/9436 2279/3667/9437
f 2384/4048/9438 2383/4049/9439 2443/4050/9440 2442/4051/9441
f 2383/4049/9442 2444/4052/9443 2443/4050/9444
f 2432/4053/9445 2445/4054/9446 2444/4055/9447 2383/4056/9448
f 2432/4057/9449 2595/4058/9450 2445/4059/9451
f 2374/3892/9452 2373/4020/9453 2446/4060/9454 2595/4058/9455
f 2595/4058/9456 2593/3893/9457 2374/3892/9458
f 2446/4060/9459 2373/4020/9460 2372/4018/9461 2449/4061/9462
f 2372/4018/9463 2431/4062/9464 2449/4061/9465
f 2360/4063/9466 2450/4064/9467 2561/4065/9468
f 2559/4066/9469 2561/4065/9470 2450/4064/9471 2447/4067/9472
f 2448/4068/9473 2450/4064/9474 2360/4063/9475
f 2359/4069/9476 2451/4070/9477 2360/4063/9478
f 2448/4068/9479 2360/4063/9480 2451/4070/9481
f 2381/4071/9482 2428/3968/9483 2454/3971/9484
f 2474/3882/9485 2368/3884/9486 2367/4012/9487 2392/4029/9488
f 2474/3882/9489 2392/4029/9490 2484/4072/9491
f 2484/4072/9492 2392/4029/9493 2485/4073/9494
f 2392/4029/9495 2481/4033/9496 2485/4073/9497
f 2482/4034/9498 2481/4033/9499 2392/4029/9500 2429/4028/9501
f 2483/4074/9502 2482/4075/9503 2429/4076/9504 2381/4077/9505
f 2454/3971/9506 2453/3975/9507 2483/4078/9508 2381/4071/9509
f 2486/4079/9510 2485/4073/9511 2481/4033/9512 2393/4032/9513
f 2583/4080/9514 2370/3890/9515 2475/3885/9516
f 2369/3886/9517 2475/3885/9518 2370/3890/9519
f 2355/3768/9520 2503/3775/9521 2508/3844/9522 2500/3843/9523
f 2588/3861/9524 2589/4081/9525 2361/3858/9526
f 2361/3858/9527 2589/4081/9528 2476/3841/9529 2354/3772/9530
f 2478/3769/9531 2488/3770/9532 2487/4082/9533 2318/4083/9534
f 2437/3780/9535 2436/3779/9536 2490/4084/9537 2569/4085/9538
f 2538/4086/9539 2280/3668/9540 2357/4047/9541
f 2490/4084/9542 2538/4086/9543 2357/4047/9544 2496/4087/9545
f 2496/4087/9546 2357/4047/9547 2495/4088/9548
f 2391/4030/9549 2392/4029/9550 2367/4012/9551 2502/4089/9552
f 2505/4090/9553 2502/4089/9554 2367/4012/9555 2366/4010/9556
f 2489/3842/9557 2494/4091/9558 2356/3846/9559
f 2356/3846/9560 2494/4091/9561 2495/4088/9562 2357/4047/9563
f 2490/4084/9564 2497/4092/9565 2569/4085/9566
f 2569/4085/9567 2497/4092/9568 2498/4093/9569 2499/3848/9570
f 2569/4085/9571 2499/3848/9572 2438/3777/9573
f 2506/3878/9574 2505/4090/9575 2366/4010/9576 2365/3879/9577
f 2512/4094/9578 2509/4095/9579 2510/4096/9580 2511/4097/9581
f 2514/4098/9582 2513/4099/9583 2509/4100/9584 2512/4101/9585
f 2516/4102/9586 2515/4103/9587 2511/4104/9588 2510/4105/9589
f 2519/4106/9590 2520/4107/9591 2513/4099/9592 2514/4098/9593
f 2521/4108/9594 2522/4109/9595 2518/4110/9596 2517/4111/9597
f 2505/4090/9598 2506/3878/9599 2520/4107/9600 2519/4106/9601
f 2507/3845/9602 2508/3844/9603 2522/4109/9604 2521/4108/9605
f 2305/4112/9606 2415/4113/9607 2578/4114/9608
f 2415/4113/9609 2417/4115/9610 2577/4116/9611 2578/4114/9612
f 2574/4117/9613 2577/4118/9614 2417/4119/9615 2419/4120/9616
f 2304/4121/9617 2573/4122/9618 2526/4123/9619 2277/4124/9620
f 2574/4125/9621 2419/4126/9622 2278/4127/9623 2277/4124/9624
f 2525/4128/9625 2574/4125/9626 2277/4124/9627 2526/4123/9628
f 2572/4129/9629 2573/4130/9630 2304/3798/9631 2335/3799/9632
f 2335/3825/9633 2346/3828/9634 2572/4131/9635
f 2571/4132/9636 2572/4131/9637 2346/3828/9638 2347/4133/9639
f 2523/4134/9640 2571/4132/9641 2347/4133/9642 2348/4135/9643
f 2349/3831/9644 2336/3830/9645 2524/4136/9646 2580/4137/9647
f 2349/3831/9648 2580/4137/9649 2523/4138/9650 2348/4139/9651
f 2305/3801/9652 2578/4140/9653 2524/4141/9654 2336/3802/9655
f 2339/3836/9656 2530/3835/9657 2532/4142/9658 2528/4143/9659
f 2340/4144/9660 2339/3836/9661 2528/4143/9662
f 2527/4145/9663 2534/4146/9664 2353/4147/9665
f 2352/3838/9666 2353/4147/9667 2534/4146/9668 2529/3839/9669
f 2531/3813/9670 2527/4145/9671 2353/4147/9672 2341/3814/9673
f 2528/4143/9674 2537/4148/9675 2340/4144/9676
f 2531/3813/9677 2327/3812/9678 2535/4149/9679
f 2536/4150/9680 2535/4149/9681 2327/3812/9682 2340/4144/9683
f 2537/4148/9684 2536/4150/9685 2340/4144/9686
f 2334/3826/9687 2333/3823/9688 2344/3822/9689 2345/3827/9690
f 2466/3874/9691 2460/3873/9692 2499/3848/9693 2498/4093/9694
f 2472/3877/9695 2465/3880/9696 2493/3851/9697 2492/3850/9698
f 2460/3873/9699 2473/3881/9700 2499/3848/9701
f 2499/3848/9702 2473/3881/9703 2491/3849/9704
f 2473/3881/9705 2472/3877/9706 2492/3850/9707 2491/3849/9708
f 2496/4087/9709 2495/4088/9710 2469/4151/9711 2468/4152/9712
f 2495/4088/9713 2494/4091/9714 2470/4153/9715 2469/4151/9716
f 2471/4154/9717 2470/4153/9718 2494/4091/9719 2489/3842/9720
f 2471/4154/9721 2489/3842/9722 2493/3851/9723 2463/4155/9724
f 2463/4155/9725 2493/3851/9726 2465/3880/9727 2464/4008/9728
f 2462/3717/9729 2468/4156/9730 2469/3714/9731 2302/3715/9732
f 2496/4087/9733 2468/4152/9734 2490/4084/9735
f 2468/4152/9736 2462/4157/9737 2490/4084/9738
f 2466/3874/9739 2498/4093/9740 2467/3871/9741
f 2467/3871/9742 2498/4093/9743 2497/4092/9744 2461/3870/9745
f 2497/4092/9746 2490/4084/9747 2461/3870/9748
f 2490/4084/9749 2462/4157/9750 2461/3870/9751
f 2517/4111/9752 2518/4110/9753 2515/4158/9754 2516/4159/9755
f 2589/4081/9756 2583/4080/9757 2475/3885/9758 2476/3841/9759
f 2475/3885/9760 2479/3883/9761 2480/3840/9762 2476/3841/9763
f 2479/3883/9764 2474/3882/9765 2477/3771/9766 2480/3840/9767
f 2446/4060/9768 2449/4061/9769 2450/4064/9770 2448/4068/9771
f 2442/4160/9772 2443/4161/9773 2452/4162/9774 2441/4163/9775
f 2443/4161/9776 2444/4164/9777 2596/4165/9778 2452/4162/9779
f 2446/4060/9780 2448/4068/9781 2595/4058/9782
f 2445/4059/9783 2595/4058/9784 2451/4070/9785
f 2595/4058/9786 2448/4068/9787 2451/4070/9788
f 2477/3771/9789 2474/3882/9790 2484/4072/9791
f 2486/4079/9792 2487/4082/9793 2485/4073/9794
f 2477/3771/9795 2484/4072/9796 2488/3770/9797
f 2488/3770/9798 2484/4072/9799 2487/4082/9800
f 2484/4072/9801 2485/4073/9802 2487/4082/9803
f 2439/3778/9804 2504/3847/9805 2501/3876/9806 2390/3875/9807
f 2439/3778/9808 2390/3875/9809 2426/4027/9810 2380/4166/9811
f 2312/3756/9812 2321/3759/9813 2439/3778/9814 2380/4166/9815
f 2503/3775/9816 2440/3776/9817 2391/4030/9818 2502/4089/9819
f 2456/3773/9820 2320/3755/9821 2311/3754/9822 2455/4167/9823
f 2427/4031/9824 2391/4030/9825 2440/3776/9826 2428/4168/9827
f 2458/4169/9828 2440/3776/9829 2459/3774/9830
f 2455/4167/9831 2458/4169/9832 2459/3774/9833 2456/3773/9834
f 2505/4090/9835 2519/4106/9836 2522/4109/9837 2508/3844/9838
f 2522/4109/9839 2519/4106/9840 2514/4098/9841 2518/4110/9842
f 2515/4158/9843 2518/4110/9844 2514/4098/9845 2512/4101/9846
f 2512/4101/9847 2511/4170/9848 2515/4158/9849
f 2505/4090/9850 2508/3844/9851 2503/3775/9852 2502/4089/9853
f 2506/3878/9854 2501/3876/9855 2504/3847/9856 2507/3845/9857
f 2520/4107/9858 2506/3878/9859 2507/3845/9860 2521/4108/9861
f 2513/4099/9862 2520/4107/9863 2521/4108/9864 2517/4111/9865
f 2509/4100/9866 2513/4099/9867 2517/4111/9868 2510/4171/9869
f 2517/4111/9870 2516/4159/9871 2510/4171/9872
f 2435/3781/9873 2279/3667/9874 2362/3895/9875 2386/3898/9876
f 2316/3764/9877 2325/3767/9878 2435/3781/9879 2423/4172/9880
f 2423/4172/9881 2435/3781/9882 2386/3898/9883 2421/4037/9884
f 2490/4084/9885 2436/3779/9886 2280/3668/9887 2538/4086/9888
f 2291/3673/9889 2284/3672/9890 2292/3670/9891
f 2362/3895/9892 2279/3667/9893 2292/3670/9894 2284/3672/9895
f 2284/3672/9896 2278/4173/9897 2362/3895/9898
f 2387/3869/9899 2582/4174/9900 2280/3668/9901 2436/3779/9902
f 2422/4024/9903 2387/3869/9904 2436/3779/9905 2377/4175/9906
f 2436/3779/9907 2324/3762/9908 2315/3761/9909 2377/4175/9910
f 2290/3669/9911 2293/3690/9912 2287/3688/9913 2289/3686/9914
f 2289/3686/9915 2287/3688/9916 2288/3683/9917
f 2287/3688/9918 2286/3684/9919 2288/3683/9920
f 2528/4176/9921 2532/4177/9922 2540/4178/9923 2539/4179/9924
f 2532/4180/9925 2530/4181/9926 2541/4182/9927 2540/4183/9928
f 2533/4184/9929 2529/4185/9930 2542/4186/9931 2543/4187/9932
f 2530/4188/9933 2533/4189/9934 2543/4190/9935 2541/4191/9936
f 2529/4192/9937 2534/4193/9938 2544/4194/9939 2542/4195/9940
f 2534/4196/9941 2527/4197/9942 2545/4198/9943 2544/4199/9944
f 2527/4200/9945 2531/4201/9946 2546/4202/9947 2545/4203/9948
f 2531/4204/9949 2535/4205/9950 2547/4206/9951 2546/4207/9952
f 2535/4208/9953 2536/4209/9954 2548/4210/9955 2547/4211/9956
f 2536/4212/9957 2537/4213/9958 2549/4214/9959 2548/4215/9960
f 2537/4216/9961 2528/4217/9962 2539/4218/9963 2549/4219/9964
f 2547/4220/9965 2548/4221/9966 2549/4222/9967 2539/4223/9968
f 2545/4224/9969 2546/4225/9970 2547/4220/9971 2539/4223/9972
f 2539/4223/9973 2540/4226/9974 2545/4224/9975
f 2540/4226/9976 2541/4227/9977 2545/4224/9978
f 2544/4228/9979 2545/4224/9980 2541/4227/9981 2542/4229/9982
f 2541/4227/9983 2543/4230/9984 2542/4229/9985
f 2330/4231/9986 2554/4232/9987 2557/4233/9988 2556/4234/9989
f 2330/4231/9990 2556/4234/9991 2550/3821/9992 2331/3819/9993
f 2330/4231/9994 2329/3815/9995 2554/4232/9996
f 2329/3815/9997 2343/3816/9998 2555/4235/9999 2554/4232/10000
f 2559/4066/10001 2558/3863/10002 2560/3859/10003 2561/4065/10004
f 2561/4065/10005 2560/3859/10006 2361/3858/10007 2360/4063/10008
f 2270/4236/10009 2269/4237/10010 2558/3863/10011 2559/4066/10012
f 2272/3653/10013 2271/3652/10014 2372/4018/10015 2371/3889/10016
f 2431/4062/10017 2372/4018/10018 2559/4066/10019 2447/4067/10020
f 2585/3888/10021 2586/3862/10022 2558/3863/10023 2371/3889/10024
f 2269/4237/10025 2266/3649/10026 2275/3654/10027 2272/3653/10028
f 2266/3649/10029 2263/3647/10030 2262/3646/10031 2273/4238/10032
f 2266/3649/10033 2273/4238/10034 2275/3654/10035
f 2270/4236/10036 2559/4066/10037 2372/4018/10038 2271/3652/10039
f 2265/3645/10040 2264/3648/10041 2267/3650/10042 2274/4239/10043
f 2274/4239/10044 2267/3650/10045 2268/3651/10046 2276/3655/10047
f 2268/3651/10048 2266/3649/10049 2269/4237/10050 2270/4236/10051
f 2276/3655/10052 2268/3651/10053 2270/4236/10054 2271/3652/10055
f 2441/4163/10056 2452/4162/10057 2597/4240/10058 2592/4241/10059
f 2359/4069/10060 2358/3853/10061 2563/3852/10062
f 2565/4242/10063 2359/4069/10064 2563/3852/10065 2570/3857/10066
f 2596/4165/10067 2566/4243/10068 2597/4240/10069 2452/4162/10070
f 2378/4244/10071 2377/3961/10072 2568/3960/10073
f 2438/3777/10074 2322/3758/10075 2313/3757/10076 2379/4245/10077
f 2378/4246/10078 2568/4247/10079 2437/3780/10080 2569/4085/10081
f 2569/4085/10082 2438/3777/10083 2379/4245/10084 2378/4246/10085
f 2323/3763/10086 2437/3780/10087 2568/4247/10088 2314/3760/10089
f 2580/4248/10090 2524/4141/10091 2581/4249/10092
f 2523/4250/10093 2580/4248/10094 2581/4249/10095
f 2577/4251/10096 2574/4252/10097 2575/4253/10098
f 2526/4254/10099 2573/4255/10100 2525/4256/10101
f 2523/4257/10102 2581/4258/10103 2571/4259/10104
f 2575/4260/10105 2525/4256/10106 2573/4255/10107 2572/4261/10108
f 2575/4260/10109 2572/4261/10110 2571/4259/10111 2581/4258/10112
f 2575/4260/10113 2581/4258/10114 2577/4262/10115
f 2578/4263/10116 2577/4262/10117 2581/4258/10118 2524/4264/10119
f 2565/4242/10120 2570/3857/10121 2598/4265/10122
f 2566/4243/10123 2598/4265/10124 2570/3857/10125 2564/4266/10126
f 2579/4267/10127 2564/4266/10128 2570/3857/10129 2576/4268/10130
f 2591/4269/10131 2597/4240/10132 2566/4243/10133 2564/4266/10134
f 2564/4266/10135 2579/4267/10136 2591/4269/10137
f 2562/3855/10138 2590/3854/10139 2591/4269/10140 2579/4267/10141
f 2442/4270/10142 2441/4271/10143 2592/4272/10144 2384/4273/10145
f 2590/4274/10146 2326/4275/10147 2317/4276/10148
f 2317/4276/10149 2385/4277/10150 2590/4274/10151
f 2434/4278/10152 2394/4279/10153 2385/4277/10154
f 2385/4277/10155 2394/4279/10156 2590/4274/10157
f 2394/3897/10158 2376/3896/10159 2590/3854/10160
f 2590/3854/10161 2376/3896/10162 2375/3891/10163 2591/4269/10164
f 2591/4280/10165 2375/4281/10166 2594/4282/10167 2592/4272/10168
f 2594/3894/10169 2593/3893/10170 2432/4057/10171 2433/4283/10172
f 2593/3893/10173 2595/4058/10174 2432/4057/10175
f 2596/4165/10176 2451/4070/10177 2359/4069/10178
f 2596/4165/10179 2444/4164/10180 2451/4070/10181
f 2451/4070/10182 2444/4164/10183 2445/4059/10184
f 2592/4241/10185 2597/4240/10186 2591/4269/10187
f 2596/4165/10188 2359/4069/10189 2566/4243/10190
f 2598/4265/10191 2566/4243/10192 2359/4069/10193 2565/4242/10194
f 2592/4272/10195 2594/4282/10196 2433/4284/10197 2384/4273/10198
f 2586/3862/10199 2585/3888/10200 2584/3887/10201 2587/3860/10202
f 2588/3861/10203 2587/3860/10204 2584/3887/10205
f 2370/3890/10206 2583/4080/10207 2589/4081/10208 2588/3861/10209
f 2370/3890/10210 2588/3861/10211 2584/3887/10212
f 2450/4064/10213 2449/4061/10214 2431/4062/10215 2447/4067/10216
f 2382/4285/10217 2483/4078/10218 2599/4286/10219
f 2453/3975/10220 2599/4286/10221 2483/4078/10222
f 2457/3750/10223 2478/3769/10224 2453/3751/10225
f 2453/4287/10226 2478/4288/10227 2599/4289/10228
f 2382/4290/10229 2599/4291/10230 2478/4292/10231 2318/4293/10232
f 2487/4082/10233 2486/4079/10234 2393/4032/10235 2318/4083/10236
f 2382/4294/10237 2318/4295/10238 2393/4296/10239 2430/4297/10240
f 2525/4298/10241 2575/4299/10242 2574/4300/10243
f 2290/3669/10244 2280/3668/10245 2582/3867/10246 2293/3690/10247
f 2294/3674/10248 2293/3690/10249 2582/3867/10250 2281/3671/10251
f 2363/4301/10252 2281/4302/10253 2582/4303/10254
f 2608/4304/10255 2611/4305/10256 2610/4306/10257 2609/4307/10258
f 2612/4308/10259 2615/4309/10260 2625/4310/10261 2626/4311/10262
f 2611/4305/10263 2623/4312/10264 2610/4306/10265
f 2614/4313/10266 2622/4314/10267 2623/4315/10268 2611/4316/10269
f 2613/4317/10270 2614/4313/10271 2611/4316/10272 2608/4318/10273
f 2600/4319/10274 2627/4320/10275 2624/4321/10276 2601/4322/10277
f 2607/4323/10278 2620/4324/10279 2621/4325/10280 2602/4326/10281
f 2602/4326/10282 2603/4327/10283 2607/4323/10284
f 2624/4328/10285 2625/4329/10286 2615/4330/10287 2601/4331/10288
f 2601/4331/10289 2615/4330/10290 2612/4332/10291 2600/4333/10292
f 2616/4334/10293 2604/4335/10294 2668/4336/10295 2669/4337/10296
f 2604/4335/10297 2616/4334/10298 2617/4338/10299 2606/4339/10300
f 2606/4339/10301 2617/4338/10302 2618/4340/10303 2605/4341/10304
f 2621/4342/10305 2622/4343/10306 2614/4344/10307 2602/4345/10308
f 2620/4346/10309 2619/4347/10310 2604/4348/10311 2606/4349/10312
f 2621/4325/10313 2620/4324/10314 2606/4350/10315 2605/4351/10316
f 2605/4341/10317 2618/4340/10318 2622/4352/10319 2621/4353/10320
f 2623/4315/10321 2622/4314/10322 2618/4354/10323 2617/4355/10324
f 2617/4358/10325 2616/4334/10326 2623/4357/10327
f 2610/4356/10328 2623/4357/10329 2632/4359/10330
f 2623/4357/10331 2616/4334/10332 2632/4359/10333
f 2643/4360/10334 2610/4356/10335 2665/4363/10336
f 2665/4363/10337 2610/4356/10338 2675/4362/10339
f 2675/4362/10340 2610/4356/10341 2670/4361/10342
f 2610/4356/10343 2632/4359/10344 2670/4361/10345
f 2604/4364/10346 2619/4365/10347 2667/4366/10348 2668/4367/10349
f 2628/4368/10350 2629/4369/10351 2625/4370/10352 2624/4371/10353
f 2626/4311/10354 2625/4310/10355 2629/4372/10356 2630/4373/10357
f 2624/4321/10358 2627/4320/10359 2631/4374/10360 2628/4375/10361
f 2602/4345/10362 2614/4344/10363 2629/4376/10364 2628/4377/10365
f 2630/4373/10366 2629/4372/10367 2614/4313/10368 2613/4317/10369
f 2628/4375/10370 2631/4374/10371 2603/4327/10372 2602/4326/10373
f 2616/4334/10374 2669/4337/10375 2670/4361/10376 2632/4359/10377
f 2641/4378/10378 2642/4379/10379 2643/4380/10380 2644/4381/10381
f 2645/4382/10382 2659/4383/10383 2658/4384/10384 2648/4385/10385
f 2644/4381/10386 2643/4380/10387 2656/4386/10388
f 2643/4380/10389 2642/4379/10390 2609/4307/10391 2610/4306/10392
f 2647/4387/10393 2644/4388/10394 2656/4389/10395 2655/4390/10396
f 2646/4391/10397 2641/4392/10398 2644/4388/10399 2647/4387/10400
f 2633/4393/10401 2634/4394/10402 2657/4395/10403 2660/4396/10404
f 2635/4397/10405 2654/4398/10406 2653/4399/10407 2640/4400/10408
f 2635/4397/10409 2640/4400/10410 2636/4401/10411
f 2657/4402/10412 2634/4403/10413 2648/4404/10414 2658/4405/10415
f 2634/4406/10416 2633/4407/10417 2645/4408/10418 2648/4409/10419
f 2649/4410/10420 2673/4411/10421 2674/4412/10422 2637/4413/10423
f 2637/4413/10424 2639/4414/10425 2650/4415/10426 2649/4410/10427
f 2639/4414/10428 2638/4416/10429 2651/4417/10430 2650/4415/10431
f 2654/4418/10432 2635/4419/10433 2647/4420/10434 2655/4421/10435
f 2653/4422/10436 2639/4423/10437 2637/4424/10438 2652/4425/10439
f 2654/4398/10440 2638/4426/10441 2639/4427/10442 2653/4399/10443
f 2638/4416/10444 2654/4428/10445 2655/4429/10446 2651/4417/10447
f 2656/4389/10448 2650/4430/10449 2651/4431/10450 2655/4390/10451
f 2650/4433/10452 2656/4434/10453 2649/4432/10454
f 2643/4360/10455 2665/4363/10456 2656/4434/10457
f 2649/4432/10458 2656/4434/10459 2665/4363/10460
f 2637/4435/10461 2674/4436/10462 2672/4437/10463 2652/4438/10464
f 2661/4439/10465 2657/4440/10466 2658/4441/10467 2662/4442/10468
f 2659/4383/10469 2663/4443/10470 2662/4444/10471 2658/4384/10472
f 2657/4395/10473 2661/4445/10474 2664/4446/10475 2660/4396/10476
f 2635/4419/10477 2661/4447/10478 2662/4448/10479 2647/4420/10480
f 2663/4443/10481 2646/4391/10482 2647/4387/10483 2662/4444/10484
f 2661/4445/10485 2635/4397/10486 2636/4401/10487 2664/4446/10488
f 2649/4410/10489 2665/4363/10490 2675/4362/10491 2673/4411/10492
f 2619/4365/10493 2620/4324/10494 2607/4323/10495 2666/4449/10496
f 2666/4449/10497 2667/4366/10498 2619/4365/10499
f 2640/4400/10500 2653/4399/10501 2652/4438/10502 2671/4450/10503
f 2652/4438/10504 2672/4437/10505 2671/4450/10506
f 2675/4451/10507 2670/4452/10508 2676/4453/10509 2677/4454/10510
f 2671/4455/10511 2672/4456/10512 2675/4451/10513 2677/4454/10514
f 2674/4457/10515 2673/4458/10516 2675/4451/10517 2672/4456/10518
f 2667/4459/10519 2666/4460/10520 2676/4453/10521 2670/4452/10522
f 2669/4461/10523 2668/4462/10524 2667/4459/10525 2670/4452/10526
f 2682/4463/10527 2683/4464/10528 2684/4465/10529 2685/4466/10530
f 2680/4467/10531 2681/4468/10532 2679/4469/10533 2678/4470/10534
f 2685/4471/10535 2680/4472/10536 2678/4473/10537 2682/4474/10538
f 2679/4475/10539 2683/4476/10540 2682/4477/10541 2678/4478/10542
f 2681/4479/10543 2684/4480/10544 2683/4481/10545 2679/4482/10546
f 2710/4483/10547 2711/4484/10548 2712/4485/10549 2713/4486/10550
f 2702/4487/10551 2703/4488/10552 2722/4489/10553 2723/4490/10554
f 2698/4491/10555 2699/4492/10556 2700/4493/10557 2701/4494/10558
f 2687/4495/10559 2693/4496/10560 2691/4497/10561 2689/4498/10562
f 2692/4499/10563 2686/4500/10564 2688/4501/10565 2690/4502/10566
f 2705/4503/10567 2704/4504/10568 2718/4505/10569 2719/4506/10570
f 2693/4496/10571 2687/4495/10572 2716/4507/10573 2717/4508/10574
f 2686/4500/10575 2692/4499/10576 2720/4509/10577 2721/4510/10578
f 2707/4511/10579 2706/4512/10580 2708/4513/10581 2709/4514/10582
f 2695/4515/10583 2696/4516/10584 2700/4517/10585 2699/4518/10586
f 2697/4519/10587 2694/4520/10588 2698/4521/10589 2701/4522/10590
f 2713/4486/10591 2712/4485/10592 2714/4523/10593 2715/4524/10594
f 2691/4497/10595 2693/4496/10596 2722/4525/10597 2703/4526/10598
f 2692/4499/10599 2690/4502/10600 2702/4527/10601 2723/4528/10602
f 2693/4496/10603 2717/4508/10604 2718/4529/10605 2704/4530/10606
f 2720/4509/10607 2692/4499/10608 2705/4531/10609 2719/4532/10610
f 2695/4515/10611 2699/4518/10612 2708/4533/10613 2706/4534/10614
f 2699/4492/10615 2698/4491/10616 2709/4535/10617 2708/4536/10618
f 2698/4521/10619 2694/4520/10620 2707/4537/10621 2709/4538/10622
f 2688/4539/10623 2689/4540/10624 2711/4541/10625 2710/4542/10626
f 2689/4498/10627 2691/4497/10628 2712/4543/10629 2711/4544/10630
f 2690/4502/10631 2688/4501/10632 2710/4545/10633 2713/4546/10634
f 2691/4547/10635 2703/4488/10636 2714/4548/10637 2712/4549/10638
f 2703/4488/10639 2702/4487/10640 2715/4550/10641 2714/4548/10642
f 2702/4487/10643 2690/4551/10644 2713/4552/10645 2715/4550/10646
f 2717/4508/10647 2716/4507/10648 2696/4516/10649 2695/4515/10650
f 2718/4529/10651 2717/4508/10652 2695/4515/10653 2706/4534/10654
f 2719/4553/10655 2718/4554/10656 2706/4512/10657 2707/4511/10658
f 2694/4520/10659 2720/4509/10660 2719/4532/10661 2707/4537/10662
f 2721/4510/10663 2720/4509/10664 2694/4520/10665 2697/4519/10666
f 2722/4525/10667 2693/4496/10668 2704/4530/10669
f 2723/4490/10670 2722/4489/10671 2704/4555/10672 2705/4556/10673
f 2692/4499/10674 2723/4528/10675 2705/4531/10676
f 2724/4557/10677 2725/4558/10678 2727/4559/10679 2726/4560/10680
f 2726/4560/10681 2727/4559/10682 2729/4561/10683 2728/4562/10684
f 2728/4562/10685 2729/4561/10686 2731/4563/10687 2730/4564/10688
f 2730/4564/10689 2731/4563/10690 2725/4565/10691 2724/4566/10692
f 2730/4567/10693 2724/4557/10694 2726/4560/10695 2728/4568/10696
f 2732/4569/10697 2733/4570/10698 2735/4571/10699 2734/4572/10700
f 2734/4572/10701 2735/4571/10702 2737/4573/10703 2736/4574/10704
f 2736/4574/10705 2737/4573/10706 2739/4575/10707 2738/4576/10708
f 2738/4576/10709 2739/4575/10710 2733/4577/10711 2732/4578/10712
f 2738/4579/10713 2732/4569/10714 2734/4572/10715 2736/4580/10716
f 2743/4581/10717 2742/4582/10718 2741/4583/10719 2740/4584/10720
f 2747/4585/10721 2744/4586/10722 2745/4587/10723 2746/4588/10724
f 2748/4589/10725 2749/4590/10726 2751/4591/10727 2750/4592/10728
f 2750/4592/10729 2751/4591/10730 2753/4593/10731 2752/4594/10732
f 2752/4594/10733 2753/4593/10734 2755/4595/10735 2754/4596/10736
f 2754/4596/10737 2755/4595/10738 2749/4597/10739 2748/4598/10740
f 2754/4599/10741 2748/4589/10742 2750/4592/10743 2752/4600/10744
f 2759/4601/10745 2758/4602/10746 2757/4603/10747 2756/4604/10748
f 2760/4605/10749 2762/4606/10750 2763/4607/10751 2761/4608/10752
f 2762/4606/10753 2764/4609/10754 2765/4610/10755 2763/4607/10756
f 2764/4609/10757 2766/4611/10758 2767/4612/10759 2765/4610/10760
f 2766/4611/10761 2760/4613/10762 2761/4614/10763 2767/4612/10764
f 2766/4615/10765 2764/4616/10766 2762/4606/10767 2760/4605/10768
f 2768/4617/10769 2769/4618/10770 2772/4619/10771 2773/4620/10772
f 2770/4621/10773 2774/4622/10774 2772/4619/10775 2769/4618/10776
f 2771/4623/10777 2770/4621/10778 2769/4618/10779 2768/4617/10780
f 2775/4624/10781 2771/4623/10782 2768/4617/10783 2773/4620/10784
f 2774/4622/10785 2770/4621/10786 2780/4627/10787
f 2782/4626/10788 2780/4627/10789 2776/4625/10790
f 2776/4625/10791 2780/4627/10792 2770/4621/10793
f 2777/4628/10794 2776/4625/10795 2770/4621/10796 2771/4623/10797
f 2779/4629/10798 2787/4630/10799 2786/4631/10800
f 2778/4632/10801 2784/4633/10802 2787/4630/10803 2779/4629/10804
f 2774/4622/10805 2780/4627/10806 2781/4634/10807 2775/4624/10808
f 2780/4627/10809 2782/4626/10810 2784/4633/10811 2785/4635/10812
f 2771/4623/10813 2775/4624/10814 2777/4628/10815
f 2781/4634/10816 2783/4636/10817 2775/4624/10818
f 2783/4636/10819 2777/4628/10820 2775/4624/10821
f 2783/4636/10822 2782/4626/10823 2776/4625/10824 2777/4628/10825
f 2781/4634/10826 2780/4627/10827 2785/4635/10828 2786/4631/10829
f 2786/4631/10830 2787/4630/10831 2783/4636/10832 2781/4634/10833
f 2787/4630/10834 2784/4633/10835 2782/4626/10836 2783/4636/10837
f 2785/4635/10838 2784/4633/10839 2778/4632/10840
f 2786/4631/10841 2785/4635/10842 2778/4632/10843 2779/4629/10844
f 2792/4637/10845 2793/4638/10846 2791/4639/10847 2788/4640/10848
f 2794/4641/10849 2795/4642/10850 2806/4643/10851 2807/4644/10852
f 2789/4645/10853 2790/4646/10854 2795/4642/10855 2794/4641/10856
f 2788/4640/10857 2791/4639/10858 2802/4647/10859 2801/4648/10860
f 2796/4649/10861 2809/4650/10862 2806/4643/10863 2795/4642/10864
f 2797/4651/10865 2796/4649/10866 2795/4642/10867 2790/4646/10868
f 2798/4652/10869 2797/4651/10870 2790/4646/10871 2789/4645/10872
f 2794/4641/10873 2799/4653/10874 2798/4652/10875 2789/4645/10876
f 2810/4657/10877 2792/4637/10878 2813/4656/10879
f 2813/4656/10880 2792/4637/10881 2805/4655/10882
f 2792/4637/10883 2800/4654/10884 2805/4655/10885
f 2801/4648/10886 2800/4654/10887 2792/4637/10888 2788/4640/10889
f 2803/4658/10890 2802/4647/10891 2791/4639/10892 2793/4638/10893
f 2807/4644/10894 2806/4643/10895 2812/4659/10896 2810/4657/10897
f 2806/4643/10898 2809/4650/10899 2811/4660/10900 2812/4659/10901
f 2807/4644/10902 2808/4661/10903 2799/4653/10904 2794/4641/10905
f 2810/4657/10906 2813/4656/10907 2808/4661/10908 2807/4644/10909
f 2810/4657/10910 2812/4659/10911 2793/4638/10912 2792/4637/10913
f 2812/4659/10914 2811/4660/10915 2793/4638/10916
f 2793/4638/10917 2811/4660/10918 2804/4662/10919 2803/4658/10920
f 2801/4648/10921 2802/4647/10922 2803/4658/10923 2800/4654/10924
f 2800/4654/10925 2803/4658/10926 2804/4662/10927 2805/4655/10928
f 2813/4656/10929 2805/4655/10930 2804/4662/10931 2811/4660/10932
f 2813/4656/10933 2811/4660/10934 2809/4650/10935 2808/4661/10936
f 2808/4661/10937 2809/4650/10938 2796/4649/10939 2799/4653/10940
f 2797/4651/10941 2798/4652/10942 2796/4649/10943
f 2798/4652/10944 2799/4653/10945 2796/4649/10946
f 2847/4663/10947 2850/4664/10948 2821/4665/10949 2833/4666/10950
f 2847/4663/10951 2833/4666/10952 2848/4667/10953
f 2825/4668/10954 2848/4667/10955 2833/4666/10956 2826/4669/10957
f 2826/4669/10958 2833/4666/10959 2834/4670/10960
f 2814/4671/10961 2815/4672/10962 2849/4673/10963 2851/4674/10964
f 2814/4671/10965 2851/4674/10966 2852/4675/10967 2820/4676/10968
f 2814/4671/10969 2820/4676/10970 2819/4677/10971
f 2814/4671/10972 2833/4666/10973 2821/4665/10974 2815/4672/10975
f 2815/4672/10976 2821/4665/10977 2850/4664/10978 2849/4673/10979
f 2817/4678/10980 2822/4679/10981 2823/4680/10982 2816/4681/10983
f 2816/4681/10984 2823/4680/10985 2824/4682/10986 2818/4683/10987
f 2831/4684/10988 2832/4685/10989 2837/4686/10990 2840/4687/10991
f 2834/4670/10992 2819/4677/10993 2820/4676/10994 2825/4668/10995
f 2819/4677/10996 2834/4670/10997 2833/4666/10998 2814/4671/10999
f 2827/4688/11000 2823/4680/11001 2822/4679/11002 2828/4689/11003
f 2829/4690/11004 2828/4689/11005 2822/4679/11006 2817/4678/11007
f 2830/4691/11008 2829/4690/11009 2817/4678/11010 2816/4681/11011
f 2831/4684/11012 2830/4691/11013 2816/4681/11014 2818/4683/11015
f 2818/4683/11016 2824/4682/11017 2832/4685/11018 2831/4684/11019
f 2827/4688/11020 2832/4685/11021 2824/4682/11022 2823/4680/11023
f 2825/4668/11024 2826/4669/11025 2834/4670/11026
f 2836/4692/11027 2835/4693/11028 2827/4688/11029 2828/4689/11030
f 2835/4693/11031 2837/4686/11032 2832/4685/11033 2827/4688/11034
f 2839/4694/11035 2838/4695/11036 2829/4690/11037 2830/4691/11038
f 2840/4687/11039 2839/4694/11040 2830/4691/11041 2831/4684/11042
f 2838/4695/11043 2836/4692/11044 2828/4689/11045 2829/4690/11046
f 2840/4687/11047 2837/4686/11048 2842/4696/11049 2846/4697/11050
f 2844/4698/11051 2841/4699/11052 2835/4693/11053 2836/4692/11054
f 2841/4699/11055 2842/4696/11056 2837/4686/11057 2835/4693/11058
f 2845/4700/11059 2843/4701/11060 2838/4695/11061 2839/4694/11062
f 2846/4697/11063 2845/4700/11064 2839/4694/11065 2840/4687/11066
f 2843/4701/11067 2844/4698/11068 2836/4692/11069 2838/4695/11070
f 2846/4697/11071 2842/4696/11072 2848/4667/11073 2852/4675/11074
f 2850/4664/11075 2847/4663/11076 2841/4699/11077 2844/4698/11078
f 2847/4663/11079 2848/4667/11080 2842/4696/11081 2841/4699/11082
f 2851/4674/11083 2849/4673/11084 2843/4701/11085 2845/4700/11086
f 2852/4675/11087 2851/4674/11088 2845/4700/11089 2846/4697/11090
f 2849/4673/11091 2850/4664/11092 2844/4698/11093 2843/4701/11094
f 2852/4675/11095 2848/4667/11096 2825/4668/11097 2820/4676/11098
f 2856/4702/11099 2854/4703/11100 2859/4704/11101 2860/4705/11102
f 2853/4706/11103 2855/4707/11104 2862/4708/11105 2861/4709/11106
f 2854/4703/11107 2858/4710/11108 2863/4711/11109 2859/4704/11110
f 2857/4712/11111 2853/4706/11112 2861/4709/11113 2864/4713/11114
f 2858/4710/11115 2854/4703/11116 2853/4706/11117 2857/4712/11118
f 2863/4711/11119 2858/4710/11120 2857/4712/11121 2864/4713/11122
f 2859/4704/11123 2863/4711/11124 2864/4713/11125 2861/4709/11126
f 2860/4705/11127 2859/4704/11128 2861/4709/11129 2862/4708/11130
f 2856/4702/11131 2860/4705/11132 2862/4708/11133 2855/4707/11134
f 2854/4703/11135 2856/4702/11136 2855/4707/11137 2853/4706/11138
f 2871/4714/11139 2872/4715/11140 2882/4716/11141 2881/4717/11142
f 2871/4714/11143 2881/4717/11144 2880/4718/11145 2876/4719/11146
f 2865/4720/11147 2878/4721/11148 2877/4722/11149 2866/4723/11150
f 2865/4720/11151 2869/4724/11152 2879/4725/11153 2878/4721/11154
f 2865/4720/11155 2866/4723/11156 2872/4715/11157 2871/4714/11158
f 2866/4723/11159 2877/4722/11160 2882/4716/11161 2872/4715/11162
f 2868/4726/11163 2867/4727/11164 2874/4728/11165 2873/4729/11166
f 2867/4727/11167 2870/4730/11168 2875/4731/11169 2874/4728/11170
f 2879/4725/11171 2869/4724/11172 2876/4719/11173 2880/4718/11174
f 2869/4724/11175 2865/4720/11176 2871/4714/11177 2876/4719/11178
f 2878/4721/11179 2884/4732/11180 2883/4733/11181 2877/4722/11182
f 2879/4725/11183 2885/4734/11184 2884/4732/11185 2878/4721/11186
f 2885/4734/11187 2879/4725/11188 2880/4718/11189 2886/4735/11190
f 2881/4717/11191 2887/4736/11192 2886/4735/11193 2880/4718/11194
f 2882/4716/11195 2888/4737/11196 2887/4736/11197 2881/4717/11198
f 2877/4722/11199 2883/4733/11200 2888/4737/11201 2882/4716/11202
f 2884/4732/11203 2867/4727/11204 2868/4726/11205 2883/4733/11206
f 2885/4734/11207 2870/4730/11208 2867/4727/11209 2884/4732/11210
f 2870/4730/11211 2885/4734/11212 2886/4735/11213 2875/4731/11214
f 2887/4736/11215 2874/4728/11216 2875/4731/11217 2886/4735/11218
f 2888/4737/11219 2873/4729/11220 2874/4728/11221 2887/4736/11222
f 2883/4733/11223 2868/4726/11224 2873/4729/11225 2888/4737/11226
f 2893/4738/11227 2896/4739/11228 2903/4740/11229 2904/4741/11230
f 2889/4742/11231 2901/4743/11232 2902/4744/11233 2891/4745/11234
f 2889/4742/11235 2893/4738/11236 2904/4741/11237 2901/4743/11238
f 2890/4746/11239 2894/4747/11240 2895/4748/11241 2892/4749/11242
f 2891/4745/11243 2896/4739/11244 2893/4738/11245 2889/4742/11246
f 2897/4750/11247 2890/4746/11248 2892/4749/11249 2898/4751/11250
f 2900/4752/11251 2899/4753/11252 2895/4748/11253 2894/4747/11254
f 2897/4750/11255 2900/4752/11256 2894/4747/11257 2890/4746/11258
f 2901/4743/11259 2913/4754/11260 2914/4755/11261 2902/4744/11262
f 2904/4741/11263 2903/4740/11264 2915/4756/11265 2916/4757/11266
f 2901/4743/11267 2904/4741/11268 2916/4757/11269 2913/4754/11270
f 2907/4758/11271 2912/4759/11272 2903/4740/11273 2896/4739/11274
f 2905/4760/11275 2891/4745/11276 2902/4744/11277 2911/4761/11278
f 2905/4760/11279 2911/4761/11280 2912/4759/11281 2907/4758/11282
f 2906/4762/11283 2892/4749/11284 2895/4748/11285 2908/4763/11286
f 2891/4745/11287 2905/4760/11288 2907/4758/11289 2896/4739/11290
f 2909/4764/11291 2898/4751/11292 2892/4749/11293 2906/4762/11294
f 2910/4765/11295 2908/4763/11296 2895/4748/11297 2899/4753/11298
f 2909/4764/11299 2906/4762/11300 2908/4763/11301 2910/4765/11302
f 2911/4761/11303 2902/4744/11304 2914/4755/11305 2917/4766/11306
f 2912/4759/11307 2918/4767/11308 2915/4756/11309 2903/4740/11310
f 2911/4761/11311 2917/4766/11312 2918/4767/11313 2912/4759/11314
f 2914/4755/11315 2913/4754/11316 2897/4750/11317 2898/4751/11318
f 2916/4757/11319 2915/4756/11320 2899/4753/11321 2900/4752/11322
f 2913/4754/11323 2916/4757/11324 2900/4752/11325 2897/4750/11326
f 2917/4766/11327 2914/4755/11328 2898/4751/11329 2909/4764/11330
f 2915/4756/11331 2918/4767/11332 2910/4765/11333 2899/4753/11334
f 2918/4767/11335 2917/4766/11336 2909/4764/11337 2910/4765/11338
f 2925/4768/11339 2919/4769/11340 2922/4770/11341 2926/4771/11342
f 2919/4769/11343 2929/4772/11344 2928/4773/11345 2922/4770/11346
f 2920/4774/11347 2923/4775/11348 2924/4776/11349 2921/4777/11350
f 2923/4778/11351 2925/4779/11352 2926/4780/11353 2924/4781/11354
f 2928/4773/11355 2927/4782/11356 2926/4771/11357 2922/4770/11358
f 2930/4783/11359 2929/4772/11360 2919/4769/11361 2925/4768/11362
f 2932/4784/11363 2931/4785/11364 2920/4774/11365 2921/4777/11366
f 2931/4785/11367 2933/4786/11368 2923/4775/11369 2920/4774/11370
f 2934/4787/11371 2932/4784/11372 2921/4777/11373 2924/4776/11374
f 2933/4788/11375 2930/4789/11376 2925/4779/11377 2923/4778/11378
f 2927/4790/11379 2934/4791/11380 2924/4781/11381 2926/4780/11382
f 2943/4792/11383 2944/4793/11384 2941/4794/11385 2937/4795/11386
f 2946/4796/11387 2935/4797/11388 2942/4798/11389 2945/4799/11390
f 2946/4796/11391 2943/4792/11392 2937/4795/11393 2935/4797/11394
f 2935/4797/11395 2937/4795/11396 2941/4794/11397 2942/4798/11398
f 2936/4800/11399 2938/4801/11400 2947/4802/11401 2948/4803/11402
f 2939/4804/11403 2949/4805/11404 2947/4802/11405 2938/4801/11406
f 2940/4806/11407 2939/4804/11408 2938/4801/11409 2936/4800/11410
f 2950/4807/11411 2940/4806/11412 2936/4800/11413 2948/4803/11414
f 2941/4794/11415 2944/4793/11416 2949/4805/11417 2939/4804/11418
f 2942/4798/11419 2941/4794/11420 2939/4804/11421 2940/4806/11422
f 2945/4799/11423 2942/4798/11424 2940/4806/11425 2950/4807/11426
f 2943/4792/11427 2946/4796/11428 2944/4793/11429
f 2946/4796/11430 2945/4799/11431 2944/4793/11432
f 2944/4793/11433 2945/4799/11434 2949/4805/11435
f 2947/4802/11436 2949/4805/11437 2948/4803/11438
f 2948/4803/11439 2949/4805/11440 2950/4807/11441
f 2945/4799/11442 2950/4807/11443 2949/4805/11444
f 2960/4808/11445 2953/4809/11446 2957/4810/11447 2959/4811/11448
f 2961/4812/11449 2962/4813/11450 2958/4814/11451 2951/4815/11452
f 2961/4812/11453 2951/4815/11454 2953/4809/11455 2960/4808/11456
f 2951/4815/11457 2958/4814/11458 2957/4810/11459 2953/4809/11460
f 2952/4816/11461 2963/4817/11462 2964/4818/11463 2954/4819/11464
f 2955/4820/11465 2954/4819/11466 2964/4818/11467 2965/4821/11468
f 2956/4822/11469 2952/4816/11470 2954/4819/11471 2955/4820/11472
f 2966/4823/11473 2963/4817/11474 2952/4816/11475 2956/4822/11476
f 2957/4810/11477 2955/4820/11478 2965/4821/11479 2959/4811/11480
f 2958/4814/11481 2956/4822/11482 2955/4820/11483 2957/4810/11484
f 2962/4813/11485 2966/4823/11486 2956/4822/11487 2958/4814/11488
f 2961/4812/11489 2960/4808/11490 2959/4811/11491 2962/4813/11492
f 2962/4813/11493 2959/4811/11494 2965/4821/11495 2966/4823/11496
f 2965/4821/11497 2964/4818/11498 2963/4817/11499 2966/4823/11500
f 2975/4824/11501 2976/4825/11502 2973/4826/11503 2969/4827/11504
f 2978/4828/11505 2967/4829/11506 2974/4830/11507 2977/4831/11508
f 2978/4828/11509 2975/4824/11510 2969/4827/11511 2967/4829/11512
f 2967/4829/11513 2969/4827/11514 2973/4826/11515 2974/4830/11516
f 2968/4832/11517 2970/4833/11518 2979/4834/11519 2980/4835/11520
f 2971/4836/11521 2981/4837/11522 2979/4834/11523 2970/4833/11524
f 2972/4838/11525 2971/4836/11526 2970/4833/11527 2968/4832/11528
f 2982/4839/11529 2972/4838/11530 2968/4832/11531 2980/4835/11532
f 2976/4825/11533 2981/4837/11534 2971/4836/11535 2973/4826/11536
f 2974/4830/11537 2973/4826/11538 2971/4836/11539 2972/4838/11540
f 2977/4831/11541 2974/4830/11542 2972/4838/11543 2982/4839/11544
f 2975/4824/11545 2978/4828/11546 2976/4825/11547
f 2978/4828/11548 2977/4831/11549 2976/4825/11550
f 2976/4825/11551 2977/4831/11552 2981/4837/11553
f 2979/4834/11554 2981/4837/11555 2980/4835/11556
f 2980/4835/11557 2981/4837/11558 2982/4839/11559
f 2977/4831/11560 2982/4839/11561 2981/4837/11562
f 2989/4840/11563 2990/4841/11564 2986/4842/11565 2983/4843/11566
f 2984/4844/11567 2985/4845/11568 2988/4846/11569 2987/4847/11570
f 2987/4847/11571 2988/4846/11572 2990/4841/11573 2989/4840/11574
f 2991/4848/11575 2992/4849/11576 2987/4847/11577 2989/4840/11578
f 2993/4850/11579 2991/4848/11580 2989/4840/11581 2983/4843/11582
f 2983/4843/11583 2986/4842/11584 2994/4851/11585 2993/4850/11586
f 2995/4852/11587 2994/4851/11588 2986/4842/11589 2990/4841/11590
f 2996/4853/11591 2995/4852/11592 2990/4841/11593 2988/4846/11594
f 2997/4854/11595 2996/4853/11596 2988/4846/11597 2985/4845/11598
f 2998/4855/11599 2997/4854/11600 2985/4845/11601 2984/4844/11602
f 2992/4849/11603 2998/4855/11604 2984/4844/11605 2987/4847/11606
f 2994/4851/11607 2995/4852/11608 2993/4850/11609
f 2993/4850/11610 2995/4852/11611 2991/4848/11612
f 2991/4848/11613 2995/4852/11614 2992/4849/11615
f 2997/4854/11616 2998/4855/11617 2996/4853/11618
f 2998/4855/11619 2992/4849/11620 2996/4853/11621
f 2995/4852/11622 2996/4853/11623 2992/4849/11624
f 3004/4856/11625 3006/4857/11626 3013/4858/11627 3014/4859/11628
f 2999/4860/11629 3011/4861/11630 3012/4862/11631 3001/4863/11632
f 3000/4864/11633 3003/4865/11634 3005/4866/11635 3002/4867/11636
f 3001/4863/11637 3006/4857/11638 3004/4856/11639 2999/4860/11640
f 3008/4868/11641 3007/4869/11642 3000/4864/11643 3002/4867/11644
f 3010/4870/11645 3009/4871/11646 3005/4866/11647 3003/4865/11648
f 3012/4862/11649 3011/4861/11650 3007/4869/11651 3008/4868/11652
f 3014/4859/11653 3013/4858/11654 3009/4871/11655 3010/4870/11656
f 3018/4872/11657 3022/4873/11658 3013/4858/11659 3006/4857/11660
f 3015/4874/11661 3001/4863/11662 3012/4862/11663 3021/4875/11664
f 3016/4876/11665 3002/4867/11666 3005/4866/11667 3017/4877/11668
f 3001/4863/11669 3015/4874/11670 3018/4872/11671 3006/4857/11672
f 3008/4868/11673 3002/4867/11674 3016/4876/11675 3019/4878/11676
f 3020/4879/11677 3017/4877/11678 3005/4866/11679 3009/4871/11680
f 3021/4875/11681 3012/4862/11682 3008/4868/11683 3019/4878/11684
f 3009/4871/11685 3013/4858/11686 3022/4873/11687 3020/4879/11688
f 2999/4880/11689 3004/4881/11690 3029/4882/11691 3028/4883/11692
f 3024/4884/11693 3019/4885/11694 3016/4886/11695 3023/4887/11696
f 3025/4888/11697 3023/4887/11698 3016/4886/11699 3017/4889/11700
f 3026/4890/11701 3025/4888/11702 3017/4889/11703 3020/4891/11704
f 3015/4892/11705 3039/4893/11706 3038/4894/11707 3018/4895/11708
f 3040/4896/11709 3021/4897/11710 3019/4885/11711 3041/4898/11712
f 3019/4885/11713 3024/4884/11714 3041/4898/11715
f 3028/4883/11716 3027/4899/11717 3011/4900/11718 2999/4880/11719
f 3030/4901/11720 3029/4882/11721 3004/4881/11722 3014/4902/11723
f 3007/4903/11724 3011/4900/11725 3034/4904/11726
f 3036/4905/11727 3034/4904/11728 3011/4900/11729 3027/4899/11730
f 3010/4906/11731 3031/4907/11732 3014/4902/11733
f 3014/4902/11734 3031/4907/11735 3035/4908/11736 3030/4901/11737
f 3032/4909/11738 3031/4907/11739 3010/4906/11740 3003/4910/11741
f 3033/4911/11742 3032/4909/11743 3003/4910/11744 3000/4912/11745
f 3034/4904/11746 3033/4911/11747 3000/4912/11748 3007/4903/11749
f 3022/4913/11750 3037/4914/11751 3020/4891/11752
f 3026/4890/11753 3020/4891/11754 3037/4914/11755 3042/4915/11756
f 3038/4894/11757 3037/4914/11758 3022/4913/11759 3018/4895/11760
f 3040/4896/11761 3039/4893/11762 3015/4892/11763 3021/4897/11764
f 3041/4898/11765 3024/4884/11766 3026/4890/11767 3042/4915/11768
f 3042/4915/11769 3037/4914/11770 3040/4896/11771 3041/4898/11772
f 3038/4894/11773 3039/4893/11774 3040/4896/11775 3037/4914/11776
f 3023/4887/11777 3025/4888/11778 3026/4890/11779 3024/4884/11780
f 3028/4883/11781 3029/4882/11782 3030/4901/11783 3027/4899/11784
f 3027/4899/11785 3030/4901/11786 3035/4908/11787 3036/4905/11788
f 3036/4905/11789 3035/4908/11790 3031/4907/11791 3034/4904/11792
f 3031/4907/11793 3032/4909/11794 3033/4911/11795 3034/4904/11796
f 3049/4916/11797 3050/4917/11798 3046/4918/11799 3043/4919/11800
f 3044/4920/11801 3045/4921/11802 3048/4922/11803 3047/4923/11804
f 3047/4923/11805 3048/4922/11806 3050/4917/11807 3049/4916/11808
f 3051/4924/11809 3052/4925/11810 3049/4916/11811 3043/4919/11812
f 3043/4919/11813 3046/4918/11814 3053/4926/11815 3051/4924/11816
f 3054/4927/11817 3053/4926/11818 3046/4918/11819 3050/4917/11820
f 3055/4928/11821 3054/4927/11822 3050/4917/11823 3048/4922/11824
f 3056/4929/11825 3055/4928/11826 3048/4922/11827 3045/4921/11828
f 3057/4930/11829 3056/4929/11830 3045/4921/11831 3044/4920/11832
f 3058/4931/11833 3057/4930/11834 3044/4920/11835 3047/4923/11836
f 3049/4916/11837 3052/4925/11838 3058/4931/11839 3047/4923/11840
f 3053/4926/11841 3054/4927/11842 3051/4924/11843
f 3051/4924/11844 3054/4927/11845 3052/4925/11846
f 3054/4927/11847 3055/4928/11848 3052/4925/11849
f 3056/4929/11850 3057/4930/11851 3055/4928/11852
f 3057/4930/11853 3058/4931/11854 3055/4928/11855
f 3055/4928/11856 3058/4931/11857 3052/4925/11858
f 3059/4932/11859 3060/4933/11860 3062/4934/11861 3061/4935/11862
f 3061/4936/11863 3062/4937/11864 3067/4938/11865
f 3068/4939/11866 3060/4940/11867 3059/4941/11868
f 3068/4942/11869 3059/4943/11870 3061/4944/11871 3067/4945/11872
f 3065/4946/11873 3068/4947/11874 3067/4948/11875 3063/4949/11876
f 3065/4950/11877 3066/4951/11878 3068/4939/11879
f 3068/4939/11880 3066/4951/11881 3060/4940/11882
f 3062/4937/11883 3064/4952/11884 3067/4938/11885
f 3067/4938/11886 3064/4952/11887 3063/4953/11888
f 3063/4953/11889 3064/4952/11890 3069/4954/11891
f 3066/4951/11892 3065/4950/11893 3070/4955/11894
f 3065/4956/11895 3063/4957/11896 3069/4958/11897 3070/4959/11898
f 3071/4960/11899 3072/4961/11900 3074/4962/11901 3073/4963/11902
f 3073/4964/11903 3074/4965/11904 3079/4966/11905
f 3080/4967/11906 3072/4968/11907 3071/4969/11908
f 3080/4970/11909 3071/4971/11910 3073/4972/11911 3079/4973/11912
f 3077/4974/11913 3080/4975/11914 3079/4976/11915 3075/4977/11916
f 3077/4978/11917 3078/4979/11918 3080/4967/11919
f 3080/4967/11920 3078/4979/11921 3072/4968/11922
f 3074/4965/11923 3076/4980/11924 3079/4966/11925
f 3079/4966/11926 3076/4980/11927 3075/4981/11928
f 3075/4981/11929 3076/4980/11930 3081/4982/11931
f 3078/4979/11932 3077/4978/11933 3082/4983/11934
f 3077/4984/11935 3075/4985/11936 3081/4986/11937 3082/4987/11938
f 3083/4988/11939 3084/4989/11940 3086/4990/11941 3085/4991/11942
f 3085/4992/11943 3086/4993/11944 3091/4994/11945
f 3092/4995/11946 3084/4996/11947 3083/4997/11948
f 3092/4998/11949 3083/4999/11950 3085/5000/11951 3091/5001/11952
f 3089/5002/11953 3092/5003/11954 3091/5004/11955 3087/5005/11956
f 3089/5006/11957 3090/5007/11958 3092/4995/11959
f 3092/4995/11960 3090/5007/11961 3084/4996/11962
f 3086/4993/11963 3088/5008/11964 3091/4994/11965
f 3091/4994/11966 3088/5008/11967 3087/5009/11968
f 3087/5009/11969 3088/5008/11970 3093/5010/11971
f 3090/5007/11972 3089/5006/11973 3094/5011/11974
f 3089/5012/11975 3087/5013/11976 3093/5014/11977 3094/5015/11978
f 3095/5016/11979 3096/5017/11980 3098/5018/11981 3097/5019/11982
f 3097/5020/11983 3098/5021/11984 3103/5022/11985
f 3104/5023/11986 3096/5024/11987 3095/5025/11988
f 3104/5026/11989 3095/5027/11990 3097/5028/11991 3103/5029/11992
f 3101/5030/11993 3104/5031/11994 3103/5032/11995 3099/5033/11996
f 3101/5034/11997 3102/5035/11998 3104/5023/11999
f 3104/5023/12000 3102/5035/12001 3096/5024/12002
f 3098/5021/12003 3100/5036/12004 3103/5022/12005
f 3103/5022/12006 3100/5036/12007 3099/5037/12008
f 3099/5037/12009 3100/5036/12010 3105/5038/12011
f 3102/5035/12012 3101/5034/12013 3106/5039/12014
f 3101/5040/12015 3099/5041/12016 3105/5042/12017 3106/5043/12018
f 3107/5044/12019 3108/5045/12020 3110/5046/12021 3109/5047/12022
f 3109/5048/12023 3110/5049/12024 3115/5050/12025
f 3116/5051/12026 3108/5052/12027 3107/5053/12028
f 3116/5054/12029 3107/5055/12030 3109/5056/12031 3115/5057/12032
f 3113/5058/12033 3116/5059/12034 3115/5060/12035 3111/5061/12036
f 3113/5062/12037 3114/5063/12038 3116/5051/12039
f 3116/5051/12040 3114/5063/12041 3108/5052/12042
f 3110/5049/12043 3112/5064/12044 3115/5050/12045
f 3115/5050/12046 3112/5064/12047 3111/5065/12048
f 3111/5065/12049 3112/5064/12050 3117/5066/12051
f 3114/5063/12052 3113/5062/12053 3118/5067/12054
f 3113/5068/12055 3111/5069/12056 3117/5070/12057 3118/5071/12058
f 3119/5072/12059 3120/5073/12060 3122/5074/12061 3121/5075/12062
f 3121/5076/12063 3122/5077/12064 3127/5078/12065
f 3128/5079/12066 3120/5080/12067 3119/5081/12068
f 3128/5082/12069 3119/5083/12070 3121/5084/12071 3127/5085/12072
f 3125/5086/12073 3128/5087/12074 3127/5088/12075 3123/5089/12076
f 3125/5090/12077 3126/5091/12078 3128/5079/12079
f 3128/5079/12080 3126/5091/12081 3120/5080/12082
f 3122/5077/12083 3124/5092/12084 3127/5078/12085
f 3127/5078/12086 3124/5092/12087 3123/5093/12088
f 3123/5093/12089 3124/5092/12090 3129/5094/12091
f 3126/5091/12092 3125/5090/12093 3130/5095/12094
f 3125/5096/12095 3123/5097/12096 3129/5098/12097 3130/5099/12098
f 3131/5100/12099 3132/5101/12100 3134/5102/12101 3133/5103/12102
f 3133/5104/12103 3134/5105/12104 3139/5106/12105
f 3140/5107/12106 3132/5108/12107 3131/5109/12108
f 3140/5110/12109 3131/5111/12110 3133/5112/12111 3139/5113/12112
f 3137/5114/12113 3140/5115/12114 3139/5116/12115 3135/5117/12116
f 3137/5118/12117 3138/5119/12118 3140/5107/12119
f 3140/5107/12120 3138/5119/12121 3132/5108/12122
f 3134/5105/12123 3136/5120/12124 3139/5106/12125
f 3139/5106/12126 3136/5120/12127 3135/5121/12128
f 3135/5121/12129 3136/5120/12130 3141/5122/12131
f 3138/5119/12132 3137/5118/12133 3142/5123/12134
f 3137/5124/12135 3135/5125/12136 3141/5126/12137 3142/5127/12138
f 3143/5128/12139 3144/5129/12140 3146/5130/12141 3145/5131/12142
f 3145/5132/12143 3146/5133/12144 3151/5134/12145
f 3152/5135/12146 3144/5136/12147 3143/5137/12148
f 3152/5138/12149 3143/5139/12150 3145/5140/12151 3151/5141/12152
f 3149/5142/12153 3155/5143/12154 3156/5144/12155 3147/5145/12156
f 3149/5146/12157 3157/5147/12158 3155/5148/12159
f 3152/5135/12160 3150/5149/12161 3144/5136/12162
f 3146/5133/12163 3148/5150/12164 3151/5134/12165
f 3151/5134/12166 3148/5150/12167 3158/5151/12168 3156/5152/12169
f 3147/5153/12170 3158/5154/12171 3159/5155/12172 3153/5156/12173
f 3150/5149/12174 3157/5147/12175 3160/5157/12176
f 3149/5158/12177 3147/5159/12178 3153/5160/12179 3154/5161/12180
f 3156/5162/12181 3155/5163/12182 3152/5164/12183 3151/5165/12184
f 3155/5148/12185 3157/5147/12186 3150/5149/12187 3152/5135/12188
f 3156/5152/12189 3158/5151/12190 3147/5166/12191
f 3159/5167/12192 3158/5151/12193 3148/5150/12194
f 3160/5168/12195 3157/5169/12196 3149/5170/12197 3154/5171/12198
f 3153/5172/12199 3159/5173/12200 3160/5174/12201 3154/5175/12202
f 3159/5176/12203 3148/5177/12204 3150/5178/12205 3160/5179/12206
